0;2025.05.12 13:15;4;23.25;23.375;23.5;175;202;0;
1;2025.05.12 13:30;4;23.25;23.375;23.375;174;202;0;
2;2025.05.12 13:45;4;23.25;23.4375;23.375;174;202;0;
3;2025.05.12 14:00;4;23.125;23.375;23.375;174;202;0;
4;2025.05.12 14:15;4;23;23.375;23.3125;173;202;0;
5;2025.05.12 14:30;4;22.875;23.1875;23.125;173;202;0;
6;2025.05.12 14:45;4;23;23.125;23.125;173;202;0;
7;2025.05.12 15:00;4;23.0625;23.1875;23.125;174;202;0;
8;2025.05.12 15:15;4;23;23.125;23;174;202;0;
9;2025.05.12 15:30;4;22.625;22.9375;22.75;172;202;0;
10;2025.05.12 15:45;4;22.4375;22.75;22.5625;172;202;0;
11;2025.05.12 16:00;4;22.375;22.6875;22.5;172;202;0;
12;2025.05.12 16:15;4;22.3125;22.625;22.375;171;202;0;
13;2025.05.12 16:30;4;22.25;22.5;22.3125;171;202;0;
14;2025.05.12 16:45;4;22.25;22.5;22.25;171;202;0;
15;2025.05.12 17:00;4;22.25;22.4375;22.25;171;202;0;
16;2025.05.12 17:15;4;22.1875;22.375;22.1875;171;202;0;
17;2025.05.12 17:30;4;22.125;22.375;22.125;171;202;0;
18;2025.05.12 17:45;4;22.125;22.375;22.125;171;202;0;
19;2025.05.12 18:00;4;22.0625;22.3125;22.0625;171;202;0;
20;2025.05.12 18:15;4;22.0625;22.25;22.0625;171;202;0;
21;2025.05.12 18:30;4;22;22.25;22;171;202;0;
22;2025.05.12 18:45;4;22;22.25;22;171;202;0;
23;2025.05.12 19:00;4;22;22.1875;22;171;202;0;
24;2025.05.12 19:15;4;21.9375;22.125;22;171;202;0;
25;2025.05.12 19:30;4;21.9375;22.125;21.9375;171;202;0;
26;2025.05.12 19:45;4;21.9375;22.125;21.875;171;202;0;
27;2025.05.12 20:00;4;21.875;22.125;21.875;171;202;0;
28;2025.05.12 20:15;4;21.875;22.125;21.875;171;202;0;
29;2025.05.12 20:30;4;21.875;22.0625;21.875;171;202;0;
30;2025.05.12 20:45;4;21.875;22.0625;21.875;171;202;0;
31;2025.05.12 21:00;4;21.875;22;21.8125;171;202;0;
32;2025.05.12 21:15;4;21.8125;22;21.8125;171;202;0;
33;2025.05.12 21:30;4;21.8125;22;21.8125;171;202;0;
34;2025.05.12 21:45;4;21.75;22;21.75;171;202;0;
35;2025.05.12 22:00;4;21.75;22;21.75;171;202;0;
36;2025.05.12 22:15;4;21.75;22;21.75;171;202;0;
37;2025.05.12 22:30;4;21.75;21.9375;21.75;171;202;0;
38;2025.05.12 22:45;4;21.75;21.9375;21.75;171;202;0;
39;2025.05.12 23:00;4;21.75;21.875;21.75;170;202;0;
40;2025.05.12 23:15;4;21.75;21.875;21.75;170;202;0;
41;2025.05.12 23:30;4;21.6875;21.875;21.6875;170;202;0;
42;2025.05.12 23:45;4;21.6875;21.875;21.6875;170;202;0;
43;2025.05.13 00:00;4;21.625;21.875;21.625;170;202;0;
44;2025.05.13 00:15;4;21.625;21.875;21.625;170;202;0;
45;2025.05.13 00:30;4;21.625;21.875;21.625;170;202;0;
46;2025.05.13 00:45;4;21.625;21.875;21.625;170;202;0;
47;2025.05.13 01:00;4;21.625;21.8125;21.625;170;202;0;
48;2025.05.13 01:15;4;21.625;21.8125;21.625;170;202;0;
49;2025.05.13 01:30;4;21.625;21.75;21.625;170;202;0;
50;2025.05.13 01:45;4;21.5625;21.75;21.5625;170;202;0;
51;2025.05.13 02:00;4;21.5625;21.75;21.5625;170;202;0;
52;2025.05.13 02:15;4;21.5625;21.75;21.5625;170;202;0;
53;2025.05.13 02:30;4;21.5625;21.75;21.5;170;202;0;
54;2025.05.13 02:45;4;21.5;21.75;21.5;170;202;0;
55;2025.05.13 03:00;4;21.5;21.75;21.5;170;202;0;
56;2025.05.13 03:15;4;21.5;21.75;21.5;170;202;0;
57;2025.05.13 03:30;4;21.5;21.6875;21.5;170;202;0;
58;2025.05.13 03:45;4;21.5;21.6875;21.5;170;202;0;
59;2025.05.13 04:00;4;21.5;21.6875;21.5;170;202;0;
60;2025.05.13 04:15;4;21.5;21.625;21.5;170;202;0;
61;2025.05.13 04:30;4;21.5;21.625;21.5;170;202;0;
62;2025.05.13 04:45;4;21.5;21.625;21.4375;170;202;0;
63;2025.05.13 05:00;4;21.4375;21.625;21.4375;170;202;0;
64;2025.05.13 05:15;4;21.4375;21.625;21.4375;170;202;0;
65;2025.05.13 05:30;4;21.4375;21.625;21.4375;170;202;0;
66;2025.05.13 05:45;4;21.375;21.625;21.4375;170;202;0;
67;2025.05.13 06:00;4;21.375;21.625;21.4375;170;202;0;
68;2025.05.13 06:15;4;21.5;21.6875;21.625;170;202;0;
69;2025.05.13 06:30;4;21.5;21.75;21.625;170;202;0;
70;2025.05.13 06:45;4;21.25;21.625;21.5;169;202;0;
71;2025.05.13 07:00;4;21;21.5;21.4375;170;202;0;
72;2025.05.13 07:15;4;21.0625;21.4375;21.375;170;202;0;
73;2025.05.13 07:30;4;21.0625;21.4375;21.375;170;202;0;
74;2025.05.13 07:45;4;21;21.375;21.375;170;202;0;
75;2025.05.13 08:00;4;20.875;21.375;21.375;170;202;0;
76;2025.05.13 08:15;4;20.875;21.375;21.375;170;202;0;
77;2025.05.13 08:30;4;20.875;21.375;21.375;170;202;0;
78;2025.05.13 08:45;4;20.875;21.375;21.4375;170;202;0;
79;2025.05.13 09:00;4;20.875;21.375;21.4375;170;202;0;
80;2025.05.13 09:15;4;21.125;21.5;21.5;168;202;0;
81;2025.05.13 09:30;4;21.125;21.4375;21.375;168;202;0;
82;2025.05.13 09:45;4;21;21.375;21.25;168;202;0;
83;2025.05.13 10:00;4;21.125;21.375;21.4375;168;202;0;
84;2025.05.13 10:15;4;21.125;21.375;21.25;168;202;0;
85;2025.05.13 10:30;4;21.25;21.5;21.5;168;202;0;
86;2025.05.13 10:45;4;21.375;21.625;21.5;168;202;0;
87;2025.05.13 11:00;4;21.375;21.625;21.625;168;202;0;
88;2025.05.13 11:15;4;21.625;21.75;21.75;191;202;0;
89;2025.05.13 11:30;4;21.375;21.75;21.625;192;202;0;
90;2025.05.13 11:45;4;21.375;21.75;21.5;192;202;0;
91;2025.05.13 12:00;4;21.375;21.75;21.5625;192;202;0;
92;2025.05.13 12:15;4;21.4375;21.75;21.6875;192;202;0;
93;2025.05.13 12:30;4;21.5;21.8125;21.75;193;202;0;
94;2025.05.13 12:45;4;21.5;21.8125;21.75;193;202;0;
95;2025.05.13 13:00;4;21.5;21.875;21.75;193;202;0;
96;2025.05.13 13:15;4;21.625;21.875;21.8125;193;202;0;
97;2025.05.13 13:30;4;21.625;21.875;21.875;193;202;0;
98;2025.05.13 13:45;4;21.625;22;21.875;193;202;0;
99;2025.05.13 14:00;4;21.625;22;21.875;193;202;0;
100;2025.05.13 14:15;4;21.75;22;21.9375;193;202;0;
101;2025.05.13 14:30;4;21.75;22.0625;22;194;202;0;
102;2025.05.13 14:45;4;21.8125;22.125;22;194;202;0;
103;2025.05.13 15:00;4;21.875;22.125;22.0625;194;202;0;
104;2025.05.13 15:15;4;21.875;22.1875;22.125;194;202;0;
105;2025.05.13 15:30;4;21.875;22.1875;22.125;194;202;0;
106;2025.05.13 15:45;4;21.9375;22.25;22.125;194;202;0;
107;2025.05.13 16:00;4;21.9375;22.25;22.125;194;202;0;
108;2025.05.13 16:15;4;22;22.25;22.125;194;202;0;
109;2025.05.13 16:30;4;22;22.25;22.125;194;202;0;
110;2025.05.13 16:45;4;22;22.25;22.125;194;202;0;
111;2025.05.13 17:00;4;22;22.25;22.125;194;202;0;
112;2025.05.13 17:15;4;22;22.25;22.125;194;202;0;
113;2025.05.13 17:30;4;22;22.3125;22.125;194;202;0;
114;2025.05.13 17:45;4;22;22.25;22.0625;194;202;0;
115;2025.05.13 18:00;4;22;22.3125;22.0625;194;202;0;
116;2025.05.13 18:15;4;22;22.25;22.0625;194;202;0;
117;2025.05.13 18:30;4;22;22.25;22;194;202;0;
118;2025.05.13 18:45;4;22;22.25;22;194;202;0;
119;2025.05.13 19:00;4;22;22.25;22;194;202;0;
120;2025.05.13 19:15;4;21.9375;22.25;22;194;202;0;
121;2025.05.13 19:30;4;21.9375;22.25;22;194;202;0;
122;2025.05.13 19:45;4;21.9375;22.25;22;194;202;0;
123;2025.05.13 20:00;4;21.875;22.25;22;194;202;0;
124;2025.05.13 20:15;4;21.875;22.25;22;194;202;0;
125;2025.05.13 20:30;4;21.875;22.25;21.9375;194;202;0;
126;2025.05.13 20:45;4;21.875;22.1875;21.9375;194;202;0;
127;2025.05.13 21:00;4;21.875;22.1875;21.9375;194;202;0;
128;2025.05.13 21:15;4;21.875;22.125;21.875;194;202;0;
129;2025.05.13 21:30;4;21.875;22.125;21.875;194;202;0;
130;2025.05.13 21:45;4;21.875;22.125;21.875;194;202;0;
131;2025.05.13 22:00;4;21.875;22.125;21.875;194;202;0;
132;2025.05.13 22:15;4;21.8125;22.125;21.875;194;202;0;
133;2025.05.13 22:30;4;21.8125;22.125;21.875;194;202;0;
134;2025.05.13 22:45;4;21.8125;22.125;21.875;194;202;0;
135;2025.05.13 23:00;4;21.75;22.125;21.875;194;202;0;
136;2025.05.13 23:15;4;21.75;22.125;21.8125;194;202;0;
137;2025.05.13 23:30;4;21.75;22.0625;21.8125;194;202;0;
138;2025.05.13 23:45;4;21.75;22.0625;21.8125;194;202;0;
139;2025.05.14 00:00;4;21.75;22.0625;21.75;194;202;0;
140;2025.05.14 00:15;4;21.75;22;21.75;194;202;0;
141;2025.05.14 00:30;4;21.75;22;21.75;194;202;0;
142;2025.05.14 00:45;4;21.75;22;21.75;194;202;0;
143;2025.05.14 01:00;4;21.6875;22;21.75;194;202;0;
144;2025.05.14 01:15;4;21.6875;22;21.75;194;202;0;
145;2025.05.14 01:30;4;21.6875;22;21.75;194;202;0;
146;2025.05.14 01:45;4;21.625;22;21.75;194;202;0;
147;2025.05.14 02:00;4;21.625;22;21.6875;194;202;0;
148;2025.05.14 02:15;4;21.625;22;21.6875;194;202;0;
149;2025.05.14 02:30;4;21.625;21.9375;21.6875;194;202;0;
150;2025.05.14 02:45;4;21.625;21.9375;21.625;194;202;0;
151;2025.05.14 03:00;4;21.625;21.9375;21.625;194;202;0;
152;2025.05.14 03:15;4;21.625;21.875;21.625;193;202;0;
153;2025.05.14 03:30;4;21.625;21.875;21.625;193;202;0;
154;2025.05.14 03:45;4;21.625;21.875;21.625;193;202;0;
155;2025.05.14 04:00;4;21.5625;21.875;21.625;193;202;0;
156;2025.05.14 04:15;4;21.5625;21.875;21.625;193;202;0;
157;2025.05.14 04:30;4;21.5625;21.875;21.625;193;202;0;
158;2025.05.14 04:45;4;21.5;21.875;21.625;193;202;0;
159;2025.05.14 05:00;4;21.5;21.875;21.5625;193;202;0;
160;2025.05.14 05:15;4;21.5;21.875;21.5625;193;202;0;
161;2025.05.14 05:30;4;21.5;21.8125;21.5625;193;202;0;
162;2025.05.14 05:45;4;21.5;21.8125;21.5;193;202;0;
163;2025.05.14 06:00;4;21.5;21.8125;21.5;193;202;0;
164;2025.05.14 06:15;4;21.4375;21.75;21.4375;193;202;0;
165;2025.05.14 06:30;4;21.375;21.75;21.375;193;202;0;
166;2025.05.14 06:45;4;21.375;21.75;21.4375;193;202;0;
167;2025.05.14 07:00;4;21.375;21.6875;21.375;200;202;0;
168;2025.05.14 07:15;4;21.3125;21.625;21.375;200;202;0;
169;2025.05.14 07:30;4;21.3125;21.625;21.4375;200;202;0;
170;2025.05.14 07:45;4;21.3125;21.625;21.5;200;202;0;
171;2025.05.14 08:00;4;21.3125;21.625;21.5;200;202;0;
172;2025.05.14 08:15;4;21.3125;21.625;21.5;200;202;0;
173;2025.05.14 08:30;4;21.375;21.625;21.625;201;202;0;
174;2025.05.14 08:45;4;21.375;21.625;21.625;201;202;0;
175;2025.05.14 09:00;4;21.375;21.6875;21.625;201;202;0;
176;2025.05.14 09:15;4;21.375;21.75;21.6875;201;202;0;
177;2025.05.14 09:30;4;21.375;21.75;21.6875;201;202;0;
178;2025.05.14 09:45;4;21.375;21.75;21.75;201;202;0;
179;2025.05.14 10:00;4;21.375;21.75;21.75;201;202;0;
180;2025.05.14 10:15;4;21.4375;21.75;21.75;201;202;0;
181;2025.05.14 10:30;4;21.4375;21.75;21.75;201;202;0;
182;2025.05.14 10:45;4;21.5;21.8125;21.8125;201;202;0;
183;2025.05.14 11:00;4;21.5;21.875;21.875;202;202;0;
184;2025.05.14 11:15;4;21.5625;21.875;22;202;202;0;
185;2025.05.14 11:30;4;21.625;21.9375;22;202;202;0;
186;2025.05.14 11:45;4;21.625;22;22.0625;202;202;0;
187;2025.05.14 12:00;4;21.625;22;22.0625;202;202;0;
188;2025.05.14 12:15;4;21.75;22.0625;22.125;203;202;0;
189;2025.05.14 12:30;4;21.8125;22.125;22.25;203;202;0;
190;2025.05.14 12:45;4;21.875;22.125;22.25;203;202;0;
191;2025.05.14 13:00;4;21.875;22.25;22.3125;203;202;0;
192;2025.05.14 13:15;4;21.875;22.25;22.375;203;202;0;
193;2025.05.14 13:30;4;21.9375;22.3125;22.4375;204;202;0;
194;2025.05.14 13:45;4;22;22.375;22.5;204;202;0;
195;2025.05.14 14:00;4;22.0625;22.375;22.5625;204;202;0;
196;2025.05.14 14:15;4;22.125;22.5;22.625;204;202;0;
197;2025.05.14 14:30;4;22.125;22.5;22.625;205;202;0;
198;2025.05.14 14:45;4;22.1875;22.5625;22.625;205;202;0;
199;2025.05.14 15:00;4;22.25;22.625;22.625;205;202;0;
200;2025.05.14 15:15;4;22.25;22.625;22.625;205;202;0;
201;2025.05.14 15:30;4;22.25;22.625;22.5625;205;202;0;
202;2025.05.14 15:45;4;22.25;22.625;22.5;205;202;0;
203;2025.05.14 16:00;4;22.25;22.625;22.5;205;202;0;
204;2025.05.14 16:15;4;22.25;22.625;22.5;205;202;0;
205;2025.05.14 16:30;4;22.25;22.625;22.4375;205;202;0;
206;2025.05.14 16:45;4;22.25;22.625;22.375;205;202;0;
207;2025.05.14 17:00;4;22.25;22.5625;22.375;205;202;0;
208;2025.05.14 17:15;4;22.25;22.5625;22.375;205;202;0;
209;2025.05.14 17:30;4;22.1875;22.5;22.3125;205;202;0;
210;2025.05.14 17:45;4;22.1875;22.5;22.25;205;202;0;
211;2025.05.14 18:00;4;22.1875;22.5;22.25;204;202;0;
212;2025.05.14 18:15;4;22.125;22.5;22.25;204;202;0;
213;2025.05.14 18:30;4;22.125;22.5;22.1875;204;202;0;
214;2025.05.14 18:45;4;22.125;22.4375;22.1875;204;202;0;
215;2025.05.14 19:00;4;22.125;22.375;22.125;204;202;0;
216;2025.05.14 19:15;4;22.125;22.375;22.125;204;202;0;
217;2025.05.14 19:30;4;22.0625;22.375;22.125;204;202;0;
218;2025.05.14 19:45;4;22.0625;22.375;22.125;204;202;0;
219;2025.05.14 20:00;4;22;22.375;22.125;204;202;0;
220;2025.05.14 20:15;4;22;22.3125;22.0625;204;202;0;
221;2025.05.14 20:30;4;22;22.3125;22;204;202;0;
222;2025.05.14 20:45;4;22;22.25;22;204;202;0;
223;2025.05.14 21:00;4;22;22.25;22;204;202;0;
224;2025.05.14 21:15;4;22;22.25;22;204;202;0;
225;2025.05.14 21:30;4;21.9375;22.25;22;204;202;0;
226;2025.05.14 21:45;4;21.9375;22.25;22;203;202;0;
227;2025.05.14 22:00;4;21.9375;22.25;21.9375;203;202;0;
228;2025.05.14 22:15;4;21.875;22.1875;21.9375;203;202;0;
229;2025.05.14 22:30;4;21.875;22.1875;21.875;203;202;0;
230;2025.05.14 22:45;4;21.875;22.125;21.875;203;202;0;
231;2025.05.14 23:00;4;21.875;22.125;21.875;203;202;0;
232;2025.05.14 23:15;4;21.875;22.125;21.875;203;202;0;
233;2025.05.14 23:30;4;21.875;22.125;21.875;203;202;0;
234;2025.05.14 23:45;4;21.8125;22.125;21.875;203;202;0;
235;2025.05.15 00:00;4;21.8125;22.125;21.875;203;202;0;
236;2025.05.15 00:15;4;21.8125;22.125;21.8125;203;202;0;
237;2025.05.15 00:30;4;21.75;22.0625;21.8125;203;202;0;
238;2025.05.15 00:45;4;21.75;22.0625;21.8125;203;202;0;
239;2025.05.15 01:00;4;21.75;22.0625;21.75;203;202;0;
240;2025.05.15 01:15;4;21.75;22;21.75;203;202;0;
241;2025.05.15 01:30;4;21.75;22;21.75;203;202;0;
242;2025.05.15 01:45;4;21.75;22;21.75;203;202;0;
243;2025.05.15 02:00;4;21.75;22;21.75;203;202;0;
244;2025.05.15 02:15;4;21.75;22;21.75;203;202;0;
245;2025.05.15 02:30;4;21.6875;22;21.75;203;202;0;
246;2025.05.15 02:45;4;21.6875;22;21.75;203;202;0;
247;2025.05.15 03:00;4;21.6875;21.9375;21.75;203;202;0;
248;2025.05.15 03:15;4;21.625;21.9375;21.6875;203;202;0;
249;2025.05.15 03:30;4;21.625;21.9375;21.6875;202;202;0;
250;2025.05.15 03:45;4;21.625;21.9375;21.6875;202;202;0;
251;2025.05.15 04:00;4;21.625;21.875;21.6875;202;202;0;
252;2025.05.15 04:15;4;21.625;21.875;21.625;202;202;0;
253;2025.05.15 04:30;4;21.625;21.875;21.625;202;202;0;
254;2025.05.15 04:45;4;21.625;21.875;21.625;202;202;0;
255;2025.05.15 05:00;4;21.625;21.875;21.625;202;202;0;
256;2025.05.15 05:15;4;21.625;21.875;21.625;202;202;0;
257;2025.05.15 05:30;4;21.625;21.875;21.625;202;202;0;
258;2025.05.15 05:45;4;21.5625;21.875;21.625;202;202;0;
259;2025.05.15 06:00;4;21.5625;21.875;21.625;202;202;0;
260;2025.05.15 06:15;4;21.5625;21.875;21.625;202;202;0;
261;2025.05.15 06:30;4;21.5625;21.875;21.625;202;202;0;
262;2025.05.15 06:45;4;21.5625;21.8125;21.625;202;202;0;
263;2025.05.15 07:00;4;21.5;21.8125;21.5625;202;202;0;
264;2025.05.15 07:15;4;21.5;21.8125;21.5625;202;202;0;
265;2025.05.15 07:30;4;21.5;21.8125;21.625;202;202;0;
266;2025.05.15 07:45;4;21.5;21.75;21.5625;202;202;0;
267;2025.05.15 08:00;4;21.5;21.75;21.5625;202;202;0;
268;2025.05.15 08:15;4;21.5;21.75;21.625;202;202;0;
269;2025.05.15 08:30;4;21.5;21.75;21.625;202;202;0;
270;2025.05.15 08:45;4;21.5;21.8125;21.6875;202;202;0;
271;2025.05.15 09:00;4;21.5;21.8125;21.75;202;202;0;
272;2025.05.15 09:15;4;21.5;21.8125;21.75;202;202;0;
273;2025.05.15 09:30;4;21.5;21.875;21.75;202;202;0;
274;2025.05.15 09:45;4;21.5;21.875;21.75;202;202;0;
275;2025.05.15 10:00;4;21.5625;21.875;21.75;202;202;0;
276;2025.05.15 10:15;4;21.5625;21.875;21.75;202;202;0;
277;2025.05.15 10:30;4;21.5625;21.875;21.75;202;202;0;
278;2025.05.15 10:45;4;22.125;22.125;22.3125;208;202;0;
279;2025.05.15 11:00;4;22.25;22.375;22.4375;208;202;0;
280;2025.05.15 11:15;4;22.5;22.5;22.75;207;202;0;
281;2025.05.15 11:30;4;22.625;22.625;23;208;202;0;
282;2025.05.15 11:45;4;22.75;22.75;23.0625;208;202;0;
283;2025.05.15 12:00;4;22.875;22.875;23.25;209;202;0;
284;2025.05.15 12:15;4;23.0625;23.0625;23.375;209;202;0;
285;2025.05.15 12:30;4;23.1875;23.1875;23.5;210;202;0;
286;2025.05.15 12:45;4;23.25;23.25;23.5;210;202;0;
287;2025.05.15 13:00;4;23.25;23.375;23.5;210;202;0;
288;2025.05.15 13:15;4;23.1875;23.375;23.4375;210;202;0;
289;2025.05.15 13:30;4;23.1875;23.375;23.375;210;202;0;
290;2025.05.15 13:45;4;23.125;23.375;23.25;210;202;0;
291;2025.05.15 14:00;4;23.0625;23.375;23.1875;210;202;0;
292;2025.05.15 14:15;4;23.125;23.375;23.1875;210;202;0;
293;2025.05.15 14:30;4;23.125;23.375;23.25;210;202;0;
294;2025.05.15 14:45;4;23.3125;23.5;23.4375;214;202;0;
295;2025.05.15 15:00;4;23.25;23.5;23.375;214;202;0;
296;2025.05.15 15:15;4;23.1875;23.5;23.3125;214;202;0;
297;2025.05.15 15:30;4;23.125;23.4375;23.25;213;202;0;
298;2025.05.15 15:45;4;21.25;22.625;21.5;210;202;0;
299;2025.05.15 16:00;4;20.5;21.625;20;202;202;0;
300;2025.05.15 16:15;4;19.875;21;19.5;201;202;0;
301;2025.05.15 16:30;4;19.5;20.625;19.1875;199;202;0;
302;2025.05.15 16:45;4;19.25;20.25;18.875;199;202;0;
303;2025.05.15 17:00;4;18.75;20;18.125;189;202;0;
304;2025.05.15 17:15;4;18.125;19.375;17.75;187;202;0;
305;2025.05.15 17:30;4;18.125;18.875;17.75;186;202;0;
306;2025.05.15 17:45;4;18.25;18.75;17.875;186;202;0;
307;2025.05.15 18:00;4;18.375;18.6875;18;187;202;0;
308;2025.05.15 18:15;4;18.25;18.625;18;190;202;0;
309;2025.05.15 18:30;4;18.375;18.625;18.3125;187;202;0;
310;2025.05.15 18:45;4;18.25;18.625;18.4375;186;202;0;
311;2025.05.15 19:00;4;18.3125;18.625;18.75;182;202;0;
312;2025.05.15 19:15;4;18.375;18.625;18.875;183;202;0;
313;2025.05.15 19:30;4;18.375;18.6875;18.875;183;202;0;
314;2025.05.15 19:45;4;18.375;18.75;18.875;219;202;0;
315;2025.05.15 20:00;4;18.375;18.75;18.875;218;202;0;
316;2025.05.15 20:15;4;18.25;18.75;18.625;219;202;0;
317;2025.05.15 20:30;4;18;18.6875;18.375;218;202;0;
318;2025.05.15 20:45;4;17.75;18.625;18.125;217;202;0;
319;2025.05.15 21:00;4;17.5;18.4375;17.9375;216;202;0;
320;2025.05.15 21:15;4;17.25;18.25;17.75;215;202;0;
321;2025.05.15 21:30;4;17;18.125;17.5;215;202;0;
322;2025.05.15 21:45;4;16.8125;17.875;17.25;214;202;0;
323;2025.05.15 22:00;4;16.625;17.75;17;213;202;0;
324;2025.05.15 22:15;4;16.375;17.5;16.875;212;202;0;
325;2025.05.15 22:30;4;16.25;17.375;16.625;211;202;0;
326;2025.05.15 22:45;4;16.0625;17.125;16.4375;211;202;0;
327;2025.05.15 23:00;4;15.875;17;16.25;210;202;0;
328;2025.05.15 23:15;4;15.75;16.75;16.125;209;202;0;
329;2025.05.15 23:30;4;15.5625;16.625;15.875;208;202;0;
330;2025.05.15 23:45;4;15.375;16.4375;15.75;208;202;0;
331;2025.05.16 00:00;4;15.25;16.25;15.625;207;202;0;
332;2025.05.16 00:15;4;15.0625;16.125;15.375;206;202;0;
333;2025.05.16 00:30;4;14.875;15.875;15.25;205;202;0;
334;2025.05.16 00:45;4;14.75;15.75;15.0625;205;202;0;
335;2025.05.16 01:00;4;14.625;15.5625;14.9375;204;202;0;
336;2025.05.16 01:15;4;14.4375;15.375;14.75;203;202;0;
337;2025.05.16 01:30;4;14.25;15.25;14.625;203;202;0;
338;2025.05.16 01:45;4;14.125;15.125;14.5;202;202;0;
339;2025.05.16 02:00;4;14;14.9375;14.3125;202;202;0;
340;2025.05.16 02:15;4;13.9375;14.8125;14.1875;201;202;0;
341;2025.05.16 02:30;4;13.8125;14.625;14.125;201;202;0;
342;2025.05.16 02:45;4;13.75;14.5;14;200;202;0;
343;2025.05.16 03:00;4;13.625;14.375;13.875;200;202;0;
344;2025.05.16 03:15;4;13.5;14.25;13.6875;199;202;0;
345;2025.05.16 03:30;4;13.375;14.125;13.625;199;202;0;
346;2025.05.16 03:45;4;13.25;14;13.5;198;202;0;
347;2025.05.16 04:00;4;13.125;13.9375;13.375;198;202;0;
348;2025.05.16 04:15;4;13.0625;13.8125;13.3125;197;202;0;
349;2025.05.16 04:30;4;13;13.75;13.1875;197;202;0;
350;2025.05.16 04:45;4;12.875;13.625;13.125;197;202;0;
351;2025.05.16 05:00;4;12.875;13.5;13;196;202;0;
352;2025.05.16 05:15;4;12.75;13.4375;12.9375;196;202;0;
353;2025.05.16 05:30;4;12.75;13.375;12.875;196;202;0;
354;2025.05.16 05:45;4;12.75;13.25;12.8125;195;202;0;
355;2025.05.16 06:00;4;12.6875;13.25;12.75;195;202;0;
356;2025.05.16 06:15;4;12.6875;13.125;12.75;195;202;0;
357;2025.05.16 06:30;4;12.75;13.125;12.75;195;202;0;
358;2025.05.16 06:45;4;12.75;13.125;12.75;195;202;0;
359;2025.05.16 07:00;4;12.75;13.125;12.75;195;202;0;
360;2025.05.16 07:15;4;12.8125;13.0625;12.75;195;202;0;
361;2025.05.16 07:30;4;12.875;13.0625;12.75;195;202;0;
362;2025.05.16 07:45;4;12.875;13.0625;12.75;195;202;0;
363;2025.05.16 08:00;4;12.875;13.0625;12.8125;195;202;0;
364;2025.05.16 08:15;4;13;13.125;12.875;196;202;0;
365;2025.05.16 08:30;4;13;13.125;12.875;196;202;0;
366;2025.05.16 08:45;4;13.125;13.125;13;196;202;0;
367;2025.05.16 09:00;4;13.125;13.125;13;196;202;0;
368;2025.05.16 09:15;4;13.25;13.25;13.125;196;202;0;
369;2025.05.16 09:30;4;13.375;13.25;13.25;197;202;0;
370;2025.05.16 09:45;4;13.5;13.375;13.375;197;202;0;
371;2025.05.16 10:00;4;13.625;13.4375;13.5;198;202;0;
372;2025.05.16 10:15;4;13.75;13.5625;13.6875;198;202;0;
373;2025.05.16 10:30;4;13.875;13.625;13.875;199;202;0;
374;2025.05.16 10:45;4;14.0625;13.75;14;199;202;0;
375;2025.05.16 11:00;4;14.25;13.9375;14.25;200;202;0;
376;2025.05.16 11:15;4;14.375;14.0625;14.375;200;202;0;
377;2025.05.16 11:30;4;14.625;14.25;14.625;201;202;0;
378;2025.05.16 11:45;4;14.75;14.375;14.75;202;202;0;
379;2025.05.16 12:00;4;15;14.5625;15;202;202;0;
380;2025.05.16 12:15;4;15.125;14.75;15.125;203;202;0;
381;2025.05.16 12:30;4;15.3125;14.875;15.375;204;202;0;
382;2025.05.16 12:45;4;15.5;15.125;15.5;205;202;0;
383;2025.05.16 13:00;4;15.625;15.25;15.6875;205;202;0;
384;2025.05.16 13:15;4;15.8125;15.4375;15.875;206;202;0;
385;2025.05.16 13:30;4;16.0625;15.625;16.25;206;202;0;
386;2025.05.16 13:45;4;16.3125;15.8125;16.5625;207;202;0;
387;2025.05.16 14:00;4;16.5625;16.0625;16.875;208;202;0;
388;2025.05.16 14:15;4;16.75;16.25;17.1875;209;202;0;
389;2025.05.16 14:30;4;17;16.5;17.5;210;202;0;
390;2025.05.16 14:45;4;17.25;16.75;17.75;211;202;0;
391;2025.05.16 15:00;4;17.5;17;18;212;202;0;
392;2025.05.16 15:15;4;17.75;17.25;18.25;213;202;0;
393;2025.05.16 15:30;4;17.9375;17.5;18.5;214;202;0;
394;2025.05.16 15:45;4;18.125;17.75;18.75;215;202;0;
395;2025.05.16 16:00;4;18.375;18;18.875;216;202;0;
396;2025.05.16 16:15;4;18.5;18.25;19.125;217;202;0;
397;2025.05.16 16:30;4;18.75;18.4375;19.25;217;202;0;
398;2025.05.16 16:45;4;18.875;18.625;19.4375;218;202;0;
399;2025.05.16 17:00;4;19.125;18.875;19.6875;219;202;0;
400;2025.05.16 17:15;4;19.25;19.125;20.0625;193;202;0;
401;2025.05.16 17:30;4;19.4375;19.375;20.375;196;202;0;
402;2025.05.16 17:45;4;19.6875;19.625;20.625;193;202;0;
403;2025.05.16 18:00;4;19.875;19.8125;20.75;194;202;0;
404;2025.05.16 18:15;4;20;20;20.75;194;202;0;
405;2025.05.16 18:30;4;20.125;20.125;20.875;195;202;0;
406;2025.05.16 18:45;4;20.125;20.25;20.875;195;202;0;
407;2025.05.16 19:00;4;20.25;20.375;20.9375;196;202;0;
408;2025.05.16 19:15;4;20.25;20.4375;21;196;202;0;
409;2025.05.16 19:30;4;20.375;20.5;21;196;202;0;
410;2025.05.16 19:45;4;20.375;20.625;21.0625;197;202;0;
411;2025.05.16 20:00;4;20.375;20.6875;21.125;197;202;0;
412;2025.05.16 20:15;4;20.4375;20.75;21.125;197;202;0;
413;2025.05.16 20:30;4;20.5;20.8125;21.125;198;202;0;
414;2025.05.16 20:45;4;20.5;20.875;21.125;198;202;0;
415;2025.05.16 21:00;4;20.5625;20.875;21.125;198;202;0;
416;2025.05.16 21:15;4;20.5625;20.9375;21.125;198;202;0;
417;2025.05.16 21:30;4;20.625;21;21.125;198;202;0;
418;2025.05.16 21:45;4;20.625;21;21.125;198;202;0;
419;2025.05.16 22:00;4;20.625;21;21.125;198;202;0;
420;2025.05.16 22:15;4;20.625;21;21.0625;198;202;0;
421;2025.05.16 22:30;4;20.625;21;21.0625;198;202;0;
422;2025.05.16 22:45;4;20.625;21;21;198;202;0;
423;2025.05.16 23:00;4;20.625;21;21;198;202;0;
424;2025.05.16 23:15;4;20.625;21;21;198;202;0;
425;2025.05.16 23:30;4;20.625;21;20.9375;198;202;0;
426;2025.05.16 23:45;4;20.625;21;20.875;198;202;0;
427;2025.05.17 00:00;4;20.625;21;20.875;198;202;0;
428;2025.05.17 00:15;4;20.625;21;20.875;198;202;0;
429;2025.05.17 00:30;4;20.625;21;20.875;198;202;0;
430;2025.05.17 00:45;4;20.625;21;20.8125;198;202;0;
431;2025.05.17 01:00;4;20.625;20.9375;20.75;198;202;0;
432;2025.05.17 01:15;4;20.5625;20.875;20.625;197;202;0;
433;2025.05.17 01:30;4;20.5;20.875;20.5625;197;202;0;
434;2025.05.17 01:45;4;20.5;20.875;20.4375;197;202;0;
435;2025.05.17 02:00;4;20.5;20.8125;20.375;197;202;0;
436;2025.05.17 02:15;4;20.375;20.75;20.1875;197;202;0;
437;2025.05.17 02:30;4;20.375;20.625;20.0625;197;202;0;
438;2025.05.17 02:45;4;20.25;20.625;19.875;196;202;0;
439;2025.05.17 03:00;4;20.1875;20.5;19.75;196;202;0;
440;2025.05.17 03:15;4;20.125;20.375;19.625;196;202;0;
441;2025.05.17 03:30;4;20;20.3125;19.5;195;202;0;
442;2025.05.17 03:45;4;19.9375;20.1875;19.375;195;202;0;
443;2025.05.17 04:00;4;19.875;20.125;19.1875;194;202;0;
444;2025.05.17 04:15;4;19.75;20;19;194;202;0;
445;2025.05.17 04:30;4;19.625;19.875;18.875;194;202;0;
446;2025.05.17 04:45;4;19.5;19.75;18.75;193;202;0;
447;2025.05.17 05:00;4;19.4375;19.625;18.625;193;202;0;
448;2025.05.17 05:15;4;19.3125;19.5;18.5;192;202;0;
449;2025.05.17 05:30;4;19.25;19.375;18.375;192;202;0;
450;2025.05.17 05:45;4;19.125;19.25;18.25;191;202;0;
451;2025.05.17 06:00;4;19;19.125;18.125;191;202;0;
452;2025.05.17 06:15;4;18.9375;19;18.0625;190;202;0;
453;2025.05.17 06:30;4;18.875;18.9375;18;190;202;0;
454;2025.05.17 06:45;4;18.75;18.875;17.875;190;202;0;
455;2025.05.17 07:00;4;18.625;18.75;17.875;189;202;0;
456;2025.05.17 07:15;4;18.625;18.625;17.875;189;202;0;
457;2025.05.17 07:30;4;18.5625;18.625;17.875;189;202;0;
458;2025.05.17 07:45;4;18.5;18.5;17.875;189;202;0;
459;2025.05.17 08:00;4;18.5;18.5;17.875;188;202;0;
460;2025.05.17 08:15;4;18.5;18.5;17.875;188;202;0;
461;2025.05.17 08:30;4;18.4375;18.4375;17.875;188;202;0;
462;2025.05.17 08:45;4;18.375;18.375;17.875;188;202;0;
463;2025.05.17 09:00;4;18.375;18.375;17.875;188;202;0;
464;2025.05.17 09:15;4;18.375;18.375;17.9375;188;202;0;
465;2025.05.17 09:30;4;18.375;18.375;18;188;202;0;
466;2025.05.17 09:45;4;18.375;18.375;18;188;202;0;
467;2025.05.17 10:00;4;18.375;18.375;18.0625;188;202;0;
468;2025.05.17 10:15;4;18.4375;18.375;18.125;188;202;0;
469;2025.05.17 10:30;4;18.4375;18.4375;18.125;188;202;0;
470;2025.05.17 10:45;4;18.5;18.5;18.25;188;202;0;
471;2025.05.17 11:00;4;18.5;18.5;18.25;188;202;0;
472;2025.05.17 11:15;4;18.5625;18.5;18.375;188;202;0;
473;2025.05.17 11:30;4;18.625;18.625;18.5;189;202;0;
474;2025.05.17 11:45;4;18.6875;18.625;18.625;189;202;0;
475;2025.05.17 12:00;4;18.75;18.75;18.75;189;202;0;
476;2025.05.17 12:15;4;18.8125;18.75;18.8125;190;202;0;
477;2025.05.17 12:30;4;18.875;18.875;18.875;190;202;0;
478;2025.05.17 12:45;4;19;18.9375;19;190;202;0;
479;2025.05.17 13:00;4;19;19;19.0625;190;202;0;
480;2025.05.17 13:15;4;19.125;19.125;19.125;191;202;0;
481;2025.05.17 13:30;4;19.125;19.125;19.25;191;202;0;
482;2025.05.17 13:45;4;19.25;19.25;19.3125;191;202;0;
483;2025.05.17 14:00;4;19.3125;19.375;19.375;192;202;0;
484;2025.05.17 14:15;4;19.375;19.375;19.5;192;202;0;
485;2025.05.17 14:30;4;19.5;19.5;19.5;192;202;0;
486;2025.05.17 14:45;4;19.5;19.5625;19.625;193;202;0;
487;2025.05.17 15:00;4;19.625;19.625;19.6875;193;202;0;
488;2025.05.17 15:15;4;19.625;19.75;19.75;193;202;0;
489;2025.05.17 15:30;4;19.75;19.8125;19.8125;193;202;0;
490;2025.05.17 15:45;4;19.75;19.875;19.875;194;202;0;
491;2025.05.17 16:00;4;19.875;19.9375;19.9375;194;202;0;
492;2025.05.17 16:15;4;19.875;20;20;194;202;0;
493;2025.05.17 16:30;4;19.9375;20.0625;20;194;202;0;
494;2025.05.17 16:45;4;20;20.125;20.0625;195;202;0;
495;2025.05.17 17:00;4;20;20.1875;20.125;195;202;0;
496;2025.05.17 17:15;4;20.125;20.25;20.125;195;202;0;
497;2025.05.17 17:30;4;20.125;20.25;20.1875;195;202;0;
498;2025.05.17 17:45;4;20.125;20.3125;20.25;196;202;0;
499;2025.05.17 18:00;4;20.1875;20.375;20.25;196;202;0;
500;2025.05.17 18:15;4;20.25;20.375;20.25;196;202;0;
501;2025.05.17 18:30;4;20.25;20.4375;20.25;196;202;0;
502;2025.05.17 18:45;4;20.25;20.5;20.375;196;202;0;
503;2025.05.17 19:00;4;20.3125;20.5;20.375;196;202;0;
504;2025.05.17 19:15;4;20.375;20.5;20.375;196;202;0;
505;2025.05.17 19:30;4;20.375;20.5625;20.375;197;202;0;
506;2025.05.17 19:45;4;20.375;20.625;20.375;197;202;0;
507;2025.05.17 20:00;4;20.4375;20.625;20.4375;197;202;0;
508;2025.05.17 20:15;4;20.5;20.625;20.4375;197;202;0;
509;2025.05.17 20:30;4;20.5;20.625;20.4375;197;202;0;
510;2025.05.17 20:45;4;20.5;20.6875;20.4375;197;202;0;
511;2025.05.17 21:00;4;20.4375;20.625;20.375;197;202;0;
512;2025.05.17 21:15;4;20.4375;20.6875;20.375;197;202;0;
513;2025.05.17 21:30;4;20.5;20.6875;20.375;197;202;0;
514;2025.05.17 21:45;4;20.5;20.6875;20.375;197;202;0;
515;2025.05.17 22:00;4;20.5;20.6875;20.3125;197;202;0;
516;2025.05.17 22:15;4;20.5;20.6875;20.25;197;202;0;
517;2025.05.17 22:30;4;20.4375;20.625;20.1875;197;202;0;
518;2025.05.17 22:45;4;20.4375;20.625;20.125;197;202;0;
519;2025.05.17 23:00;4;20.4375;20.625;20;197;202;0;
520;2025.05.17 23:15;4;20.375;20.625;19.875;197;202;0;
521;2025.05.17 23:30;4;20.375;20.5625;19.75;196;202;0;
522;2025.05.17 23:45;4;20.375;20.5;19.625;196;202;0;
523;2025.05.18 00:00;4;20.25;20.4375;19.5;196;202;0;
524;2025.05.18 00:15;4;20.25;20.375;19.3125;196;202;0;
525;2025.05.18 00:30;4;20.125;20.3125;19.125;196;202;0;
526;2025.05.18 00:45;4;20.125;20.25;19;195;202;0;
527;2025.05.18 01:00;4;20;20.125;18.875;195;202;0;
528;2025.05.18 01:15;4;20;20;18.6875;195;202;0;
529;2025.05.18 01:30;4;19.875;19.9375;18.5625;194;202;0;
530;2025.05.18 01:45;4;19.75;19.8125;18.4375;194;202;0;
531;2025.05.18 02:00;4;19.6875;19.75;18.25;194;202;0;
532;2025.05.18 02:15;4;19.625;19.625;18.125;193;202;0;
533;2025.05.18 02:30;4;19.5;19.5;18;193;202;0;
534;2025.05.18 02:45;4;19.375;19.375;17.875;192;202;0;
535;2025.05.18 03:00;4;19.3125;19.25;17.75;192;202;0;
536;2025.05.18 03:15;4;19.25;19.125;17.5625;191;202;0;
537;2025.05.18 03:30;4;19.125;19;17.375;191;202;0;
538;2025.05.18 03:45;4;19;18.875;17.25;190;202;0;
539;2025.05.18 04:00;4;18.875;18.75;17.125;190;202;0;
540;2025.05.18 04:15;4;18.75;18.625;17;190;202;0;
541;2025.05.18 04:30;4;18.625;18.5625;16.875;189;202;0;
542;2025.05.18 04:45;4;18.5625;18.4375;16.75;189;202;0;
543;2025.05.18 05:00;4;18.5;18.3125;16.625;188;202;0;
544;2025.05.18 05:15;4;18.375;18.1875;16.5;188;202;0;
545;2025.05.18 05:30;4;18.25;18.0625;16.375;187;202;0;
546;2025.05.18 05:45;4;18.1875;18;16.25;187;202;0;
547;2025.05.18 06:00;4;18.125;17.875;16.25;187;202;0;
548;2025.05.18 06:15;4;18;17.75;16.125;187;202;0;
549;2025.05.18 06:30;4;17.875;17.625;16.0625;186;202;0;
550;2025.05.18 06:45;4;17.8125;17.5625;16.125;187;202;0;
551;2025.05.18 07:00;4;17.75;17.5;16.1875;187;202;0;
552;2025.05.18 07:15;4;17.6875;17.4375;16.3125;187;202;0;
553;2025.05.18 07:30;4;17.6875;17.375;16.4375;186;202;0;
554;2025.05.18 07:45;4;17.625;17.375;16.5625;186;202;0;
555;2025.05.18 08:00;4;17.625;17.375;16.75;186;202;0;
556;2025.05.18 08:15;4;17.625;17.375;16.875;186;202;0;
557;2025.05.18 08:30;4;17.625;17.375;17;186;202;0;
558;2025.05.18 08:45;4;17.6875;17.4375;17.125;186;202;0;
559;2025.05.18 09:00;4;17.6875;17.5;17.1875;187;202;0;
560;2025.05.18 09:15;4;17.75;17.5;17.25;187;202;0;
561;2025.05.18 09:30;4;17.75;17.625;17.375;187;202;0;
562;2025.05.18 09:45;4;17.75;17.625;17.5;187;202;0;
563;2025.05.18 10:00;4;17.8125;17.6875;17.5625;187;202;0;
564;2025.05.18 10:15;4;17.875;17.75;17.625;187;202;0;
565;2025.05.18 10:30;4;17.875;17.8125;17.75;188;202;0;
566;2025.05.18 10:45;4;17.875;17.875;17.8125;188;202;0;
567;2025.05.18 11:00;4;18;17.9375;17.875;188;202;0;
568;2025.05.18 11:15;4;18;18;18;188;202;0;
569;2025.05.18 11:30;4;18;18.0625;18.0625;188;202;0;
570;2025.05.18 11:45;4;18.125;18.125;18.125;189;202;0;
571;2025.05.18 12:00;4;18.125;18.1875;18.1875;189;202;0;
572;2025.05.18 12:15;4;18.125;18.25;18.25;189;202;0;
573;2025.05.18 12:30;4;18.25;18.25;18.375;189;202;0;
574;2025.05.18 12:45;4;18.25;18.375;18.375;189;202;0;
575;2025.05.18 13:00;4;18.3125;18.375;18.5;190;202;0;
576;2025.05.18 13:15;4;18.375;18.5;18.625;190;202;0;
577;2025.05.18 13:30;4;18.375;18.5;18.6875;190;202;0;
578;2025.05.18 13:45;4;18.875;18.75;19.375;186;202;0;
579;2025.05.18 14:00;4;19.4375;19;19.5;188;202;0;
580;2025.05.18 14:15;4;19.75;19.25;19.625;191;202;0;
581;2025.05.18 14:30;4;20;19.4375;19.8125;192;202;0;
582;2025.05.18 14:45;4;20.125;19.625;19.9375;194;202;0;
583;2025.05.18 15:00;4;20.25;19.875;20.0625;195;202;0;
584;2025.05.18 15:15;4;20.375;20;20.125;197;202;0;
585;2025.05.18 15:30;4;20.375;20.125;20.25;196;202;0;
586;2025.05.18 15:45;4;20.4375;20.25;20.375;197;202;0;
587;2025.05.18 16:00;4;20.5;20.375;20.375;198;202;0;
588;2025.05.18 16:15;4;20.5;20.5;20.4375;198;202;0;
589;2025.05.18 16:30;4;20.5;20.5;20.5;199;202;0;
590;2025.05.18 16:45;4;20.5625;20.625;20.5;199;202;0;
591;2025.05.18 17:00;4;20.625;20.625;20.625;199;202;0;
592;2025.05.18 17:15;4;20.6875;20.75;20.75;199;202;0;
593;2025.05.18 17:30;4;20.75;20.8125;20.8125;200;202;0;
594;2025.05.18 17:45;4;20.875;20.875;21;199;202;0;
595;2025.05.18 18:00;4;21.125;21;21.1875;199;202;0;
596;2025.05.18 18:15;4;21.3125;21.125;21.4375;200;202;0;
597;2025.05.18 18:30;4;21.5;21.375;21.8125;202;202;0;
598;2025.05.18 18:45;4;21.75;21.5;22.0625;203;202;0;
599;2025.05.18 19:00;4;23.5;22.3125;23.625;202;202;0;
600;2025.05.18 19:15;4;23.6875;23.25;24.375;203;202;0;
601;2025.05.18 19:30;4;23.5;23.4375;23.875;204;202;0;
602;2025.05.18 19:45;4;23.625;23.625;23.875;205;202;0;
603;2025.05.18 20:00;4;23.625;23.75;23.875;206;202;0;
604;2025.05.18 20:15;4;23.75;23.8125;23.9375;206;202;0;
605;2025.05.18 20:30;4;23.75;23.875;24;207;202;0;
606;2025.05.18 20:45;4;23.75;24;24;207;202;0;
607;2025.05.18 21:00;4;23.8125;24;24.0625;207;202;0;
608;2025.05.18 21:15;4;23.875;24.125;24.125;208;202;0;
609;2025.05.18 21:30;4;23.875;24.125;24.125;208;202;0;
610;2025.05.18 21:45;4;23.875;24.1875;24.1875;208;202;0;
611;2025.05.18 22:00;4;23.9375;24.25;24.25;208;202;0;
612;2025.05.18 22:15;4;23.9375;24.25;24.25;208;202;0;
613;2025.05.18 22:30;4;24;24.25;24.3125;208;202;0;
614;2025.05.18 22:45;4;24;24.3125;24.4375;208;202;0;
615;2025.05.18 23:00;4;24.125;24.375;24.6875;208;202;0;
616;2025.05.18 23:15;4;24.25;24.5;24.875;209;202;0;
617;2025.05.18 23:30;4;24.375;24.625;25;209;202;0;
618;2025.05.18 23:45;4;24.5;24.75;25.125;210;202;0;
619;2025.05.19 00:00;4;24.625;24.875;25.25;210;202;0;
620;2025.05.19 00:15;4;24.75;24.9375;25.375;210;202;0;
621;2025.05.19 00:30;4;24.875;25.0625;25.5;210;202;0;
622;2025.05.19 00:45;4;25;25.125;25.5;211;202;0;
623;2025.05.19 01:00;4;25.0625;25.25;25.625;211;202;0;
624;2025.05.19 01:15;4;25.125;25.375;25.625;211;202;0;
625;2025.05.19 01:30;4;25.25;25.4375;25.75;212;202;0;
626;2025.05.19 01:45;4;25.3125;25.5;25.8125;212;202;0;
627;2025.05.19 02:00;4;25.375;25.625;25.875;213;202;0;
628;2025.05.19 02:15;4;25.5;25.625;25.9375;213;202;0;
629;2025.05.19 02:30;4;25.5;25.75;26;213;202;0;
630;2025.05.19 02:45;4;25.625;25.8125;26.0625;213;202;0;
631;2025.05.19 03:00;4;25.625;25.875;26.125;214;202;0;
632;2025.05.19 03:15;4;25.6875;25.9375;26.125;214;202;0;
633;2025.05.19 03:30;4;25.75;26;26.125;214;202;0;
634;2025.05.19 03:45;4;25.75;26;26.125;214;202;0;
635;2025.05.19 04:00;4;25.8125;26.0625;26.125;214;202;0;
636;2025.05.19 04:15;4;25.8125;26.125;26.125;215;202;0;
637;2025.05.19 04:30;4;25.875;26.125;26.125;215;202;0;
638;2025.05.19 04:45;4;25.875;26.125;26;215;202;0;
639;2025.05.19 05:00;4;25.75;26.125;25.8125;214;202;0;
640;2025.05.19 05:15;4;25.625;26;25.6875;214;202;0;
641;2025.05.19 05:30;4;25.4375;25.9375;25.5625;214;202;0;
642;2025.05.19 05:45;4;25.375;25.875;25.5;214;202;0;
643;2025.05.19 06:00;4;25.375;25.8125;25.5;213;202;0;
644;2025.05.19 06:15;4;25.25;25.75;25.5;213;202;0;
645;2025.05.19 06:30;4;25.25;25.75;25.5;213;202;0;
646;2025.05.19 06:45;4;25.125;25.625;25.4375;213;202;0;
647;2025.05.19 07:00;4;25.125;25.625;25.375;213;202;0;
648;2025.05.19 07:15;4;25;25.5625;25.375;212;202;0;
649;2025.05.19 07:30;4;24.9375;25.5;25.25;212;202;0;
650;2025.05.19 07:45;4;24.8125;25.375;25.25;212;202;0;
651;2025.05.19 08:00;4;24.75;25.375;25.125;211;202;0;
652;2025.05.19 08:15;4;24.625;25.25;25.125;211;202;0;
653;2025.05.19 08:30;4;24.625;25.25;25.125;211;202;0;
654;2025.05.19 08:45;4;24.5;25.1875;25.0625;210;202;0;
655;2025.05.19 09:00;4;24.5;25.125;25;210;202;0;
656;2025.05.19 09:15;4;24.4375;25.0625;24.875;210;202;0;
657;2025.05.19 09:30;4;24.375;25;24.875;210;202;0;
658;2025.05.19 09:45;4;24.375;24.9375;24.75;210;202;0;
659;2025.05.19 10:00;4;24.25;24.875;24.6875;209;202;0;
660;2025.05.19 10:15;4;24.125;24.75;24.625;209;202;0;
661;2025.05.19 10:30;4;24.125;24.75;24.5625;209;202;0;
662;2025.05.19 10:45;4;24.125;24.6875;24.5;209;202;0;
663;2025.05.19 11:00;4;24;24.625;24.5;208;202;0;
664;2025.05.19 11:15;4;24;24.625;24.4375;208;202;0;
665;2025.05.19 11:30;4;23.875;24.5;24.375;208;202;0;
666;2025.05.19 11:45;4;23.875;24.5;24.375;208;202;0;
667;2025.05.19 12:00;4;23.8125;24.4375;24.3125;208;202;0;
668;2025.05.19 12:15;4;23.75;24.375;24.25;207;202;0;
669;2025.05.19 12:30;4;23.6875;24.3125;24.25;207;202;0;
670;2025.05.19 12:45;4;23.625;24.25;24.1875;207;202;0;
671;2025.05.19 13:00;4;23.5625;24.25;24.125;207;202;0;
672;2025.05.19 13:15;4;23.5;24.125;24.125;206;202;0;
673;2025.05.19 13:30;4;23.4375;24.125;24.0625;206;202;0;
674;2025.05.19 13:45;4;23.375;24.0625;24;206;202;0;
675;2025.05.19 14:00;4;23.3125;24;24;206;202;0;
676;2025.05.19 14:15;4;23.25;23.9375;23.875;206;202;0;
677;2025.05.19 14:30;4;23.1875;23.875;23.875;205;202;0;
678;2025.05.19 14:45;4;23.125;23.8125;23.8125;205;202;0;
679;2025.05.19 15:00;4;23.0625;23.75;23.75;205;202;0;
680;2025.05.19 15:15;4;23;23.75;23.6875;205;202;0;
681;2025.05.19 15:30;4;22.9375;23.625;23.625;204;202;0;
682;2025.05.19 15:45;4;22.9375;23.625;23.625;204;202;0;
683;2025.05.19 16:00;4;22.875;23.625;23.625;204;202;0;
684;2025.05.19 16:15;4;22.875;23.5;23.5625;204;202;0;
685;2025.05.19 16:30;4;22.8125;23.5;23.5;204;202;0;
686;2025.05.19 16:45;4;22.875;23.5;23.625;204;202;0;
687;2025.05.19 17:00;4;23;23.5;24.25;205;202;0;
688;2025.05.19 17:15;4;23.125;23.625;24.375;205;202;0;
689;2025.05.19 17:30;4;23.25;23.75;24.4375;206;202;0;
690;2025.05.19 17:45;4;23.375;23.8125;24.5;206;202;0;
691;2025.05.19 18:00;4;23.5;23.875;24.625;207;202;0;
692;2025.05.19 18:15;4;23.625;24;24.6875;207;202;0;
693;2025.05.19 18:30;4;23.75;24.125;24.75;207;202;0;
694;2025.05.19 18:45;4;23.8125;24.25;24.875;208;202;0;
695;2025.05.19 19:00;4;23.875;24.3125;24.875;208;202;0;
696;2025.05.19 19:15;4;24;24.375;24.875;209;202;0;
697;2025.05.19 19:30;4;24.0625;24.5;24.9375;209;202;0;
698;2025.05.19 19:45;4;24.125;24.5;24.9375;209;202;0;
699;2025.05.19 20:00;4;24.1875;24.625;25;209;202;0;
700;2025.05.19 20:15;4;24.25;24.625;25;210;202;0;
701;2025.05.19 20:30;4;24.25;24.6875;25;210;202;0;
702;2025.05.19 20:45;4;24.3125;24.75;25;210;202;0;
703;2025.05.19 21:00;4;24.375;24.75;24.9375;210;202;0;
704;2025.05.19 21:15;4;24.375;24.75;24.875;210;202;0;
705;2025.05.19 21:30;4;24.375;24.8125;24.875;210;202;0;
706;2025.05.19 21:45;4;24.375;24.8125;24.875;210;202;0;
707;2025.05.19 22:00;4;24.375;24.8125;24.8125;210;202;0;
708;2025.05.19 22:15;4;24.375;24.8125;24.75;210;202;0;
709;2025.05.19 22:30;4;24.375;24.8125;24.6875;210;202;0;
710;2025.05.19 22:45;4;24.375;24.75;24.625;210;202;0;
711;2025.05.19 23:00;4;24.375;24.75;24.5625;210;202;0;
712;2025.05.19 23:15;4;24.3125;24.75;24.5;210;202;0;
713;2025.05.19 23:30;4;24.25;24.75;24.375;210;202;0;
714;2025.05.19 23:45;4;24.25;24.625;24.375;210;202;0;
715;2025.05.20 00:00;4;24.125;24.625;24.25;209;202;0;
716;2025.05.20 00:15;4;24.125;24.5625;24.1875;209;202;0;
717;2025.05.20 00:30;4;24;24.5;24.125;209;202;0;
718;2025.05.20 00:45;4;24;24.4375;24;209;202;0;
719;2025.05.20 01:00;4;23.875;24.375;24;209;202;0;
720;2025.05.20 01:15;4;23.875;24.3125;23.875;209;202;0;
721;2025.05.20 01:30;4;23.75;24.25;23.8125;208;202;0;
722;2025.05.20 01:45;4;23.6875;24.1875;23.75;208;202;0;
723;2025.05.20 02:00;4;23.625;24.125;23.625;208;202;0;
724;2025.05.20 02:15;4;23.5625;24;23.5625;208;202;0;
725;2025.05.20 02:30;4;23.5;24;23.5;207;202;0;
726;2025.05.20 02:45;4;23.375;23.875;23.375;207;202;0;
727;2025.05.20 03:00;4;23.375;23.8125;23.3125;207;202;0;
728;2025.05.20 03:15;4;23.25;23.75;23.25;206;202;0;
729;2025.05.20 03:30;4;23.1875;23.6875;23.125;206;202;0;
730;2025.05.20 03:45;4;23.125;23.625;23.125;206;202;0;
731;2025.05.20 04:00;4;22.875;23.5;23;199;202;0;
732;2025.05.20 04:15;4;22.4375;23.125;22.3125;199;202;0;
733;2025.05.20 04:30;4;22.25;22.8125;22.0625;196;202;0;
734;2025.05.20 04:45;4;22.1875;22.625;22;194;202;0;
735;2025.05.20 05:00;4;22;22.5;21.875;193;202;0;
736;2025.05.20 05:15;4;21.75;22.25;21.625;192;202;0;
737;2025.05.20 05:30;4;21.625;22.0625;21.4375;191;202;0;
738;2025.05.20 05:45;4;21.375;21.875;21.25;191;202;0;
739;2025.05.20 06:00;4;21.25;21.6875;21.125;190;202;0;
740;2025.05.20 06:15;4;21.125;21.5;21;190;202;0;
741;2025.05.20 06:30;4;21;21.375;20.875;189;202;0;
742;2025.05.20 06:45;4;20.875;21.25;20.75;188;202;0;
743;2025.05.20 07:00;4;20.75;21.125;20.625;188;202;0;
744;2025.05.20 07:15;4;20.5625;21;20.5;187;202;0;
745;2025.05.20 07:30;4;20.5;20.875;20.375;187;202;0;
746;2025.05.20 07:45;4;20.3125;20.75;20.25;186;202;0;
747;2025.05.20 08:00;4;20.25;20.625;20.125;186;202;0;
748;2025.05.20 08:15;4;20.125;20.5;20;186;202;0;
749;2025.05.20 08:30;4;20;20.375;19.875;185;202;0;
750;2025.05.20 08:45;4;19.875;20.25;19.8125;185;202;0;
751;2025.05.20 09:00;4;19.75;20.125;19.75;184;202;0;
752;2025.05.20 09:15;4;19.6875;20.0625;19.625;184;202;0;
753;2025.05.20 09:30;4;19.625;20;19.5625;184;202;0;
754;2025.05.20 09:45;4;19.5;19.875;19.5;183;202;0;
755;2025.05.20 10:00;4;19.5;19.875;19.5;183;202;0;
756;2025.05.20 10:15;4;19.5;19.75;19.5;183;202;0;
757;2025.05.20 10:30;4;19.75;19.875;19.6875;184;202;0;
758;2025.05.20 10:45;4;20.375;20.1875;20.375;186;202;0;
759;2025.05.20 11:00;4;21.5;20.875;21.625;190;202;0;
760;2025.05.20 11:15;4;23.125;22.125;23.8125;196;202;0;
761;2025.05.20 11:30;4;25.1875;23.6875;26.25;203;202;0;
762;2025.05.20 11:45;4;27.375;25.6875;28.875;211;202;0;
763;2025.05.20 12:00;4;29.625;27.875;31.625;220;202;0;
764;2025.05.20 12:15;4;31.9375;30.125;34.375;229;202;0;
765;2025.05.20 12:30;4;34.25;32.375;37.125;238;202;0;
766;2025.05.20 12:45;4;36.5;34.5;39.625;247;202;0;
767;2025.05.20 13:00;4;38.625;36.5;41.875;255;202;0;
768;2025.05.20 13:15;4;40.75;38.375;44.125;265;202;0;
769;2025.05.20 13:30;4;42.75;40.5;46.25;275;202;0;
770;2025.05.20 13:45;4;44.625;42.6875;48.125;283;202;0;
771;2025.05.20 14:00;4;46.5;44.75;49.875;291;202;0;
772;2025.05.20 14:15;4;48.125;46.625;51.375;299;202;0;
773;2025.05.20 14:30;4;49.875;48.375;52.875;306;202;0;
774;2025.05.20 14:45;4;51.375;50.125;54.25;313;202;0;
775;2025.05.20 15:00;4;52.875;51.75;55.6875;320;202;0;
776;2025.05.20 15:15;4;54.375;53.375;57;326;202;0;
777;2025.05.20 15:30;4;55.6875;54.875;58.25;332;202;0;
778;2025.05.20 15:45;4;56.8125;56.125;59.125;337;202;0;
779;2025.05.20 16:00;4;57.75;57.25;59.875;341;202;0;
780;2025.05.20 16:15;4;58.75;58.375;60.625;345;202;0;
781;2025.05.20 16:30;4;59.625;59.3125;61.3125;349;202;0;
782;2025.05.20 16:45;4;60.25;60.125;61.75;352;202;0;
783;2025.05.20 17:00;4;60.875;60.75;62.125;354;202;0;
784;2025.05.20 17:15;4;61.375;61.375;62.375;356;202;0;
785;2025.05.20 17:30;4;61.625;61.8125;62.375;357;202;0;
786;2025.05.20 17:45;4;61.875;62.125;62.25;358;202;0;
787;2025.05.20 18:00;4;61.75;62.125;61.625;358;202;0;
788;2025.05.20 18:15;4;61.25;61.875;60.25;355;202;0;
789;2025.05.20 18:30;4;60;61.0625;58;350;202;0;
790;2025.05.20 18:45;4;58.125;59.75;55.375;343;202;0;
791;2025.05.20 19:00;4;56.25;58.0625;52.875;336;202;0;
792;2025.05.20 19:15;4;54.5;56.375;50.875;328;202;0;
793;2025.05.20 19:30;4;52.875;54.75;49.125;321;202;0;
794;2025.05.20 19:45;4;51.375;53.125;47.5;315;202;0;
795;2025.05.20 20:00;4;50;51.625;46.125;308;202;0;
796;2025.05.20 20:15;4;48.625;50.125;44.75;302;202;0;
797;2025.05.20 20:30;4;47.25;48.75;43.5;297;202;0;
798;2025.05.20 20:45;4;45.9375;47.375;42.25;291;202;0;
799;2025.05.20 21:00;4;44.625;46.0625;41;285;202;0;
800;2025.05.20 21:15;4;43.5;44.8125;39.9375;280;202;0;
801;2025.05.20 21:30;4;42.375;43.625;38.9375;276;202;0;
802;2025.05.20 21:45;4;41.3125;42.5;38;271;202;0;
803;2025.05.20 22:00;4;40.375;41.375;37.125;267;202;0;
804;2025.05.20 22:15;4;39.375;40.375;36.375;263;202;0;
805;2025.05.20 22:30;4;38.5;39.5;35.625;259;202;0;
806;2025.05.20 22:45;4;37.75;38.625;34.9375;256;202;0;
807;2025.05.20 23:00;4;36.9375;37.75;34.25;253;202;0;
808;2025.05.20 23:15;4;36.25;37;33.75;250;202;0;
809;2025.05.20 23:30;4;35.5;36.25;33.125;247;202;0;
810;2025.05.20 23:45;4;34.875;35.5;32.5625;244;202;0;
811;2025.05.21 00:00;4;34.1875;34.875;32;241;202;0;
812;2025.05.21 00:15;4;33.625;34.25;31.5625;239;202;0;
813;2025.05.21 00:30;4;33;33.625;31.0625;237;202;0;
814;2025.05.21 00:45;4;32.375;33;30.625;235;202;0;
815;2025.05.21 01:00;4;31.875;32.5;30.125;233;202;0;
816;2025.05.21 01:15;4;31.375;32;29.75;231;202;0;
817;2025.05.21 01:30;4;30.9375;31.5;29.4375;229;202;0;
818;2025.05.21 01:45;4;30.5;31;29.125;227;202;0;
819;2025.05.21 02:00;4;30.125;30.625;28.75;226;202;0;
820;2025.05.21 02:15;4;29.75;30.25;28.5;224;202;0;
821;2025.05.21 02:30;4;29.375;29.875;28.125;223;202;0;
822;2025.05.21 02:45;4;29;29.5;27.875;222;202;0;
823;2025.05.21 03:00;4;28.6875;29.125;27.5625;221;202;0;
824;2025.05.21 03:15;4;28.375;28.75;27.3125;219;202;0;
825;2025.05.21 03:30;4;28.0625;28.5;27;218;202;0;
826;2025.05.21 03:45;4;27.75;28.125;26.75;217;202;0;
827;2025.05.21 04:00;4;27.5;27.875;26.5625;216;202;0;
828;2025.05.21 04:15;4;27.25;27.625;26.3125;215;202;0;
829;2025.05.21 04:30;4;27;27.3125;26.125;214;202;0;
830;2025.05.21 04:45;4;26.75;27.0625;25.875;213;202;0;
831;2025.05.21 05:00;4;26.5;26.8125;25.625;212;202;0;
832;2025.05.21 05:15;4;26.25;26.5625;25.5;211;202;0;
833;2025.05.21 05:30;4;26;26.375;25.25;210;202;0;
834;2025.05.21 05:45;4;25.75;26.125;25;209;202;0;
835;2025.05.21 06:00;4;25.5;25.875;24.8125;208;202;0;
836;2025.05.21 06:15;4;25.3125;25.625;24.625;207;202;0;
837;2025.05.21 06:30;4;25.125;25.375;24.375;206;202;0;
838;2025.05.21 06:45;4;24.875;25.25;24.25;206;202;0;
839;2025.05.21 07:00;4;24.75;25;24;205;202;0;
840;2025.05.21 07:15;4;24.5;24.8125;23.875;204;202;0;
841;2025.05.21 07:30;4;24.3125;24.625;23.6875;203;202;0;
842;2025.05.21 07:45;4;24.125;24.4375;23.5;203;202;0;
843;2025.05.21 08:00;4;24;24.25;23.375;202;202;0;
844;2025.05.21 08:15;4;23.8125;24.125;23.25;201;202;0;
845;2025.05.21 08:30;4;23.625;23.9375;23.0625;201;202;0;
846;2025.05.21 08:45;4;23.5;23.75;22.875;200;202;0;
847;2025.05.21 09:00;4;23.3125;23.625;22.75;199;202;0;
848;2025.05.21 09:15;4;23.125;23.4375;22.625;198;202;0;
849;2025.05.21 09:30;4;23;23.25;22.5;198;202;0;
850;2025.05.21 09:45;4;22.875;23.125;22.375;197;202;0;
851;2025.05.21 10:00;4;22.75;23;22.25;197;202;0;
852;2025.05.21 10:15;4;22.75;22.875;22.25;196;202;0;
853;2025.05.21 10:30;4;22.875;22.875;22.4375;197;202;0;
854;2025.05.21 10:45;4;23.75;23.375;23.375;200;202;0;
855;2025.05.21 11:00;4;25.0625;24.25;25;204;202;0;
856;2025.05.21 11:15;4;26.625;25.5;27;209;202;0;
857;2025.05.21 11:30;4;28.25;26.9375;29;215;202;0;
858;2025.05.21 11:45;4;30;28.5;31.25;222;202;0;
859;2025.05.21 12:00;4;31.6875;30.25;33.3125;228;202;0;
860;2025.05.21 12:15;4;33.25;31.875;35.125;234;202;0;
861;2025.05.21 12:30;4;35.125;33.625;37.375;241;202;0;
862;2025.05.21 12:45;4;37.25;35.5;39.625;249;202;0;
863;2025.05.21 13:00;4;39.25;37.5;42;257;202;0;
864;2025.05.21 13:15;4;41.25;39.5;44;265;202;0;
865;2025.05.21 13:30;4;43;41.3125;45.75;272;202;0;
866;2025.05.21 13:45;4;44.625;43;47.3125;279;202;0;
867;2025.05.21 14:00;4;46.25;44.625;48.875;285;202;0;
868;2025.05.21 14:15;4;47.625;46.1875;50.125;292;202;0;
869;2025.05.21 14:30;4;49.25;47.75;51.75;298;202;0;
870;2025.05.21 14:45;4;50.875;49.375;53.375;305;202;0;
871;2025.05.21 15:00;4;52.3125;50.875;54.6875;311;202;0;
872;2025.05.21 15:15;4;53.625;52.3125;55.75;317;202;0;
873;2025.05.21 15:30;4;54.625;53.5625;56.625;321;202;0;
874;2025.05.21 15:45;4;55.375;54.625;57.125;325;202;0;
875;2025.05.21 16:00;4;55.125;54.9375;56;325;202;0;
876;2025.05.21 16:15;4;56;55.5;56.875;328;202;0;
877;2025.05.21 16:30;4;57.3125;56.5;58.375;333;202;0;
878;2025.05.21 16:45;4;58.0625;57.375;59.125;336;202;0;
879;2025.05.21 17:00;4;58.6875;58.125;59.625;339;202;0;
880;2025.05.21 17:15;4;59.125;58.75;59.875;341;202;0;
881;2025.05.21 17:30;4;59.5;59.125;59.9375;343;202;0;
882;2025.05.21 17:45;4;59.75;59.5;60;344;202;0;
883;2025.05.21 18:00;4;59.625;59.625;59.5;344;202;0;
884;2025.05.21 18:15;4;59.125;59.4375;58.25;342;202;0;
885;2025.05.21 18:30;4;58.125;58.8125;56.375;338;202;0;
886;2025.05.21 18:45;4;56.625;57.75;54.1875;333;202;0;
887;2025.05.21 19:00;4;55;56.375;52.0625;327;202;0;
888;2025.05.21 19:15;4;53.375;54.875;50.1875;320;202;0;
889;2025.05.21 19:30;4;51.9375;53.4375;48.5;314;202;0;
890;2025.05.21 19:45;4;50.5;52;47;308;202;0;
891;2025.05.21 20:00;4;49.1875;50.625;45.625;303;202;0;
892;2025.05.21 20:15;4;47.875;49.25;44.375;297;202;0;
893;2025.05.21 20:30;4;46.625;48;43.125;292;202;0;
894;2025.05.21 20:45;4;45.375;46.75;41.875;287;202;0;
895;2025.05.21 21:00;4;44.1875;45.4375;40.6875;282;202;0;
896;2025.05.21 21:15;4;43;44.25;39.625;277;202;0;
897;2025.05.21 21:30;4;42;43.125;38.625;272;202;0;
898;2025.05.21 21:45;4;41;42;37.75;268;202;0;
899;2025.05.21 22:00;4;40.0625;41;37;264;202;0;
900;2025.05.21 22:15;4;39.1875;40.0625;36.25;261;202;0;
901;2025.05.21 22:30;4;38.375;39.1875;35.5625;257;202;0;
902;2025.05.21 22:45;4;37.625;38.375;34.9375;254;202;0;
903;2025.05.21 23:00;4;36.875;37.625;34.375;251;202;0;
904;2025.05.21 23:15;4;36.1875;36.875;33.8125;249;202;0;
905;2025.05.21 23:30;4;35.5;36.125;33.25;246;202;0;
906;2025.05.21 23:45;4;34.875;35.5;32.625;243;202;0;
907;2025.05.22 00:00;4;34.25;34.8125;32.125;241;202;0;
908;2025.05.22 00:15;4;33.625;34.1875;31.625;239;202;0;
909;2025.05.22 00:30;4;33;33.625;31.125;237;202;0;
910;2025.05.22 00:45;4;32.5;33.0625;30.75;235;202;0;
911;2025.05.22 01:00;4;32;32.5;30.375;233;202;0;
912;2025.05.22 01:15;4;31.5625;32.0625;30;231;202;0;
913;2025.05.22 01:30;4;31.125;31.625;29.625;230;202;0;
914;2025.05.22 01:45;4;30.625;31.125;29.25;228;202;0;
915;2025.05.22 02:00;4;30.25;30.75;28.9375;226;202;0;
916;2025.05.22 02:15;4;29.875;30.375;28.5625;225;202;0;
917;2025.05.22 02:30;4;29.5;29.9375;28.25;224;202;0;
918;2025.05.22 02:45;4;29.1875;29.625;28;222;202;0;
919;2025.05.22 03:00;4;28.875;29.25;27.6875;221;202;0;
920;2025.05.22 03:15;4;28.5;28.875;27.375;220;202;0;
921;2025.05.22 03:30;4;28.25;28.625;27.1875;219;202;0;
922;2025.05.22 03:45;4;28;28.3125;27;218;202;0;
923;2025.05.22 04:00;4;27.75;28;26.75;216;202;0;
924;2025.05.22 04:15;4;27.4375;27.75;26.5;215;202;0;
925;2025.05.22 04:30;4;27.25;27.5;26.25;214;202;0;
926;2025.05.22 04:45;4;27;27.25;26.0625;213;202;0;
927;2025.05.22 05:00;4;26.75;27;25.875;212;202;0;
928;2025.05.22 05:15;4;26.5;26.75;25.625;211;202;0;
929;2025.05.22 05:30;4;26.25;26.5625;25.4375;211;202;0;
930;2025.05.22 05:45;4;26.125;26.375;25.25;210;202;0;
931;2025.05.22 06:00;4;25.875;26.125;25.125;209;202;0;
932;2025.05.22 06:15;4;25.75;26;24.875;208;202;0;
933;2025.05.22 06:30;4;25.5;25.75;24.75;207;202;0;
934;2025.05.22 06:45;4;25.3125;25.5625;24.5625;206;202;0;
935;2025.05.22 07:00;4;25.1875;25.375;24.4375;206;202;0;
936;2025.05.22 07:15;4;25.0625;25.25;24.375;205;202;0;
937;2025.05.22 07:30;4;25;25.125;24.25;205;202;0;
938;2025.05.22 07:45;4;24.8125;25;24.1875;204;202;0;
939;2025.05.22 08:00;4;24.625;24.875;24;204;202;0;
940;2025.05.22 08:15;4;24.5;24.75;23.875;203;202;0;
941;2025.05.22 08:30;4;24.375;24.5625;23.75;202;202;0;
942;2025.05.22 08:45;4;24.25;24.4375;23.5625;202;202;0;
943;2025.05.22 09:00;4;24.0625;24.25;23.4375;201;202;0;
944;2025.05.22 09:15;4;23.9375;24.125;23.375;201;202;0;
945;2025.05.22 09:30;4;23.8125;24;23.25;200;202;0;
946;2025.05.22 09:45;4;23.6875;23.875;23.125;200;202;0;
947;2025.05.22 10:00;4;23.625;23.75;23;199;202;0;
948;2025.05.22 10:15;4;23.625;23.75;23.0625;199;202;0;
949;2025.05.22 10:30;4;23.75;23.75;23.25;199;202;0;
950;2025.05.22 10:45;4;24;23.875;23.625;200;202;0;
951;2025.05.22 11:00;4;24.5;24.25;24.375;202;202;0;
952;2025.05.22 11:15;4;25.625;24.9375;25.75;206;202;0;
953;2025.05.22 11:30;4;27.125;26.125;27.875;211;202;0;
954;2025.05.22 11:45;4;28.75;27.5;29.75;216;202;0;
955;2025.05.22 12:00;4;30.375;29.125;31.875;223;202;0;
956;2025.05.22 12:15;4;32.125;30.75;34;229;202;0;
957;2025.05.22 12:30;4;34.0625;32.5;36.25;236;202;0;
958;2025.05.22 12:45;4;36.125;34.5;38.625;244;202;0;
959;2025.05.22 13:00;4;38.0625;36.375;40.75;252;202;0;
960;2025.05.22 13:15;4;40.1875;38.4375;43;260;202;0;
961;2025.05.22 13:30;4;42.125;40.375;45;267;202;0;
962;2025.05.22 13:45;4;44.125;42.375;47;275;202;0;
963;2025.05.22 14:00;4;46;44.25;48.875;283;202;0;
964;2025.05.22 14:15;4;47.8125;46.0625;50.625;291;202;0;
965;2025.05.22 14:30;4;49.5;47.8125;52.25;298;202;0;
966;2025.05.22 14:45;4;51;49.5;53.75;305;202;0;
967;2025.05.22 15:00;4;52.625;51.125;55.25;311;202;0;
968;2025.05.22 15:15;4;53.5625;52.4375;55.875;316;202;0;
969;2025.05.22 15:30;4;54.875;53.75;57.125;322;202;0;
970;2025.05.22 15:45;4;56.25;55.125;58.375;327;202;0;
971;2025.05.22 16:00;4;57.125;56.25;59;331;202;0;
972;2025.05.22 16:15;4;58;57.125;59.625;335;202;0;
973;2025.05.22 16:30;4;58.5;57.875;59.75;338;202;0;
974;2025.05.22 16:45;4;58.875;58.5;59.875;339;202;0;
975;2025.05.22 17:00;4;59.125;58.875;59.75;341;202;0;
976;2025.05.22 17:15;4;59.375;59.125;59.625;342;202;0;
977;2025.05.22 17:30;4;59.8125;59.5625;60.125;344;202;0;
978;2025.05.22 17:45;4;58.875;59.3125;58.375;341;202;0;
979;2025.05.22 18:00;4;58;58.75;56.75;337;202;0;
980;2025.05.22 18:15;4;57;57.875;55.125;333;202;0;
981;2025.05.22 18:30;4;56.25;57;53.9375;330;202;0;
982;2025.05.22 18:45;4;55.125;56.0625;52.5;326;202;0;
983;2025.05.22 19:00;4;53.875;54.9375;51;321;202;0;
984;2025.05.22 19:15;4;52.625;53.75;49.5;316;202;0;
985;2025.05.22 19:30;4;51.25;52.5;48.125;311;202;0;
986;2025.05.22 19:45;4;49.875;51.25;46.5;305;202;0;
987;2025.05.22 20:00;4;48.5;49.875;45.125;299;202;0;
988;2025.05.22 20:15;4;47.25;48.625;43.75;294;202;0;
989;2025.05.22 20:30;4;46;47.375;42.625;289;202;0;
990;2025.05.22 20:45;4;44.875;46.125;41.5;284;202;0;
991;2025.05.22 21:00;4;43.875;45;40.5625;280;202;0;
992;2025.05.22 21:15;4;42.75;44;39.625;275;202;0;
993;2025.05.22 21:30;4;41.75;42.875;38.6875;271;202;0;
994;2025.05.22 21:45;4;40.875;41.875;37.875;267;202;0;
995;2025.05.22 22:00;4;40;40.9375;37.125;264;202;0;
996;2025.05.22 22:15;4;39.125;40;36.375;260;202;0;
997;2025.05.22 22:30;4;38.375;39.25;35.75;257;202;0;
998;2025.05.22 22:45;4;37.625;38.375;35.125;254;202;0;
999;2025.05.22 23:00;4;36.9375;37.6875;34.625;251;202;0;
1000;2025.05.22 23:15;4;36.25;37;34;249;202;0;
1001;2025.05.22 23:30;4;35.6875;36.375;33.5;247;202;0;
1002;2025.05.22 23:45;4;35.125;35.75;33;244;202;0;
1003;2025.05.23 00:00;4;34.625;35.125;32.625;242;202;0;
1004;2025.05.23 00:15;4;34.0625;34.625;32.25;240;202;0;
1005;2025.05.23 00:30;4;33.5625;34.125;31.75;238;202;0;
1006;2025.05.23 00:45;4;33.125;33.625;31.375;237;202;0;
1007;2025.05.23 01:00;4;32.625;33.125;31;235;202;0;
1008;2025.05.23 01:15;4;32.25;32.6875;30.6875;233;202;0;
1009;2025.05.23 01:30;4;31.875;32.25;30.375;232;202;0;
1010;2025.05.23 01:45;4;31.5;31.875;30.125;231;202;0;
1011;2025.05.23 02:00;4;31.1875;31.5625;29.875;229;202;0;
1012;2025.05.23 02:15;4;30.875;31.25;29.625;228;202;0;
1013;2025.05.23 02:30;4;30.5;30.875;29.3125;227;202;0;
1014;2025.05.23 02:45;4;30.125;30.5625;29;225;202;0;
1015;2025.05.23 03:00;4;29.875;30.25;28.75;224;202;0;
1016;2025.05.23 03:15;4;29.5;29.9375;28.4375;223;202;0;
1017;2025.05.23 03:30;4;29.25;29.625;28.125;222;202;0;
1018;2025.05.23 03:45;4;29;29.375;27.875;221;202;0;
1019;2025.05.23 04:00;4;28.75;29.0625;27.6875;220;202;0;
1020;2025.05.23 04:15;4;28.4375;28.75;27.375;219;202;0;
1021;2025.05.23 04:30;4;28.125;28.5;27.125;217;202;0;
1022;2025.05.23 04:45;4;27.9375;28.25;26.9375;217;202;0;
1023;2025.05.23 05:00;4;27.6875;28;26.75;216;202;0;
1024;2025.05.23 05:15;4;27.5;27.75;26.5;215;202;0;
1025;2025.05.23 05:30;4;27.25;27.5;26.375;214;202;0;
1026;2025.05.23 05:45;4;27;27.3125;26.125;213;202;0;
1027;2025.05.23 06:00;4;26.8125;27.125;26;212;202;0;
1028;2025.05.23 06:15;4;26.625;26.875;25.75;210;202;0;
1029;2025.05.23 06:30;4;26.3125;26.625;25.5;210;202;0;
1030;2025.05.23 06:45;4;26.0625;26.375;25.25;208;202;0;
1031;2025.05.23 07:00;4;25.8125;26.125;25;207;202;0;
1032;2025.05.23 07:15;4;25.5625;25.875;24.75;207;202;0;
1033;2025.05.23 07:30;4;25.375;25.6875;24.625;206;202;0;
1034;2025.05.23 07:45;4;25.25;25.5;24.5;205;202;0;
1035;2025.05.23 08:00;4;25;25.3125;24.3125;204;202;0;
1036;2025.05.23 08:15;4;24.875;25.125;24.25;204;202;0;
1037;2025.05.23 08:30;4;24.75;25;24.125;203;202;0;
1038;2025.05.23 08:45;4;24.625;24.875;24;203;202;0;
1039;2025.05.23 09:00;4;24.5;24.75;23.875;202;202;0;
1040;2025.05.23 09:15;4;24.375;24.5625;23.75;201;202;0;
1041;2025.05.23 09:30;4;24.25;24.4375;23.625;201;202;0;
1042;2025.05.23 09:45;4;24.125;24.3125;23.5;200;202;0;
1043;2025.05.23 10:00;4;24;24.25;23.4375;200;202;0;
1044;2025.05.23 10:15;4;24;24.125;23.5;200;202;0;
1045;2025.05.23 10:30;4;24;24.125;23.5;200;202;0;
1046;2025.05.23 10:45;4;24.5;24.3125;24.25;201;202;0;
1047;2025.05.23 11:00;4;25.5625;25;25.625;205;202;0;
1048;2025.05.23 11:15;4;26.375;25.6875;26.625;207;202;0;
1049;2025.05.23 11:30;4;26.875;26.375;27.25;210;202;0;
1050;2025.05.23 11:45;4;28.5625;27.375;29.125;215;202;0;
1051;2025.05.23 12:00;4;30.375;28.875;31.3125;221;202;0;
1052;2025.05.23 12:15;4;32.375;30.5625;33.75;229;202;0;
1053;2025.05.23 12:30;4;33.25;32;34.6875;233;202;0;
1054;2025.05.23 12:45;4;34.75;33.1875;36.0625;238;202;0;
1055;2025.05.23 13:00;4;36.75;34.875;38.25;246;202;0;
1056;2025.05.23 13:15;4;38.875;36.75;40.625;253;202;0;
1057;2025.05.23 13:30;4;40.625;38.5625;42.5;260;202;0;
1058;2025.05.23 13:45;4;41.9375;40.0625;43.75;266;202;0;
1059;2025.05.23 14:00;4;43.1875;41.375;44.875;271;202;0;
1060;2025.05.23 14:15;4;44.75;42.875;46.375;277;202;0;
1061;2025.05.23 14:30;4;46.125;44.25;47.75;283;202;0;
1062;2025.05.23 14:45;4;47.5625;45.75;49.25;289;202;0;
1063;2025.05.23 15:00;4;48.25;46.875;49.75;292;202;0;
1064;2025.05.23 15:15;4;48.25;47.5;49.25;293;202;0;
1065;2025.05.23 15:30;4;48.4375;47.875;49;294;202;0;
1066;2025.05.23 15:45;4;48.8125;48.25;49.125;296;202;0;
1067;2025.05.23 16:00;4;49.75;48.875;50.1875;300;202;0;
1068;2025.05.23 16:15;4;50.5;49.5625;50.875;303;202;0;
1069;2025.05.23 16:30;4;50.75;50.125;50.875;304;202;0;
1070;2025.05.23 16:45;4;50.3125;50.25;50.125;303;202;0;
1071;2025.05.23 17:00;4;48.875;49.625;47.9375;298;202;0;
1072;2025.05.23 17:15;4;48.375;48.875;47.0625;296;202;0;
1073;2025.05.23 17:30;4;49.375;49;48.375;299;202;0;
1074;2025.05.23 17:45;4;49.9375;49.4375;49.25;301;202;0;
1075;2025.05.23 18:00;4;49.8125;49.5;48.875;300;202;0;
1076;2025.05.23 18:15;4;49.0625;49.25;47.625;298;202;0;
1077;2025.05.23 18:30;4;47.875;48.5;46;294;202;0;
1078;2025.05.23 18:45;4;46.75;47.625;44.625;290;202;0;
1079;2025.05.23 19:00;4;45.75;46.625;43.375;286;202;0;
1080;2025.05.23 19:15;4;44.8125;45.75;42.375;282;202;0;
1081;2025.05.23 19:30;4;43.5;44.625;40.875;277;202;0;
1082;2025.05.23 19:45;4;42;43.375;39.25;271;202;0;
1083;2025.05.23 20:00;4;40.75;42.125;37.75;266;202;0;
1084;2025.05.23 20:15;4;39.375;40.75;36.375;261;202;0;
1085;2025.05.23 20:30;4;38.25;39.5;35.25;257;202;0;
1086;2025.05.23 20:45;4;37.125;38.375;34.125;252;202;0;
1087;2025.05.23 21:00;4;36.125;37.25;33.1875;248;202;0;
1088;2025.05.23 21:15;4;35.125;36.1875;32.375;244;202;0;
1089;2025.05.23 21:30;4;34.25;35.25;31.625;241;202;0;
1090;2025.05.23 21:45;4;33.4375;34.375;30.875;237;202;0;
1091;2025.05.23 22:00;4;32.6875;33.5;30.25;234;202;0;
1092;2025.05.23 22:15;4;32;32.75;29.75;232;202;0;
1093;2025.05.23 22:30;4;31.375;32;29.25;229;202;0;
1094;2025.05.23 22:45;4;30.75;31.375;28.75;227;202;0;
1095;2025.05.23 23:00;4;30.125;30.75;28.3125;224;202;0;
1096;2025.05.23 23:15;4;29.625;30.25;27.875;223;202;0;
1097;2025.05.23 23:30;4;29.125;29.6875;27.5;221;202;0;
1098;2025.05.23 23:45;4;28.75;29.25;27.25;220;202;0;
1099;2025.05.24 00:00;4;28.375;28.875;27;218;202;0;
1100;2025.05.24 00:15;4;28;28.5;26.75;217;202;0;
1101;2025.05.24 00:30;4;27.75;28.125;26.5;215;202;0;
1102;2025.05.24 00:45;4;27.375;27.75;26.25;214;202;0;
1103;2025.05.24 01:00;4;27.0625;27.5;26;213;202;0;
1104;2025.05.24 01:15;4;26.75;27.1875;25.75;212;202;0;
1105;2025.05.24 01:30;4;26.5;26.875;25.625;211;202;0;
1106;2025.05.24 01:45;4;26.25;26.625;25.375;210;202;0;
1107;2025.05.24 02:00;4;26;26.375;25.1875;209;202;0;
1108;2025.05.24 02:15;4;25.8125;26.125;25;208;202;0;
1109;2025.05.24 02:30;4;25.625;25.9375;24.875;207;202;0;
1110;2025.05.24 02:45;4;25.375;25.75;24.625;206;202;0;
1111;2025.05.24 03:00;4;25.125;25.5;24.5;205;202;0;
1112;2025.05.24 03:15;4;25;25.3125;24.25;204;202;0;
1113;2025.05.24 03:30;4;24.75;25.125;24.125;204;202;0;
1114;2025.05.24 03:45;4;24.625;24.875;24;203;202;0;
1115;2025.05.24 04:00;4;24.375;24.75;23.8125;202;202;0;
1116;2025.05.24 04:15;4;24.25;24.5625;23.6875;201;202;0;
1117;2025.05.24 04:30;4;24.0625;24.375;23.5;201;202;0;
1118;2025.05.24 04:45;4;23.875;24.25;23.375;200;202;0;
1119;2025.05.24 05:00;4;23.75;24.0625;23.25;199;202;0;
1120;2025.05.24 05:15;4;23.625;23.875;23.125;199;202;0;
1121;2025.05.24 05:30;4;23.4375;23.75;23;198;202;0;
1122;2025.05.24 05:45;4;23.3125;23.625;22.8125;198;202;0;
1123;2025.05.24 06:00;4;23.125;23.5;22.75;197;202;0;
1124;2025.05.24 06:15;4;23;23.3125;22.625;197;202;0;
1125;2025.05.24 06:30;4;22.875;23.1875;22.5;196;202;0;
1126;2025.05.24 06:45;4;22.75;23.0625;22.375;195;202;0;
1127;2025.05.24 07:00;4;22.625;22.875;22.25;195;202;0;
1128;2025.05.24 07:15;4;22.5;22.75;22.125;194;202;0;
1129;2025.05.24 07:30;4;22.375;22.625;22;194;202;0;
1130;2025.05.24 07:45;4;22.25;22.5;21.875;193;202;0;
1131;2025.05.24 08:00;4;22.125;22.375;21.75;193;202;0;
1132;2025.05.24 08:15;4;22;22.3125;21.625;193;202;0;
1133;2025.05.24 08:30;4;21.875;22.1875;21.5625;192;202;0;
1134;2025.05.24 08:45;4;21.75;22.0625;21.4375;192;202;0;
1135;2025.05.24 09:00;4;21.6875;22;21.375;191;202;0;
1136;2025.05.24 09:15;4;21.625;21.875;21.25;191;202;0;
1137;2025.05.24 09:30;4;21.5;21.75;21.125;190;202;0;
1138;2025.05.24 09:45;4;21.375;21.625;21.0625;190;202;0;
1139;2025.05.24 10:00;4;21.3125;21.5625;21;190;202;0;
1140;2025.05.24 10:15;4;21.25;21.5;21;189;202;0;
1141;2025.05.24 10:30;4;21.25;21.5;21.125;189;202;0;
1142;2025.05.24 10:45;4;21.375;21.5;21.1875;190;202;0;
1143;2025.05.24 11:00;4;21.4375;21.5;21.3125;190;202;0;
1144;2025.05.24 11:15;4;21.5;21.625;21.4375;190;202;0;
1145;2025.05.24 11:30;4;21.625;21.6875;21.625;190;202;0;
1146;2025.05.24 11:45;4;21.75;21.75;21.75;191;202;0;
1147;2025.05.24 12:00;4;21.8125;21.875;21.875;191;202;0;
1148;2025.05.24 12:15;4;21.9375;22;22;192;202;0;
1149;2025.05.24 12:30;4;22.125;22.125;22.125;192;202;0;
1150;2025.05.24 12:45;4;22.25;22.25;22.3125;193;202;0;
1151;2025.05.24 13:00;4;22.375;22.375;22.5;193;202;0;
1152;2025.05.24 13:15;4;22.5;22.5;22.625;194;202;0;
1153;2025.05.24 13:30;4;22.6875;22.6875;22.8125;194;202;0;
1154;2025.05.24 13:45;4;22.875;22.875;23;195;202;0;
1155;2025.05.24 14:00;4;23.125;23.0625;23.25;196;202;0;
1156;2025.05.24 14:15;4;23.375;23.25;23.5625;197;202;0;
1157;2025.05.24 14:30;4;23.625;23.5;23.875;198;202;0;
1158;2025.05.24 14:45;4;23.875;23.75;24.125;199;202;0;
1159;2025.05.24 15:00;4;24;24;24.25;199;202;0;
1160;2025.05.24 15:15;4;24.25;24.1875;24.5;200;202;0;
1161;2025.05.24 15:30;4;24.5625;24.4375;24.8125;201;202;0;
1162;2025.05.24 15:45;4;24.875;24.75;25.25;203;202;0;
1163;2025.05.24 16:00;4;25.25;25.0625;25.625;204;202;0;
1164;2025.05.24 16:15;4;25.625;25.4375;26;205;202;0;
1165;2025.05.24 16:30;4;25.875;25.75;26.25;206;202;0;
1166;2025.05.24 16:45;4;26.125;26;26.5;208;202;0;
1167;2025.05.24 17:00;4;26.5;26.375;26.9375;209;202;0;
1168;2025.05.24 17:15;4;27;26.75;27.375;210;202;0;
1169;2025.05.24 17:30;4;27.375;27.125;27.9375;212;202;0;
1170;2025.05.24 17:45;4;27.75;27.5;28.1875;213;202;0;
1171;2025.05.24 18:00;4;28;27.8125;28.4375;215;202;0;
1172;2025.05.24 18:15;4;28;28;28.3125;215;202;0;
1173;2025.05.24 18:30;4;27.8125;28;27.9375;214;202;0;
1174;2025.05.24 18:45;4;27.625;27.875;27.625;214;202;0;
1175;2025.05.24 19:00;4;27.5;27.75;27.375;213;202;0;
1176;2025.05.24 19:15;4;27.3125;27.625;27.125;213;202;0;
1177;2025.05.24 19:30;4;27.125;27.4375;26.875;212;202;0;
1178;2025.05.24 19:45;4;26.875;27.25;26.5;211;202;0;
1179;2025.05.24 20:00;4;26.5625;27;26.25;210;202;0;
1180;2025.05.24 20:15;4;26.25;26.75;25.875;209;202;0;
1181;2025.05.24 20:30;4;25.9375;26.4375;25.5;208;202;0;
1182;2025.05.24 20:45;4;25.5625;26.125;25.0625;206;202;0;
1183;2025.05.24 21:00;4;25.25;25.75;24.6875;205;202;0;
1184;2025.05.24 21:15;4;24.875;25.5;24.375;204;202;0;
1185;2025.05.24 21:30;4;24.625;25.125;24.0625;203;202;0;
1186;2025.05.24 21:45;4;24.375;24.875;23.8125;202;202;0;
1187;2025.05.24 22:00;4;24.125;24.625;23.5625;201;202;0;
1188;2025.05.24 22:15;4;23.875;24.3125;23.375;200;202;0;
1189;2025.05.24 22:30;4;23.625;24.0625;23.125;199;202;0;
1190;2025.05.24 22:45;4;23.375;23.875;22.9375;198;202;0;
1191;2025.05.24 23:00;4;23.1875;23.625;22.75;197;202;0;
1192;2025.05.24 23:15;4;23;23.375;22.625;196;202;0;
1193;2025.05.24 23:30;4;22.8125;23.25;22.4375;196;202;0;
1194;2025.05.24 23:45;4;22.625;23;22.25;195;202;0;
1195;2025.05.25 00:00;4;22.5;22.875;22.125;194;202;0;
1196;2025.05.25 00:15;4;22.3125;22.6875;22;194;202;0;
1197;2025.05.25 00:30;4;22.125;22.5;21.8125;193;202;0;
1198;2025.05.25 00:45;4;22;22.375;21.6875;192;202;0;
1199;2025.05.25 01:00;4;21.875;22.25;21.5625;192;202;0;
1200;2025.05.25 01:15;4;21.75;22.125;21.4375;191;202;0;
1201;2025.05.25 01:30;4;21.625;21.9375;21.3125;191;202;0;
1202;2025.05.25 01:45;4;21.5;21.8125;21.1875;190;202;0;
1203;2025.05.25 02:00;4;21.375;21.6875;21.125;189;202;0;
1204;2025.05.25 02:15;4;21.1875;21.5625;21;189;202;0;
1205;2025.05.25 02:30;4;21;21.375;20.8125;188;202;0;
1206;2025.05.25 02:45;4;20.875;21.25;20.625;187;202;0;
1207;2025.05.25 03:00;4;20.6875;21.125;20.5;187;202;0;
1208;2025.05.25 03:15;4;20.5;20.9375;20.375;186;202;0;
1209;2025.05.25 03:30;4;20.375;20.8125;20.25;186;202;0;
1210;2025.05.25 03:45;4;20.25;20.625;20.125;185;202;0;
1211;2025.05.25 04:00;4;20.125;20.5;20;185;202;0;
1212;2025.05.25 04:15;4;20;20.375;19.875;184;202;0;
1213;2025.05.25 04:30;4;19.875;20.25;19.75;183;202;0;
1214;2025.05.25 04:45;4;19.75;20.125;19.625;183;202;0;
1215;2025.05.25 05:00;4;19.625;20;19.5625;183;202;0;
1216;2025.05.25 05:15;4;19.5;19.875;19.5;182;202;0;
1217;2025.05.25 05:30;4;19.375;19.8125;19.375;182;202;0;
1218;2025.05.25 05:45;4;19.3125;19.6875;19.25;181;202;0;
1219;2025.05.25 06:00;4;19.25;19.625;19.125;181;202;0;
1220;2025.05.25 06:15;4;19.125;19.5;19.0625;181;202;0;
1221;2025.05.25 06:30;4;19;19.375;19;180;202;0;
1222;2025.05.25 06:45;4;18.9375;19.25;18.875;180;202;0;
1223;2025.05.25 07:00;4;18.875;19.25;18.8125;180;202;0;
1224;2025.05.25 07:15;4;18.75;19.125;18.75;179;202;0;
1225;2025.05.25 07:30;4;18.625;19;18.625;179;202;0;
1226;2025.05.25 07:45;4;18.5625;18.9375;18.5625;178;202;0;
1227;2025.05.25 08:00;4;18.5;18.875;18.5;178;202;0;
1228;2025.05.25 08:15;4;18.375;18.75;18.375;178;202;0;
1229;2025.05.25 08:30;4;18.3125;18.6875;18.375;178;202;0;
1230;2025.05.25 08:45;4;18.25;18.625;18.25;177;202;0;
1231;2025.05.25 09:00;4;18.125;18.5;18.125;177;202;0;
1232;2025.05.25 09:15;4;18.125;18.4375;18.125;177;202;0;
1233;2025.05.25 09:30;4;18;18.375;18;176;202;0;
1234;2025.05.25 09:45;4;17.9375;18.25;18;176;202;0;
1235;2025.05.25 10:00;4;17.875;18.25;17.9375;176;202;0;
1236;2025.05.25 10:15;4;17.9375;18.1875;18;176;202;0;
1237;2025.05.25 10:30;4;18.125;18.25;18.25;177;202;0;
1238;2025.05.25 10:45;4;18.875;18.625;19;179;202;0;
1239;2025.05.25 11:00;4;20.125;19.375;20.4375;183;202;0;
1240;2025.05.25 11:15;4;21.6875;20.5;22.25;188;202;0;
1241;2025.05.25 11:30;4;23.5;21.875;24.375;194;202;0;
1242;2025.05.25 11:45;4;25.5;23.625;26.75;202;202;0;
1243;2025.05.25 12:00;4;27.625;25.5;29.1875;210;202;0;
1244;2025.05.25 12:15;4;29.75;27.5;31.625;218;202;0;
1245;2025.05.25 12:30;4;31.875;29.5;33.875;225;202;0;
1246;2025.05.25 12:45;4;33.75;31.5;35.875;233;202;0;
1247;2025.05.25 13:00;4;35.5625;33.375;37.75;240;202;0;
1248;2025.05.25 13:15;4;37.375;35.25;39.625;247;202;0;
1249;2025.05.25 13:30;4;39;37;41.25;254;202;0;
1250;2025.05.25 13:45;4;40.5;38.625;42.6875;260;202;0;
1251;2025.05.25 14:00;4;42.0625;40.1875;44.125;266;202;0;
1252;2025.05.25 14:15;4;43.5;41.6875;45.5;272;202;0;
1253;2025.05.25 14:30;4;44.75;43.125;46.625;278;202;0;
1254;2025.05.25 14:45;4;45.875;44.3125;47.5;283;202;0;
1255;2025.05.25 15:00;4;47.25;45.5625;48.625;288;202;0;
1256;2025.05.25 15:15;4;48.5;46.8125;49.75;293;202;0;
1257;2025.05.25 15:30;4;49.5625;48;50.625;298;202;0;
1258;2025.05.25 15:45;4;50.5;49;51.375;302;202;0;
1259;2025.05.25 16:00;4;51.375;49.9375;52;305;202;0;
1260;2025.05.25 16:15;4;51.8125;50.625;52.25;308;202;0;
1261;2025.05.25 16:30;4;51.9375;51.125;51.9375;309;202;0;
1262;2025.05.25 16:45;4;51.6875;51.1875;51.1875;308;202;0;
1263;2025.05.25 17:00;4;51.1875;51;50.125;307;202;0;
1264;2025.05.25 17:15;4;50.4375;50.5;48.625;304;202;0;
1265;2025.05.25 17:30;4;49.125;49.625;46.875;300;202;0;
1266;2025.05.25 17:45;4;47.6875;48.5;45.125;294;202;0;
1267;2025.05.25 18:00;4;46.375;47.375;43.625;289;202;0;
1268;2025.05.25 18:15;4;45.3125;46.25;42.625;285;202;0;
1269;2025.05.25 18:30;4;44.25;45.1875;41.625;280;202;0;
1270;2025.05.25 18:45;4;43.25;44.1875;40.625;276;202;0;
1271;2025.05.25 19:00;4;42.3125;43.25;39.6875;272;202;0;
1272;2025.05.25 19:15;4;41.25;42.1875;38.625;268;202;0;
1273;2025.05.25 19:30;4;40.25;41.1875;37.6875;264;202;0;
1274;2025.05.25 19:45;4;39.3125;40.25;36.8125;260;202;0;
1275;2025.05.25 20:00;4;38.375;39.25;35.875;256;202;0;
1276;2025.05.25 20:15;4;37.375;38.375;35;253;202;0;
1277;2025.05.25 20:30;4;36.375;37.375;34;249;202;0;
1278;2025.05.25 20:45;4;35.4375;36.375;33;245;202;0;
1279;2025.05.25 21:00;4;34.5;35.4375;32.0625;241;202;0;
1280;2025.05.25 21:15;4;33.625;34.5;31.25;238;202;0;
1281;2025.05.25 21:30;4;32.75;33.6875;30.5625;234;202;0;
1282;2025.05.25 21:45;4;32.125;32.875;30;232;202;0;
1283;2025.05.25 22:00;4;31.375;32.1875;29.4375;229;202;0;
1284;2025.05.25 22:15;4;30.75;31.5;28.875;226;202;0;
1285;2025.05.25 22:30;4;30.125;30.875;28.375;224;202;0;
1286;2025.05.25 22:45;4;29.625;30.25;27.9375;222;202;0;
1287;2025.05.25 23:00;4;29.0625;29.75;27.5;220;202;0;
1288;2025.05.25 23:15;4;28.625;29.25;27.125;218;202;0;
1289;2025.05.25 23:30;4;28.125;28.75;26.75;216;202;0;
1290;2025.05.25 23:45;4;27.6875;28.25;26.375;214;202;0;
1291;2025.05.26 00:00;4;27.25;27.8125;26;212;202;0;
1292;2025.05.26 00:15;4;26.875;27.375;25.6875;211;202;0;
1293;2025.05.26 00:30;4;26.5;27;25.375;209;202;0;
1294;2025.05.26 00:45;4;26.125;26.625;25.0625;208;202;0;
1295;2025.05.26 01:00;4;25.75;26.25;24.75;207;202;0;
1296;2025.05.26 01:15;4;25.5;25.9375;24.5;205;202;0;
1297;2025.05.26 01:30;4;25.125;25.625;24.25;204;202;0;
1298;2025.05.26 01:45;4;24.875;25.375;24.0625;203;202;0;
1299;2025.05.26 02:00;4;24.625;25.0625;23.875;202;202;0;
1300;2025.05.26 02:15;4;24.375;24.75;23.625;201;202;0;
1301;2025.05.26 02:30;4;24.125;24.5625;23.5;200;202;0;
1302;2025.05.26 02:45;4;23.875;24.3125;23.25;199;202;0;
1303;2025.05.26 03:00;4;23.625;24.0625;23.0625;198;202;0;
1304;2025.05.26 03:15;4;23.4375;23.875;22.875;197;202;0;
1305;2025.05.26 03:30;4;23.25;23.625;22.6875;197;202;0;
1306;2025.05.26 03:45;4;23;23.4375;22.5;196;202;0;
1307;2025.05.26 04:00;4;22.875;23.25;22.375;195;202;0;
1308;2025.05.26 04:15;4;22.625;23.0625;22.1875;194;202;0;
1309;2025.05.26 04:30;4;22.4375;22.875;22;194;202;0;
1310;2025.05.26 04:45;4;22.25;22.625;21.875;193;202;0;
1311;2025.05.26 05:00;4;22.125;22.5;21.6875;192;202;0;
1312;2025.05.26 05:15;4;21.9375;22.3125;21.5;192;202;0;
1313;2025.05.26 05:30;4;21.75;22.125;21.375;191;202;0;
1314;2025.05.26 05:45;4;21.625;22;21.25;190;202;0;
1315;2025.05.26 06:00;4;21.5;21.875;21.125;190;202;0;
1316;2025.05.26 06:15;4;21.3125;21.6875;21;189;202;0;
1317;2025.05.26 06:30;4;21.1875;21.5625;20.875;189;202;0;
1318;2025.05.26 06:45;4;21.0625;21.375;20.75;188;202;0;
1319;2025.05.26 07:00;4;20.875;21.25;20.625;188;202;0;
1320;2025.05.26 07:15;4;20.75;21.125;20.5;187;202;0;
1321;2025.05.26 07:30;4;20.625;21;20.375;187;202;0;
1322;2025.05.26 07:45;4;20.5;20.875;20.25;186;202;0;
1323;2025.05.26 08:00;4;20.375;20.75;20.125;186;202;0;
1324;2025.05.26 08:15;4;20.25;20.625;20;185;202;0;
1325;2025.05.26 08:30;4;20.125;20.5;19.875;185;202;0;
1326;2025.05.26 08:45;4;20;20.375;19.75;184;202;0;
1327;2025.05.26 09:00;4;19.875;20.25;19.6875;184;202;0;
1328;2025.05.26 09:15;4;19.75;20.125;19.5625;183;202;0;
1329;2025.05.26 09:30;4;19.625;20;19.4375;183;202;0;
1330;2025.05.26 09:45;4;19.5;19.875;19.3125;182;202;0;
1331;2025.05.26 10:00;4;19.4375;19.75;19.25;182;202;0;
1332;2025.05.26 10:15;4;19.4375;19.75;19.25;182;202;0;
1333;2025.05.26 10:30;4;19.625;19.75;19.5;182;202;0;
1334;2025.05.26 10:45;4;20.25;20.0625;20.25;184;202;0;
1335;2025.05.26 11:00;4;21.5;20.75;21.75;188;202;0;
1336;2025.05.26 11:15;4;23.125;21.875;23.625;194;202;0;
1337;2025.05.26 11:30;4;25.0625;23.375;25.875;200;202;0;
1338;2025.05.26 11:45;4;26.9375;25.0625;28.125;207;202;0;
1339;2025.05.26 12:00;4;29;26.875;30.5;215;202;0;
1340;2025.05.26 12:15;4;30.875;28.75;32.625;222;202;0;
1341;2025.05.26 12:30;4;32.6875;30.5625;34.5;229;202;0;
1342;2025.05.26 12:45;4;34.125;32.25;36;235;202;0;
1343;2025.05.26 13:00;4;35;33.5;36.75;239;202;0;
1344;2025.05.26 13:15;4;36.5625;34.875;38.25;245;202;0;
1345;2025.05.26 13:30;4;38.375;36.5;40.25;252;202;0;
1346;2025.05.26 13:45;4;40;38.125;41.9375;258;202;0;
1347;2025.05.26 14:00;4;41.75;39.75;43.6875;265;202;0;
1348;2025.05.26 14:15;4;43.5625;41.5;45.625;272;202;0;
1349;2025.05.26 14:30;4;45.25;43.1875;47.25;279;202;0;
1350;2025.05.26 14:45;4;46.625;44.75;48.5;285;202;0;
1351;2025.05.26 15:00;4;47.9375;46.125;49.625;290;202;0;
1352;2025.05.26 15:15;4;49.25;47.5;50.75;296;202;0;
1353;2025.05.26 15:30;4;50.375;48.625;51.625;301;202;0;
1354;2025.05.26 15:45;4;50.625;49.5;51.5;303;202;0;
1355;2025.05.26 16:00;4;51.25;50.125;51.75;305;202;0;
1356;2025.05.26 16:15;4;52;50.875;52.375;308;202;0;
1357;2025.05.26 16:30;4;51.75;51.125;51.75;308;202;0;
1358;2025.05.26 16:45;4;51.5;51.125;50.9375;308;202;0;
1359;2025.05.26 17:00;4;51.0625;50.9375;50;306;202;0;
1360;2025.05.26 17:15;4;50.625;50.625;49.125;305;202;0;
1361;2025.05.26 17:30;4;49.6875;50;47.6875;301;202;0;
1362;2025.05.26 17:45;4;48.1875;48.9375;45.8125;296;202;0;
1363;2025.05.26 18:00;4;46.75;47.75;44.125;290;202;0;
1364;2025.05.26 18:15;4;45.375;46.5;42.6875;285;202;0;
1365;2025.05.26 18:30;4;44.125;45.3125;41.375;280;202;0;
1366;2025.05.26 18:45;4;43;44.125;40.25;275;202;0;
1367;2025.05.26 19:00;4;41.75;43;39.125;271;202;0;
1368;2025.05.26 19:15;4;40.75;41.875;38.125;266;202;0;
1369;2025.05.26 19:30;4;39.75;40.875;37.25;262;202;0;
1370;2025.05.26 19:45;4;38.875;39.875;36.375;259;202;0;
1371;2025.05.26 20:00;4;38;38.9375;35.625;255;202;0;
1372;2025.05.26 20:15;4;37.0625;38;34.75;251;202;0;
1373;2025.05.26 20:30;4;36.125;37.125;33.8125;248;202;0;
1374;2025.05.26 20:45;4;35.25;36.1875;33;244;202;0;
1375;2025.05.26 21:00;4;34.375;35.3125;32.125;241;202;0;
1376;2025.05.26 21:15;4;33.5;34.5;31.4375;238;202;0;
1377;2025.05.26 21:30;4;32.75;33.625;30.75;234;202;0;
1378;2025.05.26 21:45;4;32.0625;32.875;30.125;232;202;0;
1379;2025.05.26 22:00;4;31.375;32.1875;29.5;229;202;0;
1380;2025.05.26 22:15;4;30.75;31.5625;29;227;202;0;
1381;2025.05.26 22:30;4;30.25;30.9375;28.5625;224;202;0;
1382;2025.05.26 22:45;4;29.75;30.375;28.125;222;202;0;
1383;2025.05.26 23:00;4;29.25;29.875;27.75;220;202;0;
1384;2025.05.26 23:15;4;28.75;29.375;27.375;218;202;0;
1385;2025.05.26 23:30;4;28.375;28.9375;27.0625;217;202;0;
1386;2025.05.26 23:45;4;28;28.5;26.75;215;202;0;
1387;2025.05.27 00:00;4;27.625;28.125;26.5;214;202;0;
1388;2025.05.27 00:15;4;27.25;27.75;26.25;212;202;0;
1389;2025.05.27 00:30;4;27;27.4375;26;211;202;0;
1390;2025.05.27 00:45;4;26.6875;27.125;25.75;210;202;0;
1391;2025.05.27 01:00;4;26.5;26.9375;25.75;210;202;0;
1392;2025.05.27 01:15;4;26.375;26.75;25.6875;209;202;0;
1393;2025.05.27 01:30;4;25;26.125;24.625;195;202;0;
1394;2025.05.27 01:45;4;23.5;24.9375;23.25;196;202;0;
1395;2025.05.27 02:00;4;22.9375;24.1875;22.625;191;202;0;
1396;2025.05.27 02:15;4;22.4375;23.5;22.125;189;202;0;
1397;2025.05.27 02:30;4;22.125;23;21.875;187;202;0;
1398;2025.05.27 02:45;4;22;22.6875;21.75;186;202;0;
1399;2025.05.27 03:00;4;21.75;22.375;21.625;186;202;0;
1400;2025.05.27 03:15;4;21.625;22.1875;21.5;185;202;0;
1401;2025.05.27 03:30;4;21.5;22;21.375;184;202;0;
1402;2025.05.27 03:45;4;21.25;21.75;21.125;181;202;0;
1403;2025.05.27 04:00;4;21;21.5;20.75;180;202;0;
1404;2025.05.27 04:15;4;20.75;21.25;20.5625;179;202;0;
1405;2025.05.27 04:30;4;20.625;21.125;20.4375;179;202;0;
1406;2025.05.27 04:45;4;20.5;21;20.375;178;202;0;
1407;2025.05.27 05:00;4;20.375;20.875;20.25;178;202;0;
1408;2025.05.27 05:15;4;20.25;20.75;20.125;177;202;0;
1409;2025.05.27 05:30;4;20.125;20.625;20;177;202;0;
1410;2025.05.27 05:45;4;20.0625;20.5;19.875;176;202;0;
1411;2025.05.27 06:00;4;20;20.375;19.8125;176;202;0;
1412;2025.05.27 06:15;4;19.875;20.25;19.75;175;202;0;
1413;2025.05.27 06:30;4;19.875;20.1875;19.75;185;202;0;
1414;2025.05.27 06:45;4;19.8125;20.125;19.75;184;202;0;
1415;2025.05.27 07:00;4;19.75;20.0625;19.75;184;202;0;
1416;2025.05.27 07:15;4;19.75;20;19.6875;184;202;0;
1417;2025.05.27 07:30;4;19.625;19.9375;19.625;184;202;0;
1418;2025.05.27 07:45;4;19.5625;19.875;19.5625;183;202;0;
1419;2025.05.27 08:00;4;19.5;19.8125;19.5;183;202;0;
1420;2025.05.27 08:15;4;19.4375;19.75;19.375;183;202;0;
1421;2025.05.27 08:30;4;19.375;19.625;19.375;183;202;0;
1422;2025.05.27 08:45;4;19.25;19.625;19.25;182;202;0;
1423;2025.05.27 09:00;4;19.25;19.5;19.1875;182;202;0;
1424;2025.05.27 09:15;4;19.125;19.4375;19.125;182;202;0;
1425;2025.05.27 09:30;4;19.125;19.375;19.0625;182;202;0;
1426;2025.05.27 09:45;4;19;19.3125;19;181;202;0;
1427;2025.05.27 10:00;4;18.875;19.25;18.875;183;202;0;
1428;2025.05.27 10:15;4;18.75;19.125;18.75;183;202;0;
1429;2025.05.27 10:30;4;18.6875;19;18.625;183;202;0;
1430;2025.05.27 10:45;4;18.625;18.9375;18.625;182;202;0;
1431;2025.05.27 11:00;4;18.6875;18.9375;18.625;181;202;0;
1432;2025.05.27 11:15;4;18.75;19.1875;19.1875;182;202;0;
1433;2025.05.27 11:30;4;19;19.3125;19.5;184;202;0;
1434;2025.05.27 11:45;4;19.375;19.5;19.6875;181;202;0;
1435;2025.05.27 12:00;4;19.625;19.6875;20;192;202;0;
1436;2025.05.27 12:15;4;19.75;19.875;20.25;189;202;0;
1437;2025.05.27 12:30;4;20.125;20.125;20.5;185;202;0;
1438;2025.05.27 12:45;4;21.125;20.8125;22;192;202;0;
1439;2025.05.27 13:00;4;22;21.4375;22.625;195;202;0;
1440;2025.05.27 13:15;4;22.625;22;23.125;197;202;0;
1441;2025.05.27 13:30;4;25.4375;23.5625;25.375;206;202;0;
1442;2025.05.27 13:45;4;26.375;24.875;26.5;209;202;0;
1443;2025.05.27 14:00;4;24.875;25.0625;25.75;209;202;0;
1444;2025.05.27 14:15;4;23.375;24.375;23.875;190;202;0;
1445;2025.05.27 14:30;-12;21.75;22.9375;22.25;163;202;0;
1446;2025.05.27 14:45;-12;22;22.375;21.875;215;202;0;
1447;2025.05.27 15:00;-12;21.875;22.25;21.75;214;202;0;
1448;2025.05.27 15:15;-12;21.875;22.125;21.75;214;202;0;
1449;2025.05.27 15:30;-12;21.875;22.0625;21.75;214;202;0;
1450;2025.05.27 15:45;-12;21.8125;22;21.6875;214;202;0;
1451;2025.05.27 16:00;-12;21.8125;22;21.6875;214;202;0;
1452;2025.05.27 16:15;-12;21.875;22;21.75;214;202;0;
1453;2025.05.27 16:30;-12;21.875;22;21.75;214;202;0;
1454;2025.05.27 16:45;-12;21.875;22;21.8125;214;202;0;
1455;2025.05.27 17:00;-12;22.0625;22.125;22;215;202;0;
1456;2025.05.27 17:15;-12;22;22.125;22;215;202;0;
1457;2025.05.27 17:30;-12;22;22.125;22;215;202;0;
1458;2025.05.27 17:45;-12;21.875;22.125;22;214;202;0;
1459;2025.05.27 18:00;-12;21.875;22.125;22;214;202;0;
1460;2025.05.27 18:15;-12;21.875;22.0625;22;214;202;0;
1461;2025.05.27 18:30;-12;21.8125;22;21.875;214;202;0;
1462;2025.05.27 18:45;-12;21.75;22;21.875;214;202;0;
1463;2025.05.27 19:00;-12;21.75;22;21.875;213;202;0;
1464;2025.05.27 19:15;-12;21.875;22;21.9375;214;202;0;
1465;2025.05.27 19:30;-12;22.0625;22.125;22.125;214;202;0;
1466;2025.05.27 19:45;-12;22.1875;22.25;22.25;215;202;0;
1467;2025.05.27 20:00;-12;22.25;22.375;22.375;215;202;0;
1468;2025.05.27 20:15;-12;22.375;22.5;22.5;216;202;0;
1469;2025.05.27 20:30;-12;22.5;22.625;22.8125;217;202;0;
1470;2025.05.27 20:45;-12;22.625;22.75;23;217;202;0;
1471;2025.05.27 21:00;-12;22.625;22.8125;23;217;202;0;
1472;2025.05.27 21:15;-12;22.6875;22.875;23;218;202;0;
1473;2025.05.27 21:30;-12;22.75;22.875;23;218;202;0;
1474;2025.05.27 21:45;-12;22.75;22.9375;22.9375;218;202;0;
1475;2025.05.27 22:00;-12;22.75;23;22.9375;218;202;0;
1476;2025.05.27 22:15;-12;22.75;23;22.875;218;202;0;
1477;2025.05.27 22:30;-12;22.75;23;22.875;218;202;0;
1478;2025.05.27 22:45;-12;22.75;23;22.875;218;202;0;
1479;2025.05.27 23:00;-12;22.8125;23;22.875;218;202;0;
1480;2025.05.27 23:15;-12;22.8125;23;22.875;218;202;0;
1481;2025.05.27 23:30;-12;22.8125;23;22.875;218;202;0;
1482;2025.05.27 23:45;-12;22.875;23;22.875;218;202;0;
1483;2025.05.28 00:00;-12;22.875;23.0625;22.875;219;202;0;
1484;2025.05.28 00:15;-12;22.875;23.0625;22.875;219;202;0;
1485;2025.05.28 00:30;-12;22.875;23.0625;22.875;219;202;0;
1486;2025.05.28 00:45;-12;22.875;23.0625;22.875;219;202;0;
1487;2025.05.28 01:00;-12;22.875;23.0625;22.875;219;202;0;
1488;2025.05.28 01:15;-12;22.875;23.125;22.9375;219;202;0;
1489;2025.05.28 01:30;-12;22.875;23.125;22.9375;219;202;0;
1490;2025.05.28 01:45;-12;22.875;23.125;22.9375;219;202;0;
1491;2025.05.28 02:00;-12;22.875;23.125;22.9375;219;202;0;
1492;2025.05.28 02:15;-12;22.875;23.125;22.9375;219;202;0;
1493;2025.05.28 02:30;-12;22.875;23.125;22.9375;219;202;0;
1494;2025.05.28 02:45;-12;22.875;23.125;22.9375;219;202;0;
1495;2025.05.28 03:00;-12;22.875;23.125;22.9375;219;202;0;
1496;2025.05.28 03:15;-12;22.875;23.125;22.9375;219;202;0;
1497;2025.05.28 03:30;-12;22.875;23.125;22.9375;219;202;0;
1498;2025.05.28 03:45;-12;22.875;23.125;22.9375;219;202;0;
1499;2025.05.28 04:00;-12;22.875;23.125;22.9375;219;202;0;
1500;2025.05.28 04:15;-12;22.875;23.125;22.9375;219;202;0;
1501;2025.05.28 04:30;-12;22.875;23.125;22.9375;219;202;0;
1502;2025.05.28 04:45;-12;22.875;23.125;22.9375;220;202;0;
1503;2025.05.28 05:00;-12;22.875;23.125;22.9375;220;202;0;
1504;2025.05.28 05:15;-12;22.875;23.125;22.9375;220;202;0;
1505;2025.05.28 05:30;-12;22.875;23.125;22.9375;220;202;0;
1506;2025.05.28 05:45;-12;22.875;23.125;22.9375;220;202;0;
1507;2025.05.28 06:00;-12;22.875;23.125;22.9375;220;202;0;
1508;2025.05.28 06:15;-12;22.875;23.125;22.9375;220;202;0;
1509;2025.05.28 06:30;-12;22.875;23.125;22.9375;220;202;0;
1510;2025.05.28 06:45;-12;22.875;23.125;22.9375;220;202;0;
1511;2025.05.28 07:00;-12;22.875;23.125;22.875;220;202;0;
1512;2025.05.28 07:15;-12;22.875;23.125;22.875;220;202;0;
1513;2025.05.28 07:30;-12;22.875;23.125;22.875;220;202;0;
1514;2025.05.28 07:45;-12;22.875;23.125;22.875;220;202;0;
1515;2025.05.28 08:00;-12;22.875;23.125;22.875;220;202;0;
1516;2025.05.28 08:15;-12;22.875;23.0625;22.875;220;202;0;
1517;2025.05.28 08:30;-12;22.875;23.0625;22.875;220;202;0;
1518;2025.05.28 08:45;-12;22.875;23.0625;22.875;220;202;0;
1519;2025.05.28 09:00;-12;22.8125;23.0625;22.875;220;202;0;
1520;2025.05.28 09:15;-12;22.8125;23.0625;22.875;220;202;0;
1521;2025.05.28 09:30;-12;22.8125;23;22.875;220;202;0;
1522;2025.05.28 09:45;-12;22.8125;23;22.875;220;202;0;
1523;2025.05.28 10:00;-12;22.75;23;22.875;220;202;0;
1524;2025.05.28 10:15;-12;22.75;23;22.8125;220;202;0;
1525;2025.05.28 10:30;-12;22.75;23;22.8125;220;202;0;
1526;2025.05.28 10:45;-12;22.75;23;22.8125;220;202;0;
1527;2025.05.28 11:00;-12;22.75;23;22.8125;220;202;0;
1528;2025.05.28 11:15;-12;22.75;23;22.8125;220;202;0;
1529;2025.05.28 11:30;-12;22.75;23;22.8125;220;202;0;
1530;2025.05.28 11:45;-12;22.75;23;22.875;220;202;0;
1531;2025.05.28 12:00;-12;22.8125;23;22.875;220;202;0;
1532;2025.05.28 12:15;-12;22.875;23;22.9375;220;202;0;
1533;2025.05.28 12:30;-12;22.875;23.0625;23;221;202;0;
1534;2025.05.28 12:45;-12;22.875;23.125;23;221;202;0;
1535;2025.05.28 13:00;-12;22.875;23.125;23;221;202;0;
1536;2025.05.28 13:15;-12;22.875;23.125;23;221;202;0;
1537;2025.05.28 13:30;-12;22.875;23.125;23;221;202;0;
1538;2025.05.28 13:45;-12;22.875;23.125;23;221;202;0;
1539;2025.05.28 14:00;-12;22.875;23.125;23;221;202;0;
1540;2025.05.28 14:15;-12;22.875;23.125;23;221;202;0;
1541;2025.05.28 14:30;-12;22.9375;23.125;23;221;202;0;
1542;2025.05.28 14:45;-12;23;23.125;23.0625;221;202;0;
1543;2025.05.28 15:00;-12;23;23.1875;23.125;221;202;0;
1544;2025.05.28 15:15;-12;23;23.25;23.125;221;202;0;
1545;2025.05.28 15:30;-12;23;23.25;23.125;221;202;0;
1546;2025.05.28 15:45;-12;23;23.1875;23.0625;221;202;0;
1547;2025.05.28 16:00;-12;23;23.1875;23.0625;221;202;0;
1548;2025.05.28 16:15;-12;23;23.1875;23;221;202;0;
1549;2025.05.28 16:30;-12;22.9375;23.1875;23;221;202;0;
1550;2025.05.28 16:45;-12;22.9375;23.125;23;221;202;0;
1551;2025.05.28 17:00;-12;22.875;23.125;23;221;202;0;
1552;2025.05.28 17:15;-12;22.9375;23.125;23;221;202;0;
1553;2025.05.28 17:30;-12;23;23.1875;23.125;222;202;0;
1554;2025.05.28 17:45;-12;23.0625;23.25;23.25;222;202;0;
1555;2025.05.28 18:00;-12;23.125;23.25;23.375;222;202;0;
1556;2025.05.28 18:15;-12;23.125;23.375;23.4375;223;202;0;
1557;2025.05.28 18:30;-12;23.25;23.375;23.5;223;202;0;
1558;2025.05.28 18:45;-12;23.25;23.4375;23.625;224;202;0;
1559;2025.05.28 19:00;-12;23.3125;23.5;23.625;225;202;0;
1560;2025.05.28 19:15;-12;23.375;23.5;23.875;225;202;0;
1561;2025.05.28 19:30;-12;23.375;23.625;24.25;225;202;0;
1562;2025.05.28 19:45;-12;23.375;23.625;24.5;225;202;0;
1563;2025.05.28 20:00;-12;23.4375;23.75;24.625;225;202;0;
1564;2025.05.28 20:15;-12;23.5;23.75;24.625;225;202;0;
1565;2025.05.28 20:30;-12;23.5;23.8125;24.625;226;202;0;
1566;2025.05.28 20:45;-12;23.5;23.875;24.625;226;202;0;
1567;2025.05.28 21:00;-12;23.5;23.875;24.625;226;202;0;
1568;2025.05.28 21:15;-12;23.5;23.9375;24.625;226;202;0;
1569;2025.05.28 21:30;-12;23.5625;23.9375;24.625;226;202;0;
1570;2025.05.28 21:45;-12;23.5625;24;24.6875;226;202;0;
1571;2025.05.28 22:00;-12;23.625;24;24.625;226;202;0;
1572;2025.05.28 22:15;-12;23.625;24;24.625;226;202;0;
1573;2025.05.28 22:30;-12;23.625;24.0625;24.625;233;202;0;
1574;2025.05.28 22:45;-12;24.375;24.4375;24.375;222;202;0;
1575;2025.05.28 23:00;-12;24.4375;24.8125;24.875;227;202;0;
1576;2025.05.28 23:15;-12;24.125;24.75;24;226;202;0;
1577;2025.05.28 23:30;-12;24;24.625;23.5;225;202;0;
1578;2025.05.28 23:45;-12;23.625;24.5;22.9375;224;202;0;
1579;2025.05.29 00:00;-12;23.25;24.1875;22.5;226;202;0;
1580;2025.05.29 00:15;-12;22.625;23.5625;22.375;223;202;0;
1581;2025.05.29 00:30;-12;22.875;23.25;22.25;226;202;0;
1582;2025.05.29 00:45;-12;23;23.25;22.625;220;202;0;
1583;2025.05.29 01:00;-12;22.8125;23.125;22.5625;220;202;0;
1584;2025.05.29 01:15;-12;22.6875;23;22.5;219;202;0;
1585;2025.05.29 01:30;-12;22.625;22.875;22.375;219;202;0;
1586;2025.05.29 01:45;-12;22.5;22.8125;22.375;219;202;0;
1587;2025.05.29 02:00;-12;22.5;22.75;22.5;219;202;0;
1588;2025.05.29 02:15;-12;22.5625;22.75;22.5;219;202;0;
1589;2025.05.29 02:30;-12;22.5625;22.75;22.5;219;202;0;
1590;2025.05.29 02:45;-12;22.5;22.75;22.5;219;202;0;
1591;2025.05.29 03:00;-12;22.5;22.75;22.4375;218;202;0;
1592;2025.05.29 03:15;-12;22.5;22.6875;22.375;218;202;0;
1593;2025.05.29 03:30;-12;22.4375;22.625;22.375;218;202;0;
1594;2025.05.29 03:45;-12;22.375;22.625;22.375;218;202;0;
1595;2025.05.29 04:00;-12;22.375;22.625;22.3125;218;202;0;
1596;2025.05.29 04:15;-12;22.375;22.5625;22.25;218;202;0;
1597;2025.05.29 04:30;-12;22.3125;22.5;22.25;218;202;0;
1598;2025.05.29 04:45;-12;22.25;22.5;22.25;218;202;0;
1599;2025.05.29 05:00;-12;22.25;22.5;22.25;218;202;0;
1600;2025.05.29 05:15;-12;22.25;22.4375;22.1875;218;202;0;
1601;2025.05.29 05:30;-12;22.1875;22.375;22.125;218;202;0;
1602;2025.05.29 05:45;-12;22.125;22.375;22.125;218;202;0;
1603;2025.05.29 06:00;-12;22.125;22.3125;22;217;202;0;
1604;2025.05.29 06:15;-12;22.0625;22.25;22;217;202;0;
1605;2025.05.29 06:30;-12;22;22.25;21.875;217;202;0;
1606;2025.05.29 06:45;-12;21.875;22.125;21.8125;217;202;0;
1607;2025.05.29 07:00;-12;21.875;22.125;21.75;217;202;0;
1608;2025.05.29 07:15;-12;21.75;22;21.625;216;202;0;
1609;2025.05.29 07:30;-12;21.6875;21.9375;21.625;216;202;0;
1610;2025.05.29 07:45;-12;21.625;21.875;21.5;216;202;0;
1611;2025.05.29 08:00;-12;21.5;21.75;21.375;216;202;0;
1612;2025.05.29 08:15;-12;21.5;21.75;21.375;215;202;0;
1613;2025.05.29 08:30;-12;21.375;21.625;21.25;215;202;0;
1614;2025.05.29 08:45;-12;21.25;21.5;21.125;215;202;0;
1615;2025.05.29 09:00;-12;21.1875;21.5;21.0625;214;202;0;
1616;2025.05.29 09:15;-12;21.125;21.375;21;214;202;0;
1617;2025.05.29 09:30;-12;21;21.25;20.875;214;202;0;
1618;2025.05.29 09:45;-12;21;21.25;20.8125;214;202;0;
1619;2025.05.29 10:00;-12;20.875;21.125;20.75;213;202;0;
1620;2025.05.29 10:15;-12;20.75;21;20.625;213;202;0;
1621;2025.05.29 10:30;-12;20.75;21;20.5625;213;202;0;
1622;2025.05.29 10:45;-12;20.625;20.875;20.5;212;202;0;
1623;2025.05.29 11:00;-12;20.5625;20.8125;20.4375;212;202;0;
1624;2025.05.29 11:15;-12;20.5;20.75;20.375;212;202;0;
1625;2025.05.29 11:30;-12;20.4375;20.6875;20.3125;212;202;0;
1626;2025.05.29 11:45;-12;20.375;20.625;20.25;211;202;0;
1627;2025.05.29 12:00;-12;20.25;20.5;20.0625;211;202;0;
1628;2025.05.29 12:15;-12;20.125;20.375;19.875;211;202;0;
1629;2025.05.29 12:30;-12;19.9375;20.25;19.75;210;202;0;
1630;2025.05.29 12:45;-12;19.8125;20.125;19.625;210;202;0;
1631;2025.05.29 13:00;-12;19.75;20;19.625;209;202;0;
1632;2025.05.29 13:15;-12;19.75;20;19.625;209;202;0;
1633;2025.05.29 13:30;-12;19.75;20;19.625;210;202;0;
1634;2025.05.29 13:45;-12;20.5625;20.75;20.625;213;202;0;
1635;2025.05.29 14:00;-12;20.125;20.5625;20.25;211;202;0;
1636;2025.05.29 14:15;-12;20;20.375;20.0625;211;202;0;
1637;2025.05.29 14:30;-12;19.875;20.3125;19.9375;210;202;0;
1638;2025.05.29 14:45;-12;19.75;20.1875;19.75;210;202;0;
1639;2025.05.29 15:00;-12;19.75;20.125;19.75;210;202;0;
1640;2025.05.29 15:15;-12;19.8125;20.125;19.8125;210;202;0;
1641;2025.05.29 15:30;-12;19.875;20.125;19.875;210;202;0;
1642;2025.05.29 15:45;-12;19.875;20.125;19.875;213;202;0;
1643;2025.05.29 16:00;-12;20.25;20.3125;20.25;215;202;0;
1644;2025.05.29 16:15;-12;20.4375;20.5;20.5;215;202;0;
1645;2025.05.29 16:30;-12;20.625;20.6875;20.6875;214;202;0;
1646;2025.05.29 16:45;-12;20.75;20.875;20.875;215;202;0;
1647;2025.05.29 17:00;-12;20.875;21;21;215;202;0;
1648;2025.05.29 17:15;-12;21;21.125;21.125;216;202;0;
1649;2025.05.29 17:30;-12;21.0625;21.25;21.125;216;202;0;
1650;2025.05.29 17:45;-12;21.125;21.3125;21.25;217;202;0;
1651;2025.05.29 18:00;-12;21.25;21.375;21.3125;217;202;0;
1652;2025.05.29 18:15;-12;21.25;21.5;21.375;217;202;0;
1653;2025.05.29 18:30;-12;21.3125;21.5;21.375;217;202;0;
1654;2025.05.29 18:45;-12;21.375;21.5625;21.4375;218;202;0;
1655;2025.05.29 19:00;-12;21.4375;21.625;21.4375;220;202;0;
1656;2025.05.29 19:15;-12;21.4375;21.625;21.5;220;202;0;
1657;2025.05.29 19:30;-12;21.5;21.6875;21.4375;220;202;0;
1658;2025.05.29 19:45;-12;21.5;21.6875;21.375;220;202;0;
1659;2025.05.29 20:00;-12;21.5;21.6875;21.375;220;202;0;
1660;2025.05.29 20:15;-12;21.5;21.6875;21.25;220;202;0;
1661;2025.05.29 20:30;-12;21.5;21.75;21.375;220;202;0;
1662;2025.05.29 20:45;-12;21.625;21.75;21.4375;220;202;0;
1663;2025.05.29 21:00;-12;21.625;21.75;21.5;221;202;0;
1664;2025.05.29 21:15;-12;21.625;21.8125;21.5;221;202;0;
1665;2025.05.29 21:30;-12;21.75;21.875;21.5625;221;202;0;
1666;2025.05.29 21:45;-12;21.875;21.875;21.625;217;202;0;
1667;2025.05.29 22:00;-12;21.75;21.8125;21.5;222;202;0;
1668;2025.05.29 22:15;-12;21.5;21.625;21.25;221;202;0;
1669;2025.05.29 22:30;-12;21.375;21.5625;21;221;202;0;
1670;2025.05.29 22:45;-12;21.25;21.4375;20.875;220;202;0;
1671;2025.05.29 23:00;-12;20.75;21.125;20.4375;213;202;0;
1672;2025.05.29 23:15;-12;21;21.25;20.5625;216;202;0;
1673;2025.05.29 23:30;-12;20.25;20.875;20;215;202;0;
1674;2025.05.29 23:45;-12;19.875;20.5;19.3125;214;202;0;
1675;2025.05.30 00:00;-12;20;20.375;19.1875;213;202;0;
1676;2025.05.30 00:15;-12;20.25;20.375;19.125;214;202;0;
1677;2025.05.30 00:30;-12;20.0625;20.25;19;222;202;0;
1678;2025.05.30 00:45;-12;20.125;20.25;19.375;222;202;0;
1679;2025.05.30 01:00;-12;20.1875;20.25;19.5;222;202;0;
1680;2025.05.30 01:15;-12;20.25;20.25;19.625;222;202;0;
1681;2025.05.30 01:30;-12;20.125;20.25;19.625;221;202;0;
1682;2025.05.30 01:45;-12;20.125;20.1875;19.5;220;202;0;
1683;2025.05.30 02:00;-12;20;20.125;19.375;219;202;0;
1684;2025.05.30 02:15;-12;20;20.125;19.375;219;202;0;
1685;2025.05.30 02:30;-12;20.125;20.125;19.5625;219;202;0;
1686;2025.05.30 02:45;-12;20.125;20.25;19.75;219;202;0;
1687;2025.05.30 03:00;-12;20.0625;20.1875;19.75;219;202;0;
1688;2025.05.30 03:15;-12;19.875;20;19.4375;218;202;0;
1689;2025.05.30 03:30;-12;19.625;19.8125;19.0625;217;202;0;
1690;2025.05.30 03:45;-12;19.5;19.625;18.75;216;202;0;
1691;2025.05.30 04:00;-12;19.375;19.5;18.625;216;202;0;
1692;2025.05.30 04:15;-12;19.375;19.5;18.625;216;202;0;
1693;2025.05.30 04:30;-12;19.5;19.5;18.8125;216;202;0;
1694;2025.05.30 04:45;-12;19.5;19.5;19;216;202;0;
1695;2025.05.30 05:00;-12;19.4375;19.5;19;215;202;0;
1696;2025.05.30 05:15;-12;19.5;19.5;19.125;215;202;0;
1697;2025.05.30 05:30;-12;19.625;19.625;19.25;216;202;0;
1698;2025.05.30 05:45;-12;19.75;19.75;19.5;216;202;0;
1699;2025.05.30 06:00;-12;19.9375;19.875;19.75;216;202;0;
1700;2025.05.30 06:15;-12;20.0625;20;20;216;202;0;
1701;2025.05.30 06:30;-12;20.1875;20.125;20.125;216;202;0;
1702;2025.05.30 06:45;-12;20.25;20.25;20.25;216;202;0;
1703;2025.05.30 07:00;-12;20.25;20.25;20.1875;216;202;0;
1704;2025.05.30 07:15;-12;20.25;20.25;20;216;202;0;
1705;2025.05.30 07:30;-12;20.1875;20.25;19.875;216;202;0;
1706;2025.05.30 07:45;-12;20.375;20.3125;20;216;202;0;
1707;2025.05.30 08:00;-12;20.5;20.4375;20.25;217;202;0;
1708;2025.05.30 08:15;-12;20.6875;20.625;20.625;217;202;0;
1709;2025.05.30 08:30;-12;20.875;20.75;20.9375;218;202;0;
1710;2025.05.30 08:45;-12;21.0625;20.9375;21.125;219;202;0;
1711;2025.05.30 09:00;-12;21.125;21;21.25;219;202;0;
1712;2025.05.30 09:15;-12;21.125;21.125;21.25;219;202;0;
1713;2025.05.30 09:30;-12;21.25;21.1875;21.25;220;202;0;
1714;2025.05.30 09:45;-12;21.4375;21.3125;21.4375;220;202;0;
1715;2025.05.30 10:00;-12;21.5;21.4375;21.625;221;202;0;
1716;2025.05.30 10:15;-12;21.5;21.5;21.625;221;202;0;
1717;2025.05.30 10:30;-12;21.5;21.5;21.5;221;202;0;
1718;2025.05.30 10:45;-12;21.5;21.5;21.375;221;202;0;
1719;2025.05.30 11:00;-12;21.5625;21.5;21.375;221;202;0;
1720;2025.05.30 11:15;-12;21.6875;21.625;21.5;222;202;0;
1721;2025.05.30 11:30;-12;21.8125;21.75;21.625;222;202;0;
1722;2025.05.30 11:45;-12;22;21.875;21.8125;223;202;0;
1723;2025.05.30 12:00;-12;21.75;21.8125;21.75;218;202;0;
1724;2025.05.30 12:15;-12;21.625;21.6875;21.25;219;202;0;
1725;2025.05.30 12:30;-12;21.625;21.75;21.375;222;202;0;
1726;2025.05.30 12:45;-12;21.125;21.5;20.875;221;202;0;
1727;2025.05.30 13:00;-12;20.9375;21.25;20.5625;220;202;0;
1728;2025.05.30 13:15;-12;20.8125;21.125;20.4375;217;202;0;
1729;2025.05.30 13:30;-12;20.75;21;20.4375;216;202;0;
1730;2025.05.30 13:45;-12;20.625;20.875;20.4375;216;202;0;
1731;2025.05.30 14:00;-12;20.5;20.75;20.375;215;202;0;
1732;2025.05.30 14:15;-12;20.4375;20.75;20.3125;215;202;0;
1733;2025.05.30 14:30;-12;20.375;20.625;20.25;215;202;0;
1734;2025.05.30 14:45;-12;20.375;20.625;20.25;215;202;0;
1735;2025.05.30 15:00;-12;20.3125;20.5;20.1875;214;202;0;
1736;2025.05.30 15:15;-12;20.25;20.5;20.1875;214;202;0;
1737;2025.05.30 15:30;-12;20.25;20.5;20.1875;214;202;0;
1738;2025.05.30 15:45;-12;20.25;20.5;20.1875;214;202;0;
1739;2025.05.30 16:00;-12;20.25;20.4375;20.125;214;202;0;
1740;2025.05.30 16:15;-12;20.25;20.4375;20.125;214;202;0;
1741;2025.05.30 16:30;-12;20.25;20.4375;20.1875;214;202;0;
1742;2025.05.30 16:45;-12;20.25;20.4375;20.1875;214;202;0;
1743;2025.05.30 17:00;-12;20.25;20.4375;20.25;214;202;0;
1744;2025.05.30 17:15;-12;20.25;20.5;20.25;214;202;0;
1745;2025.05.30 17:30;-12;20.3125;20.5;20.25;214;202;0;
1746;2025.05.30 17:45;-12;20.3125;20.5;20.3125;215;202;0;
1747;2025.05.30 18:00;-12;20.4375;20.5625;20.375;214;202;0;
1748;2025.05.30 18:15;-12;20.5;20.625;20.5;216;202;0;
1749;2025.05.30 18:30;-12;20.5;20.6875;20.5;216;202;0;
1750;2025.05.30 18:45;-12;20.5625;20.75;20.625;216;202;0;
1751;2025.05.30 19:00;-12;20.625;20.75;20.625;217;202;0;
1752;2025.05.30 19:15;-12;20.625;20.8125;20.6875;217;202;0;
1753;2025.05.30 19:30;-12;20.75;20.875;20.75;217;202;0;
1754;2025.05.30 19:45;-12;20.75;20.875;20.8125;217;202;0;
1755;2025.05.30 20:00;-12;20.875;21;20.875;217;202;0;
1756;2025.05.30 20:15;-12;20.875;21;20.9375;218;202;0;
1757;2025.05.30 20:30;-12;20.9375;21.0625;21;218;202;0;
1758;2025.05.30 20:45;-12;21;21.125;21;218;202;0;
1759;2025.05.30 21:00;-12;21.0625;21.1875;21.125;218;202;0;
1760;2025.05.30 21:15;-12;21.125;21.25;21.1875;219;202;0;
1761;2025.05.30 21:30;-12;21.25;21.375;21.25;219;202;0;
1762;2025.05.30 21:45;-12;21.375;21.5;21.375;219;202;0;
1763;2025.05.30 22:00;-12;21.625;21.625;21.5;221;202;0;
1764;2025.05.30 22:15;-12;21.625;21.75;21.625;222;202;0;
1765;2025.05.30 22:30;-12;21.6875;21.75;21.625;222;202;0;
1766;2025.05.30 22:45;-12;21.6875;21.8125;21.625;222;202;0;
1767;2025.05.30 23:00;-12;21.75;21.875;21.625;222;202;0;
1768;2025.05.30 23:15;-12;21.75;21.875;21.625;222;202;0;
1769;2025.05.30 23:30;-12;21.75;21.875;21.6875;222;202;0;
1770;2025.05.30 23:45;-12;21.75;21.875;21.6875;223;202;0;
1771;2025.05.31 00:00;-12;21.75;21.875;21.75;223;202;0;
1772;2025.05.31 00:15;-12;21.75;21.9375;21.75;223;202;0;
1773;2025.05.31 00:30;-12;21.75;21.9375;21.75;223;202;0;
1774;2025.05.31 00:45;-12;21.75;21.9375;21.75;223;202;0;
1775;2025.05.31 01:00;-12;21.8125;22;21.75;223;202;0;
1776;2025.05.31 01:15;-12;21.8125;22;21.75;223;202;0;
1777;2025.05.31 01:30;-12;21.8125;22;21.8125;224;202;0;
1778;2025.05.31 01:45;-12;21.875;22;21.9375;224;202;0;
1779;2025.05.31 02:00;-12;21.875;22.0625;22;224;202;0;
1780;2025.05.31 02:15;-12;21.9375;22.125;22.0625;224;202;0;
1781;2025.05.31 02:30;-12;22;22.125;22.125;225;202;0;
1782;2025.05.31 02:45;-12;22;22.125;22.125;225;202;0;
1783;2025.05.31 03:00;-12;22;22.1875;22.125;225;202;0;
1784;2025.05.31 03:15;-12;22;22.1875;22.125;225;202;0;
1785;2025.05.31 03:30;-12;22;22.25;22.1875;225;202;0;
1786;2025.05.31 03:45;-12;22;22.25;22.1875;225;202;0;
1787;2025.05.31 04:00;-12;22;22.25;22.25;225;202;0;
1788;2025.05.31 04:15;-12;22.0625;22.25;22.25;225;202;0;
1789;2025.05.31 04:30;-12;22.0625;22.25;22.25;225;202;0;
1790;2025.05.31 04:45;-12;22.0625;22.25;22.25;225;202;0;
1791;2025.05.31 05:00;-12;22.125;22.25;22.25;225;202;0;
1792;2025.05.31 05:15;-12;22.125;22.3125;22.25;225;202;0;
1793;2025.05.31 05:30;-12;22.125;22.3125;22.25;226;202;0;
1794;2025.05.31 05:45;-12;22.125;22.3125;22.25;226;202;0;
1795;2025.05.31 06:00;-12;22.125;22.375;22.25;226;202;0;
1796;2025.05.31 06:15;-12;22.125;22.375;22.3125;226;202;0;
1797;2025.05.31 06:30;-12;22.125;22.375;22.3125;226;202;0;
1798;2025.05.31 06:45;-12;22.125;22.375;22.3125;226;202;0;
1799;2025.05.31 07:00;-12;22.125;22.375;22.3125;226;202;0;
1800;2025.05.31 07:15;-12;22.125;22.375;22.3125;226;202;0;
1801;2025.05.31 07:30;-12;22.125;22.375;22.3125;226;202;0;
1802;2025.05.31 07:45;-12;22.125;22.375;22.3125;226;202;0;
1803;2025.05.31 08:00;-12;22.125;22.375;22.3125;226;202;0;
1804;2025.05.31 08:15;-12;22.0625;22.3125;22.25;226;202;0;
1805;2025.05.31 08:30;-12;22;22.3125;22.25;226;202;0;
1806;2025.05.31 08:45;-12;22;22.25;22.25;226;202;0;
1807;2025.05.31 09:00;-12;22;22.25;22.25;226;202;0;
1808;2025.05.31 09:15;-12;22;22.25;22.1875;226;202;0;
1809;2025.05.31 09:30;-12;22;22.25;22.1875;226;202;0;
1810;2025.05.31 09:45;-12;21.9375;22.25;22.125;226;202;0;
1811;2025.05.31 10:00;-12;21.875;22.1875;22.125;226;202;0;
1812;2025.05.31 10:15;-12;21.875;22.125;22.125;225;202;0;
1813;2025.05.31 10:30;-12;21.875;22.125;22.125;225;202;0;
1814;2025.05.31 10:45;-12;21.875;22.125;22.0625;225;202;0;
1815;2025.05.31 11:00;-12;21.8125;22.125;22.0625;226;202;0;
1816;2025.05.31 11:15;-12;21.75;22.125;22;225;202;0;
1817;2025.05.31 11:30;-12;21.75;22.0625;21.875;225;202;0;
1818;2025.05.31 11:45;-12;21.6875;22;21.875;225;202;0;
1819;2025.05.31 12:00;-12;21.625;22;21.8125;225;202;0;
1820;2025.05.31 12:15;-12;21.625;22;21.75;225;202;0;
1821;2025.05.31 12:30;-12;21.625;22;21.75;225;202;0;
1822;2025.05.31 12:45;-12;21.5625;21.9375;21.6875;224;202;0;
1823;2025.05.31 13:00;-12;21.5;21.875;21.625;224;202;0;
1824;2025.05.31 13:15;-12;21.5;21.875;21.625;224;202;0;
1825;2025.05.31 13:30;-12;21.5;21.875;21.625;224;202;0;
1826;2025.05.31 13:45;-12;21.5;21.875;21.625;224;202;0;
1827;2025.05.31 14:00;-12;21.5;21.875;21.625;224;202;0;
1828;2025.05.31 14:15;-12;21.5;21.8125;21.625;224;202;0;
1829;2025.05.31 14:30;-12;21.5;21.8125;21.625;224;202;0;
1830;2025.05.31 14:45;-12;21.5625;21.8125;21.625;225;202;0;
1831;2025.05.31 15:00;-12;21.625;21.8125;21.625;225;202;0;
1832;2025.05.31 15:15;-12;21.625;21.875;21.6875;225;202;0;
1833;2025.05.31 15:30;-12;21.625;21.875;21.6875;225;202;0;
1834;2025.05.31 15:45;-12;21.6875;21.875;21.75;225;202;0;
1835;2025.05.31 16:00;-12;21.75;21.875;21.75;225;202;0;
1836;2025.05.31 16:15;-12;21.75;21.875;21.75;225;202;0;
1837;2025.05.31 16:30;-12;21.8125;21.9375;21.8125;225;202;0;
1838;2025.05.31 16:45;-12;21.875;22;21.875;226;202;0;
1839;2025.05.31 17:00;-12;21.875;22;21.875;226;202;0;
1840;2025.05.31 17:15;-12;22;22;21.875;226;202;0;
1841;2025.05.31 17:30;-12;22;22.0625;22;226;202;0;
1842;2025.05.31 17:45;-12;22.125;22.125;22;227;202;0;
1843;2025.05.31 18:00;-12;22.125;22.125;22.0625;227;202;0;
1844;2025.05.31 18:15;-12;22.1875;22.1875;22.125;227;202;0;
1845;2025.05.31 18:30;-12;22.25;22.25;22.125;227;202;0;
1846;2025.05.31 18:45;-12;22.3125;22.25;22.1875;228;202;0;
1847;2025.05.31 19:00;-12;22.375;22.375;22.25;228;202;0;
1848;2025.05.31 19:15;-12;22.4375;22.375;22.3125;228;202;0;
1849;2025.05.31 19:30;-12;22.5;22.5;22.375;228;202;0;
1850;2025.05.31 19:45;-12;22.5625;22.5;22.375;229;202;0;
1851;2025.05.31 20:00;-12;22.625;22.5625;22.4375;229;202;0;
1852;2025.05.31 20:15;-12;22.625;22.625;22.5;229;202;0;
1853;2025.05.31 20:30;-12;22.75;22.625;22.5625;229;202;0;
1854;2025.05.31 20:45;-12;22.75;22.75;22.625;230;202;0;
1855;2025.05.31 21:00;-12;22.8125;22.75;22.625;230;202;0;
1856;2025.05.31 21:15;-12;22.875;22.8125;22.6875;230;202;0;
1857;2025.05.31 21:30;-12;22.875;22.875;22.75;230;202;0;
1858;2025.05.31 21:45;-12;23;22.875;22.75;230;202;0;
1859;2025.05.31 22:00;-12;23;23;22.875;231;202;0;
1860;2025.05.31 22:15;-12;23;23;22.875;231;202;0;
1861;2025.05.31 22:30;-12;23.0625;23;22.9375;231;202;0;
1862;2025.05.31 22:45;-12;23.125;23.125;23;231;202;0;
1863;2025.05.31 23:00;-12;23.125;23.125;23;231;202;0;
1864;2025.05.31 23:15;-12;23.125;23.125;23;231;202;0;
1865;2025.05.31 23:30;-12;23.125;23.1875;23.0625;232;202;0;
1866;2025.05.31 23:45;-12;23.1875;23.25;23.125;232;202;0;
1867;2025.06.01 00:00;-12;23.25;23.25;23.125;232;202;0;
1868;2025.06.01 00:15;-12;23.25;23.25;23.125;232;202;0;
1869;2025.06.01 00:30;-12;23.25;23.3125;23.125;232;202;0;
1870;2025.06.01 00:45;-12;23.25;23.3125;23.125;232;202;0;
1871;2025.06.01 01:00;-12;23.25;23.375;23.1875;232;202;0;
1872;2025.06.01 01:15;-12;23.25;23.375;23.1875;232;202;0;
1873;2025.06.01 01:30;-12;23.25;23.375;23.1875;232;202;0;
1874;2025.06.01 01:45;-12;23.25;23.375;23.1875;232;202;0;
1875;2025.06.01 02:00;-12;23.25;23.375;23.25;232;202;0;
1876;2025.06.01 02:15;-12;23.25;23.375;23.25;232;202;0;
1877;2025.06.01 02:30;-12;23.25;23.375;23.25;232;202;0;
1878;2025.06.01 02:45;-12;23.25;23.375;23.25;232;202;0;
1879;2025.06.01 03:00;-12;23.25;23.375;23.25;232;202;0;
1880;2025.06.01 03:15;-12;23.25;23.375;23.25;233;202;0;
1881;2025.06.01 03:30;-12;23.25;23.4375;23.25;233;202;0;
1882;2025.06.01 03:45;-12;23.25;23.4375;23.25;233;202;0;
1883;2025.06.01 04:00;-12;23.25;23.4375;23.3125;232;202;0;
1884;2025.06.01 04:15;-12;23.25;23.5;23.375;232;202;0;
1885;2025.06.01 04:30;-12;23.25;23.5;23.375;232;202;0;
1886;2025.06.01 04:45;-12;23.25;23.5;23.375;232;202;0;
1887;2025.06.01 05:00;-12;23.25;23.5;23.375;232;202;0;
1888;2025.06.01 05:15;-12;23.25;23.5;23.375;232;202;0;
1889;2025.06.01 05:30;-12;23.25;23.5;23.375;232;202;0;
1890;2025.06.01 05:45;-12;23.25;23.5;23.375;233;202;0;
1891;2025.06.01 06:00;-12;23.25;23.5;23.375;233;202;0;
1892;2025.06.01 06:15;-12;23.25;23.5;23.375;233;202;0;
1893;2025.06.01 06:30;-12;23.25;23.5;23.375;233;202;0;
1894;2025.06.01 06:45;-12;23.25;23.5;23.375;233;202;0;
1895;2025.06.01 07:00;-12;23.25;23.5;23.375;233;202;0;
1896;2025.06.01 07:15;-12;23.25;23.5;23.375;233;202;0;
1897;2025.06.01 07:30;-12;23.25;23.5;23.375;233;202;0;
1898;2025.06.01 07:45;-12;23.25;23.5;23.375;233;202;0;
1899;2025.06.01 08:00;-12;23.1875;23.5;23.375;233;202;0;
1900;2025.06.01 08:15;-12;23.1875;23.5;23.375;233;202;0;
1901;2025.06.01 08:30;-12;23.1875;23.5;23.375;233;202;0;
1902;2025.06.01 08:45;-12;23.1875;23.5;23.375;233;202;0;
1903;2025.06.01 09:00;-12;23.125;23.5;23.375;233;202;0;
1904;2025.06.01 09:15;-12;23.125;23.5;23.3125;233;202;0;
1905;2025.06.01 09:30;-12;23.125;23.5;23.3125;233;202;0;
1906;2025.06.01 09:45;-12;23.125;23.4375;23.25;233;202;0;
1907;2025.06.01 10:00;-12;23.125;23.4375;23.25;233;202;0;
1908;2025.06.01 10:15;-12;23.125;23.375;23.25;233;202;0;
1909;2025.06.01 10:30;-12;23.0625;23.375;23.25;232;202;0;
1910;2025.06.01 10:45;-12;23.0625;23.375;23.25;232;202;0;
1911;2025.06.01 11:00;-12;23.0625;23.375;23.25;232;202;0;
1912;2025.06.01 11:15;-12;23;23.375;23.1875;232;202;0;
1913;2025.06.01 11:30;-12;23;23.375;23.1875;232;202;0;
1914;2025.06.01 11:45;-12;23;23.375;23.125;232;202;0;
1915;2025.06.01 12:00;-12;23;23.375;23.125;231;202;0;
1916;2025.06.01 12:15;-12;23.125;23.375;23.1875;236;202;0;
1917;2025.06.01 12:30;-12;23;23.3125;23.0625;236;202;0;
1918;2025.06.01 12:45;-12;22.9375;23.25;23;235;202;0;
1919;2025.06.01 13:00;-12;23.9375;23.6875;23.75;242;202;0;
1920;2025.06.01 13:15;-12;23.875;23.875;24.25;241;202;0;
1921;2025.06.01 13:30;-12;23.6875;23.875;23.9375;246;202;0;
1922;2025.06.01 13:45;-12;23.625;23.8125;23.75;238;202;0;
1923;2025.06.01 14:00;-12;23.6875;23.875;23.875;238;202;0;
1924;2025.06.01 14:15;-12;23.75;23.875;24.125;238;202;0;
1925;2025.06.01 14:30;-12;23.75;24;24.25;239;202;0;
1926;2025.06.01 14:45;-12;23.875;24.125;24.5;239;202;0;
1927;2025.06.01 15:00;-12;23.9375;24.1875;24.6875;239;202;0;
1928;2025.06.01 15:15;-12;24;24.25;24.875;240;202;0;
1929;2025.06.01 15:30;-12;24.125;24.375;24.9375;241;202;0;
1930;2025.06.01 15:45;-12;24.1875;24.5;25;241;202;0;
1931;2025.06.01 16:00;-12;24.3125;24.5625;25.125;242;202;0;
1932;2025.06.01 16:15;-12;25.375;25.125;25.625;243;202;0;
1933;2025.06.01 16:30;-12;26.125;25.625;26.125;245;202;0;
1934;2025.06.01 16:45;-12;26.5;26.125;26.625;248;202;0;
1935;2025.06.01 17:00;-12;26.75;26.5;27.0625;250;202;0;
1936;2025.06.01 17:15;-12;27.25;26.875;27.4375;249;202;0;
1937;2025.06.01 17:30;-12;27.5;27.25;27.8125;251;202;0;
1938;2025.06.01 17:45;-12;27.5;27.375;27.9375;250;202;0;
1939;2025.06.01 18:00;-12;28.125;27.9375;29;239;202;0;
1940;2025.06.01 18:15;-12;27;27.375;27.375;242;202;0;
1941;2025.06.01 18:30;-12;26.125;26.875;26.125;240;202;0;
1942;2025.06.01 18:45;-12;25.5625;26.375;25.375;238;202;0;
1943;2025.06.01 19:00;-12;25.1875;26;25;237;202;0;
1944;2025.06.01 19:15;-12;24.875;25.625;24.625;235;202;0;
1945;2025.06.01 19:30;-12;24.625;25.375;24.375;234;202;0;
1946;2025.06.01 19:45;-12;24.5;25.0625;24.25;227;202;0;
1947;2025.06.01 20:00;-12;24.25;24.8125;24;230;202;0;
1948;2025.06.01 20:15;-12;24.125;24.625;23.875;232;202;0;
1949;2025.06.01 20:30;-12;23.9375;24.375;23.8125;231;202;0;
1950;2025.06.01 20:45;-12;23.8125;24.25;23.75;231;202;0;
1951;2025.06.01 21:00;-12;23.75;24.125;23.625;230;202;0;
1952;2025.06.01 21:15;-12;23.625;24;23.5625;230;202;0;
1953;2025.06.01 21:30;-12;23.5;23.875;23.5;229;202;0;
1954;2025.06.01 21:45;-12;23.4375;23.8125;23.5;229;202;0;
1955;2025.06.01 22:00;-12;23.375;23.75;23.4375;229;202;0;
1956;2025.06.01 22:15;-12;23.375;23.6875;23.375;229;202;0;
1957;2025.06.01 22:30;-12;23.25;23.625;23.375;228;202;0;
1958;2025.06.01 22:45;-12;23.25;23.625;23.3125;228;202;0;
1959;2025.06.01 23:00;-12;23.25;23.5625;23.25;229;202;0;
1960;2025.06.01 23:15;-12;23.375;23.625;23.3125;240;202;0;
1961;2025.06.01 23:30;-12;24.1875;24.375;25;244;202;0;
1962;2025.06.01 23:45;-12;24.625;24.75;25.375;236;202;0;
1963;2025.06.02 00:00;-12;25;24.9375;25.375;237;202;0;
1964;2025.06.02 00:15;-12;25.375;25.125;25.5;235;202;0;
1965;2025.06.02 00:30;-12;25.625;25.4375;25.5625;236;202;0;
1966;2025.06.02 00:45;-12;25.6875;25.625;25.625;238;202;0;
1967;2025.06.02 01:00;-12;25.8125;25.75;25.75;238;202;0;
1968;2025.06.02 01:15;-12;25.875;25.875;25.75;238;202;0;
1969;2025.06.02 01:30;-12;26;25.9375;25.8125;239;202;0;
1970;2025.06.02 01:45;-12;26;26;25.875;239;202;0;
1971;2025.06.02 02:00;-12;26;26.125;25.875;239;202;0;
1972;2025.06.02 02:15;-12;26;26.125;25.9375;239;202;0;
1973;2025.06.02 02:30;-12;26.0625;26.125;26;239;202;0;
1974;2025.06.02 02:45;-12;26;26.1875;26;240;202;0;
1975;2025.06.02 03:00;-12;26.0625;26.25;26;240;202;0;
1976;2025.06.02 03:15;-12;26.125;26.25;26;240;202;0;
1977;2025.06.02 03:30;-12;26.125;26.25;26;240;202;0;
1978;2025.06.02 03:45;-12;26.125;26.25;26;233;202;0;
1979;2025.06.02 04:00;-12;26.25;26.3125;26.125;234;202;0;
1980;2025.06.02 04:15;-12;26.25;26.3125;26.1875;245;202;0;
1981;2025.06.02 04:30;-12;26.25;26.3125;26.1875;244;202;0;
1982;2025.06.02 04:45;-12;26.25;26.3125;26.1875;243;202;0;
1983;2025.06.02 05:00;-12;26.25;26.3125;26.125;243;202;0;
1984;2025.06.02 05:15;-12;26.3125;26.375;26.125;238;202;0;
1985;2025.06.02 05:30;-12;26.375;26.375;26.25;237;202;0;
1986;2025.06.02 05:45;-12;26.375;26.375;26.25;238;202;0;
1987;2025.06.02 06:00;-12;26.375;26.375;26.25;237;202;0;
1988;2025.06.02 06:15;-12;26.375;26.4375;26.25;237;202;0;
1989;2025.06.02 06:30;-12;26.25;26.375;26.25;237;202;0;
1990;2025.06.02 06:45;-12;26.25;26.375;26.1875;237;202;0;
1991;2025.06.02 07:00;-12;26.25;26.375;26.1875;237;202;0;
1992;2025.06.02 07:15;-12;26.125;26.375;26.125;237;202;0;
1993;2025.06.02 07:30;-12;26.125;26.375;26.125;237;202;0;
1994;2025.06.02 07:45;-12;26.0625;26.3125;26.125;236;202;0;
1995;2025.06.02 08:00;-12;26;26.25;26;236;202;0;
1996;2025.06.02 08:15;-12;25.9375;26.25;26;238;202;0;
1997;2025.06.02 08:30;-12;25.875;26.1875;25.875;238;202;0;
1998;2025.06.02 08:45;-12;25.8125;26.125;25.875;237;202;0;
1999;2025.06.02 09:00;-12;25.75;26.125;25.8125;237;202;0;
2000;2025.06.02 09:15;-12;25.75;26.125;25.8125;236;202;0;
2001;2025.06.02 09:30;-12;25.625;26;25.75;237;202;0;
2002;2025.06.02 09:45;-12;24.4375;25.25;24.25;214;202;0;
2003;2025.06.02 10:00;-12;23.625;24.625;23.25;211;202;0;
2004;2025.06.02 10:15;-12;23.25;24.125;22.75;220;202;0;
2005;2025.06.02 10:30;-12;23;23.6875;22.375;226;202;0;
2006;2025.06.02 10:45;-12;22.75;23.375;22.1875;224;202;0;
2007;2025.06.02 11:00;-12;22.5;23.125;22.0625;223;202;0;
2008;2025.06.02 11:15;-12;22.375;22.875;22;223;202;0;
2009;2025.06.02 11:30;-12;22.3125;22.75;22;222;202;0;
2010;2025.06.02 11:45;-12;22.375;22.75;22.125;222;202;0;
2011;2025.06.02 12:00;-12;22.25;22.625;22.125;222;202;0;
2012;2025.06.02 12:15;-12;22.1875;22.5;22;221;202;0;
2013;2025.06.02 12:30;-12;22.125;22.4375;21.9375;220;202;0;
2014;2025.06.02 12:45;-12;22.0625;22.375;21.875;220;202;0;
2015;2025.06.02 13:00;-12;22.125;22.375;21.875;220;202;0;
2016;2025.06.02 13:15;-12;22.375;22.5;22.3125;221;202;0;
2017;2025.06.02 13:30;-12;22.5;22.625;22.625;221;202;0;
2018;2025.06.02 13:45;-12;22.625;22.75;22.8125;222;202;0;
2019;2025.06.02 14:00;-12;22.875;23;23.125;223;202;0;
2020;2025.06.02 14:15;-12;23.0625;23.125;23.25;224;202;0;
2021;2025.06.02 14:30;-12;23.25;23.375;23.4375;225;202;0;
2022;2025.06.02 14:45;-12;23.4375;23.5;23.6875;226;202;0;
2023;2025.06.02 15:00;-12;23.625;23.75;23.9375;226;202;0;
2024;2025.06.02 15:15;-12;23.875;23.9375;24.1875;227;202;0;
2025;2025.06.02 15:30;-12;24;24.125;24.5;228;202;0;
2026;2025.06.02 15:45;-12;24.1875;24.375;24.6875;229;202;0;
2027;2025.06.02 16:00;-12;24.4375;24.5;24.875;229;202;0;
2028;2025.06.02 16:15;-12;24.625;24.75;24.9375;230;202;0;
2029;2025.06.02 16:30;-12;24.75;24.8125;24.875;231;202;0;
2030;2025.06.02 16:45;-12;24.75;24.875;24.75;231;202;0;
2031;2025.06.02 17:00;-12;24.9375;25;24.9375;231;202;0;
2032;2025.06.02 17:15;-12;25.25;25.1875;25.3125;232;202;0;
2033;2025.06.02 17:30;-12;25.5;25.5;25.75;233;202;0;
2034;2025.06.02 17:45;-12;25.75;25.75;26.1875;234;202;0;
2035;2025.06.02 18:00;-12;26.0625;26;26.5625;235;202;0;
2036;2025.06.02 18:15;-12;26.375;26.375;27;237;202;0;
2037;2025.06.02 18:30;-12;26.75;26.625;27.375;238;202;0;
2038;2025.06.02 18:45;-12;27;27;27.75;239;202;0;
2039;2025.06.02 19:00;-12;27.375;27.25;28.125;240;202;0;
2040;2025.06.02 19:15;-12;27.625;27.5;28.375;241;202;0;
2041;2025.06.02 19:30;-12;27.875;27.75;28.625;242;202;0;
2042;2025.06.02 19:45;-12;28.0625;28;28.75;243;202;0;
2043;2025.06.02 20:00;-12;28.1875;28.125;28.8125;244;202;0;
2044;2025.06.02 20:15;-12;28.25;28.25;28.75;244;202;0;
2045;2025.06.02 20:30;-12;28.25;28.3125;28.75;244;202;0;
2046;2025.06.02 20:45;-12;28.3125;28.375;28.75;244;202;0;
2047;2025.06.02 21:00;-12;27.8125;28;28;253;202;0;
2048;2025.06.02 21:15;-12;27.375;27.5;27;251;202;0;
2049;2025.06.02 21:30;-12;26.75;27.125;26.5;243;202;0;
2050;2025.06.02 21:45;-12;26.25;26.75;25.875;242;202;0;
2051;2025.06.02 22:00;-12;25.5625;26.1875;25;236;202;0;
2052;2025.06.02 22:15;-12;25;25.625;24.375;233;202;0;
2053;2025.06.02 22:30;-12;24.5625;25.125;24;232;202;0;
2054;2025.06.02 22:45;-12;24.25;24.75;23.75;231;202;0;
2055;2025.06.02 23:00;-12;24;24.5;23.625;229;202;0;
2056;2025.06.02 23:15;-12;23.75;24.25;23.4375;229;202;0;
2057;2025.06.02 23:30;-12;23.625;24;23.375;228;202;0;
2058;2025.06.02 23:45;-12;23.4375;23.8125;23.25;227;202;0;
2059;2025.06.03 00:00;-12;23.3125;23.625;23.125;227;202;0;
2060;2025.06.03 00:15;-12;23.1875;23.5625;23;226;202;0;
2061;2025.06.03 00:30;-12;23.125;23.4375;23;226;202;0;
2062;2025.06.03 00:45;-12;23;23.375;22.9375;226;202;0;
2063;2025.06.03 01:00;-12;23.1875;23.375;22.875;226;202;0;
2064;2025.06.03 01:15;-12;23.1875;23.375;22.875;226;202;0;
2065;2025.06.03 01:30;-12;23.125;23.25;22.875;226;202;0;
2066;2025.06.03 01:45;-12;23.125;23.25;22.875;226;202;0;
2067;2025.06.03 02:00;-12;23.0625;23.25;22.8125;226;202;0;
2068;2025.06.03 02:15;-12;23;23.1875;22.75;225;202;0;
2069;2025.06.03 02:30;-12;23;23.125;22.75;225;202;0;
2070;2025.06.03 02:45;-12;22.9375;23.125;22.75;225;202;0;
2071;2025.06.03 03:00;-12;22.875;23.0625;22.75;225;202;0;
2072;2025.06.03 03:15;-12;22.875;23;22.625;225;202;0;
2073;2025.06.03 03:30;-12;22.8125;23;22.625;225;202;0;
2074;2025.06.03 03:45;-12;22.75;23;22.625;225;202;0;
2075;2025.06.03 04:00;-12;22.75;22.9375;22.625;224;202;0;
2076;2025.06.03 04:15;-12;22.75;22.875;22.5625;224;202;0;
2077;2025.06.03 04:30;-12;22.6875;22.875;22.5625;224;202;0;
2078;2025.06.03 04:45;-12;22.625;22.875;22.5;224;202;0;
2079;2025.06.03 05:00;-12;22.625;22.875;22.5;224;202;0;
2080;2025.06.03 05:15;-12;22.625;22.8125;22.5;224;202;0;
2081;2025.06.03 05:30;-12;22.5625;22.75;22.5;224;202;0;
2082;2025.06.03 05:45;-12;22.5625;22.75;22.4375;224;202;0;
2083;2025.06.03 06:00;-12;22.5;22.75;22.375;224;202;0;
2084;2025.06.03 06:15;-12;22.5;22.6875;22.375;224;202;0;
2085;2025.06.03 06:30;-12;22.5;22.6875;22.375;223;202;0;
2086;2025.06.03 06:45;-12;22.4375;22.625;22.3125;223;202;0;
2087;2025.06.03 07:00;-12;22.375;22.625;22.25;223;202;0;
2088;2025.06.03 07:15;-12;22.375;22.625;22.25;223;202;0;
2089;2025.06.03 07:30;-12;22.3125;22.5625;22.25;223;202;0;
2090;2025.06.03 07:45;-12;22.25;22.5;22.1875;223;202;0;
2091;2025.06.03 08:00;-12;22.25;22.5;22.125;223;202;0;
2092;2025.06.03 08:15;-12;22.25;22.4375;22.125;223;202;0;
2093;2025.06.03 08:30;-12;22.1875;22.375;22.125;223;202;0;
2094;2025.06.03 08:45;-12;22.125;22.375;22.0625;222;202;0;
2095;2025.06.03 09:00;-12;22.125;22.3125;22;222;202;0;
2096;2025.06.03 09:15;-12;22;22.25;21.9375;222;202;0;
2097;2025.06.03 09:30;-12;22;22.25;21.875;222;202;0;
2098;2025.06.03 09:45;-12;22;22.25;21.875;222;202;0;
2099;2025.06.03 10:00;-12;21.9375;22.1875;21.875;222;202;0;
2100;2025.06.03 10:15;-12;21.875;22.125;21.75;221;202;0;
2101;2025.06.03 10:30;-12;21.5;21.75;21.1875;220;202;0;
2102;2025.06.03 10:45;-12;21.25;21.5;20.875;219;202;0;
2103;2025.06.03 11:00;-12;21.625;21.5625;21.25;215;202;0;
2104;2025.06.03 11:15;-12;21.75;21.75;21.6875;220;202;0;
2105;2025.06.03 11:30;-12;21.875;21.8125;22;225;202;0;
2106;2025.06.03 11:45;-12;21.3125;21.875;22;229;202;0;
2107;2025.06.03 12:00;-12;21.25;22.25;22.875;239;202;0;
2108;2025.06.03 12:15;-12;22.25;23.0625;24.25;243;202;0;
2109;2025.06.03 12:30;-12;23.25;24;25.25;246;202;0;
2110;2025.06.03 12:45;-12;24.25;25.25;26.625;255;202;0;
2111;2025.06.03 13:00;-12;25.9375;25.625;26.375;227;202;0;
2112;2025.06.03 13:15;-12;22.625;26.125;27.875;2389;202;0;
2113;2025.06.03 13:30;-12;22.75;27;25.375;2397;202;0;
2114;2025.06.03 13:45;-12;22.875;27.875;26.875;2400;202;0;
2115;2025.06.03 14:00;-12;23.25;29.875;27.5;2403;202;0;
2116;2025.06.03 14:15;-12;23.75;28.625;26.5625;2400;202;0;
2117;2025.06.03 14:30;-12;24.125;30.375;28.125;2402;202;0;
2118;2025.06.03 14:45;-12;24.5;31.25;28.75;2402;202;0;
2119;2025.06.03 15:00;-12;25;31.75;30.375;2440;202;0;
2120;2025.06.03 15:05;-12;25.125;30.125;32;2440;202;0;
2121;2025.06.03 15:06;-12;25.1875;29.875;32.375;2434;202;0;
2122;2025.06.03 15:07;-12;25.25;29.6875;33.75;2433;202;0;
2123;2025.06.03 15:08;-12;25.25;29.5625;34.9375;2433;202;0;
2124;2025.06.03 15:09;-12;25.25;29.375;34.9375;2432;202;0;
2125;2025.06.03 15:10;-12;25.25;29.25;34.5;2432;202;0;
2126;2025.06.03 15:11;-12;25.25;29;33.875;2431;202;0;
2127;2025.06.03 15:12;-12;25.25;28.75;34.125;2431;202;0;
2128;2025.06.03 15:13;-12;25.3125;28.625;34.125;2431;202;0;
2129;2025.06.03 15:14;-12;25.25;28.5;33.75;2431;202;0;
2130;2025.06.03 15:15;-12;25.25;28.375;33.4375;2823;202;0;
2131;2025.06.03 15:16;-12;25.25;28.125;33;2846;202;0;
2132;2025.06.03 15:17;-12;25.25;27.875;32.9375;2668;202;0;
2133;2025.06.03 15:18;-12;25.25;27.3125;33.375;2867;202;0;
2134;2025.06.03 15:19;-12;25.25;26.625;33.625;2887;202;0;
2135;2025.06.03 15:20;-12;25.25;26.4375;33.625;2752;202;0;
2136;2025.06.03 15:21;-12;25.25;26.0625;30.75;2893;202;0;
2137;2025.06.03 15:22;-12;25.1875;25.75;28.25;2905;202;0;
2138;2025.06.03 15:23;-12;25.125;25.625;28.1875;2916;202;0;
2139;2025.06.03 15:24;-12;25.125;25.5625;28.125;2928;202;0;
2140;2025.06.03 15:25;-12;25.125;25.5;28.25;2935;202;0;
2141;2025.06.03 15:26;-12;25.0625;25.5625;28.5;2943;202;0;
2142;2025.06.03 15:27;-12;25;25.375;28.8125;2866;202;0;
2143;2025.06.03 15:28;-12;25;25.625;29;2963;202;0;
2144;2025.06.03 15:29;-12;25;25.625;29.75;2971;202;0;
2145;2025.06.03 15:30;-12;25;25.625;30;2884;202;0;
2146;2025.06.03 15:31;-12;25;25.5625;30.125;2878;202;0;
2147;2025.06.03 15:32;-12;25;25.5;31.5625;2808;202;0;
2148;2025.06.03 15:33;-12;25;25.5;31.625;2783;202;0;
2149;2025.06.03 15:34;-12;26.3125;26.125;30.9375;177;202;0;
2150;2025.06.03 15:35;-12;31;27;31.25;232;202;0;
2151;2025.06.03 15:36;-12;32.25;27.8125;31.625;236;202;0;
2152;2025.06.03 15:37;-12;33.25;28.625;32.125;240;202;0;
2153;2025.06.03 15:38;-12;34.375;29.5;32.625;250;202;0;
2154;2025.06.03 15:39;-12;35.125;30.125;33.125;251;202;0;
2155;2025.06.03 15:40;-12;35.5;30.75;33.375;258;202;0;
2156;2025.06.03 15:41;-12;35.75;31.25;33.5625;253;202;0;
2157;2025.06.03 15:42;-12;35.875;31.625;33.6875;257;202;0;
2158;2025.06.03 15:43;-12;35.875;32;33.75;257;202;0;
2159;2025.06.03 15:44;-12;35.75;32.25;33.625;244;202;0;
2160;2025.06.03 15:45;-12;35.625;32.375;33.625;249;202;0;
2161;2025.06.03 15:46;-12;35.5;32.625;33.625;251;202;0;
2162;2025.06.03 15:47;-12;35.25;32.75;33.625;254;202;0;
2163;2025.06.03 15:48;-12;35.125;32.875;33.5625;255;202;0;
2164;2025.06.03 15:49;-12;34.9375;32.9375;33.5;254;202;0;
2165;2025.06.03 15:50;-12;34.75;33;33.5;251;202;0;
2166;2025.06.03 15:51;-12;34.5;33;33.3125;263;202;0;
2167;2025.06.03 15:52;-12;34.25;33.0625;33.1875;263;202;0;
2168;2025.06.03 15:53;-12;34;33.0625;33.125;263;202;0;
2169;2025.06.03 15:54;-12;33.75;33.125;33;263;202;0;
2170;2025.06.03 15:55;-12;33.5;33.125;33.125;259;202;0;
2171;2025.06.03 15:56;-12;33.375;33.125;33.25;262;202;0;
2172;2025.06.03 15:57;-12;33.25;33.125;33.25;260;202;0;
2173;2025.06.03 15:58;-12;33.125;33.125;33.1875;256;202;0;
2174;2025.06.03 15:59;-12;33;33.125;33.125;262;202;0;
2175;2025.06.03 16:00;-12;32.875;33.125;33;262;202;0;
2176;2025.06.03 16:01;-12;32.75;33.125;33;262;202;0;
2177;2025.06.03 16:02;-12;32.625;33.125;32.9375;261;202;0;
2178;2025.06.03 16:03;-12;32.625;33.125;32.9375;261;202;0;
2179;2025.06.03 16:04;-12;32.625;33.125;33;261;202;0;
2180;2025.06.03 16:05;-12;32.625;33.125;33;261;202;0;
2181;2025.06.03 16:06;-12;32.75;33.1875;33.125;262;202;0;
2182;2025.06.03 16:07;-12;32.75;33.25;33.25;261;202;0;
2183;2025.06.03 16:08;-12;32.875;33.25;33.375;265;202;0;
2184;2025.06.03 16:09;-12;32.9375;33.375;33.375;268;202;0;
2185;2025.06.03 16:10;-12;32.9375;33.375;33.375;269;202;0;
2186;2025.06.03 16:11;-12;32.9375;33.375;33.375;269;202;0;
2187;2025.06.03 16:12;-12;32.9375;33.375;33.3125;269;202;0;
2188;2025.06.03 16:13;-12;32.875;33.375;33.25;269;202;0;
2189;2025.06.03 16:14;-12;32.9375;33.3125;33.25;269;202;0;
2190;2025.06.03 16:15;-12;32.9375;33.3125;33.25;269;202;0;
2191;2025.06.03 16:16;-12;33;33.3125;33.25;269;202;0;
2192;2025.06.03 16:17;-12;33;33.25;33.25;269;202;0;
2193;2025.06.03 16:18;-12;33;33.25;33.25;269;202;0;
2194;2025.06.03 16:19;-12;33;33.25;33.1875;269;202;0;
2195;2025.06.03 16:20;-12;33;33.25;33.1875;268;202;0;
2196;2025.06.03 16:21;-12;33;33.25;33.125;268;202;0;
2197;2025.06.03 16:22;-12;33;33.25;33.125;268;202;0;
2198;2025.06.03 16:23;-12;33;33.25;33.125;268;202;0;
2199;2025.06.03 16:24;-12;33;33.25;33.125;268;202;0;
2200;2025.06.03 16:25;-12;33;33.25;33.0625;268;202;0;
2201;2025.06.03 16:26;-12;33;33.25;33;268;202;0;
2202;2025.06.03 16:27;-12;33;33.1875;33;268;202;0;
2203;2025.06.03 16:28;-12;33;33.1875;33;268;202;0;
2204;2025.06.03 16:29;-12;33;33.125;33;268;202;0;
2205;2025.06.03 16:30;-12;32.9375;33.125;32.9375;268;202;0;
2206;2025.06.03 16:31;-12;32.875;33.125;32.875;268;202;0;
2207;2025.06.03 16:32;-12;32.875;33.125;32.875;268;202;0;
2208;2025.06.03 16:33;-12;32.875;33.125;32.875;267;202;0;
2209;2025.06.03 16:34;-12;32.875;33.0625;32.875;267;202;0;
2210;2025.06.03 16:35;-12;32.8125;33;32.8125;267;202;0;
2211;2025.06.03 16:36;-12;32.75;33;32.75;267;202;0;
2212;2025.06.03 16:37;-12;32.75;33;32.75;267;202;0;
2213;2025.06.03 16:38;-12;32.75;33;32.75;267;202;0;
2214;2025.06.03 16:39;-12;32.75;33;32.75;267;202;0;
2215;2025.06.03 16:40;-12;32.625;32.9375;32.6875;267;202;0;
2216;2025.06.03 16:41;-12;32.625;32.875;32.625;267;202;0;
2217;2025.06.03 16:42;-12;32.625;32.875;32.625;267;202;0;
2218;2025.06.03 16:43;-12;32.625;32.875;32.625;271;202;0;
2219;2025.06.03 16:44;-12;32.5;32.875;32.625;266;202;0;
2220;2025.06.03 16:45;-12;32.5;32.875;32.5;268;202;0;
2221;2025.06.03 16:46;-12;32.375;32.75;32.375;254;202;0;
2222;2025.06.03 16:47;-12;32.25;32.75;32.25;262;202;0;
2223;2025.06.03 16:48;-12;32.125;32.625;32.125;264;202;0;
2224;2025.06.03 16:49;-12;31.9375;32.625;32;264;202;0;
2225;2025.06.03 16:50;-12;31.8125;32.5;31.875;260;202;0;
2226;2025.06.03 16:51;-12;31.75;32.5;31.75;260;202;0;
2227;2025.06.03 16:52;-12;31.625;32.375;31.625;267;202;0;
2228;2025.06.03 16:53;-12;31.5;32.375;31.5625;257;202;0;
2229;2025.06.03 16:54;-12;31.375;32.25;31.4375;253;202;0;
2230;2025.06.03 16:55;-12;31.3125;32.25;31.375;254;202;0;
2231;2025.06.03 16:56;-12;31.25;32.125;31.25;259;202;0;
2232;2025.06.03 16:57;-12;31.125;32.0625;31.125;258;202;0;
2233;2025.06.03 16:58;-12;31;32;31;246;202;0;
2234;2025.06.03 16:59;-12;30.9375;31.9375;30.875;252;202;0;
2235;2025.06.03 17:00;-12;30.875;31.875;30.75;263;202;0;
2236;2025.06.03 17:01;-12;30.75;31.8125;30.6875;261;202;0;
2237;2025.06.03 17:02;-12;30.625;31.75;30.5625;262;202;0;
2238;2025.06.03 17:03;-12;30.5625;31.625;30.5;276;202;0;
2239;2025.06.03 17:04;-12;30.5;31.625;30.375;280;202;0;
2240;2025.06.03 17:05;-12;30.5;31.625;30.375;274;202;0;
2241;2025.06.03 17:06;-12;30.5625;31.625;30.375;274;202;0;
2242;2025.06.03 17:07;-12;30.625;31.625;30.375;321;202;0;
2243;2025.06.03 17:08;-12;30.75;31.5;30.25;262;202;0;
2244;2025.06.03 17:09;-12;30.75;31.5;29.8125;263;202;0;
2245;2025.06.03 17:10;-12;30.75;31.375;29.375;264;202;0;
2246;2025.06.03 17:11;-12;30.625;31.3125;28.875;263;202;0;
2247;2025.06.03 17:12;-12;30.5625;31.25;28.5;227;202;0;
2248;2025.06.03 17:13;-12;30.5;31.25;28.125;226;202;0;
2249;2025.06.03 17:14;-12;30.375;31.1875;27.75;222;202;0;
2250;2025.06.03 17:15;-12;30.25;31.125;27.5;221;202;0;
2251;2025.06.03 17:16;-12;30;31;27.3125;201;202;0;
2252;2025.06.03 17:17;-12;29.8125;31;27.125;201;202;0;
2253;2025.06.03 17:18;-12;29.625;30.875;26.875;206;202;0;
2254;2025.06.03 17:19;-12;29.375;30.8125;26.875;197;202;0;
2255;2025.06.03 17:20;-12;29.0625;30.75;26.875;197;202;0;
2256;2025.06.03 17:21;-12;28.8125;30.625;26.875;215;202;0;
2257;2025.06.03 17:22;-12;28.625;30.5;27;191;202;0;
2258;2025.06.03 17:23;-12;28.4375;30.4375;27.0625;259;202;0;
2259;2025.06.03 17:24;-12;28.25;30.375;27.125;259;202;0;
2260;2025.06.03 17:25;-12;28.125;30.25;27.125;259;202;0;
2261;2025.06.03 17:26;-12;28;30.1875;27.125;259;202;0;
2262;2025.06.03 17:27;-12;27.8125;30.125;27.125;258;202;0;
2263;2025.06.03 17:28;-12;27.6875;30;27.125;258;202;0;
2264;2025.06.03 17:29;-12;27.5625;30;27.125;258;202;0;
2265;2025.06.03 17:30;-12;27.5;29.875;27.1875;258;202;0;
2266;2025.06.03 17:31;-12;27.375;29.8125;27.25;258;202;0;
2267;2025.06.03 17:32;-12;27.375;29.75;27.25;258;202;0;
2268;2025.06.03 17:33;-12;27.25;29.6875;27.25;257;202;0;
2269;2025.06.03 17:34;-12;27.1875;29.625;27.25;257;202;0;
2270;2025.06.03 17:35;-12;27.125;29.5;27.25;257;202;0;
2271;2025.06.03 17:36;-12;27.125;29.4375;27.25;257;202;0;
2272;2025.06.03 17:37;-12;27.0625;29.375;27.25;257;202;0;
2273;2025.06.03 17:38;-12;27;29.375;27.25;256;202;0;
2274;2025.06.03 17:39;-12;27;29.25;27.25;256;202;0;
2275;2025.06.03 17:40;-12;27;29.1875;27.1875;256;202;0;
2276;2025.06.03 17:41;-12;26.9375;29.125;27.125;256;202;0;
2277;2025.06.03 17:42;-12;26.9375;29.125;27.125;256;202;0;
2278;2025.06.03 17:43;-12;26.875;29;27.125;256;202;0;
2279;2025.06.03 17:44;-12;26.875;29;27.125;255;202;0;
2280;2025.06.03 17:45;-12;26.8125;28.875;27.125;255;202;0;
2281;2025.06.03 17:46;-12;26.75;28.875;27.125;255;202;0;
2282;2025.06.03 17:47;-12;26.75;28.75;27.0625;255;202;0;
2283;2025.06.03 17:48;-12;26.75;28.75;27.0625;255;202;0;
2284;2025.06.03 17:49;-12;26.6875;28.6875;27;255;202;0;
2285;2025.06.03 17:50;-12;26.625;28.625;27;255;202;0;
2286;2025.06.03 17:51;-12;26.625;28.625;27;254;202;0;
2287;2025.06.03 17:52;-12;26.625;28.5;27;254;202;0;
2288;2025.06.03 17:53;-12;26.5;28.5;26.875;254;202;0;
2289;2025.06.03 17:54;-12;26.5;28.4375;26.875;254;202;0;
2290;2025.06.03 17:55;-12;26.375;28.375;26.875;254;202;0;
2291;2025.06.03 17:56;-12;26.375;28.3125;26.8125;253;202;0;
2292;2025.06.03 17:57;-12;26.25;28.25;26.75;253;202;0;
2293;2025.06.03 17:58;-12;26.25;28.1875;26.75;253;202;0;
2294;2025.06.03 17:59;-12;26.125;28.125;26.6875;253;202;0;
2295;2025.06.03 18:00;-12;26.125;28.0625;26.625;253;202;0;
2296;2025.06.03 18:01;-12;26;28;26.625;252;202;0;
2297;2025.06.03 18:02;-12;25.9375;28;26.5625;252;202;0;
2298;2025.06.03 18:03;-12;25.875;27.875;26.5;252;202;0;
2299;2025.06.03 18:04;-12;25.8125;27.875;26.5;252;202;0;
2300;2025.06.03 18:05;-12;25.75;27.75;26.375;251;202;0;
2301;2025.06.03 18:06;-12;25.625;27.75;26.375;251;202;0;
2302;2025.06.03 18:07;-12;25.625;27.625;26.375;251;202;0;
2303;2025.06.03 18:08;-12;25.5;27.625;26.3125;251;202;0;
2304;2025.06.03 18:09;-12;25.5;27.5625;26.3125;251;202;0;
2305;2025.06.03 18:10;-12;25.5;27.5;26.25;251;202;0;
2306;2025.06.03 18:11;-12;25.4375;27.4375;26.25;250;202;0;
2307;2025.06.03 18:12;-12;25.375;27.375;26.25;250;202;0;
2308;2025.06.03 18:13;-12;25.375;27.375;26.25;250;202;0;
2309;2025.06.03 18:14;-12;25.375;27.3125;26.25;250;202;0;
2310;2025.06.03 18:15;-12;25.375;27.25;26.25;250;202;0;
2311;2025.06.03 18:16;-12;25.3125;27.1875;26.25;250;202;0;
2312;2025.06.03 18:17;-12;25.3125;27.125;26.1875;250;202;0;
2313;2025.06.03 18:18;-12;25.3125;27.125;26.1875;249;202;0;
2314;2025.06.03 18:19;-12;25.375;27.0625;26.25;249;202;0;
2315;2025.06.03 18:20;-12;25.375;27;26.25;249;202;0;
2316;2025.06.03 18:21;-12;25.3125;27;26.1875;249;202;0;
2317;2025.06.03 18:22;-12;25.3125;27;26.125;249;202;0;
2318;2025.06.03 18:23;-12;25.25;26.875;26.125;249;202;0;
2319;2025.06.03 18:24;-12;25.25;26.875;26.0625;249;202;0;
2320;2025.06.03 18:25;-12;25.25;26.875;26.0625;249;202;0;
2321;2025.06.03 18:26;-12;25.25;26.8125;26;249;202;0;
2322;2025.06.03 18:27;-12;25.25;26.75;26;249;202;0;
2323;2025.06.03 18:28;-12;25.1875;26.75;26;249;202;0;
2324;2025.06.03 18:29;-12;25.125;26.6875;25.9375;248;202;0;
2325;2025.06.03 18:30;-12;25.125;26.625;25.875;248;202;0;
2326;2025.06.03 18:31;-12;25;26.625;25.875;248;202;0;
2327;2025.06.03 18:32;-12;25;26.5625;25.8125;248;202;0;
2328;2025.06.03 18:33;-12;24.9375;26.5;25.75;248;202;0;
2329;2025.06.03 18:34;-12;24.9375;26.5;25.75;248;202;0;
2330;2025.06.03 18:35;-12;24.9375;26.5;25.75;248;202;0;
2331;2025.06.03 18:36;-12;24.9375;26.375;25.75;248;202;0;
2332;2025.06.03 18:37;-12;24.875;26.375;25.75;248;202;0;
2333;2025.06.03 18:38;-12;24.875;26.375;25.625;247;202;0;
2334;2025.06.03 18:39;-12;24.75;26.3125;25.625;247;202;0;
2335;2025.06.03 18:40;-12;24.75;26.25;25.625;247;202;0;
2336;2025.06.03 18:41;-12;24.6875;26.25;25.5;247;202;0;
2337;2025.06.03 18:42;-12;24.625;26.125;25.5;247;202;0;
2338;2025.06.03 18:43;-12;24.625;26.125;25.5;247;202;0;
2339;2025.06.03 18:44;-12;24.625;26.125;25.4375;247;202;0;
2340;2025.06.03 18:45;-12;24.625;26.0625;25.4375;246;202;0;
2341;2025.06.03 18:46;-12;24.625;26.0625;25.4375;247;202;0;
2342;2025.06.03 18:47;-12;24.625;26;25.4375;246;202;0;
2343;2025.06.03 18:48;-12;24.625;26;25.4375;246;202;0;
2344;2025.06.03 18:49;-12;24.625;26;25.375;174;202;0;
2345;2025.06.03 18:50;-12;24.625;25.9375;25.375;174;202;0;
2346;2025.06.03 18:51;-12;24.6875;25.875;25.375;174;202;0;
2347;2025.06.03 18:52;-12;24.6875;25.875;25.375;174;202;0;
2348;2025.06.03 18:53;-12;24.6875;25.875;25.3125;174;202;0;
2349;2025.06.03 18:54;-12;24.6875;25.8125;25.3125;174;202;0;
2350;2025.06.03 18:55;-12;24.6875;25.75;25.3125;174;202;0;
2351;2025.06.03 18:56;-12;24.625;25.75;25.25;174;202;0;
2352;2025.06.03 18:57;-12;24.625;25.75;25.25;174;202;0;
2353;2025.06.03 18:58;-12;24.625;25.75;25.25;174;202;0;
2354;2025.06.03 18:59;-12;24.625;25.6875;25.25;174;202;0;
2355;2025.06.03 19:00;-12;24.625;25.6875;25.1875;174;202;0;
2356;2025.06.03 19:01;-12;24.625;25.625;25.1875;174;202;0;
2357;2025.06.03 19:02;-12;24.625;25.625;25.125;174;202;0;
2358;2025.06.03 19:03;-12;24.625;25.625;25.125;174;202;0;
2359;2025.06.03 19:04;-12;24.6875;25.625;25.125;174;202;0;
2360;2025.06.03 19:05;-12;24.6875;25.625;25.125;174;202;0;
2361;2025.06.03 19:06;-12;24.6875;25.5625;25.125;172;202;0;
2362;2025.06.03 19:07;-12;24.6875;25.5;25.125;172;202;0;
2363;2025.06.03 19:08;-12;24.625;25.5;25.125;172;202;0;
2364;2025.06.03 19:09;-12;24.625;25.5;25.0625;172;202;0;
2365;2025.06.03 19:10;-12;24.625;25.5;25;172;202;0;
2366;2025.06.03 19:11;-12;24.625;25.4375;25;172;202;0;
2367;2025.06.03 19:12;-12;24.5;25.4375;25;172;202;0;
2368;2025.06.03 19:13;-12;24.5;25.375;25;172;202;0;
2369;2025.06.03 19:14;-12;24.5;25.375;24.9375;171;202;0;
2370;2025.06.03 19:15;-12;24.5;25.375;24.9375;171;202;0;
2371;2025.06.03 19:16;-12;24.5;25.375;24.9375;171;202;0;
2372;2025.06.03 19:17;-12;24.5;25.375;24.875;171;202;0;
2373;2025.06.03 19:18;-12;24.5;25.3125;24.875;171;202;0;
2374;2025.06.03 19:19;-12;24.5;25.3125;24.875;171;202;0;
2375;2025.06.03 19:20;-12;24.5;25.25;24.875;171;202;0;
2376;2025.06.03 19:21;-12;24.5;25.25;24.875;171;202;0;
2377;2025.06.03 19:22;-12;24.4375;25.25;24.875;171;202;0;
2378;2025.06.03 19:23;-12;24.375;25.25;24.875;171;202;0;
2379;2025.06.03 19:24;-12;24.375;25.25;24.8125;171;202;0;
2380;2025.06.03 19:25;-12;24.375;25.1875;24.8125;171;202;0;
2381;2025.06.03 19:26;-12;24.375;25.1875;24.75;171;202;0;
2382;2025.06.03 19:27;-12;24.375;25.1875;24.75;171;202;0;
2383;2025.06.03 19:28;-12;24.375;25.125;24.75;171;202;0;
2384;2025.06.03 19:29;-12;24.375;25.125;24.75;171;202;0;
2385;2025.06.03 19:30;-12;24.3125;25.125;24.75;171;202;0;
2386;2025.06.03 19:31;-12;24.3125;25.125;24.75;171;202;0;
2387;2025.06.03 19:32;-12;24.25;25.125;24.75;171;202;0;
2388;2025.06.03 19:33;-12;24.25;25.125;24.75;171;202;0;
2389;2025.06.03 19:34;-12;24.25;25.125;24.75;170;202;0;
2390;2025.06.03 19:35;-12;24.25;25.0625;24.75;170;202;0;
2391;2025.06.03 19:36;-12;24.25;25.0625;24.6875;171;202;0;
2392;2025.06.03 19:37;-12;24.3125;25.0625;24.6875;170;202;0;
2393;2025.06.03 19:38;-12;24.3125;25;24.6875;170;202;0;
2394;2025.06.03 19:39;-12;24.25;25;24.625;170;202;0;
2395;2025.06.03 19:40;-12;24.25;25;24.625;170;202;0;
2396;2025.06.03 19:41;-12;24.3125;25;24.625;170;202;0;
2397;2025.06.03 19:42;-12;24.3125;25;24.625;170;202;0;
2398;2025.06.03 19:43;-12;24.3125;25;24.625;170;202;0;
2399;2025.06.03 19:44;-12;24.3125;25;24.625;170;202;0;
2400;2025.06.03 19:45;-12;24.3125;25;24.625;170;202;0;
2401;2025.06.03 19:46;-12;24.3125;25;24.625;170;202;0;
2402;2025.06.03 19:47;-12;24.3125;25;24.625;170;202;0;
2403;2025.06.03 19:48;-12;24.3125;24.9375;24.625;170;202;0;
2404;2025.06.03 19:49;-12;24.3125;24.9375;24.625;170;202;0;
2405;2025.06.03 19:50;-12;24.3125;24.9375;24.625;170;202;0;
2406;2025.06.03 19:51;-12;24.375;24.9375;24.625;170;202;0;
2407;2025.06.03 19:52;-12;24.3125;24.875;24.625;170;202;0;
2408;2025.06.03 19:53;-12;24.3125;24.875;24.625;170;202;0;
2409;2025.06.03 19:54;-12;24.3125;24.875;24.625;170;202;0;
2410;2025.06.03 19:55;-12;24.3125;24.875;24.625;170;202;0;
2411;2025.06.03 19:56;-12;24.25;24.875;24.625;170;202;0;
2412;2025.06.03 19:57;-12;24.25;24.875;24.5625;170;202;0;
2413;2025.06.03 19:58;-12;24.25;24.875;24.5625;170;202;0;
2414;2025.06.03 19:59;-12;24.25;24.875;24.5;170;202;0;
2415;2025.06.03 20:00;-12;24.1875;24.875;24.5;170;202;0;
2416;2025.06.03 20:01;-12;24.125;24.8125;24.5;170;202;0;
2417;2025.06.03 20:02;-12;24.125;24.8125;24.5;170;202;0;
2418;2025.06.03 20:03;-12;24.125;24.8125;24.5;170;202;0;
2419;2025.06.03 20:04;-12;24.125;24.75;24.5;170;202;0;
2420;2025.06.03 20:05;-12;24.0625;24.75;24.5;170;202;0;
2421;2025.06.03 20:06;-12;24;24.75;24.4375;170;202;0;
2422;2025.06.03 20:07;-12;24;24.75;24.4375;170;202;0;
2423;2025.06.03 20:08;-12;24;24.75;24.4375;170;202;0;
2424;2025.06.03 20:09;-12;24;24.75;24.4375;169;202;0;
2425;2025.06.03 20:10;-12;24;24.75;24.375;169;202;0;
2426;2025.06.03 20:11;-12;24;24.75;24.375;169;202;0;
2427;2025.06.03 20:12;-12;24;24.6875;24.375;169;202;0;
2428;2025.06.03 20:13;-12;24;24.6875;24.375;169;202;0;
2429;2025.06.03 20:14;-12;24;24.6875;24.375;169;202;0;
2430;2025.06.03 20:15;-12;24;24.6875;24.375;169;202;0;
2431;2025.06.03 20:16;-12;24;24.625;24.375;169;202;0;
2432;2025.06.03 20:17;-12;24;24.625;24.375;169;202;0;
2433;2025.06.03 20:18;-12;24;24.625;24.375;169;202;0;
2434;2025.06.03 20:19;-12;24;24.625;24.375;169;202;0;
2435;2025.06.03 20:20;-12;24;24.625;24.375;169;202;0;
2436;2025.06.03 20:21;-12;24;24.625;24.375;169;202;0;
2437;2025.06.03 20:22;-12;24;24.625;24.375;169;202;0;
2438;2025.06.03 20:23;-12;23.9375;24.625;24.375;169;202;0;
2439;2025.06.03 20:24;-12;23.9375;24.625;24.375;169;202;0;
2440;2025.06.03 20:25;-12;23.875;24.625;24.375;169;202;0;
2441;2025.06.03 20:26;-12;23.875;24.625;24.375;169;202;0;
2442;2025.06.03 20:27;-12;23.875;24.5625;24.375;169;202;0;
2443;2025.06.03 20:28;-12;23.875;24.5625;24.3125;169;202;0;
2444;2025.06.03 20:29;-12;23.875;24.5625;24.3125;220;202;0;
2445;2025.06.03 20:30;-12;23.875;24.5625;24.3125;221;202;0;
2446;2025.06.03 20:31;-12;23.875;24.5625;24.3125;221;202;0;
2447;2025.06.03 20:32;-12;23.8125;24.5;24.25;221;202;0;
2448;2025.06.03 20:33;-12;23.75;24.5;24.25;221;202;0;
2449;2025.06.03 20:34;-12;23.75;24.5;24.25;221;202;0;
2450;2025.06.03 20:35;-12;23.75;24.5;24.25;221;202;0;
2451;2025.06.03 20:36;-12;23.75;24.5;24.25;221;202;0;
2452;2025.06.03 20:37;-12;23.75;24.5;24.25;221;202;0;
2453;2025.06.03 20:38;-12;23.6875;24.5;24.25;221;202;0;
2454;2025.06.03 20:39;-12;23.6875;24.5;24.25;221;202;0;
2455;2025.06.03 20:40;-12;23.6875;24.5;24.25;221;202;0;
2456;2025.06.03 20:41;-12;23.625;24.5;24.25;221;202;0;
2457;2025.06.03 20:42;-12;23.625;24.5;24.25;221;202;0;
2458;2025.06.03 20:43;-12;23.625;24.5;24.1875;221;202;0;
2459;2025.06.03 20:44;-12;23.5625;24.5;24.1875;221;202;0;
2460;2025.06.03 20:45;-12;23.5;24.5;24.1875;221;202;0;
2461;2025.06.03 20:46;-12;23.5;24.5;24.1875;221;202;0;
2462;2025.06.03 20:47;-12;23.4375;24.4375;24.125;221;202;0;
2463;2025.06.03 20:48;-12;23.375;24.4375;24.125;221;202;0;
2464;2025.06.03 20:49;-12;23.375;24.4375;24.125;221;202;0;
2465;2025.06.03 20:50;-12;23.375;24.4375;24.125;221;202;0;
2466;2025.06.03 20:51;-12;23.375;24.4375;24.125;221;202;0;
2467;2025.06.03 20:52;-12;23.375;24.375;24.125;220;202;0;
2468;2025.06.03 20:53;-12;23.3125;24.375;24.125;220;202;0;
2469;2025.06.03 20:54;-12;23.3125;24.375;24.125;220;202;0;
2470;2025.06.03 20:55;-12;23.25;24.375;24.125;220;202;0;
2471;2025.06.03 20:56;-12;23.25;24.375;24.125;220;202;0;
2472;2025.06.03 20:57;-12;23.25;24.375;24.125;220;202;0;
2473;2025.06.03 20:58;-12;23.25;24.375;24.0625;220;202;0;
2474;2025.06.03 20:59;-12;23.25;24.375;24.0625;220;202;0;
2475;2025.06.03 21:00;-12;23.1875;24.375;24.0625;220;202;0;
2476;2025.06.03 21:01;-12;23.125;24.375;24;220;202;0;
2477;2025.06.03 21:02;-12;23.125;24.375;24;220;202;0;
2478;2025.06.03 21:03;-12;23.125;24.3125;24;220;202;0;
2479;2025.06.03 21:04;-12;23.125;24.3125;24;220;202;0;
2480;2025.06.03 21:05;-12;23.0625;24.3125;24;220;202;0;
2481;2025.06.03 21:06;-12;23.0625;24.3125;24;220;202;0;
2482;2025.06.03 21:07;-12;23;24.25;24;220;202;0;
2483;2025.06.03 21:08;-12;23;24.25;24;220;202;0;
2484;2025.06.03 21:09;-12;23;24.25;24;220;202;0;
2485;2025.06.03 21:10;-12;22.9375;24.25;23.9375;220;202;0;
2486;2025.06.03 21:11;-12;22.875;24.25;23.9375;220;202;0;
2487;2025.06.03 21:12;-12;22.875;24.25;23.9375;220;202;0;
2488;2025.06.03 21:13;-12;22.875;24.25;23.9375;220;202;0;
2489;2025.06.03 21:14;-12;22.875;24.25;23.875;220;202;0;
2490;2025.06.03 21:15;-12;22.875;24.25;23.875;220;202;0;
2491;2025.06.03 21:16;-12;22.875;24.1875;23.875;220;202;0;
2492;2025.06.03 21:17;-12;22.875;24.1875;23.875;220;202;0;
2493;2025.06.03 21:18;-12;22.875;24.1875;23.875;220;202;0;
2494;2025.06.03 21:19;-12;22.875;24.125;23.875;220;202;0;
2495;2025.06.03 21:20;-12;22.875;24.125;23.875;220;202;0;
2496;2025.06.03 21:21;-12;22.875;24.125;23.875;220;202;0;
2497;2025.06.03 21:22;-12;22.875;24.125;23.875;220;202;0;
2498;2025.06.03 21:23;-12;22.8125;24.125;23.875;219;202;0;
2499;2025.06.03 21:24;-12;22.875;24.125;23.8125;186;202;0;
2500;2025.06.03 21:25;-12;22.875;24.125;23.875;166;202;0;
2501;2025.06.03 21:26;-12;22.8125;24.125;23.875;172;202;0;
2502;2025.06.03 21:27;-12;22.75;24.125;23.8125;172;202;0;
2503;2025.06.03 21:28;-12;22.75;24.125;23.875;187;202;0;
2504;2025.06.03 21:29;-12;22.75;24.0625;23.875;188;202;0;
2505;2025.06.03 21:30;-12;22.6875;24;23.8125;188;202;0;
2506;2025.06.03 21:31;-12;22.625;24;23.8125;188;202;0;
2507;2025.06.03 21:32;-12;22.625;24;23.75;188;202;0;
2508;2025.06.03 21:33;-12;22.625;24;23.75;188;202;0;
2509;2025.06.03 21:34;-12;22.625;24;23.75;188;202;0;
2510;2025.06.03 21:35;-12;22.625;23.9375;23.75;188;202;0;
2511;2025.06.03 21:36;-12;22.625;23.9375;23.75;188;202;0;
2512;2025.06.03 21:37;-12;22.625;23.875;23.75;188;202;0;
2513;2025.06.03 21:38;-12;22.5625;23.875;23.6875;188;202;0;
2514;2025.06.03 21:39;-12;22.5;23.875;23.6875;188;202;0;
2515;2025.06.03 21:40;-12;22.5;23.875;23.625;188;202;0;
2516;2025.06.03 21:41;-12;22.5;23.875;23.625;188;202;0;
2517;2025.06.03 21:42;-12;22.5;23.875;23.625;188;202;0;
2518;2025.06.03 21:43;-12;22.5;23.875;23.625;188;202;0;
2519;2025.06.03 21:44;-12;22.4375;23.8125;23.625;188;202;0;
2520;2025.06.03 21:45;-12;22.375;23.8125;23.625;188;202;0;
2521;2025.06.03 21:46;-12;22.375;23.8125;23.625;188;202;0;
2522;2025.06.03 21:47;-12;22.25;23.75;23.625;190;202;0;
2523;2025.06.03 21:48;-12;22.25;23.75;23.5625;188;202;0;
2524;2025.06.03 21:49;-12;22.25;23.75;23.5625;188;202;0;
2525;2025.06.03 21:50;-12;22.1875;23.75;23.5625;188;202;0;
2526;2025.06.03 21:51;-12;22.125;23.75;23.5;188;202;0;
2527;2025.06.03 21:52;-12;22.125;23.75;23.5;188;202;0;
2528;2025.06.03 21:53;-12;22.0625;23.75;23.5;188;202;0;
2529;2025.06.03 21:54;-12;22.0625;23.75;23.5;188;202;0;
2530;2025.06.03 21:55;-12;22;23.6875;23.5;188;202;0;
2531;2025.06.03 21:56;-12;22;23.6875;23.5;188;202;0;
2532;2025.06.03 21:57;-12;22;23.625;23.5;188;202;0;
2533;2025.06.03 21:58;-12;22;23.625;23.5;188;202;0;
2534;2025.06.03 21:59;-12;22;23.625;23.4375;188;202;0;
2535;2025.06.03 22:00;-12;21.9375;23.625;23.4375;188;202;0;
2536;2025.06.03 22:01;-12;21.9375;23.625;23.375;188;202;0;
2537;2025.06.03 22:02;-12;21.9375;23.625;23.375;188;202;0;
2538;2025.06.03 22:03;-12;21.9375;23.625;23.375;188;202;0;
2539;2025.06.03 22:04;-12;21.9375;23.5625;23.375;188;202;0;
2540;2025.06.03 22:05;-12;21.9375;23.5625;23.375;188;202;0;
2541;2025.06.03 22:06;-12;21.875;23.5625;23.375;188;202;0;
2542;2025.06.03 22:07;-12;21.875;23.5;23.375;188;202;0;
2543;2025.06.03 22:08;-12;21.875;23.5;23.3125;188;202;0;
2544;2025.06.03 22:09;-12;21.875;23.5;23.3125;187;202;0;
2545;2025.06.03 22:10;-12;21.875;23.5;23.25;187;202;0;
2546;2025.06.03 22:11;-12;21.875;23.5;23.25;187;202;0;
2547;2025.06.03 22:12;-12;21.8125;23.5;23.25;187;202;0;
2548;2025.06.03 22:13;-12;21.8125;23.5;23.25;187;202;0;
2549;2025.06.03 22:14;-12;21.75;23.4375;23.25;187;202;0;
2550;2025.06.03 22:15;-12;21.75;23.4375;23.25;187;202;0;
2551;2025.06.03 22:16;-12;21.75;23.4375;23.25;187;202;0;
2552;2025.06.03 22:17;-12;21.75;23.375;23.25;187;202;0;
2553;2025.06.03 22:18;-12;21.6875;23.375;23.1875;187;202;0;
2554;2025.06.03 22:19;-12;21.6875;23.375;23.1875;187;202;0;
2555;2025.06.03 22:20;-12;21.625;23.375;23.125;187;202;0;
2556;2025.06.03 22:21;-12;21.625;23.375;23.125;187;202;0;
2557;2025.06.03 22:22;-12;21.625;23.375;23.125;187;202;0;
2558;2025.06.03 22:23;-12;21.625;23.3125;23.125;187;202;0;
2559;2025.06.03 22:24;-12;21.625;23.3125;23.125;187;202;0;
2560;2025.06.03 22:25;-12;21.5625;23.3125;23.125;187;202;0;
2561;2025.06.03 22:26;-12;21.5;23.25;23.125;187;202;0;
2562;2025.06.03 22:27;-12;21.5;23.25;23.0625;187;202;0;
2563;2025.06.03 22:28;-12;21.5;23.25;23.0625;187;202;0;
2564;2025.06.03 22:29;-12;21.5;23.25;23;186;202;0;
2565;2025.06.03 22:30;-12;21.5;23.25;23;186;202;0;
2566;2025.06.03 22:31;-12;21.4375;23.25;23;186;202;0;
2567;2025.06.03 22:32;-12;21.4375;23.25;23;186;202;0;
2568;2025.06.03 22:33;-12;21.375;23.1875;23;186;202;0;
2569;2025.06.03 22:34;-12;21.375;23.1875;23;186;202;0;
2570;2025.06.03 22:35;-12;21.375;23.125;23;186;202;0;
2571;2025.06.03 22:36;-12;21.3125;23.125;23;186;202;0;
2572;2025.06.03 22:37;-12;21.25;23.125;22.9375;186;202;0;
2573;2025.06.03 22:38;-12;21.25;23.125;22.9375;186;202;0;
2574;2025.06.03 22:39;-12;21.25;23.125;22.875;186;202;0;
2575;2025.06.03 22:40;-12;21.125;23.125;22.875;186;202;0;
2576;2025.06.03 22:41;-12;21;23.125;22.875;186;202;0;
2577;2025.06.03 22:42;-12;20.9375;23.0625;22.875;185;202;0;
2578;2025.06.03 22:43;-12;20.875;23.0625;22.875;185;202;0;
2579;2025.06.03 22:44;-12;20.875;23;22.875;185;202;0;
2580;2025.06.03 22:45;-12;20.875;23;22.875;185;202;0;
2581;2025.06.03 22:46;-12;20.875;23;22.8125;185;202;0;
2582;2025.06.03 22:47;-12;20.875;23;22.8125;185;202;0;
2583;2025.06.03 22:48;-12;20.875;23;22.75;185;202;0;
2584;2025.06.03 22:49;-12;20.875;23;22.75;185;202;0;
2585;2025.06.03 22:50;-12;20.875;23;22.75;185;202;0;
2586;2025.06.03 22:51;-12;20.875;22.9375;22.75;185;202;0;
2587;2025.06.03 22:52;-12;20.875;22.875;22.75;185;202;0;
2588;2025.06.03 22:53;-12;20.875;22.875;22.75;185;202;0;
2589;2025.06.03 22:54;-12;20.875;22.875;22.75;185;202;0;
2590;2025.06.03 22:55;-12;20.875;22.875;22.6875;185;202;0;
2591;2025.06.03 22:56;-12;20.875;22.875;22.6875;185;202;0;
2592;2025.06.03 22:57;-12;20.8125;22.875;22.625;185;202;0;
2593;2025.06.03 22:58;-12;20.8125;22.8125;22.625;185;202;0;
2594;2025.06.03 22:59;-12;20.8125;22.8125;22.625;185;202;0;
2595;2025.06.03 23:00;-12;20.75;22.8125;22.625;185;202;0;
2596;2025.06.03 23:01;-12;20.75;22.75;22.625;185;202;0;
2597;2025.06.03 23:02;-12;20.75;22.75;22.625;185;202;0;
2598;2025.06.03 23:03;-12;20.75;22.75;22.5625;185;202;0;
2599;2025.06.03 23:04;-12;20.75;22.75;22.5625;185;202;0;
2600;2025.06.03 23:05;-12;20.75;22.75;22.5;185;202;0;
2601;2025.06.03 23:06;-12;20.75;22.75;22.5;184;202;0;
2602;2025.06.03 23:07;-12;20.75;22.6875;22.5;184;202;0;
2603;2025.06.03 23:08;-12;20.75;22.6875;22.5;184;202;0;
2604;2025.06.03 23:09;-12;20.75;22.625;22.5;184;202;0;
2605;2025.06.03 23:10;-12;20.75;22.625;22.4375;184;202;0;
2606;2025.06.03 23:11;-12;20.6875;22.625;22.4375;184;202;0;
2607;2025.06.03 23:12;-12;20.6875;22.625;22.375;184;202;0;
2608;2025.06.03 23:13;-12;20.6875;22.625;22.375;184;202;0;
2609;2025.06.03 23:14;-12;20.625;22.625;22.375;184;202;0;
2610;2025.06.03 23:15;-12;20.625;22.5625;22.375;184;202;0;
2611;2025.06.03 23:16;-12;20.625;22.5625;22.375;184;202;0;
2612;2025.06.03 23:17;-12;20.625;22.5;22.375;184;202;0;
2613;2025.06.03 23:18;-12;20.625;22.5;22.3125;184;202;0;
2614;2025.06.03 23:19;-12;20.625;22.5;22.3125;184;202;0;
2615;2025.06.03 23:20;-12;20.625;22.5;22.25;184;202;0;
2616;2025.06.03 23:21;-12;20.5625;22.5;22.25;184;202;0;
2617;2025.06.03 23:22;-12;20.5625;22.5;22.25;184;202;0;
2618;2025.06.03 23:23;-12;20.5;22.4375;22.25;184;202;0;
2619;2025.06.03 23:24;-12;20.5;22.4375;22.25;184;202;0;
2620;2025.06.03 23:25;-12;20.5;22.375;22.1875;184;202;0;
2621;2025.06.03 23:26;-12;20.5;22.375;22.1875;183;202;0;
2622;2025.06.03 23:27;-12;20.5;22.375;22.1875;183;202;0;
2623;2025.06.03 23:28;-12;20.5;22.375;22.125;183;202;0;
2624;2025.06.03 23:29;-12;20.5;22.375;22.125;183;202;0;
2625;2025.06.03 23:30;-12;20.4375;22.375;22.125;183;202;0;
2626;2025.06.03 23:31;-12;20.375;22.3125;22.125;183;202;0;
2627;2025.06.03 23:32;-12;20.375;22.3125;22.125;183;202;0;
2628;2025.06.03 23:33;-12;20.375;22.25;22.125;183;202;0;
2629;2025.06.03 23:34;-12;20.375;22.25;22.0625;183;202;0;
2630;2025.06.03 23:35;-12;20.375;22.25;22.0625;183;202;0;
2631;2025.06.03 23:36;-12;20.375;22.25;22;183;202;0;
2632;2025.06.03 23:37;-12;20.375;22.25;22;183;202;0;
2633;2025.06.03 23:38;-12;20.375;22.25;22;183;202;0;
2634;2025.06.03 23:39;-12;20.375;22.25;22;183;202;0;
2635;2025.06.03 23:40;-12;20.375;22.1875;22;199;202;0;
2636;2025.06.03 23:41;-12;20.375;22.125;21.9375;199;202;0;
2637;2025.06.03 23:42;-12;20.375;22.125;21.875;199;202;0;
2638;2025.06.03 23:43;-12;20.4375;22.125;21.875;199;202;0;
2639;2025.06.03 23:44;-12;20.5;22.125;21.875;199;202;0;
2640;2025.06.03 23:45;-12;20.5;22.125;21.875;199;202;0;
2641;2025.06.03 23:46;-12;20.5;22.125;21.8125;199;202;0;
2642;2025.06.03 23:47;-12;20.5;22.125;21.75;199;202;0;
2643;2025.06.03 23:48;-12;20.5;22.0625;21.75;199;202;0;
2644;2025.06.03 23:49;-12;20.5;22.0625;21.75;199;202;0;
2645;2025.06.03 23:50;-12;20.5;22;21.75;199;202;0;
2646;2025.06.03 23:51;-12;20.5;22;21.75;199;202;0;
2647;2025.06.03 23:52;-12;20.4375;22;21.75;199;202;0;
2648;2025.06.03 23:53;-12;20.4375;22;21.6875;199;202;0;
2649;2025.06.03 23:54;-12;20.4375;22;21.625;199;202;0;
2650;2025.06.03 23:55;-12;20.375;22;21.625;199;202;0;
2651;2025.06.03 23:56;-12;20.375;22;21.625;199;202;0;
2652;2025.06.03 23:57;-12;20.375;22;21.625;199;202;0;
2653;2025.06.03 23:58;-12;20.375;21.9375;21.625;199;202;0;
2654;2025.06.03 23:59;-12;20.375;21.9375;21.625;199;202;0;
2655;2025.06.04 00:00;-12;20.375;21.9375;21.625;198;202;0;
2656;2025.06.04 00:01;-12;20.375;21.875;21.625;198;202;0;
2657;2025.06.04 00:02;-12;20.375;21.875;21.5625;198;202;0;
2658;2025.06.04 00:03;-12;20.375;21.875;21.5625;198;202;0;
2659;2025.06.04 00:04;-12;20.375;21.875;21.5;198;202;0;
2660;2025.06.04 00:05;-12;20.375;21.875;21.5;198;202;0;
2661;2025.06.04 00:06;-12;20.375;21.875;21.5;198;202;0;
2662;2025.06.04 00:07;-12;20.375;21.875;21.5;198;202;0;
2663;2025.06.04 00:08;-12;20.375;21.875;21.5;198;202;0;
2664;2025.06.04 00:09;-12;20.375;21.8125;21.5;198;202;0;
2665;2025.06.04 00:10;-12;20.375;21.8125;21.5;198;202;0;
2666;2025.06.04 00:11;-12;20.375;21.75;21.5;198;202;0;
2667;2025.06.04 00:12;-12;20.375;21.75;21.5;198;202;0;
2668;2025.06.04 00:13;-12;20.375;21.75;21.5;198;202;0;
2669;2025.06.04 00:14;-12;20.3125;21.75;21.4375;198;202;0;
2670;2025.06.04 00:15;-12;20.3125;21.75;21.4375;198;202;0;
2671;2025.06.04 00:16;-12;20.25;21.75;21.4375;198;202;0;
2672;2025.06.04 00:17;-12;20.25;21.75;21.375;198;202;0;
2673;2025.06.04 00:18;-12;20.25;21.75;21.375;198;202;0;
2674;2025.06.04 00:19;-12;20.25;21.75;21.375;198;202;0;
2675;2025.06.04 00:20;-12;20.1875;21.75;21.375;198;202;0;
2676;2025.06.04 00:21;-12;20.125;21.6875;21.375;198;202;0;
2677;2025.06.04 00:22;-12;20.125;21.6875;21.375;198;202;0;
2678;2025.06.04 00:23;-12;20.125;21.625;21.375;198;202;0;
2679;2025.06.04 00:24;-12;20.125;21.625;21.375;198;202;0;
2680;2025.06.04 00:25;-12;20.125;21.625;21.375;198;202;0;
2681;2025.06.04 00:26;-12;20.125;21.625;21.375;198;202;0;
2682;2025.06.04 00:27;-12;20.0625;21.625;21.375;198;202;0;
2683;2025.06.04 00:28;-12;20;21.625;21.375;197;202;0;
2684;2025.06.04 00:29;-12;20;21.625;21.375;197;202;0;
2685;2025.06.04 00:30;-12;20;21.625;21.3125;197;202;0;
2686;2025.06.04 00:31;-12;20;21.625;21.3125;197;202;0;
2687;2025.06.04 00:32;-12;20;21.5625;21.3125;197;202;0;
2688;2025.06.04 00:33;-12;20;21.5625;21.25;197;202;0;
2689;2025.06.04 00:34;-12;20;21.5;21.25;197;202;0;
2690;2025.06.04 00:35;-12;20;21.5;21.25;197;202;0;
2691;2025.06.04 00:36;-12;20;21.5;21.25;197;202;0;
2692;2025.06.04 00:37;-12;20;21.5;21.25;197;202;0;
2693;2025.06.04 00:38;-12;20;21.5;21.25;197;202;0;
2694;2025.06.04 00:39;-12;20;21.5;21.25;197;202;0;
2695;2025.06.04 00:40;-12;20;21.5;21.25;197;202;0;
2696;2025.06.04 00:41;-12;20;21.5;21.25;197;202;0;
2697;2025.06.04 00:42;-12;20;21.5;21.25;198;202;0;
2698;2025.06.04 00:43;-12;20;21.4375;21.1875;197;202;0;
2699;2025.06.04 00:44;-12;20;21.4375;21.1875;197;202;0;
2700;2025.06.04 00:45;-12;20;21.4375;21.1875;197;202;0;
2701;2025.06.04 00:46;-12;20;21.4375;21.125;197;202;0;
2702;2025.06.04 00:47;-12;19.9375;21.375;21.125;197;202;0;
2703;2025.06.04 00:48;-12;19.875;21.375;21.125;197;202;0;
2704;2025.06.04 00:49;-12;19.875;21.375;21.125;197;202;0;
2705;2025.06.04 00:50;-12;19.875;21.375;21.125;197;202;0;
2706;2025.06.04 00:51;-12;19.875;21.375;21.125;197;202;0;
2707;2025.06.04 00:52;-12;19.875;21.375;21.125;197;202;0;
2708;2025.06.04 00:53;-12;19.875;21.375;21.125;197;202;0;
2709;2025.06.04 00:54;-12;19.875;21.375;21.125;197;202;0;
2710;2025.06.04 00:55;-12;19.875;21.375;21.125;197;202;0;
2711;2025.06.04 00:56;-12;19.875;21.3125;21.0625;197;202;0;
2712;2025.06.04 00:57;-12;19.875;21.3125;21.125;197;202;0;
2713;2025.06.04 00:58;-12;19.875;21.3125;21.0625;197;202;0;
2714;2025.06.04 00:59;-12;19.875;21.25;21.0625;197;202;0;
2715;2025.06.04 01:00;-12;19.8125;21.25;21.0625;197;202;0;
2716;2025.06.04 01:01;-12;19.8125;21.25;21.0625;197;202;0;
2717;2025.06.04 01:02;-12;19.8125;21.25;21;197;202;0;
2718;2025.06.04 01:03;-12;19.75;21.25;21;197;202;0;
2719;2025.06.04 01:04;-12;19.75;21.25;21;196;202;0;
2720;2025.06.04 01:05;-12;19.75;21.25;21;196;202;0;
2721;2025.06.04 01:06;-12;19.75;21.25;21;196;202;0;
2722;2025.06.04 01:07;-12;19.625;21.25;21;196;202;0;
2723;2025.06.04 01:08;-12;19.625;21.25;21;196;202;0;
2724;2025.06.04 01:09;-12;19.625;21.25;21;196;202;0;
2725;2025.06.04 01:10;-12;19.625;21.25;21;196;202;0;
2726;2025.06.04 01:11;-12;19.5;21.1875;21;196;202;0;
2727;2025.06.04 01:12;-12;19.5;21.1875;21;196;202;0;
2728;2025.06.04 01:13;-12;19.5;21.1875;21;196;202;0;
2729;2025.06.04 01:14;-12;19.5;21.125;21;196;202;0;
2730;2025.06.04 01:15;-12;19.4375;21.125;21;196;202;0;
2731;2025.06.04 01:16;-12;19.375;21.125;21;196;202;0;
2732;2025.06.04 01:17;-12;19.375;21.125;21;196;202;0;
2733;2025.06.04 01:18;-12;19.375;21.125;21;196;202;0;
2734;2025.06.04 01:19;-12;19.375;21.125;21;196;202;0;
2735;2025.06.04 01:20;-12;19.375;21.125;21;196;202;0;
2736;2025.06.04 01:21;-12;19.375;21.125;21;196;202;0;
2737;2025.06.04 01:22;-12;19.4375;21.125;21;196;202;0;
2738;2025.06.04 01:23;-12;19.4375;21.125;21;196;202;0;
2739;2025.06.04 01:24;-12;19.5;21.125;21;196;202;0;
2740;2025.06.04 01:25;-12;19.5;21.0625;20.9375;196;202;0;
2741;2025.06.04 01:26;-12;19.5;21.0625;20.9375;196;202;0;
2742;2025.06.04 01:27;-12;19.5;21.0625;20.9375;196;202;0;
2743;2025.06.04 01:28;-12;19.5;21.0625;20.9375;196;202;0;
2744;2025.06.04 01:29;-12;19.5;21;20.9375;196;202;0;
2745;2025.06.04 01:30;-12;19.5;21;20.9375;196;202;0;
2746;2025.06.04 01:31;-12;19.5;21;20.9375;196;202;0;
2747;2025.06.04 01:32;-12;19.5;21;20.875;196;202;0;
2748;2025.06.04 01:33;-12;19.5;21;20.875;196;202;0;
2749;2025.06.04 01:34;-12;19.5;21;20.875;196;202;0;
2750;2025.06.04 01:35;-12;19.5;21;20.875;196;202;0;
2751;2025.06.04 01:36;-12;19.5;21;20.875;196;202;0;
2752;2025.06.04 01:37;-12;19.5;21;20.875;196;202;0;
2753;2025.06.04 01:38;-12;19.5;21;20.875;196;202;0;
2754;2025.06.04 01:39;-12;19.4375;21;20.875;196;202;0;
2755;2025.06.04 01:40;-12;19.4375;21;20.875;196;202;0;
2756;2025.06.04 01:41;-12;19.4375;21;20.875;196;202;0;
2757;2025.06.04 01:42;-12;19.4375;20.9375;20.875;196;202;0;
2758;2025.06.04 01:43;-12;19.375;20.9375;20.875;196;202;0;
2759;2025.06.04 01:44;-12;19.375;20.9375;20.875;196;202;0;
2760;2025.06.04 01:45;-12;19.375;20.9375;20.875;196;202;0;
2761;2025.06.04 01:46;-12;19.375;20.9375;20.875;196;202;0;
2762;2025.06.04 01:47;-12;19.375;20.875;20.8125;195;202;0;
2763;2025.06.04 01:48;-12;19.375;20.875;20.8125;195;202;0;
2764;2025.06.04 01:49;-12;19.375;20.875;20.8125;195;202;0;
2765;2025.06.04 01:50;-12;19.375;20.875;20.8125;195;202;0;
2766;2025.06.04 01:51;-12;19.375;20.875;20.75;195;202;0;
2767;2025.06.04 01:52;-12;19.375;20.875;20.75;195;202;0;
2768;2025.06.04 01:53;-12;19.375;20.875;20.75;195;202;0;
2769;2025.06.04 01:54;-12;19.375;20.875;20.75;195;202;0;
2770;2025.06.04 01:55;-12;19.375;20.875;20.75;195;202;0;
2771;2025.06.04 01:56;-12;19.375;20.875;20.75;195;202;0;
2772;2025.06.04 01:57;-12;19.3125;20.875;20.75;195;202;0;
2773;2025.06.04 01:58;-12;19.3125;20.875;20.75;195;202;0;
2774;2025.06.04 01:59;-12;19.3125;20.875;20.75;195;202;0;
2775;2025.06.04 02:00;-12;19.3125;20.8125;20.75;195;202;0;
2776;2025.06.04 02:01;-12;19.375;20.8125;20.75;195;202;0;
2777;2025.06.04 02:02;-12;19.3125;20.8125;20.75;195;202;0;
2778;2025.06.04 02:03;-12;19.3125;20.8125;20.75;195;202;0;
2779;2025.06.04 02:04;-12;19.3125;20.75;20.6875;195;202;0;
2780;2025.06.04 02:05;-12;19.25;20.75;20.6875;195;202;0;
2781;2025.06.04 02:06;-12;19.25;20.75;20.6875;195;202;0;
2782;2025.06.04 02:07;-12;19.25;20.75;20.6875;195;202;0;
2783;2025.06.04 02:08;-12;19.25;20.75;20.625;195;202;0;
2784;2025.06.04 02:09;-12;19.25;20.75;20.625;195;202;0;
2785;2025.06.04 02:10;-12;19.25;20.75;20.625;195;202;0;
2786;2025.06.04 02:11;-12;19.25;20.75;20.625;195;202;0;
2787;2025.06.04 02:12;-12;19.25;20.75;20.625;195;202;0;
2788;2025.06.04 02:13;-12;19.25;20.75;20.625;195;202;0;
2789;2025.06.04 02:14;-12;19.25;20.75;20.625;195;202;0;
2790;2025.06.04 02:15;-12;19.25;20.75;20.625;195;202;0;
2791;2025.06.04 02:16;-12;19.25;20.75;20.625;195;202;0;
2792;2025.06.04 02:17;-12;19.25;20.6875;20.625;195;202;0;
2793;2025.06.04 02:18;-12;19.25;20.6875;20.625;195;202;0;
2794;2025.06.04 02:19;-12;19.25;20.6875;20.5625;195;202;0;
2795;2025.06.04 02:20;-12;19.25;20.6875;20.5625;195;202;0;
2796;2025.06.04 02:21;-12;19.1875;20.625;20.5;195;202;0;
2797;2025.06.04 02:22;-12;19.1875;20.625;20.5;195;202;0;
2798;2025.06.04 02:23;-12;19.125;20.625;20.5;195;202;0;
2799;2025.06.04 02:24;-12;19.125;20.625;20.5;195;202;0;
2800;2025.06.04 02:25;-12;19.125;20.625;20.5;195;202;0;
2801;2025.06.04 02:26;-12;19.0625;20.625;20.5;195;202;0;
2802;2025.06.04 02:27;-12;19;20.625;20.5;194;202;0;
2803;2025.06.04 02:28;-12;19;20.625;20.5;194;202;0;
2804;2025.06.04 02:29;-12;18.9375;20.625;20.5;194;202;0;
2805;2025.06.04 02:30;-12;18.875;20.5625;20.4375;194;202;0;
2806;2025.06.04 02:31;-12;18.875;20.5625;20.4375;194;202;0;
2807;2025.06.04 02:32;-12;18.875;20.5625;20.4375;194;202;0;
2808;2025.06.04 02:33;-12;18.875;20.5625;20.375;194;202;0;
2809;2025.06.04 02:34;-12;18.875;20.5;20.375;194;202;0;
2810;2025.06.04 02:35;-12;18.875;20.5;20.375;194;202;0;
2811;2025.06.04 02:36;-12;18.75;20.5;20.375;194;202;0;
2812;2025.06.04 02:37;-12;18.75;20.5;20.375;194;202;0;
2813;2025.06.04 02:38;-12;18.75;20.5;20.375;194;202;0;
2814;2025.06.04 02:39;-12;18.75;20.5;20.375;194;202;0;
2815;2025.06.04 02:40;-12;18.75;20.5;20.375;194;202;0;
2816;2025.06.04 02:41;-12;18.75;20.5;20.375;194;202;0;
2817;2025.06.04 02:42;-12;18.75;20.4375;20.3125;194;202;0;
2818;2025.06.04 02:43;-12;18.75;20.4375;20.3125;194;202;0;
2819;2025.06.04 02:44;-12;18.75;20.375;20.3125;194;202;0;
2820;2025.06.04 02:45;-12;18.75;20.375;20.3125;194;202;0;
2821;2025.06.04 02:46;-12;18.75;20.375;20.25;194;202;0;
2822;2025.06.04 02:47;-12;18.75;20.375;20.25;194;202;0;
2823;2025.06.04 02:48;-12;18.75;20.375;20.25;194;202;0;
2824;2025.06.04 02:49;-12;18.75;20.375;20.25;194;202;0;
2825;2025.06.04 02:50;-12;18.6875;20.375;20.25;194;202;0;
2826;2025.06.04 02:51;-12;18.6875;20.375;20.25;194;202;0;
2827;2025.06.04 02:52;-12;18.6875;20.375;20.25;194;202;0;
2828;2025.06.04 02:53;-12;18.6875;20.375;20.25;194;202;0;
2829;2025.06.04 02:54;-12;18.6875;20.3125;20.25;194;202;0;
2830;2025.06.04 02:55;-12;18.6875;20.3125;20.25;194;202;0;
2831;2025.06.04 02:56;-12;18.6875;20.3125;20.25;194;202;0;
2832;2025.06.04 02:57;-12;18.6875;20.25;20.25;194;202;0;
2833;2025.06.04 02:58;-12;18.75;20.25;20.1875;194;202;0;
2834;2025.06.04 02:59;-12;18.75;20.25;20.25;194;202;0;
2835;2025.06.04 03:00;-12;18.75;20.25;20.1875;194;202;0;
2836;2025.06.04 03:01;-12;18.75;20.25;20.1875;194;202;0;
2837;2025.06.04 03:02;-12;18.75;20.25;20.1875;194;202;0;
2838;2025.06.04 03:03;-12;18.75;20.25;20.1875;194;202;0;
2839;2025.06.04 03:04;-12;18.75;20.25;20.1875;194;202;0;
2840;2025.06.04 03:05;-12;18.75;20.25;20.1875;194;202;0;
2841;2025.06.04 03:06;-12;18.75;20.25;20.125;194;202;0;
2842;2025.06.04 03:07;-12;18.75;20.25;20.125;194;202;0;
2843;2025.06.04 03:08;-12;18.75;20.25;20.125;194;202;0;
2844;2025.06.04 03:09;-12;18.75;20.25;20.125;194;202;0;
2845;2025.06.04 03:10;-12;18.75;20.25;20.125;194;202;0;
2846;2025.06.04 03:11;-12;18.75;20.25;20.125;194;202;0;
2847;2025.06.04 03:12;-12;18.75;20.1875;20.125;194;202;0;
2848;2025.06.04 03:13;-12;18.6875;20.1875;20.125;194;202;0;
2849;2025.06.04 03:14;-12;18.6875;20.1875;20.125;194;202;0;
2850;2025.06.04 03:15;-12;18.6875;20.125;20.125;194;202;0;
2851;2025.06.04 03:16;-12;18.6875;20.1875;20.125;194;202;0;
2852;2025.06.04 03:17;-12;18.6875;20.125;20.125;194;202;0;
2853;2025.06.04 03:18;-12;18.6875;20.125;20.125;194;202;0;
2854;2025.06.04 03:19;-12;18.6875;20.125;20.125;194;202;0;
2855;2025.06.04 03:20;-12;18.75;20.125;20.125;194;202;0;
2856;2025.06.04 03:21;-12;18.75;20.125;20.125;194;202;0;
2857;2025.06.04 03:22;-12;18.75;20.125;20.125;194;202;0;
2858;2025.06.04 03:23;-12;18.75;20.125;20.125;194;202;0;
2859;2025.06.04 03:24;-12;18.75;20.125;20.125;194;202;0;
2860;2025.06.04 03:25;-12;18.75;20.125;20.125;194;202;0;
2861;2025.06.04 03:26;-12;18.6875;20.125;20.125;193;202;0;
2862;2025.06.04 03:27;-12;18.625;20.125;20.125;193;202;0;
2863;2025.06.04 03:28;-12;18.6875;20.125;20.0625;194;202;0;
2864;2025.06.04 03:29;-12;18.625;20.125;20.0625;193;202;0;
2865;2025.06.04 03:30;-12;18.625;20.125;20.0625;193;202;0;
2866;2025.06.04 03:31;-12;18.625;20.125;20.0625;193;202;0;
2867;2025.06.04 03:32;-12;18.625;20.125;20.0625;193;202;0;
2868;2025.06.04 03:33;-12;18.625;20.125;20.0625;193;202;0;
2869;2025.06.04 03:34;-12;18.625;20.0625;20.0625;193;202;0;
2870;2025.06.04 03:35;-12;18.625;20.0625;20.0625;193;202;0;
2871;2025.06.04 03:36;-12;18.625;20.0625;20;194;202;0;
2872;2025.06.04 03:37;-12;18.625;20.0625;20;193;202;0;
2873;2025.06.04 03:38;-12;18.625;20.0625;20;194;202;0;
2874;2025.06.04 03:39;-12;18.625;20;20;193;202;0;
2875;2025.06.04 03:40;-12;18.625;20;20;193;202;0;
2876;2025.06.04 03:41;-12;18.625;20;20;193;202;0;
2877;2025.06.04 03:42;-12;18.625;20;20;193;202;0;
2878;2025.06.04 03:43;-12;18.625;20;20;193;202;0;
2879;2025.06.04 03:44;-12;18.625;20;20;193;202;0;
2880;2025.06.04 03:45;-12;18.625;20;20;193;202;0;
2881;2025.06.04 03:46;-12;18.625;20;20;193;202;0;
2882;2025.06.04 03:47;-12;18.625;20;20;193;202;0;
2883;2025.06.04 03:48;-12;18.625;20;20;193;202;0;
2884;2025.06.04 03:49;-12;18.625;20;20;193;202;0;
2885;2025.06.04 03:50;-12;18.625;20;20;193;202;0;
2886;2025.06.04 03:51;-12;18.5625;20;20;193;202;0;
2887;2025.06.04 03:52;-12;18.5625;20;20;193;202;0;
2888;2025.06.04 03:53;-12;18.5625;20;20;193;202;0;
2889;2025.06.04 03:54;-12;18.625;20;20;193;202;0;
2890;2025.06.04 03:55;-12;18.625;20;20;193;202;0;
2891;2025.06.04 03:56;-12;18.625;20;20;193;202;0;
2892;2025.06.04 03:57;-12;18.625;20;20;193;202;0;
2893;2025.06.04 03:58;-12;18.5625;20;20;193;202;0;
2894;2025.06.04 03:59;-12;18.5625;20;19.9375;193;202;0;
2895;2025.06.04 04:00;-12;18.5;19.9375;19.9375;193;202;0;
2896;2025.06.04 04:01;-12;18.5;19.9375;19.9375;193;202;0;
2897;2025.06.04 04:02;-12;18.5;19.9375;19.9375;193;202;0;
2898;2025.06.04 04:03;-12;18.5;19.9375;19.9375;193;202;0;
2899;2025.06.04 04:04;-12;18.5;19.9375;19.9375;193;202;0;
2900;2025.06.04 04:05;-12;18.5;19.9375;19.875;193;202;0;
2901;2025.06.04 04:06;-12;18.5;19.875;19.875;193;202;0;
2902;2025.06.04 04:07;-12;18.5;19.875;19.875;193;202;0;
2903;2025.06.04 04:08;-12;18.5;19.875;19.875;193;202;0;
2904;2025.06.04 04:09;-12;18.5;19.875;19.875;193;202;0;
2905;2025.06.04 04:10;-12;18.5;19.875;19.875;193;202;0;
2906;2025.06.04 04:11;-12;18.5;19.875;19.875;193;202;0;
2907;2025.06.04 04:12;-12;18.5;19.875;19.875;193;202;0;
2908;2025.06.04 04:13;-12;18.5;19.875;19.875;193;202;0;
2909;2025.06.04 04:14;-12;18.5;19.875;19.875;193;202;0;
2910;2025.06.04 04:15;-12;18.5;19.875;19.875;193;202;0;
2911;2025.06.04 04:16;-12;18.5;19.875;19.875;193;202;0;
2912;2025.06.04 04:17;-12;18.5;19.875;19.875;193;202;0;
2913;2025.06.04 04:18;-12;18.5;19.875;19.875;193;202;0;
2914;2025.06.04 04:19;-12;18.4375;19.875;19.875;193;202;0;
2915;2025.06.04 04:20;-12;18.5;19.875;19.875;193;202;0;
2916;2025.06.04 04:21;-12;18.5;19.875;19.875;193;202;0;
2917;2025.06.04 04:22;-12;18.5;19.875;19.875;193;202;0;
2918;2025.06.04 04:23;-12;18.5;19.875;19.875;193;202;0;
2919;2025.06.04 04:24;-12;18.5;19.875;19.8125;193;202;0;
2920;2025.06.04 04:25;-12;18.5625;19.875;19.8125;193;202;0;
2921;2025.06.04 04:26;-12;18.5625;19.875;19.8125;193;202;0;
2922;2025.06.04 04:27;-12;18.5625;19.8125;19.8125;193;202;0;
2923;2025.06.04 04:28;-12;18.625;19.8125;19.75;193;202;0;
2924;2025.06.04 04:29;-12;18.625;19.8125;19.75;194;202;0;
2925;2025.06.04 04:30;-12;18.625;19.8125;19.75;193;202;0;
2926;2025.06.04 04:31;-12;18.625;19.8125;19.75;193;202;0;
2927;2025.06.04 04:32;-12;18.625;19.8125;19.75;193;202;0;
2928;2025.06.04 04:33;-12;18.625;19.8125;19.75;193;202;0;
2929;2025.06.04 04:34;-12;18.5625;19.75;19.75;193;202;0;
2930;2025.06.04 04:35;-12;18.5625;19.75;19.75;193;202;0;
2931;2025.06.04 04:36;-12;18.5625;19.75;19.75;193;202;0;
2932;2025.06.04 04:37;-12;18.5625;19.75;19.75;193;202;0;
2933;2025.06.04 04:38;-12;18.5625;19.75;19.75;193;202;0;
2934;2025.06.04 04:39;-12;18.5625;19.75;19.75;193;202;0;
2935;2025.06.04 04:40;-12;18.625;19.75;19.75;193;202;0;
2936;2025.06.04 04:41;-12;18.5625;19.75;19.75;193;202;0;
2937;2025.06.04 04:42;-12;18.5625;19.75;19.75;193;202;0;
2938;2025.06.04 04:43;-12;18.5;19.75;19.75;193;202;0;
2939;2025.06.04 04:44;-12;18.5;19.75;19.75;193;202;0;
2940;2025.06.04 04:45;-12;18.5;19.75;19.75;193;202;0;
2941;2025.06.04 04:46;-12;18.5;19.75;19.75;193;202;0;
2942;2025.06.04 04:47;-12;18.5;19.75;19.6875;193;202;0;
2943;2025.06.04 04:48;-12;18.5;19.75;19.6875;193;202;0;
2944;2025.06.04 04:49;-12;18.5;19.75;19.6875;193;202;0;
2945;2025.06.04 04:50;-12;18.5;19.75;19.6875;193;202;0;
2946;2025.06.04 04:51;-12;18.5;19.75;19.6875;193;202;0;
2947;2025.06.04 04:52;-12;18.5;19.75;19.6875;193;202;0;
2948;2025.06.04 04:53;-12;18.5;19.75;19.6875;193;202;0;
2949;2025.06.04 04:54;-12;18.5;19.75;19.6875;193;202;0;
2950;2025.06.04 04:55;-12;18.5;19.75;19.625;193;202;0;
2951;2025.06.04 04:56;-12;18.5;19.75;19.625;193;202;0;
2952;2025.06.04 04:57;-12;18.5;19.6875;19.625;193;202;0;
2953;2025.06.04 04:58;-12;18.5;19.6875;19.625;193;202;0;
2954;2025.06.04 04:59;-12;18.5;19.6875;19.625;193;202;0;
2955;2025.06.04 05:00;-12;18.5;19.6875;19.625;193;202;0;
2956;2025.06.04 05:01;-12;18.5;19.6875;19.625;193;202;0;
2957;2025.06.04 05:02;-12;18.5;19.6875;19.625;193;202;0;
2958;2025.06.04 05:03;-12;18.5;19.6875;19.625;193;202;0;
2959;2025.06.04 05:04;-12;18.5;19.6875;19.625;193;202;0;
2960;2025.06.04 05:05;-12;18.5;19.625;19.625;193;202;0;
2961;2025.06.04 05:06;-12;18.5;19.625;19.625;193;202;0;
2962;2025.06.04 05:07;-12;18.5;19.625;19.625;193;202;0;
2963;2025.06.04 05:08;-12;18.5;19.625;19.625;193;202;0;
2964;2025.06.04 05:09;-12;18.5;19.625;19.625;193;202;0;
2965;2025.06.04 05:10;-12;18.5;19.625;19.625;193;202;0;
2966;2025.06.04 05:11;-12;18.5;19.625;19.625;193;202;0;
2967;2025.06.04 05:12;-12;18.5;19.625;19.5625;193;202;0;
2968;2025.06.04 05:13;-12;18.5;19.625;19.5625;193;202;0;
2969;2025.06.04 05:14;-12;18.5;19.625;19.5625;193;202;0;
2970;2025.06.04 05:15;-12;18.5;19.625;19.5625;193;202;0;
2971;2025.06.04 05:16;-12;18.5;19.625;19.5625;193;202;0;
2972;2025.06.04 05:17;-12;18.5;19.625;19.5;193;202;0;
2973;2025.06.04 05:18;-12;18.375;19.625;19.5;193;202;0;
2974;2025.06.04 05:19;-12;18.375;19.625;19.5;193;202;0;
2975;2025.06.04 05:20;-12;18.375;19.625;19.5;193;202;0;
2976;2025.06.04 05:21;-12;18.375;19.625;19.5;193;202;0;
2977;2025.06.04 05:22;-12;18.4375;19.625;19.5;193;202;0;
2978;2025.06.04 05:23;-12;18.4375;19.625;19.5;193;202;0;
2979;2025.06.04 05:24;-12;18.4375;19.625;19.5;193;202;0;
2980;2025.06.04 05:25;-12;18.4375;19.625;19.5;193;202;0;
2981;2025.06.04 05:26;-12;18.375;19.625;19.5;193;202;0;
2982;2025.06.04 05:27;-12;18.375;19.5625;19.5;193;202;0;
2983;2025.06.04 05:28;-12;18.375;19.5625;19.4375;193;202;0;
2984;2025.06.04 05:29;-12;18.375;19.5625;19.4375;193;202;0;
2985;2025.06.04 05:30;-12;18.3125;19.5625;19.4375;193;202;0;
2986;2025.06.04 05:31;-12;18.25;19.5625;19.4375;193;202;0;
2987;2025.06.04 05:32;-12;18.25;19.5625;19.4375;193;202;0;
2988;2025.06.04 05:33;-12;18.25;19.5;19.4375;193;202;0;
2989;2025.06.04 05:34;-12;18.25;19.5;19.4375;193;202;0;
2990;2025.06.04 05:35;-12;18.25;19.5;19.375;193;202;0;
2991;2025.06.04 05:36;-12;18.25;19.5;19.375;193;202;0;
2992;2025.06.04 05:37;-12;18.25;19.5;19.375;193;202;0;
2993;2025.06.04 05:38;-12;18.25;19.5;19.375;193;202;0;
2994;2025.06.04 05:39;-12;18.25;19.5;19.375;193;202;0;
2995;2025.06.04 05:40;-12;18.25;19.5;19.375;193;202;0;
2996;2025.06.04 05:41;-12;18.25;19.5;19.375;193;202;0;
2997;2025.06.04 05:42;-12;18.25;19.5;19.375;193;202;0;
2998;2025.06.04 05:43;-12;18.25;19.5;19.375;193;202;0;
2999;2025.06.04 05:44;-12;18.25;19.5;19.375;193;202;0;
3000;2025.06.04 05:45;-12;18.1875;19.5;19.375;193;202;0;
3001;2025.06.04 05:46;-12;18.1875;19.5;19.375;193;202;0;
3002;2025.06.04 05:47;-12;18.1875;19.5;19.375;193;202;0;
3003;2025.06.04 05:48;-12;18.1875;19.5;19.375;193;202;0;
3004;2025.06.04 05:49;-12;18.1875;19.5;19.375;193;202;0;
3005;2025.06.04 05:50;-12;18.1875;19.5;19.375;193;202;0;
3006;2025.06.04 05:51;-12;18.1875;19.4375;19.375;193;202;0;
3007;2025.06.04 05:52;-12;18.125;19.4375;19.375;193;202;0;
3008;2025.06.04 05:53;-12;18.125;19.4375;19.375;193;202;0;
3009;2025.06.04 05:54;-12;18.125;19.375;19.375;193;202;0;
3010;2025.06.04 05:55;-12;18.125;19.375;19.375;193;202;0;
3011;2025.06.04 05:56;-12;18.125;19.375;19.375;193;202;0;
3012;2025.06.04 05:57;-12;18.125;19.375;19.375;193;202;0;
3013;2025.06.04 05:58;-12;18.125;19.375;19.375;193;202;0;
3014;2025.06.04 05:59;-12;18.125;19.375;19.375;193;202;0;
3015;2025.06.04 06:00;-12;18.125;19.375;19.375;193;202;0;
3016;2025.06.04 06:01;-12;18.125;19.375;19.375;193;202;0;
3017;2025.06.04 06:02;-12;18.125;19.375;19.375;193;202;0;
3018;2025.06.04 06:03;-12;18.125;19.375;19.375;193;202;0;
3019;2025.06.04 06:04;-12;18.125;19.375;19.375;193;202;0;
3020;2025.06.04 06:05;-12;18.125;19.375;19.375;193;202;0;
3021;2025.06.04 06:06;-12;18.125;19.375;19.375;193;202;0;
3022;2025.06.04 06:07;-12;18.125;19.375;19.3125;193;202;0;
3023;2025.06.04 06:08;-12;18.125;19.375;19.3125;193;202;0;
3024;2025.06.04 06:09;-12;18.125;19.375;19.3125;193;202;0;
3025;2025.06.04 06:10;-12;18.125;19.375;19.3125;193;202;0;
3026;2025.06.04 06:11;-12;18.125;19.375;19.3125;193;202;0;
3027;2025.06.04 06:12;-12;18.125;19.375;19.3125;193;202;0;
3028;2025.06.04 06:13;-12;18.125;19.375;19.3125;193;202;0;
3029;2025.06.04 06:14;-12;18.125;19.375;19.25;193;202;0;
3030;2025.06.04 06:15;-12;18.125;19.375;19.25;193;202;0;
3031;2025.06.04 06:16;-12;18.125;19.3125;19.25;193;202;0;
3032;2025.06.04 06:17;-12;18.125;19.3125;19.25;192;202;0;
3033;2025.06.04 06:18;-12;18.125;19.3125;19.25;193;202;0;
3034;2025.06.04 06:19;-12;18.0625;19.3125;19.25;193;202;0;
3035;2025.06.04 06:20;-12;18.0625;19.3125;19.25;192;202;0;
3036;2025.06.04 06:21;-12;18.0625;19.3125;19.25;193;202;0;
3037;2025.06.04 06:22;-12;18.125;19.3125;19.25;192;202;0;
3038;2025.06.04 06:23;-12;18.125;19.25;19.25;192;202;0;
3039;2025.06.04 06:24;-12;18.125;19.3125;19.25;192;202;0;
3040;2025.06.04 06:25;-12;18.125;19.25;19.25;192;202;0;
3041;2025.06.04 06:26;-12;18.0625;19.25;19.25;192;202;0;
3042;2025.06.04 06:27;-12;18.0625;19.25;19.25;192;202;0;
3043;2025.06.04 06:28;-12;18.0625;19.25;19.25;192;202;0;
3044;2025.06.04 06:29;-12;18;19.25;19.25;192;202;0;
3045;2025.06.04 06:30;-12;18;19.25;19.25;192;202;0;
3046;2025.06.04 06:31;-12;18;19.25;19.25;192;202;0;
3047;2025.06.04 06:32;-12;18;19.25;19.25;192;202;0;
3048;2025.06.04 06:33;-12;18;19.25;19.25;192;202;0;
3049;2025.06.04 06:34;-12;18;19.25;19.1875;192;202;0;
3050;2025.06.04 06:35;-12;18;19.25;19.1875;192;202;0;
3051;2025.06.04 06:36;-12;18;19.25;19.25;192;202;0;
3052;2025.06.04 06:37;-12;18;19.25;19.1875;192;202;0;
3053;2025.06.04 06:38;-12;18;19.25;19.1875;192;202;0;
3054;2025.06.04 06:39;-12;18;19.25;19.1875;192;202;0;
3055;2025.06.04 06:40;-12;18;19.25;19.1875;192;202;0;
3056;2025.06.04 06:41;-12;18;19.25;19.1875;192;202;0;
3057;2025.06.04 06:42;-12;17.9375;19.25;19.1875;192;202;0;
3058;2025.06.04 06:43;-12;17.9375;19.25;19.1875;192;202;0;
3059;2025.06.04 06:44;-12;17.875;19.1875;19.125;192;202;0;
3060;2025.06.04 06:45;-12;17.875;19.1875;19.125;192;202;0;
3061;2025.06.04 06:46;-12;17.875;19.1875;19.125;192;202;0;
3062;2025.06.04 06:47;-12;17.875;19.1875;19.125;192;202;0;
3063;2025.06.04 06:48;-12;17.875;19.1875;19.125;192;202;0;
3064;2025.06.04 06:49;-12;17.875;19.1875;19.125;192;202;0;
3065;2025.06.04 06:50;-12;17.875;19.125;19.125;192;202;0;
3066;2025.06.04 06:51;-12;17.875;19.125;19.125;192;202;0;
3067;2025.06.04 06:52;-12;17.875;19.125;19.125;192;202;0;
3068;2025.06.04 06:53;-12;17.875;19.125;19.125;192;202;0;
3069;2025.06.04 06:54;-12;17.875;19.125;19.125;192;202;0;
3070;2025.06.04 06:55;-12;17.875;19.125;19.125;192;202;0;
3071;2025.06.04 06:56;-12;17.875;19.125;19.125;192;202;0;
3072;2025.06.04 06:57;-12;17.875;19.125;19.125;192;202;0;
3073;2025.06.04 06:58;-12;17.875;19.125;19.125;192;202;0;
3074;2025.06.04 06:59;-12;17.875;19.125;19.0625;192;202;0;
3075;2025.06.04 07:00;-12;17.875;19.125;19.0625;192;202;0;
3076;2025.06.04 07:01;-12;17.8125;19.125;19.0625;192;202;0;
3077;2025.06.04 07:02;-12;17.875;19.125;19.0625;192;202;0;
3078;2025.06.04 07:03;-12;17.875;19.125;19.0625;192;202;0;
3079;2025.06.04 07:04;-12;17.875;19.125;19.0625;192;202;0;
3080;2025.06.04 07:05;-12;17.875;19.125;19.0625;192;202;0;
3081;2025.06.04 07:06;-12;17.8125;19.125;19;192;202;0;
3082;2025.06.04 07:07;-12;17.8125;19.125;19;192;202;0;
3083;2025.06.04 07:08;-12;17.8125;19.0625;19;192;202;0;
3084;2025.06.04 07:09;-12;17.75;19.0625;19;192;202;0;
3085;2025.06.04 07:10;-12;17.8125;19.0625;19;192;202;0;
3086;2025.06.04 07:11;-12;17.8125;19.0625;19;192;202;0;
3087;2025.06.04 07:12;-12;17.875;19.0625;19;192;202;0;
3088;2025.06.04 07:13;-12;17.8125;19.0625;19;192;202;0;
3089;2025.06.04 07:14;-12;17.8125;19;19;192;202;0;
3090;2025.06.04 07:15;-12;17.75;19;19;192;202;0;
3091;2025.06.04 07:16;-12;17.75;19;19;192;202;0;
3092;2025.06.04 07:17;-12;17.75;19;19;192;202;0;
3093;2025.06.04 07:18;-12;17.75;19;19;192;202;0;
3094;2025.06.04 07:19;-12;17.75;19;19;192;202;0;
3095;2025.06.04 07:20;-12;17.75;19;19;192;202;0;
3096;2025.06.04 07:21;-12;17.75;19;19;192;202;0;
3097;2025.06.04 07:22;-12;17.75;19;19;192;202;0;
3098;2025.06.04 07:23;-12;17.75;19;19;192;202;0;
3099;2025.06.04 07:24;-12;17.75;19;18.9375;192;202;0;
3100;2025.06.04 07:25;-12;17.75;19;18.9375;192;202;0;
3101;2025.06.04 07:26;-12;17.75;19;18.9375;192;202;0;
3102;2025.06.04 07:27;-12;17.75;19;18.9375;192;202;0;
3103;2025.06.04 07:28;-12;17.75;19;18.9375;192;202;0;
3104;2025.06.04 07:29;-12;17.75;19;18.875;192;202;0;
3105;2025.06.04 07:30;-12;17.75;19;18.875;192;202;0;
3106;2025.06.04 07:31;-12;17.6875;19;18.875;192;202;0;
3107;2025.06.04 07:32;-12;17.6875;18.9375;18.875;192;202;0;
3108;2025.06.04 07:33;-12;17.6875;19;18.875;192;202;0;
3109;2025.06.04 07:34;-12;17.6875;18.9375;18.875;192;202;0;
3110;2025.06.04 07:35;-12;17.6875;18.9375;18.875;192;202;0;
3111;2025.06.04 07:36;-12;17.625;18.9375;18.875;192;202;0;
3112;2025.06.04 07:37;-12;17.625;18.9375;18.875;192;202;0;
3113;2025.06.04 07:38;-12;17.625;18.9375;18.875;192;202;0;
3114;2025.06.04 07:39;-12;17.625;18.9375;18.875;192;202;0;
3115;2025.06.04 07:40;-12;17.625;18.875;18.875;192;202;0;
3116;2025.06.04 07:41;-12;17.625;18.875;18.875;192;202;0;
3117;2025.06.04 07:42;-12;17.625;18.875;18.875;192;202;0;
3118;2025.06.04 07:43;-12;17.625;18.875;18.875;192;202;0;
3119;2025.06.04 07:44;-12;17.625;18.875;18.875;192;202;0;
3120;2025.06.04 07:45;-12;17.625;18.875;18.875;192;202;0;
3121;2025.06.04 07:46;-12;17.625;18.875;18.875;191;202;0;
3122;2025.06.04 07:47;-12;17.625;18.875;18.875;191;202;0;
3123;2025.06.04 07:48;-12;17.625;18.875;18.875;192;202;0;
3124;2025.06.04 07:49;-12;17.625;18.875;18.875;192;202;0;
3125;2025.06.04 07:50;-12;17.625;18.875;18.875;191;202;0;
3126;2025.06.04 07:51;-12;17.625;18.875;18.875;192;202;0;
3127;2025.06.04 07:52;-12;17.625;18.875;18.875;192;202;0;
3128;2025.06.04 07:53;-12;17.625;18.875;18.875;192;202;0;
3129;2025.06.04 07:54;-12;17.625;18.875;18.875;192;202;0;
3130;2025.06.04 07:55;-12;17.625;18.875;18.875;191;202;0;
3131;2025.06.04 07:56;-12;17.625;18.875;18.875;191;202;0;
3132;2025.06.04 07:57;-12;17.625;18.875;18.875;191;202;0;
3133;2025.06.04 07:58;-12;17.625;18.875;18.875;191;202;0;
3134;2025.06.04 07:59;-12;17.625;18.875;18.875;191;202;0;
3135;2025.06.04 08:00;-12;17.625;18.875;18.8125;191;202;0;
3136;2025.06.04 08:01;-12;17.625;18.8125;18.875;191;202;0;
3137;2025.06.04 08:02;-12;17.625;18.8125;18.8125;191;202;0;
3138;2025.06.04 08:03;-12;17.5625;18.8125;18.8125;191;202;0;
3139;2025.06.04 08:04;-12;17.5625;18.8125;18.8125;191;202;0;
3140;2025.06.04 08:05;-12;17.5625;18.8125;18.8125;191;202;0;
3141;2025.06.04 08:06;-12;17.5625;18.8125;18.8125;191;202;0;
3142;2025.06.04 08:07;-12;17.5;18.8125;18.8125;191;202;0;
3143;2025.06.04 08:08;-12;17.5;18.75;18.8125;191;202;0;
3144;2025.06.04 08:09;-12;17.5;18.75;18.75;191;202;0;
3145;2025.06.04 08:10;-12;17.5;18.75;18.8125;191;202;0;
3146;2025.06.04 08:11;-12;17.5;18.75;18.75;191;202;0;
3147;2025.06.04 08:12;-12;17.5;18.75;18.75;191;202;0;
3148;2025.06.04 08:13;-12;17.5;18.75;18.75;191;202;0;
3149;2025.06.04 08:14;-12;17.5;18.75;18.75;191;202;0;
3150;2025.06.04 08:15;-12;17.5;18.75;18.75;191;202;0;
3151;2025.06.04 08:16;-12;17.5;18.75;18.75;191;202;0;
3152;2025.06.04 08:17;-12;17.4375;18.75;18.75;191;202;0;
3153;2025.06.04 08:18;-12;17.4375;18.75;18.75;191;202;0;
3154;2025.06.04 08:19;-12;17.4375;18.75;18.75;191;202;0;
3155;2025.06.04 08:20;-12;17.4375;18.75;18.75;191;202;0;
3156;2025.06.04 08:21;-12;17.4375;18.75;18.75;191;202;0;
3157;2025.06.04 08:22;-12;17.4375;18.75;18.75;191;202;0;
3158;2025.06.04 08:23;-12;17.5;18.75;18.75;191;202;0;
3159;2025.06.04 08:24;-12;17.4375;18.75;18.75;191;202;0;
3160;2025.06.04 08:25;-12;17.4375;18.75;18.75;191;202;0;
3161;2025.06.04 08:26;-12;17.4375;18.75;18.75;191;202;0;
3162;2025.06.04 08:27;-12;17.4375;18.75;18.75;191;202;0;
3163;2025.06.04 08:28;-12;17.4375;18.75;18.75;191;202;0;
3164;2025.06.04 08:29;-12;17.375;18.6875;18.6875;191;202;0;
3165;2025.06.04 08:30;-12;17.375;18.6875;18.6875;191;202;0;
3166;2025.06.04 08:31;-12;17.375;18.6875;18.6875;191;202;0;
3167;2025.06.04 08:32;-12;17.375;18.6875;18.6875;191;202;0;
3168;2025.06.04 08:33;-12;17.375;18.6875;18.6875;191;202;0;
3169;2025.06.04 08:34;-12;17.375;18.6875;18.6875;191;202;0;
3170;2025.06.04 08:35;-12;17.375;18.625;18.625;191;202;0;
3171;2025.06.04 08:36;-12;17.375;18.625;18.625;191;202;0;
3172;2025.06.04 08:37;-12;17.375;18.625;18.625;191;202;0;
3173;2025.06.04 08:38;-12;17.375;18.625;18.625;191;202;0;
3174;2025.06.04 08:39;-12;17.3125;18.625;18.625;191;202;0;
3175;2025.06.04 08:40;-12;17.3125;18.625;18.625;191;202;0;
3176;2025.06.04 08:41;-12;17.3125;18.625;18.625;191;202;0;
3177;2025.06.04 08:42;-12;17.3125;18.625;18.625;191;202;0;
3178;2025.06.04 08:43;-12;17.25;18.625;18.625;191;202;0;
3179;2025.06.04 08:44;-12;17.25;18.625;18.625;191;202;0;
3180;2025.06.04 08:45;-12;17.25;18.625;18.625;191;202;0;
3181;2025.06.04 08:46;-12;17.25;18.625;18.625;191;202;0;
3182;2025.06.04 08:47;-12;17.25;18.625;18.625;191;202;0;
3183;2025.06.04 08:48;-12;17.25;18.625;18.625;191;202;0;
3184;2025.06.04 08:49;-12;17.25;18.625;18.625;191;202;0;
3185;2025.06.04 08:50;-12;17.25;18.625;18.625;191;202;0;
3186;2025.06.04 08:51;-12;17.25;18.625;18.625;191;202;0;
3187;2025.06.04 08:52;-12;17.25;18.625;18.625;191;202;0;
3188;2025.06.04 08:53;-12;17.25;18.625;18.625;191;202;0;
3189;2025.06.04 08:54;-12;17.25;18.5625;18.625;191;202;0;
3190;2025.06.04 08:55;-12;17.25;18.5625;18.625;191;202;0;
3191;2025.06.04 08:56;-12;17.25;18.5625;18.5625;191;202;0;
3192;2025.06.04 08:57;-12;17.25;18.5625;18.5625;191;202;0;
3193;2025.06.04 08:58;-12;17.25;18.5625;18.5625;191;202;0;
3194;2025.06.04 08:59;-12;17.25;18.5625;18.5625;191;202;0;
3195;2025.06.04 09:00;-12;17.25;18.5;18.5625;191;202;0;
3196;2025.06.04 09:01;-12;17.25;18.5;18.5625;191;202;0;
3197;2025.06.04 09:02;-12;17.25;18.5;18.5625;191;202;0;
3198;2025.06.04 09:03;-12;17.25;18.5;18.5;191;202;0;
3199;2025.06.04 09:04;-12;17.25;18.5;18.5;191;202;0;
3200;2025.06.04 09:05;-12;17.25;18.5;18.5;191;202;0;
3201;2025.06.04 09:06;-12;17.25;18.5;18.5;191;202;0;
3202;2025.06.04 09:07;-12;17.25;18.5;18.5;191;202;0;
3203;2025.06.04 09:08;-12;17.25;18.5;18.5;191;202;0;
3204;2025.06.04 09:09;-12;17.1875;18.5;18.5;191;202;0;
3205;2025.06.04 09:10;-12;17.1875;18.5;18.5;190;202;0;
3206;2025.06.04 09:11;-12;17.125;18.5;18.5;190;202;0;
3207;2025.06.04 09:12;-12;17.125;18.5;18.5;190;202;0;
3208;2025.06.04 09:13;-12;17.125;18.5;18.5;190;202;0;
3209;2025.06.04 09:14;-12;17.125;18.5;18.5;191;202;0;
3210;2025.06.04 09:15;-12;17.125;18.5;18.5;190;202;0;
3211;2025.06.04 09:16;-12;17.125;18.5;18.5;191;202;0;
3212;2025.06.04 09:17;-12;17.125;18.5;18.5;191;202;0;
3213;2025.06.04 09:18;-12;17.125;18.5;18.5;190;202;0;
3214;2025.06.04 09:19;-12;17.125;18.5;18.5;190;202;0;
3215;2025.06.04 09:20;-12;17.125;18.4375;18.5;190;202;0;
3216;2025.06.04 09:21;-12;17.125;18.5;18.5;190;202;0;
3217;2025.06.04 09:22;-12;17.1875;18.5;18.5;190;202;0;
3218;2025.06.04 09:23;-12;17.1875;18.4375;18.5;190;202;0;
3219;2025.06.04 09:24;-12;17.1875;18.4375;18.5;190;202;0;
3220;2025.06.04 09:25;-12;17.1875;18.4375;18.5;190;202;0;
3221;2025.06.04 09:26;-12;17.25;18.4375;18.4375;191;202;0;
3222;2025.06.04 09:27;-12;17.25;18.4375;18.4375;190;202;0;
3223;2025.06.04 09:28;-12;17.25;18.4375;18.4375;190;202;0;
3224;2025.06.04 09:29;-12;17.25;18.4375;18.4375;190;202;0;
3225;2025.06.04 09:30;-12;17.25;18.4375;18.4375;190;202;0;
3226;2025.06.04 09:31;-12;17.25;18.4375;18.4375;190;202;0;
3227;2025.06.04 09:32;-12;17.25;18.375;18.375;190;202;0;
3228;2025.06.04 09:33;-12;17.25;18.375;18.375;191;202;0;
3229;2025.06.04 09:34;-12;17.25;18.375;18.375;190;202;0;
3230;2025.06.04 09:35;-12;17.25;18.375;18.375;191;202;0;
3231;2025.06.04 09:36;-12;17.25;18.375;18.375;190;202;0;
3232;2025.06.04 09:37;-12;17.25;18.375;18.375;191;202;0;
3233;2025.06.04 09:38;-12;17.25;18.375;18.375;191;202;0;
3234;2025.06.04 09:39;-12;17.375;18.375;18.375;191;202;0;
3235;2025.06.04 09:40;-12;17.375;18.375;18.375;191;202;0;
3236;2025.06.04 09:41;-12;17.4375;18.375;18.375;191;202;0;
3237;2025.06.04 09:42;-12;17.5;18.375;18.375;191;202;0;
3238;2025.06.04 09:43;-12;17.5625;18.375;18.375;191;202;0;
3239;2025.06.04 09:44;-12;17.625;18.375;18.375;191;202;0;
3240;2025.06.04 09:45;-12;17.6875;18.375;18.375;191;202;0;
3241;2025.06.04 09:46;-12;17.75;18.375;18.375;191;202;0;
3242;2025.06.04 09:47;-12;17.75;18.375;18.375;191;202;0;
3243;2025.06.04 09:48;-12;17.8125;18.375;18.375;191;202;0;
3244;2025.06.04 09:49;-12;17.875;18.375;18.375;191;202;0;
3245;2025.06.04 09:50;-12;17.875;18.375;18.375;191;202;0;
3246;2025.06.04 09:51;-12;17.9375;18.375;18.375;191;202;0;
3247;2025.06.04 09:52;-12;18.375;18.625;18.5;148;202;0;
3248;2025.06.04 09:53;-12;19.375;18.6875;19;187;202;0;
3249;2025.06.04 09:54;-12;19.75;18.75;19.25;188;202;0;
3250;2025.06.04 09:55;-12;19.875;18.875;19.4375;189;202;0;
3251;2025.06.04 09:56;-12;20;19;19.5625;189;202;0;
3252;2025.06.04 09:57;-12;20.125;19.125;19.625;190;202;0;
3253;2025.06.04 09:58;-12;20.125;19.1875;19.75;190;202;0;
3254;2025.06.04 09:59;-12;20.1875;19.25;19.875;190;202;0;
3255;2025.06.04 10:00;-12;20.25;19.375;19.875;190;202;0;
3256;2025.06.04 10:01;-12;20.25;19.4375;20;191;202;0;
3257;2025.06.04 10:02;-12;20.3125;19.5;20;191;202;0;
3258;2025.06.04 10:03;-12;20.3125;19.5625;20.0625;191;202;0;
3259;2025.06.04 10:04;-12;20.3125;19.625;20.125;191;202;0;
3260;2025.06.04 10:05;-12;20.375;19.6875;20.125;192;202;0;
3261;2025.06.04 10:06;-12;20.375;19.75;20.1875;192;202;0;
3262;2025.06.04 10:07;-12;20.375;19.75;20.25;192;202;0;
3263;2025.06.04 10:08;-12;20.375;19.875;20.25;192;202;0;
3264;2025.06.04 10:09;-12;20.375;19.875;20.3125;192;202;0;
3265;2025.06.04 10:10;-12;20.375;19.9375;20.3125;192;202;0;
3266;2025.06.04 10:11;-12;20.375;20;20.375;192;202;0;
3267;2025.06.04 10:12;-12;20.375;20;20.375;192;202;0;
3268;2025.06.04 10:13;-12;20.375;20.0625;20.375;192;202;0;
3269;2025.06.04 10:14;-12;20.375;20.125;20.375;193;202;0;
3270;2025.06.04 10:15;-12;20.375;20.125;20.4375;193;202;0;
3271;2025.06.04 10:16;-12;20.375;20.125;20.4375;193;202;0;
3272;2025.06.04 10:17;-12;20.375;20.1875;20.5;193;202;0;
3273;2025.06.04 10:18;-12;20.4375;20.25;20.5;193;202;0;
3274;2025.06.04 10:19;-12;20.4375;20.25;20.5;193;202;0;
3275;2025.06.04 10:20;-12;20.4375;20.25;20.5;193;202;0;
3276;2025.06.04 10:21;-12;20.4375;20.3125;20.5;193;202;0;
3277;2025.06.04 10:22;-12;20.4375;20.3125;20.5;193;202;0;
3278;2025.06.04 10:23;-12;20.4375;20.375;20.5;193;202;0;
3279;2025.06.04 10:24;-12;20.4375;20.375;20.5;193;202;0;
3280;2025.06.04 10:25;-12;20.4375;20.375;20.5;193;202;0;
3281;2025.06.04 10:26;-12;20.4375;20.375;20.5625;193;202;0;
3282;2025.06.04 10:27;-12;20.4375;20.4375;20.5625;193;202;0;
3283;2025.06.04 10:28;-12;20.5;20.4375;20.5625;193;202;0;
3284;2025.06.04 10:29;-12;20.5;20.5;20.5625;193;202;0;
3285;2025.06.04 10:30;-12;20.5;20.5;20.625;194;202;0;
3286;2025.06.04 10:31;-12;20.5;20.5;20.5625;194;202;0;
3287;2025.06.04 10:32;-12;20.5;20.5;20.5625;194;202;0;
3288;2025.06.04 10:33;-12;20.5;20.5;20.625;194;202;0;
3289;2025.06.04 10:34;-12;20.5;20.5625;20.625;194;202;0;
3290;2025.06.04 10:35;-12;20.5;20.5625;20.625;194;202;0;
3291;2025.06.04 10:36;-12;20.5;20.5625;20.625;194;202;0;
3292;2025.06.04 10:37;-12;20.5;20.625;20.625;194;202;0;
3293;2025.06.04 10:38;-12;20.5;20.625;20.625;194;202;0;
3294;2025.06.04 10:39;-12;20.5;20.625;20.625;194;202;0;
3295;2025.06.04 10:40;-12;20.5;20.625;20.625;194;202;0;
3296;2025.06.04 10:41;-12;20.5;20.625;20.625;194;202;0;
3297;2025.06.04 10:42;-12;20.5;20.625;20.625;194;202;0;
3298;2025.06.04 10:43;-12;20.5;20.625;20.625;194;202;0;
3299;2025.06.04 10:44;-12;20.5;20.625;20.625;194;202;0;
3300;2025.06.04 10:45;-12;20.5;20.625;20.625;194;202;0;
3301;2025.06.04 10:46;-12;20.5;20.6875;20.625;194;202;0;
3302;2025.06.04 10:47;-12;20.5;20.6875;20.6875;194;202;0;
3303;2025.06.04 10:48;-12;20.5;20.6875;20.6875;194;202;0;
3304;2025.06.04 10:49;-12;20.5;20.75;20.6875;194;202;0;
3305;2025.06.04 10:50;-12;20.5625;20.75;20.6875;194;202;0;
3306;2025.06.04 10:51;-12;20.5625;20.75;20.6875;194;202;0;
3307;2025.06.04 10:52;-12;20.5625;20.75;20.6875;194;202;0;
3308;2025.06.04 10:53;-12;20.5625;20.75;20.75;195;202;0;
3309;2025.06.04 10:54;-12;20.5625;20.75;20.75;195;202;0;
3310;2025.06.04 10:55;-12;20.5625;20.75;20.75;195;202;0;
3311;2025.06.04 10:56;-12;20.5625;20.75;20.75;195;202;0;
3312;2025.06.04 10:57;-12;20.625;20.75;20.75;195;202;0;
3313;2025.06.04 10:58;-12;20.625;20.75;20.75;195;202;0;
3314;2025.06.04 10:59;-12;20.625;20.75;20.75;195;202;0;
3315;2025.06.04 11:00;-12;20.625;20.75;20.75;195;202;0;
3316;2025.06.04 11:01;-12;20.625;20.75;20.75;195;202;0;
3317;2025.06.04 11:02;-12;20.625;20.8125;20.75;195;202;0;
3318;2025.06.04 11:03;-12;20.625;20.8125;20.75;195;202;0;
3319;2025.06.04 11:04;-12;20.625;20.8125;20.75;195;202;0;
3320;2025.06.04 11:05;-12;20.625;20.8125;20.75;195;202;0;
3321;2025.06.04 11:06;-12;20.625;20.8125;20.75;195;202;0;
3322;2025.06.04 11:07;-12;20.625;20.875;20.75;195;202;0;
3323;2025.06.04 11:08;-12;20.625;20.875;20.75;195;202;0;
3324;2025.06.04 11:09;-12;20.6875;20.875;20.75;195;202;0;
3325;2025.06.04 11:10;-12;20.6875;20.875;20.75;195;202;0;
3326;2025.06.04 11:11;-12;20.6875;20.875;20.75;195;202;0;
3327;2025.06.04 11:12;-12;20.6875;20.875;20.75;195;202;0;
3328;2025.06.04 11:13;-12;20.6875;20.875;20.8125;195;202;0;
3329;2025.06.04 11:14;-12;20.75;20.875;20.75;195;202;0;
3330;2025.06.04 11:15;-12;20.75;20.875;20.8125;195;202;0;
3331;2025.06.04 11:16;-12;20.75;20.875;20.8125;195;202;0;
3332;2025.06.04 11:17;-12;20.75;20.875;20.8125;195;202;0;
3333;2025.06.04 11:18;-12;20.75;20.875;20.8125;195;202;0;
3334;2025.06.04 11:19;-12;20.75;20.875;20.8125;195;202;0;
3335;2025.06.04 11:20;-12;20.75;20.875;20.875;195;202;0;
3336;2025.06.04 11:21;-12;20.75;20.875;20.8125;195;202;0;
3337;2025.06.04 11:22;-12;20.75;20.9375;20.875;195;202;0;
3338;2025.06.04 11:23;-12;20.75;20.9375;20.875;195;202;0;
3339;2025.06.04 11:24;-12;20.75;20.9375;20.875;195;202;0;
3340;2025.06.04 11:25;-12;20.75;20.9375;20.875;195;202;0;
3341;2025.06.04 11:26;-12;20.8125;21;20.875;195;202;0;
3342;2025.06.04 11:27;-12;20.8125;21;20.875;196;202;0;
3343;2025.06.04 11:28;-12;20.8125;21;20.875;196;202;0;
3344;2025.06.04 11:29;-12;20.8125;21;20.875;196;202;0;
3345;2025.06.04 11:30;-12;20.8125;21;20.875;196;202;0;
3346;2025.06.04 11:31;-12;20.875;21;20.875;196;202;0;
3347;2025.06.04 11:32;-12;20.875;21;20.875;196;202;0;
3348;2025.06.04 11:33;-12;20.875;21;20.875;196;202;0;
3349;2025.06.04 11:34;-12;20.875;21;20.875;196;202;0;
3350;2025.06.04 11:35;-12;20.875;21;20.875;196;202;0;
3351;2025.06.04 11:36;-12;20.875;21;20.875;196;202;0;
3352;2025.06.04 11:37;-12;20.875;21;20.875;196;202;0;
3353;2025.06.04 11:38;-12;20.875;21;20.875;196;202;0;
3354;2025.06.04 11:39;-12;20.875;21;20.875;196;202;0;
3355;2025.06.04 11:40;-12;20.875;21;20.9375;196;202;0;
3356;2025.06.04 11:41;-12;20.875;21.0625;20.9375;196;202;0;
3357;2025.06.04 11:42;-12;20.875;21.0625;20.9375;196;202;0;
3358;2025.06.04 11:43;-12;20.875;21.0625;20.9375;196;202;0;
3359;2025.06.04 11:44;-12;20.875;21.0625;20.9375;196;202;0;
3360;2025.06.04 11:45;-12;20.9375;21.0625;20.9375;196;202;0;
3361;2025.06.04 11:46;-12;20.9375;21.0625;20.9375;196;202;0;
3362;2025.06.04 11:47;-12;20.9375;21.125;20.9375;196;202;0;
3363;2025.06.04 11:48;-12;20.9375;21.125;21;196;202;0;
3364;2025.06.04 11:49;-12;20.9375;21.125;21;196;202;0;
3365;2025.06.04 11:50;-12;21;21.125;21;196;202;0;
3366;2025.06.04 11:51;-12;21;21.125;21;196;202;0;
3367;2025.06.04 11:52;-12;21;21.125;21;196;202;0;
3368;2025.06.04 11:53;-12;21;21.125;21;196;202;0;
3369;2025.06.04 11:54;-12;21;21.125;21;196;202;0;
3370;2025.06.04 11:55;-12;21;21.125;21;196;202;0;
3371;2025.06.04 11:56;-12;21;21.125;21;196;202;0;
3372;2025.06.04 11:57;-12;21;21.125;21;196;202;0;
3373;2025.06.04 11:58;-12;21;21.125;21;196;202;0;
3374;2025.06.04 11:59;-12;21;21.125;21;196;202;0;
3375;2025.06.04 12:00;-12;21;21.125;21;196;202;0;
3376;2025.06.04 12:01;-12;21;21.125;21;196;202;0;
3377;2025.06.04 12:02;-12;21;21.125;21;196;202;0;
3378;2025.06.04 12:03;-12;21.0625;21.125;21;197;202;0;
3379;2025.06.04 12:04;-12;21;21.125;21;196;202;0;
3380;2025.06.04 12:05;-12;21;21.125;20.9375;196;202;0;
3381;2025.06.04 12:06;-12;21;21.125;20.875;196;202;0;
3382;2025.06.04 12:07;-12;21;21.125;20.875;229;202;0;
3383;2025.06.04 12:08;-12;21;21.125;20.875;229;202;0;
3384;2025.06.04 12:09;-12;21;21.125;20.875;229;202;0;
3385;2025.06.04 12:10;-12;21.0625;21.125;20.875;229;202;0;
3386;2025.06.04 12:11;-12;21.125;21.125;20.875;229;202;0;
3387;2025.06.04 12:12;-12;21.125;21.125;20.875;229;202;0;
3388;2025.06.04 12:13;-12;21.125;21.125;20.9375;229;202;0;
3389;2025.06.04 12:14;-12;21.125;21.1875;20.9375;229;202;0;
3390;2025.06.04 12:15;-12;21.125;21.1875;20.9375;229;202;0;
3391;2025.06.04 12:16;-12;21.125;21.1875;20.9375;229;202;0;
3392;2025.06.04 12:17;-12;21.125;21.1875;21;229;202;0;
3393;2025.06.04 12:18;-12;21.125;21.1875;21;220;202;0;
3394;2025.06.04 12:19;-12;21.0625;21.1875;21;220;202;0;
3395;2025.06.04 12:20;-12;21.0625;21.25;21;220;202;0;
3396;2025.06.04 12:21;-12;21.0625;21.25;21;220;202;0;
3397;2025.06.04 12:22;-12;21.0625;21.25;21;220;202;0;
3398;2025.06.04 12:23;-12;21.0625;21.25;21;220;202;0;
3399;2025.06.04 12:24;-12;21.0625;21.25;21;220;202;0;
3400;2025.06.04 12:25;-12;21.0625;21.25;21;220;202;0;
3401;2025.06.04 12:26;-12;21.0625;21.25;21;220;202;0;
3402;2025.06.04 12:27;-12;21.0625;21.25;21;220;202;0;
3403;2025.06.04 12:28;-12;21.125;21.25;21.0625;220;202;0;
3404;2025.06.04 12:29;-12;21.125;21.25;21.0625;220;202;0;
3405;2025.06.04 12:30;-12;21.125;21.25;21.0625;220;202;0;
3406;2025.06.04 12:31;-12;21.125;21.25;21.0625;220;202;0;
3407;2025.06.04 12:32;-12;21.125;21.25;21.125;220;202;0;
3408;2025.06.04 12:33;-12;21.125;21.25;21.125;220;202;0;
3409;2025.06.04 12:34;-12;21.125;21.25;21.125;220;202;0;
3410;2025.06.04 12:35;-12;21.125;21.25;21.125;220;202;0;
3411;2025.06.04 12:36;-12;21.125;21.25;21.125;220;202;0;
3412;2025.06.04 12:37;-12;21.125;21.25;21.125;220;202;0;
3413;2025.06.04 12:38;-12;21.125;21.25;21.125;220;202;0;
3414;2025.06.04 12:39;-12;21.125;21.3125;21.125;220;202;0;
3415;2025.06.04 12:40;-12;21.125;21.3125;21.125;220;202;0;
3416;2025.06.04 12:41;-12;21.125;21.3125;21.125;220;202;0;
3417;2025.06.04 12:42;-12;21.125;21.3125;21.125;220;202;0;
3418;2025.06.04 12:43;-12;21.125;21.3125;21.125;220;202;0;
3419;2025.06.04 12:44;-12;21.125;21.3125;21.125;220;202;0;
3420;2025.06.04 12:45;-12;21.125;21.375;21.125;220;202;0;
3421;2025.06.04 12:46;-12;21.125;21.375;21.125;220;202;0;
3422;2025.06.04 12:47;-12;21.125;21.375;21.125;220;202;0;
3423;2025.06.04 12:48;-12;21.125;21.375;21.125;220;202;0;
3424;2025.06.04 12:49;-12;21.125;21.375;21.125;220;202;0;
3425;2025.06.04 12:50;-12;21.125;21.375;21.125;220;202;0;
3426;2025.06.04 12:51;-12;21.1875;21.375;21.125;220;202;0;
3427;2025.06.04 12:52;-12;21.1875;21.375;21.125;220;202;0;
3428;2025.06.04 12:53;-12;21.1875;21.375;21.125;220;202;0;
3429;2025.06.04 12:54;-12;21.1875;21.375;21.1875;220;202;0;
3430;2025.06.04 12:55;-12;21.1875;21.375;21.1875;220;202;0;
3431;2025.06.04 12:56;-12;21.1875;21.375;21.1875;220;202;0;
3432;2025.06.04 12:57;-12;21.1875;21.375;21.1875;220;202;0;
3433;2025.06.04 12:58;-12;21.25;21.375;21.1875;221;202;0;
3434;2025.06.04 12:59;-12;21.25;21.375;21.1875;221;202;0;
3435;2025.06.04 13:00;-12;21.25;21.375;21.1875;221;202;0;
3436;2025.06.04 13:01;-12;21.25;21.375;21.25;221;202;0;
3437;2025.06.04 13:02;-12;21.25;21.375;21.25;221;202;0;
3438;2025.06.04 13:03;-12;21.25;21.375;21.25;221;202;0;
3439;2025.06.04 13:04;-12;21.25;21.375;21.25;221;202;0;
3440;2025.06.04 13:05;-12;21.25;21.375;21.25;221;202;0;
3441;2025.06.04 13:06;-12;21.25;21.375;21.25;221;202;0;
3442;2025.06.04 13:07;-12;21.25;21.375;21.25;221;202;0;
3443;2025.06.04 13:08;-12;21.25;21.375;21.25;221;202;0;
3444;2025.06.04 13:09;-12;21.25;21.375;21.25;221;202;0;
3445;2025.06.04 13:10;-12;21.25;21.375;21.25;221;202;0;
3446;2025.06.04 13:11;-12;21.25;21.4375;21.25;221;202;0;
3447;2025.06.04 13:12;-12;21.25;21.4375;21.25;221;202;0;
3448;2025.06.04 13:13;-12;21.25;21.4375;21.25;221;202;0;
3449;2025.06.04 13:14;-12;21.25;21.4375;21.25;221;202;0;
3450;2025.06.04 13:15;-12;21.25;21.4375;21.25;221;202;0;
3451;2025.06.04 13:16;-12;21.25;21.4375;21.25;221;202;0;
3452;2025.06.04 13:17;-12;21.25;21.4375;21.25;221;202;0;
3453;2025.06.04 13:18;-12;21.3125;21.5;21.25;221;202;0;
3454;2025.06.04 13:19;-12;21.3125;21.5;21.25;221;202;0;
3455;2025.06.04 13:20;-12;21.3125;21.5;21.25;221;202;0;
3456;2025.06.04 13:21;-12;21.3125;21.5;21.25;221;202;0;
3457;2025.06.04 13:22;-12;21.3125;21.5;21.3125;221;202;0;
3458;2025.06.04 13:23;-12;21.3125;21.5;21.3125;221;202;0;
3459;2025.06.04 13:24;-12;21.3125;21.5;21.3125;221;202;0;
3460;2025.06.04 13:25;-12;21.375;21.5;21.3125;221;202;0;
3461;2025.06.04 13:26;-12;21.375;21.5;21.3125;221;202;0;
3462;2025.06.04 13:27;-12;21.375;21.5;21.3125;221;202;0;
3463;2025.06.04 13:28;-12;21.375;21.5;21.3125;221;202;0;
3464;2025.06.04 13:29;-12;21.375;21.5;21.375;221;202;0;
3465;2025.06.04 13:30;-12;21.375;21.5;21.375;221;202;0;
3466;2025.06.04 13:31;-12;21.375;21.5;21.375;221;202;0;
3467;2025.06.04 13:32;-12;21.375;21.5;21.375;221;202;0;
3468;2025.06.04 13:33;-12;21.375;21.5;21.375;221;202;0;
3469;2025.06.04 13:34;-12;21.375;21.5;21.375;221;202;0;
3470;2025.06.04 13:35;-12;21.375;21.5;21.375;221;202;0;
3471;2025.06.04 13:36;-12;21.375;21.5;21.375;221;202;0;
3472;2025.06.04 13:37;-12;21.375;21.5;21.375;221;202;0;
3473;2025.06.04 13:38;-12;21.375;21.5;21.375;221;202;0;
3474;2025.06.04 13:39;-12;21.375;21.5;21.375;221;202;0;
3475;2025.06.04 13:40;-12;21.375;21.5;21.375;221;202;0;
3476;2025.06.04 13:41;-12;21.375;21.5;21.375;221;202;0;
3477;2025.06.04 13:42;-12;21.375;21.5625;21.375;221;202;0;
3478;2025.06.04 13:43;-12;21.375;21.5625;21.375;221;202;0;
3479;2025.06.04 13:44;-12;21.375;21.5625;21.375;221;202;0;
3480;2025.06.04 13:45;-12;21.4375;21.5625;21.375;221;202;0;
3481;2025.06.04 13:46;-12;21.4375;21.5625;21.375;221;202;0;
3482;2025.06.04 13:47;-12;21.4375;21.5625;21.375;221;202;0;
3483;2025.06.04 13:48;-12;21.4375;21.625;21.375;221;202;0;
3484;2025.06.04 13:49;-12;21.4375;21.625;21.375;221;202;0;
3485;2025.06.04 13:50;-12;21.4375;21.625;21.4375;221;202;0;
3486;2025.06.04 13:51;-12;21.4375;21.625;21.4375;221;202;0;
3487;2025.06.04 13:52;-12;21.5;21.625;21.4375;221;202;0;
3488;2025.06.04 13:53;-12;21.5;21.625;21.4375;222;202;0;
3489;2025.06.04 13:54;-12;21.5;21.625;21.4375;222;202;0;
3490;2025.06.04 13:55;-12;21.5;21.625;21.4375;222;202;0;
3491;2025.06.04 13:56;-12;21.5;21.625;21.4375;222;202;0;
3492;2025.06.04 13:57;-12;21.5;21.625;21.5;222;202;0;
3493;2025.06.04 13:58;-12;21.5;21.625;21.5;222;202;0;
3494;2025.06.04 13:59;-12;21.5;21.625;21.5;222;202;0;
3495;2025.06.04 14:00;-12;21.5;21.625;21.5;222;202;0;
3496;2025.06.04 14:01;-12;21.5;21.625;21.5;222;202;0;
3497;2025.06.04 14:02;-12;21.5;21.625;21.5;222;202;0;
3498;2025.06.04 14:03;-12;21.5;21.625;21.5;222;202;0;
3499;2025.06.04 14:04;-12;21.5;21.625;21.5;222;202;0;
3500;2025.06.04 14:05;-12;21.5;21.625;21.5;222;202;0;
3501;2025.06.04 14:06;-12;21.5;21.625;21.5;222;202;0;
3502;2025.06.04 14:07;-12;21.5;21.625;21.5;222;202;0;
3503;2025.06.04 14:08;-12;21.5;21.625;21.5;222;202;0;
3504;2025.06.04 14:09;-12;21.5;21.6875;21.5;222;202;0;
3505;2025.06.04 14:10;-12;21.5625;21.6875;21.5;222;202;0;
3506;2025.06.04 14:11;-12;21.5;21.6875;21.5;222;202;0;
3507;2025.06.04 14:12;-12;21.5625;21.6875;21.5;222;202;0;
3508;2025.06.04 14:13;-12;21.5625;21.6875;21.5;222;202;0;
3509;2025.06.04 14:14;-12;21.5625;21.6875;21.5;222;202;0;
3510;2025.06.04 14:15;-12;21.5625;21.6875;21.5;222;202;0;
3511;2025.06.04 14:16;-12;21.5625;21.6875;21.5;222;202;0;
3512;2025.06.04 14:17;-12;21.5625;21.6875;21.5;222;202;0;
3513;2025.06.04 14:18;-12;21.5625;21.75;21.5;222;202;0;
3514;2025.06.04 14:19;-12;21.625;21.75;21.5;222;202;0;
3515;2025.06.04 14:20;-12;21.625;21.75;21.5;222;202;0;
3516;2025.06.04 14:21;-12;21.625;21.75;21.5;222;202;0;
3517;2025.06.04 14:22;-12;21.625;21.75;21.5;222;202;0;
3518;2025.06.04 14:23;-12;21.625;21.75;21.5;222;202;0;
3519;2025.06.04 14:24;-12;21.625;21.75;21.5625;222;202;0;
3520;2025.06.04 14:25;-12;21.625;21.75;21.5625;222;202;0;
3521;2025.06.04 14:26;-12;21.625;21.75;21.5625;222;202;0;
3522;2025.06.04 14:27;-12;21.625;21.75;21.5625;222;202;0;
3523;2025.06.04 14:28;-12;21.625;21.75;21.5625;222;202;0;
3524;2025.06.04 14:29;-12;21.625;21.75;21.5625;222;202;0;
3525;2025.06.04 14:30;-12;21.625;21.75;21.5625;222;202;0;
3526;2025.06.04 14:31;-12;21.625;21.75;21.5625;222;202;0;
3527;2025.06.04 14:32;-12;21.625;21.75;21.5625;222;202;0;
3528;2025.06.04 14:33;-12;21.625;21.75;21.625;222;202;0;
3529;2025.06.04 14:34;-12;21.625;21.75;21.625;222;202;0;
3530;2025.06.04 14:35;-12;21.625;21.75;21.625;222;202;0;
3531;2025.06.04 14:36;-12;21.625;21.75;21.625;222;202;0;
3532;2025.06.04 14:37;-12;21.625;21.75;21.625;222;202;0;
3533;2025.06.04 14:38;-12;21.625;21.75;21.625;222;202;0;
3534;2025.06.04 14:39;-12;21.6875;21.75;21.625;222;202;0;
3535;2025.06.04 14:40;-12;21.6875;21.75;21.625;222;202;0;
3536;2025.06.04 14:41;-12;21.6875;21.75;21.625;222;202;0;
3537;2025.06.04 14:42;-12;21.6875;21.8125;21.625;222;202;0;
3538;2025.06.04 14:43;-12;21.6875;21.8125;21.625;222;202;0;
3539;2025.06.04 14:44;-12;21.6875;21.8125;21.625;222;202;0;
3540;2025.06.04 14:45;-12;21.6875;21.8125;21.625;222;202;0;
3541;2025.06.04 14:46;-12;21.75;21.8125;21.625;222;202;0;
3542;2025.06.04 14:47;-12;21.75;21.8125;21.625;222;202;0;
3543;2025.06.04 14:48;-12;21.75;21.8125;21.625;223;202;0;
3544;2025.06.04 14:49;-12;21.75;21.8125;21.625;222;202;0;
3545;2025.06.04 14:50;-12;21.75;21.875;21.625;223;202;0;
3546;2025.06.04 14:51;-12;21.75;21.875;21.625;222;202;0;
3547;2025.06.04 14:52;-12;21.75;21.875;21.625;223;202;0;
3548;2025.06.04 14:53;-12;21.75;21.875;21.625;222;202;0;
3549;2025.06.04 14:54;-12;21.75;21.875;21.625;223;202;0;
3550;2025.06.04 14:55;-12;21.75;21.875;21.625;223;202;0;
3551;2025.06.04 14:56;-12;21.75;21.875;21.625;223;202;0;
3552;2025.06.04 14:57;-12;21.75;21.875;21.625;223;202;0;
3553;2025.06.04 14:58;-12;21.75;21.875;21.625;223;202;0;
3554;2025.06.04 14:59;-12;21.75;21.875;21.625;223;202;0;
3555;2025.06.04 15:00;-12;21.75;21.875;21.625;223;202;0;
3556;2025.06.04 15:01;-12;21.75;21.875;21.625;223;202;0;
3557;2025.06.04 15:02;-12;21.75;21.875;21.625;223;202;0;
3558;2025.06.04 15:03;-12;21.75;21.875;21.6875;223;202;0;
3559;2025.06.04 15:04;-12;21.75;21.875;21.6875;223;202;0;
3560;2025.06.04 15:05;-12;21.75;21.875;21.6875;223;202;0;
3561;2025.06.04 15:06;-12;21.75;21.875;21.6875;223;202;0;
3562;2025.06.04 15:07;-12;21.75;21.875;21.6875;223;202;0;
3563;2025.06.04 15:08;-12;21.75;21.875;21.6875;223;202;0;
3564;2025.06.04 15:09;-12;21.75;21.875;21.6875;223;202;0;
3565;2025.06.04 15:10;-12;21.75;21.875;21.6875;223;202;0;
3566;2025.06.04 15:11;-12;21.75;21.875;21.6875;223;202;0;
3567;2025.06.04 15:12;-12;21.8125;21.875;21.6875;223;202;0;
3568;2025.06.04 15:13;-12;21.8125;21.875;21.6875;223;202;0;
3569;2025.06.04 15:14;-12;21.8125;21.875;21.6875;223;202;0;
3570;2025.06.04 15:15;-12;21.8125;21.875;21.75;223;202;0;
3571;2025.06.04 15:16;-12;21.8125;21.875;21.75;223;202;0;
3572;2025.06.04 15:17;-12;21.8125;21.875;21.75;223;202;0;
3573;2025.06.04 15:18;-12;21.8125;21.875;21.75;223;202;0;
3574;2025.06.04 15:19;-12;21.875;21.875;21.75;223;202;0;
3575;2025.06.04 15:20;-12;21.8125;21.9375;21.75;223;202;0;
3576;2025.06.04 15:21;-12;21.875;21.9375;21.75;223;202;0;
3577;2025.06.04 15:22;-12;21.875;21.9375;21.75;223;202;0;
3578;2025.06.04 15:23;-12;21.875;21.9375;21.75;223;202;0;
3579;2025.06.04 15:24;-12;21.875;21.9375;21.75;223;202;0;
3580;2025.06.04 15:25;-12;21.875;21.9375;21.75;223;202;0;
3581;2025.06.04 15:26;-12;21.875;21.9375;21.75;223;202;0;
3582;2025.06.04 15:27;-12;21.875;22;21.75;223;202;0;
3583;2025.06.04 15:28;-12;21.875;22;21.75;223;202;0;
3584;2025.06.04 15:29;-12;21.875;22;21.75;223;202;0;
3585;2025.06.04 15:30;-12;21.875;22;21.75;223;202;0;
3586;2025.06.04 15:31;-12;21.875;22;21.75;223;202;0;
3587;2025.06.04 15:32;-12;21.875;22;21.75;223;202;0;
3588;2025.06.04 15:33;-12;21.875;22;21.75;223;202;0;
3589;2025.06.04 15:34;-12;21.875;22;21.75;223;202;0;
3590;2025.06.04 15:35;-12;21.875;22;21.75;223;202;0;
3591;2025.06.04 15:36;-12;21.875;22;21.75;223;202;0;
3592;2025.06.04 15:37;-12;21.875;22;21.75;223;202;0;
3593;2025.06.04 15:38;-12;21.875;22;21.75;223;202;0;
3594;2025.06.04 15:39;-12;21.9375;22;21.75;223;202;0;
3595;2025.06.04 15:40;-12;21.9375;22;21.75;223;202;0;
3596;2025.06.04 15:41;-12;21.9375;22;21.75;223;202;0;
3597;2025.06.04 15:42;-12;21.9375;22;21.75;223;202;0;
3598;2025.06.04 15:43;-12;21.9375;22;21.75;223;202;0;
3599;2025.06.04 15:44;-12;21.9375;22;21.8125;223;202;0;
3600;2025.06.04 15:45;-12;22;22;21.8125;223;202;0;
3601;2025.06.04 15:46;-12;22;22;21.8125;223;202;0;
3602;2025.06.04 15:47;-12;22;22;21.8125;223;202;0;
3603;2025.06.04 15:48;-12;22;22;21.875;223;202;0;
3604;2025.06.04 15:49;-12;22;22;21.875;223;202;0;
3605;2025.06.04 15:50;-12;22;22;21.875;223;202;0;
3606;2025.06.04 15:51;-12;22;22.0625;21.875;223;202;0;
3607;2025.06.04 15:52;-12;22;22.0625;21.875;224;202;0;
3608;2025.06.04 15:53;-12;22;22.0625;21.875;224;202;0;
3609;2025.06.04 15:54;-12;22;22.0625;21.875;224;202;0;
3610;2025.06.04 15:55;-12;22;22.0625;21.875;224;202;0;
3611;2025.06.04 15:56;-12;22;22.0625;21.875;224;202;0;
3612;2025.06.04 15:57;-12;22;22.0625;21.875;224;202;0;
3613;2025.06.04 15:58;-12;22;22.0625;21.875;224;202;0;
3614;2025.06.04 15:59;-12;22;22.125;21.875;224;202;0;
3615;2025.06.04 16:00;-12;22;22.125;21.875;224;202;0;
3616;2025.06.04 16:01;-12;22;22.125;21.875;224;202;0;
3617;2025.06.04 16:02;-12;22;22.125;21.875;224;202;0;
3618;2025.06.04 16:03;-12;22;22.125;21.875;224;202;0;
3619;2025.06.04 16:04;-12;22;22.125;21.875;224;202;0;
3620;2025.06.04 16:05;-12;22;22.125;21.875;224;202;0;
3621;2025.06.04 16:06;-12;22.0625;22.125;21.875;224;202;0;
3622;2025.06.04 16:07;-12;22.125;22.125;21.9375;224;202;0;
3623;2025.06.04 16:08;-12;22.125;22.125;22;224;202;0;
3624;2025.06.04 16:09;-12;22.125;22.1875;22;224;202;0;
3625;2025.06.04 16:10;-12;22.25;22.25;22.125;224;202;0;
3626;2025.06.04 16:11;-12;22.25;22.25;22.125;224;202;0;
3627;2025.06.04 16:12;-12;22.3125;22.25;22.25;225;202;0;
3628;2025.06.04 16:13;-12;22.375;22.3125;22.25;225;202;0;
3629;2025.06.04 16:14;-12;22.375;22.375;22.375;225;202;0;
3630;2025.06.04 16:15;-12;22.375;22.375;22.375;225;202;0;
3631;2025.06.04 16:16;-12;22.4375;22.375;22.375;225;202;0;
3632;2025.06.04 16:17;-12;22.5;22.4375;22.4375;225;202;0;
3633;2025.06.04 16:18;-12;22.5;22.5;22.5;225;202;0;
3634;2025.06.04 16:19;-12;22.5;22.5;22.5;225;202;0;
3635;2025.06.04 16:20;-12;22.5;22.5;22.5;225;202;0;
3636;2025.06.04 16:21;-12;22.5;22.5;22.5;226;202;0;
3637;2025.06.04 16:22;-12;22.5;22.5;22.5;226;202;0;
3638;2025.06.04 16:23;-12;22.5625;22.5625;22.5625;226;202;0;
3639;2025.06.04 16:24;-12;22.5625;22.625;22.625;226;202;0;
3640;2025.06.04 16:25;-12;22.625;22.625;22.625;226;202;0;
3641;2025.06.04 16:26;-12;22.625;22.625;22.625;226;202;0;
3642;2025.06.04 16:27;-12;22.625;22.625;22.6875;226;202;0;
3643;2025.06.04 16:28;-12;22.6875;22.6875;22.6875;226;202;0;
3644;2025.06.04 16:29;-12;22.6875;22.75;22.75;226;202;0;
3645;2025.06.04 16:30;-12;22.75;22.75;22.75;226;202;0;
3646;2025.06.04 16:31;-12;22.75;22.75;22.75;226;202;0;
3647;2025.06.04 16:32;-12;22.75;22.75;22.75;226;202;0;
3648;2025.06.04 16:33;-12;22.75;22.75;22.75;226;202;0;
3649;2025.06.04 16:34;-12;22.75;22.8125;22.75;227;202;0;
3650;2025.06.04 16:35;-12;22.8125;22.875;22.8125;227;202;0;
3651;2025.06.04 16:36;-12;22.8125;22.875;22.875;227;202;0;
3652;2025.06.04 16:37;-12;22.875;22.875;22.875;227;202;0;
3653;2025.06.04 16:38;-12;22.875;22.875;22.875;227;202;0;
3654;2025.06.04 16:39;-12;22.875;22.875;22.875;227;202;0;
3655;2025.06.04 16:40;-12;22.875;22.875;22.875;227;202;0;
3656;2025.06.04 16:41;-12;22.875;22.9375;22.875;227;202;0;
3657;2025.06.04 16:42;-12;22.875;23;22.875;227;202;0;
3658;2025.06.04 16:43;-12;22.875;23;22.875;227;202;0;
3659;2025.06.04 16:44;-12;22.875;23;22.875;227;202;0;
3660;2025.06.04 16:45;-12;22.9375;23;22.875;227;202;0;
3661;2025.06.04 16:46;-12;22.9375;23;22.9375;227;202;0;
3662;2025.06.04 16:47;-12;22.9375;23;23;227;202;0;
3663;2025.06.04 16:48;-12;23;23;23;227;202;0;
3664;2025.06.04 16:49;-12;23;23.0625;23;227;202;0;
3665;2025.06.04 16:50;-12;23;23.125;23;227;202;0;
3666;2025.06.04 16:51;-12;23;23.125;23;227;202;0;
3667;2025.06.04 16:52;-12;23;23.125;23;227;202;0;
3668;2025.06.04 16:53;-12;23;23.125;23;227;202;0;
3669;2025.06.04 16:54;-12;23;23.125;23;227;202;0;
3670;2025.06.04 16:55;-12;23;23.125;23;227;202;0;
3671;2025.06.04 16:56;-12;23;23.125;23;227;202;0;
3672;2025.06.04 16:57;-12;23;23.125;23;227;202;0;
3673;2025.06.04 16:58;-12;23;23.125;23;227;202;0;
3674;2025.06.04 16:59;-12;23;23.125;23;227;202;0;
3675;2025.06.04 17:00;-12;23;23.125;23;227;202;0;
3676;2025.06.04 17:01;-12;23;23.125;23;227;202;0;
3677;2025.06.04 17:02;-12;23;23.125;23;227;202;0;
3678;2025.06.04 17:03;-12;23;23.125;23;227;202;0;
3679;2025.06.04 17:04;-12;23;23.125;23;227;202;0;
3680;2025.06.04 17:05;-12;23;23.125;23;227;202;0;
3681;2025.06.04 17:06;-12;23;23.1875;23;228;202;0;
3682;2025.06.04 17:07;-12;23;23.1875;23;228;202;0;
3683;2025.06.04 17:08;-12;23;23.1875;23;228;202;0;
3684;2025.06.04 17:09;-12;23;23.1875;23.0625;228;202;0;
3685;2025.06.04 17:10;-12;23;23.1875;23.0625;228;202;0;
3686;2025.06.04 17:11;-12;23;23.25;23.0625;228;202;0;
3687;2025.06.04 17:12;-12;23;23.25;23.0625;227;202;0;
3688;2025.06.04 17:13;-12;23;23.25;23;227;202;0;
3689;2025.06.04 17:14;-12;23;23.25;23.0625;227;202;0;
3690;2025.06.04 17:15;-12;23;23.25;23;227;202;0;
3691;2025.06.04 17:16;-12;23;23.25;23;227;202;0;
3692;2025.06.04 17:17;-12;23;23.25;23;227;202;0;
3693;2025.06.04 17:18;-12;23;23.25;23;227;202;0;
3694;2025.06.04 17:19;-12;23;23.25;23;227;202;0;
3695;2025.06.04 17:20;-12;23;23.25;23;227;202;0;
3696;2025.06.04 17:21;-12;23;23.25;23;227;202;0;
3697;2025.06.04 17:22;-12;23;23.25;23;227;202;0;
3698;2025.06.04 17:23;-12;23;23.25;23;227;202;0;
3699;2025.06.04 17:24;-12;23;23.25;23;227;202;0;
3700;2025.06.04 17:25;-12;23;23.25;23;227;202;0;
3701;2025.06.04 17:26;-12;23;23.25;23;227;202;0;
3702;2025.06.04 17:27;-12;23.0625;23.25;23.0625;227;202;0;
3703;2025.06.04 17:28;-12;23.0625;23.25;23.0625;228;202;0;
3704;2025.06.04 17:29;-12;23.125;23.25;23.125;228;202;0;
3705;2025.06.04 17:30;-12;23.125;23.25;23.125;228;202;0;
3706;2025.06.04 17:31;-12;23.125;23.25;23.125;228;202;0;
3707;2025.06.04 17:32;-12;23.125;23.25;23.125;228;202;0;
3708;2025.06.04 17:33;-12;23.125;23.25;23.125;228;202;0;
3709;2025.06.04 17:34;-12;23.125;23.25;23.125;228;202;0;
3710;2025.06.04 17:35;-12;23.125;23.25;23.125;228;202;0;
3711;2025.06.04 17:36;-12;23.125;23.3125;23.125;228;202;0;
3712;2025.06.04 17:37;-12;23.125;23.3125;23.125;228;202;0;
3713;2025.06.04 17:38;-12;23.125;23.3125;23.125;228;202;0;
3714;2025.06.04 17:39;-12;23.125;23.375;23.1875;228;202;0;
3715;2025.06.04 17:40;-12;23.125;23.375;23.1875;228;202;0;
3716;2025.06.04 17:41;-12;23.125;23.375;23.25;228;202;0;
3717;2025.06.04 17:42;-12;23.1875;23.375;23.25;228;202;0;
3718;2025.06.04 17:43;-12;23.1875;23.375;23.25;228;202;0;
3719;2025.06.04 17:44;-12;23.25;23.375;23.25;228;202;0;
3720;2025.06.04 17:45;-12;23.25;23.375;23.25;228;202;0;
3721;2025.06.04 17:46;-12;23.25;23.375;23.25;228;202;0;
3722;2025.06.04 17:47;-12;23.25;23.375;23.25;228;202;0;
3723;2025.06.04 17:48;-12;23.25;23.4375;23.3125;228;202;0;
3724;2025.06.04 17:49;-12;23.25;23.4375;23.3125;228;202;0;
3725;2025.06.04 17:50;-12;23.25;23.4375;23.3125;228;202;0;
3726;2025.06.04 17:51;-12;23.25;23.4375;23.3125;228;202;0;
3727;2025.06.04 17:52;-12;23.25;23.4375;23.375;228;202;0;
3728;2025.06.04 17:53;-12;23.25;23.5;23.375;228;202;0;
3729;2025.06.04 17:54;-12;23.3125;23.5;23.375;228;202;0;
3730;2025.06.04 17:55;-12;23.3125;23.5;23.375;228;202;0;
3731;2025.06.04 17:56;-12;23.3125;23.5;23.375;228;202;0;
3732;2025.06.04 17:57;-12;23.3125;23.5;23.375;228;202;0;
3733;2025.06.04 17:58;-12;23.3125;23.5;23.375;228;202;0;
3734;2025.06.04 17:59;-12;23.25;23.5;23.375;228;202;0;
3735;2025.06.04 18:00;-12;23.25;23.5;23.375;228;202;0;
3736;2025.06.04 18:01;-12;23.25;23.5;23.375;228;202;0;
3737;2025.06.04 18:02;-12;23.25;23.5;23.3125;228;202;0;
3738;2025.06.04 18:03;-12;23.25;23.5;23.3125;228;202;0;
3739;2025.06.04 18:04;-12;23.25;23.5;23.25;228;202;0;
3740;2025.06.04 18:05;-12;23.25;23.5;23.25;228;202;0;
3741;2025.06.04 18:06;-12;23.25;23.5;23.25;228;202;0;
3742;2025.06.04 18:07;-12;23.25;23.5;23.3125;228;202;0;
3743;2025.06.04 18:08;-12;23.25;23.5;23.3125;228;202;0;
3744;2025.06.04 18:09;-12;23.25;23.5;23.25;228;202;0;
3745;2025.06.04 18:10;-12;23.25;23.5;23.3125;228;202;0;
3746;2025.06.04 18:11;-12;23.3125;23.5;23.3125;228;202;0;
3747;2025.06.04 18:12;-12;23.3125;23.5;23.3125;228;202;0;
3748;2025.06.04 18:13;-12;23.3125;23.5;23.3125;228;202;0;
3749;2025.06.04 18:14;-12;23.3125;23.5;23.3125;228;202;0;
3750;2025.06.04 18:15;-12;23.3125;23.5;23.3125;228;202;0;
3751;2025.06.04 18:16;-12;23.375;23.5;23.3125;228;202;0;
3752;2025.06.04 18:17;-12;23.375;23.5;23.3125;228;202;0;
3753;2025.06.04 18:18;-12;23.375;23.5;23.3125;228;202;0;
3754;2025.06.04 18:19;-12;23.375;23.5;23.375;228;202;0;
3755;2025.06.04 18:20;-12;23.375;23.5;23.375;228;202;0;
3756;2025.06.04 18:21;-12;23.375;23.5625;23.375;228;202;0;
3757;2025.06.04 18:22;-12;23.375;23.5625;23.375;228;202;0;
3758;2025.06.04 18:23;-12;23.375;23.5625;23.375;228;202;0;
3759;2025.06.04 18:24;-12;23.375;23.5625;23.375;228;202;0;
3760;2025.06.04 18:25;-12;23.375;23.625;23.375;228;202;0;
3761;2025.06.04 18:26;-12;23.375;23.625;23.375;228;202;0;
3762;2025.06.04 18:27;-12;23.4375;23.625;23.375;229;202;0;
3763;2025.06.04 18:28;-12;23.4375;23.625;23.375;228;202;0;
3764;2025.06.04 18:29;-12;23.4375;23.625;23.375;229;202;0;
3765;2025.06.04 18:30;-12;23.4375;23.625;23.375;228;202;0;
3766;2025.06.04 18:31;-12;23.4375;23.625;23.375;229;202;0;
3767;2025.06.04 18:32;-12;23.4375;23.625;23.375;229;202;0;
3768;2025.06.04 18:33;-12;23.5;23.625;23.375;229;202;0;
3769;2025.06.04 18:34;-12;23.5;23.625;23.4375;229;202;0;
3770;2025.06.04 18:35;-12;23.5;23.625;23.4375;229;202;0;
3771;2025.06.04 18:36;-12;23.5;23.625;23.4375;229;202;0;
3772;2025.06.04 18:37;-12;23.5;23.625;23.4375;229;202;0;
3773;2025.06.04 18:38;-12;23.4375;23.625;23.375;229;202;0;
3774;2025.06.04 18:39;-12;23.4375;23.625;23.375;228;202;0;
3775;2025.06.04 18:40;-12;23.4375;23.625;23.375;228;202;0;
3776;2025.06.04 18:41;-12;23.375;23.625;23.375;228;202;0;
3777;2025.06.04 18:42;-12;23.375;23.625;23.375;228;202;0;
3778;2025.06.04 18:43;-12;23.375;23.625;23.375;228;202;0;
3779;2025.06.04 18:44;-12;23.375;23.625;23.375;228;202;0;
3780;2025.06.04 18:45;-12;23.375;23.625;23.375;228;202;0;
3781;2025.06.04 18:46;-12;23.375;23.625;23.375;228;202;0;
3782;2025.06.04 18:47;-12;23.375;23.625;23.375;228;202;0;
3783;2025.06.04 18:48;-12;23.375;23.625;23.375;228;202;0;
3784;2025.06.04 18:49;-12;23.375;23.625;23.375;228;202;0;
3785;2025.06.04 18:50;-12;23.375;23.625;23.375;228;202;0;
3786;2025.06.04 18:51;-12;23.375;23.625;23.375;228;202;0;
3787;2025.06.04 18:52;-12;24.0625;24.25;24.375;199;202;0;
3788;2025.06.04 18:53;-12;24.875;24.625;26.5;3;202;0;
3789;2025.06.04 18:54;-12;24.875;24.5625;26.625;2187;202;0;
3790;2025.06.04 18:55;-12;24.25;25.125;26.5;204;202;0;
3791;2025.06.04 18:56;-12;24.3125;25.0625;26.25;204;202;0;
3792;2025.06.04 18:57;-12;24.25;25;25.9375;204;202;0;
3793;2025.06.04 18:58;-12;24.125;25;25.625;204;202;0;
3794;2025.06.04 18:59;-12;24.0625;24.875;25.375;203;202;0;
3795;2025.06.04 19:00;-12;24;24.8125;25.125;203;202;0;
3796;2025.06.04 19:01;-12;23.9375;24.75;25;203;202;0;
3797;2025.06.04 19:02;-12;23.9375;24.75;24.875;181;202;0;
3798;2025.06.04 19:03;-12;24;24.6875;24.75;181;202;0;
3799;2025.06.04 19:04;-12;24;24.625;24.75;181;202;0;
3800;2025.06.04 19:05;-12;24;24.625;24.75;181;202;0;
3801;2025.06.04 19:06;-12;24.0625;24.625;24.6875;181;202;0;
3802;2025.06.04 19:07;-12;24;24.625;27.0625;1879;202;0;
3803;2025.06.04 19:08;-12;23.875;24.75;26.625;2177;202;0;
3804;2025.06.04 19:09;-12;23.875;24.875;28.125;2386;202;0;
3805;2025.06.04 19:10;-12;23.875;24.875;27.5;2390;202;0;
3806;2025.06.04 19:11;-12;24;24.8125;26.9375;2390;202;0;
3807;2025.06.04 19:12;-12;24;24.8125;26.375;2393;202;0;
3808;2025.06.04 19:13;-12;24;24.75;26.25;2393;202;0;
3809;2025.06.04 19:14;-12;24;24.75;26.1875;2394;202;0;
3810;2025.06.04 19:15;-12;24.0625;24.75;26;2393;202;0;
3811;2025.06.04 19:16;-12;24.0625;24.75;26;2394;202;0;
3812;2025.06.04 19:17;-12;24.125;24.75;25.875;2394;202;0;
3813;2025.06.04 19:18;-12;24.125;24.625;25.625;2394;202;0;
3814;2025.06.04 19:19;-12;24.125;24.625;25.375;2392;202;0;
3815;2025.06.04 19:20;-12;24.125;24.5;25.1875;2574;202;0;
3816;2025.06.04 19:21;-12;24.125;24.5;25.0625;2591;202;0;
3817;2025.06.04 19:22;-12;24.125;24.5;25;2717;202;0;
3818;2025.06.04 19:23;-12;24.125;24.375;24.875;2762;202;0;
3819;2025.06.04 19:24;-12;24.125;24.375;24.75;2768;202;0;
3820;2025.06.04 19:25;-12;24.125;24.375;24.75;2967;202;0;
3821;2025.06.04 19:26;-12;24;24.375;24.6875;3064;202;0;
3822;2025.06.04 19:27;-12;23.875;24.375;24.625;3156;202;0;
3823;2025.06.04 19:28;-12;23.875;24.3125;24.625;3173;202;0;
3824;2025.06.04 19:29;-12;23.875;24.3125;24.625;3233;202;0;
3825;2025.06.04 19:30;-12;23.875;24.3125;24.625;3247;202;0;
3826;2025.06.04 19:31;-12;23.875;24.3125;24.5625;3309;202;0;
3827;2025.06.04 19:32;-12;23.9375;24.25;24.5;3315;202;0;
3828;2025.06.04 19:33;-12;24;24.25;24.5;3322;202;0;
3829;2025.06.04 19:34;-12;24;24.25;24.5;3322;202;0;
3830;2025.06.04 19:35;-12;24;24.1875;24.4375;3323;202;0;
3831;2025.06.04 19:36;-12;24;24.125;24.4375;3323;202;0;
3832;2025.06.04 19:37;-12;24;24.125;24.375;3323;202;0;
3833;2025.06.04 19:38;-12;24;24.125;24.5;3327;202;0;
3834;2025.06.04 19:39;-12;24;24.125;24.75;3327;202;0;
3835;2025.06.04 19:40;-12;24.0625;24.0625;24.6875;3333;202;0;
3836;2025.06.04 19:41;-12;24.0625;24;24.5625;3333;202;0;
3837;2025.06.04 19:42;-12;24.0625;24;24.9375;3335;202;0;
3838;2025.06.04 19:43;-12;24.0625;23.9375;24.875;3337;202;0;
3839;2025.06.04 19:44;-12;24.0625;23.875;24.625;3338;202;0;
3840;2025.06.04 19:45;-12;24.0625;23.875;24.5;3338;202;0;
3841;2025.06.04 19:46;-12;20.875;24.125;24.75;220;202;0;
3842;2025.06.04 19:47;-12;21.875;24.25;24.875;208;202;0;
3843;2025.06.04 19:48;-12;22.5625;24.375;24.9375;202;202;0;
3844;2025.06.04 19:49;-12;23.0625;24.5;25;197;202;0;
3845;2025.06.04 19:50;-12;23.5;24.625;25;195;202;0;
3846;2025.06.04 19:51;-12;23.8125;24.75;24.875;193;202;0;
3847;2025.06.04 19:52;-12;24;24.8125;24.875;192;202;0;
3848;2025.06.04 19:53;-12;24.125;24.875;24.9375;193;202;0;
3849;2025.06.04 19:54;-12;24.25;24.9375;24.875;193;202;0;
3850;2025.06.04 19:55;-12;24.375;25;25.25;209;202;0;
3851;2025.06.04 19:56;-12;24.25;24.875;25.5625;234;202;0;
3852;2025.06.04 19:57;-12;24.1875;25;25.875;186;202;0;
3853;2025.06.04 19:58;-12;24.25;24.875;25.75;183;202;0;
3854;2025.06.04 19:59;-12;24;24.75;25.375;282;202;0;
3855;2025.06.04 20:00;-12;23.375;24.625;24.875;613;202;0;
3856;2025.06.04 20:01;-12;22.5625;24.625;24.625;1184;202;0;
3857;2025.06.04 20:02;-12;22.5625;24.5;26.125;1218;202;0;
3858;2025.06.04 20:03;-12;22.5625;24.375;25.6875;1226;202;0;
3859;2025.06.04 20:04;-12;22.625;24.3125;25.25;1213;202;0;
3860;2025.06.04 20:05;-12;22.6875;24.25;25.0625;1218;202;0;
3861;2025.06.04 20:06;-12;22.75;24.125;25;1192;202;0;
3862;2025.06.04 20:07;-12;22.875;24.0625;24.875;1195;202;0;
3863;2025.06.04 20:08;-12;22.9375;24;24.5;1195;202;0;
3864;2025.06.04 20:09;-12;23;23.875;24.25;1195;202;0;
3865;2025.06.04 20:10;-12;23;23.8125;24.0625;1343;202;0;
3866;2025.06.04 20:11;-12;23.0625;23.75;23.875;1322;202;0;
3867;2025.06.04 20:12;-12;23.125;23.6875;23.75;1372;202;0;
3868;2025.06.04 20:13;-12;23.125;23.625;23.625;1353;202;0;
3869;2025.06.04 20:14;-12;23.125;23.5625;23.5;1742;202;0;
3870;2025.06.04 20:15;-12;23.125;23.5;23.375;1715;202;0;
3871;2025.06.04 20:16;-12;23.125;23.5;23.3125;2017;202;0;
3872;2025.06.04 20:17;-12;23.125;23.4375;23.25;1885;202;0;
3873;2025.06.04 20:18;-12;23.125;23.375;23.1875;2194;202;0;
3874;2025.06.04 20:19;-12;23.125;23.375;23.125;2057;202;0;
3875;2025.06.04 20:20;-12;23.125;23.25;23.0625;2289;202;0;
3876;2025.06.04 20:21;-12;23.125;23.25;23;2225;202;0;
3877;2025.06.04 20:22;-12;23.125;23.125;23;2381;202;0;
3878;2025.06.04 20:23;-12;23.0625;23.125;22.875;2393;202;0;
3879;2025.06.04 20:24;-12;23;23.125;22.875;2409;202;0;
3880;2025.06.04 20:25;-12;23;23;22.75;2322;202;0;
3881;2025.06.04 20:26;-12;23;23;22.75;2410;202;0;
3882;2025.06.04 20:27;-12;23;22.875;22.625;2345;202;0;
3883;2025.06.04 20:28;-12;23;22.875;23.5625;2337;202;0;
3884;2025.06.04 20:29;-12;23;22.75;23.375;2323;202;0;
3885;2025.06.04 20:30;-12;22.4375;22.75;24.25;161;202;0;
3886;2025.06.04 20:31;-12;22.5;22.875;24.375;161;202;0;
3887;2025.06.04 20:32;-12;22.625;22.875;25.375;553;202;0;
3888;2025.06.04 20:33;-12;22.625;22.9375;25.625;971;202;0;
3889;2025.06.04 20:34;-12;22.5;23;25.375;360;202;0;
3890;2025.06.04 20:35;-12;22.875;23.5;25;1059;202;0;
3891;2025.06.04 20:36;-12;23.0625;23.375;25.4375;1293;202;0;
3892;2025.06.04 20:37;-12;23.125;23.375;24.875;1364;202;0;
3893;2025.06.04 20:38;-12;23.1875;23.25;24.375;1359;202;0;
3894;2025.06.04 20:39;-12;23.25;23.25;24.0625;1357;202;0;
3895;2025.06.04 20:40;-12;23.25;23.1875;23.875;1352;202;0;
3896;2025.06.04 20:41;-12;23.25;23.25;24;1357;202;0;
3897;2025.06.04 20:42;-12;23.25;23.1875;23.75;1356;202;0;
3898;2025.06.04 20:43;-12;23.25;23.125;23.5625;1356;202;0;
3899;2025.06.04 20:44;-12;23.25;23.0625;23.375;1489;202;0;
3900;2025.06.04 20:45;-12;23.25;23;23.1875;1490;202;0;
3901;2025.06.04 20:46;-12;23.1875;23;23;1492;202;0;
3902;2025.06.04 20:47;-12;23.1875;22.9375;22.875;1646;202;0;
3903;2025.06.04 20:48;-12;23.125;22.875;22.75;1643;202;0;
3904;2025.06.04 20:49;-12;23.125;22.8125;22.625;1853;202;0;
3905;2025.06.04 20:50;-12;23.125;22.75;22.5625;1834;202;0;
3906;2025.06.04 20:51;-12;23.125;22.75;22.5;2065;202;0;
3907;2025.06.04 20:52;-12;23.0625;22.6875;22.375;2015;202;0;
3908;2025.06.04 20:53;-12;23;22.625;22.25;2253;202;0;
3909;2025.06.04 20:54;-12;23;22.625;22.1875;2231;202;0;
3910;2025.06.04 20:55;-12;22.9375;22.5625;22.125;2364;202;0;
3911;2025.06.04 20:56;-12;22.875;22.5;22.125;2355;202;0;
3912;2025.06.04 20:57;-12;22.875;22.5;22.0625;2448;202;0;
3913;2025.06.04 20:58;-12;22.875;22.5;22;2449;202;0;
3914;2025.06.04 20:59;-12;22.8125;22.4375;22;2511;202;0;
3915;2025.06.04 21:00;-12;22.75;22.375;21.9375;2526;202;0;
3916;2025.06.04 21:01;-12;22.75;22.375;22;2569;202;0;
3917;2025.06.04 21:02;-12;22.75;22.375;22.875;2623;202;0;
3918;2025.06.04 21:03;-12;22.75;22.375;22.875;2624;202;0;
3919;2025.06.04 21:04;-12;22.6875;22.3125;22.75;2629;202;0;
3920;2025.06.04 21:05;-12;22.625;22.25;22.625;2672;202;0;
3921;2025.06.04 21:06;-12;22.625;22.25;22.4375;2676;202;0;
3922;2025.06.04 21:07;-12;22.625;22.25;22.375;2714;202;0;
3923;2025.06.04 21:08;-12;22.5625;22.1875;22.25;2721;202;0;
3924;2025.06.04 21:09;-12;22.5625;22.125;22.125;2733;202;0;
3925;2025.06.04 21:10;-12;20.875;22.25;22.125;229;202;0;
3926;2025.06.04 21:11;-12;20.125;22.375;22.3125;192;202;0;
3927;2025.06.04 21:12;-12;20.5;22.5;22.5;186;202;0;
3928;2025.06.04 21:13;-12;20.875;22.625;22.625;184;202;0;
3929;2025.06.04 21:14;-12;21.25;22.6875;22.6875;184;202;0;
3930;2025.06.04 21:15;-12;21.5;22.75;22.75;183;202;0;
3931;2025.06.04 21:16;-12;21.9375;22.6875;22.75;225;202;0;
3932;2025.06.04 21:17;-12;22.125;22.625;22.75;226;202;0;
3933;2025.06.04 21:18;-12;22.1875;22.5;22.75;226;202;0;
3934;2025.06.04 21:19;-12;22.25;22.5;22.75;226;202;0;
3935;2025.06.04 21:20;-12;22.3125;22.5;22.75;226;202;0;
3936;2025.06.04 21:21;-12;22.375;22.5;22.6875;226;202;0;
3937;2025.06.04 21:22;-12;22.375;22.5;22.625;226;202;0;
3938;2025.06.04 21:23;-12;22.375;22.5;22.625;227;202;0;
3939;2025.06.04 21:24;-12;22.4375;22.5;22.625;227;202;0;
3940;2025.06.04 21:25;-12;22.4375;22.5;22.625;228;202;0;
3941;2025.06.04 21:26;-12;22.5;22.5625;22.625;228;202;0;
3942;2025.06.04 21:27;-12;22.5;22.5625;22.625;228;202;0;
3943;2025.06.04 21:28;-12;22.5;22.625;22.625;228;202;0;
3944;2025.06.04 21:29;-12;22.5;22.625;22.625;228;202;0;
3945;2025.06.04 21:30;-12;22.5;22.625;22.625;228;202;0;
3946;2025.06.04 21:31;-12;22.5625;22.625;22.625;228;202;0;
3947;2025.06.04 21:32;-12;22.5625;22.625;22.625;228;202;0;
3948;2025.06.04 21:33;-12;22.625;22.6875;22.625;228;202;0;
3949;2025.06.04 21:34;-12;22.625;22.6875;22.625;228;202;0;
3950;2025.06.04 21:35;-12;22.625;22.75;22.6875;228;202;0;
3951;2025.06.04 21:36;-12;22.625;22.75;22.6875;228;202;0;
3952;2025.06.04 21:37;-12;22.625;22.75;22.6875;228;202;0;
3953;2025.06.04 21:38;-12;22.625;22.75;22.6875;240;202;0;
3954;2025.06.04 21:39;-12;22.5625;22.75;22.625;240;202;0;
3955;2025.06.04 21:40;-12;22.5;22.75;22.625;240;202;0;
3956;2025.06.04 21:41;-12;22.5;22.75;22.625;240;202;0;
3957;2025.06.04 21:42;-12;22.5;22.75;22.625;240;202;0;
3958;2025.06.04 21:43;-12;22.5;22.75;22.5625;240;202;0;
3959;2025.06.04 21:44;-12;22.5;22.75;22.5;240;202;0;
3960;2025.06.04 21:45;-12;22.5;22.75;22.5;240;202;0;
3961;2025.06.04 21:46;-12;22.5;22.75;22.5;240;202;0;
3962;2025.06.04 21:47;-12;22.5;22.75;22.5;240;202;0;
3963;2025.06.04 21:48;-12;22.5;22.75;22.5625;240;202;0;
3964;2025.06.04 21:49;-12;22.5625;22.75;22.5625;240;202;0;
3965;2025.06.04 21:50;-12;22.5625;22.75;22.625;240;202;0;
3966;2025.06.04 21:51;-12;22.5625;22.75;22.625;240;202;0;
3967;2025.06.04 21:52;-12;22.625;22.75;22.625;240;202;0;
3968;2025.06.04 21:53;-12;22.625;22.75;22.625;240;202;0;
3969;2025.06.04 21:54;-12;22.625;22.8125;22.625;240;202;0;
3970;2025.06.04 21:55;-12;22.625;22.8125;22.625;240;202;0;
3971;2025.06.04 21:56;-12;22.625;22.8125;22.625;240;202;0;
3972;2025.06.04 21:57;-12;22.625;22.8125;22.625;240;202;0;
3973;2025.06.04 21:58;-12;22.625;22.875;22.625;240;202;0;
3974;2025.06.04 21:59;-12;22.625;22.875;22.625;240;202;0;
3975;2025.06.04 22:00;-12;22.625;22.875;22.6875;240;202;0;
3976;2025.06.04 22:01;-12;22.625;22.875;22.6875;240;202;0;
3977;2025.06.04 22:02;-12;22.625;22.875;22.6875;240;202;0;
3978;2025.06.04 22:03;-12;22.625;22.875;22.6875;240;202;0;
3979;2025.06.04 22:04;-12;22.625;22.875;22.6875;240;202;0;
3980;2025.06.04 22:05;-12;22.625;22.875;22.6875;240;202;0;
3981;2025.06.04 22:06;-12;22.625;22.875;22.6875;240;202;0;
3982;2025.06.04 22:07;-12;22.625;22.875;22.6875;240;202;0;
3983;2025.06.04 22:08;-12;22.625;22.875;22.6875;240;202;0;
3984;2025.06.04 22:09;-12;22.625;22.875;22.6875;240;202;0;
3985;2025.06.04 22:10;-12;22.625;22.875;22.75;240;202;0;
3986;2025.06.04 22:11;-12;22.625;22.875;22.75;240;202;0;
3987;2025.06.04 22:12;-12;22.625;22.875;22.75;240;202;0;
3988;2025.06.04 22:13;-12;22.625;22.875;22.75;240;202;0;
3989;2025.06.04 22:14;-12;22.625;22.875;22.75;240;202;0;
3990;2025.06.04 22:15;-12;22.625;22.875;22.75;240;202;0;
3991;2025.06.04 22:16;-12;22.625;22.875;22.75;240;202;0;
3992;2025.06.04 22:17;-12;22.625;22.875;22.75;240;202;0;
3993;2025.06.04 22:18;-12;22.625;22.875;22.75;240;202;0;
3994;2025.06.04 22:19;-12;22.625;22.875;22.6875;240;202;0;
3995;2025.06.04 22:20;-12;22.625;22.875;22.6875;240;202;0;
3996;2025.06.04 22:21;-12;22.625;22.875;22.6875;240;202;0;
3997;2025.06.04 22:22;-12;22.625;22.875;22.6875;240;202;0;
3998;2025.06.04 22:23;-12;22.625;22.875;22.6875;240;202;0;
3999;2025.06.04 22:24;-12;22.625;22.875;22.6875;240;202;0;
4000;2025.06.04 22:25;-12;22.625;22.875;22.6875;240;202;0;
4001;2025.06.04 22:26;-12;22.625;22.875;22.6875;240;202;0;
4002;2025.06.04 22:27;-12;22.625;22.875;22.6875;240;202;0;
4003;2025.06.04 22:28;-12;22.625;22.875;22.6875;240;202;0;
4004;2025.06.04 22:29;-12;22.625;22.875;22.6875;240;202;0;
4005;2025.06.04 22:30;-12;22.625;22.875;22.6875;240;202;0;
4006;2025.06.04 22:31;-12;22.5625;22.875;22.6875;240;202;0;
4007;2025.06.04 22:32;-12;22.5625;22.875;22.6875;240;202;0;
4008;2025.06.04 22:33;-12;22.5625;22.875;22.6875;240;202;0;
4009;2025.06.04 22:34;-12;22.5625;22.875;22.6875;240;202;0;
4010;2025.06.04 22:35;-12;22.5625;22.875;22.6875;240;202;0;
4011;2025.06.04 22:36;-12;22.5625;22.875;22.625;240;202;0;
4012;2025.06.04 22:37;-12;22.5625;22.875;22.625;240;202;0;
4013;2025.06.04 22:38;-12;22.5625;22.875;22.625;240;202;0;
4014;2025.06.04 22:39;-12;22.5625;22.875;22.625;240;202;0;
4015;2025.06.04 22:40;-12;22.5625;22.875;22.625;240;202;0;
4016;2025.06.04 22:41;-12;22.5;22.875;22.625;240;202;0;
4017;2025.06.04 22:42;-12;22.5;22.875;22.625;240;202;0;
4018;2025.06.04 22:43;-12;22.5;22.875;22.625;239;202;0;
4019;2025.06.04 22:44;-12;22.5;22.875;22.625;239;202;0;
4020;2025.06.04 22:45;-12;22.5;22.875;22.625;239;202;0;
4021;2025.06.04 22:46;-12;22.5;22.875;22.625;239;202;0;
4022;2025.06.04 22:47;-12;22.5;22.875;22.625;239;202;0;
4023;2025.06.04 22:48;-12;22.5;22.875;22.625;239;202;0;
4024;2025.06.04 22:49;-12;22.5;22.8125;22.625;239;202;0;
4025;2025.06.04 22:50;-12;22.5;22.8125;22.625;239;202;0;
4026;2025.06.04 22:51;-12;22.5;22.8125;22.625;239;202;0;
4027;2025.06.04 22:52;-12;22.5;22.8125;22.625;239;202;0;
4028;2025.06.04 22:53;-12;22.5;22.8125;22.625;239;202;0;
4029;2025.06.04 22:54;-12;22.5;22.8125;22.625;239;202;0;
4030;2025.06.04 22:55;-12;22.5;22.8125;22.625;239;202;0;
4031;2025.06.04 22:56;-12;22.5;22.8125;22.625;239;202;0;
4032;2025.06.04 22:57;-12;22.5;22.8125;22.625;239;202;0;
4033;2025.06.04 22:58;-12;22.5;22.75;22.625;239;202;0;
4034;2025.06.04 22:59;-12;22.5;22.75;22.625;239;202;0;
4035;2025.06.04 23:00;-12;22.5;22.75;22.625;239;202;0;
4036;2025.06.04 23:01;-12;22.5;22.75;22.625;239;202;0;
4037;2025.06.04 23:02;-12;22.5;22.75;22.5625;239;202;0;
4038;2025.06.04 23:03;-12;22.5;22.75;22.5625;239;202;0;
4039;2025.06.04 23:04;-12;22.4375;22.75;22.5625;239;202;0;
4040;2025.06.04 23:05;-12;22.4375;22.75;22.5625;239;202;0;
4041;2025.06.04 23:06;-12;22.4375;22.75;22.5625;239;202;0;
4042;2025.06.04 23:07;-12;22.4375;22.75;22.5625;239;202;0;
4043;2025.06.04 23:08;-12;22.4375;22.75;22.5;239;202;0;
4044;2025.06.04 23:09;-12;22.4375;22.75;22.5;239;202;0;
4045;2025.06.04 23:10;-12;22.375;22.75;22.5;239;202;0;
4046;2025.06.04 23:11;-12;22.375;22.75;22.5;239;202;0;
4047;2025.06.04 23:12;-12;22.375;22.75;22.5;239;202;0;
4048;2025.06.04 23:13;-12;22.375;22.75;22.5;239;202;0;
4049;2025.06.04 23:14;-12;22.375;22.75;22.5;239;202;0;
4050;2025.06.04 23:15;-12;22.375;22.75;22.5;239;202;0;
4051;2025.06.04 23:16;-12;22.375;22.75;22.5;239;202;0;
4052;2025.06.04 23:17;-12;22.375;22.75;22.5;239;202;0;
4053;2025.06.04 23:18;-12;22.375;22.75;22.5;239;202;0;
4054;2025.06.04 23:19;-12;22.375;22.75;22.5;239;202;0;
4055;2025.06.04 23:20;-12;22.375;22.6875;22.5;239;202;0;
4056;2025.06.04 23:21;-12;22.375;22.6875;22.5;239;202;0;
4057;2025.06.04 23:22;-12;22.375;22.6875;22.5;239;202;0;
4058;2025.06.04 23:23;-12;22.375;22.6875;22.4375;239;202;0;
4059;2025.06.04 23:24;-12;22.375;22.6875;22.4375;239;202;0;
4060;2025.06.04 23:25;-12;22.375;22.6875;22.4375;239;202;0;
4061;2025.06.04 23:26;-12;22.375;22.6875;22.4375;239;202;0;
4062;2025.06.04 23:27;-12;22.3125;22.625;22.4375;239;202;0;
4063;2025.06.04 23:28;-12;22.1875;22.625;22.375;238;202;0;
4064;2025.06.04 23:29;-12;22;22.5625;22.25;238;202;0;
4065;2025.06.04 23:30;-12;21.8125;22.5;22.125;238;202;0;
4066;2025.06.04 23:31;-12;21.6875;22.375;21.9375;237;202;0;
4067;2025.06.04 23:32;-12;21.5625;22.3125;21.8125;237;202;0;
4068;2025.06.04 23:33;-12;21.5625;22.25;21.75;237;202;0;
4069;2025.06.04 23:34;-12;21.625;22.25;21.75;237;202;0;
4070;2025.06.04 23:35;-12;21.6875;22.25;21.75;237;202;0;
4071;2025.06.04 23:36;-12;21.75;22.25;21.75;237;202;0;
4072;2025.06.04 23:37;-12;21.8125;22.25;21.8125;237;202;0;
4073;2025.06.04 23:38;-12;21.875;22.25;21.875;237;202;0;
4074;2025.06.04 23:39;-12;21.9375;22.25;21.875;237;202;0;
4075;2025.06.04 23:40;-12;22;22.25;21.9375;237;202;0;
4076;2025.06.04 23:41;-12;22;22.25;22;237;202;0;
4077;2025.06.04 23:42;-12;22;22.25;22;237;202;0;
4078;2025.06.04 23:43;-12;22.0625;22.3125;22;237;202;0;
4079;2025.06.04 23:44;-12;22.0625;22.3125;22;237;202;0;
4080;2025.06.04 23:45;-12;22.125;22.3125;22.0625;237;202;0;
4081;2025.06.04 23:46;-12;22.125;22.3125;22.125;237;202;0;
4082;2025.06.04 23:47;-12;22.125;22.3125;22.125;237;202;0;
4083;2025.06.04 23:48;-12;22.125;22.375;22.125;237;202;0;
4084;2025.06.04 23:49;-12;22.125;22.375;22.125;237;202;0;
4085;2025.06.04 23:50;-12;22.125;22.375;22.125;237;202;0;
4086;2025.06.04 23:51;-12;22.125;22.375;22.1875;237;202;0;
4087;2025.06.04 23:52;-12;22.125;22.375;22.1875;237;202;0;
4088;2025.06.04 23:53;-12;22.125;22.375;22.25;238;202;0;
4089;2025.06.04 23:54;-12;22.125;22.375;22.25;238;202;0;
4090;2025.06.04 23:55;-12;22.125;22.375;22.25;238;202;0;
4091;2025.06.04 23:56;-12;22.125;22.375;22.25;238;202;0;
4092;2025.06.04 23:57;-12;22.125;22.375;22.25;238;202;0;
4093;2025.06.04 23:58;-12;22.125;22.375;22.25;238;202;0;
4094;2025.06.04 23:59;-12;22.125;22.375;22.25;238;202;0;
4095;2025.06.05 00:00;-12;22.125;22.375;22.25;238;202;0;
4096;2025.06.05 00:01;-12;22.125;22.375;22.25;238;202;0;
4097;2025.06.05 00:02;-12;22.125;22.375;22.25;238;202;0;
4098;2025.06.05 00:03;-12;22.125;22.375;22.25;238;202;0;
4099;2025.06.05 00:04;-12;22.125;22.375;22.25;238;202;0;
4100;2025.06.05 00:05;-12;22.125;22.375;22.25;238;202;0;
4101;2025.06.05 00:06;-12;22.1875;22.375;22.25;238;202;0;
4102;2025.06.05 00:07;-12;22.125;22.375;22.25;238;202;0;
4103;2025.06.05 00:08;-12;22.1875;22.375;22.25;238;202;0;
4104;2025.06.05 00:09;-12;22.1875;22.375;22.25;238;202;0;
4105;2025.06.05 00:10;-12;22.1875;22.4375;22.25;238;202;0;
4106;2025.06.05 00:11;-12;22.1875;22.4375;22.25;238;202;0;
4107;2025.06.05 00:12;-12;22.125;22.375;22.25;238;202;0;
4108;2025.06.05 00:13;-12;22.125;22.4375;22.25;238;202;0;
4109;2025.06.05 00:14;-12;22.125;22.4375;22.25;238;202;0;
4110;2025.06.05 00:15;-12;22.1875;22.4375;22.25;238;202;0;
4111;2025.06.05 00:16;-12;22.1875;22.4375;22.3125;238;202;0;
4112;2025.06.05 00:17;-12;22.125;22.4375;22.25;238;202;0;
4113;2025.06.05 00:18;-12;22.125;22.4375;22.25;238;202;0;
4114;2025.06.05 00:19;-12;22.1875;22.4375;22.25;238;202;0;
4115;2025.06.05 00:20;-12;22.125;22.4375;22.25;238;202;0;
4116;2025.06.05 00:21;-12;22.125;22.4375;22.25;238;202;0;
4117;2025.06.05 00:22;-12;22.1875;22.4375;22.25;238;202;0;
4118;2025.06.05 00:23;-12;22.125;22.4375;22.25;238;202;0;
4119;2025.06.05 00:24;-12;22.125;22.4375;22.25;238;202;0;
4120;2025.06.05 00:25;-12;22.125;22.4375;22.25;238;202;0;
4121;2025.06.05 00:26;-12;22.125;22.4375;22.25;238;202;0;
4122;2025.06.05 00:27;-12;22.125;22.4375;22.25;238;202;0;
4123;2025.06.05 00:28;-12;22.125;22.4375;22.25;238;202;0;
4124;2025.06.05 00:29;-12;22.125;22.4375;22.25;238;202;0;
4125;2025.06.05 00:30;-12;22.125;22.4375;22.25;238;202;0;
4126;2025.06.05 00:31;-12;22.125;22.4375;22.25;238;202;0;
4127;2025.06.05 00:32;-12;22.125;22.4375;22.25;238;202;0;
4128;2025.06.05 00:33;-12;22.125;22.4375;22.25;238;202;0;
4129;2025.06.05 00:34;-12;22.125;22.4375;22.25;238;202;0;
4130;2025.06.05 00:35;-12;22.125;22.4375;22.25;238;202;0;
4131;2025.06.05 00:36;-12;22.125;22.4375;22.25;238;202;0;
4132;2025.06.05 00:37;-12;22.125;22.375;22.25;238;202;0;
4133;2025.06.05 00:38;-12;22.125;22.375;22.25;238;202;0;
4134;2025.06.05 00:39;-12;22.125;22.375;22.25;238;202;0;
4135;2025.06.05 00:40;-12;22.125;22.4375;22.25;238;202;0;
4136;2025.06.05 00:41;-12;22.125;22.375;22.25;238;202;0;
4137;2025.06.05 00:42;-12;21.9375;22.375;22.125;237;202;0;
4138;2025.06.05 00:43;-12;21.6875;22.25;22;237;202;0;
4139;2025.06.05 00:44;-12;21.625;22.25;21.875;237;202;0;
4140;2025.06.05 00:45;-12;21.625;22.1875;21.75;236;202;0;
4141;2025.06.05 00:46;-12;21.625;22.125;21.75;236;202;0;
4142;2025.06.05 00:47;-12;21.625;22.125;21.75;236;202;0;
4143;2025.06.05 00:48;-12;21.6875;22.125;21.75;236;202;0;
4144;2025.06.05 00:49;-12;21.75;22.125;21.8125;236;202;0;
4145;2025.06.05 00:50;-12;21.75;22.125;21.8125;236;202;0;
4146;2025.06.05 00:51;-12;21.75;22.125;21.875;236;202;0;
4147;2025.06.05 00:52;-12;21.8125;22.125;21.875;236;202;0;
4148;2025.06.05 00:53;-12;21.875;22.125;21.875;236;202;0;
4149;2025.06.05 00:54;-12;21.875;22.125;21.875;237;202;0;
4150;2025.06.05 00:55;-12;21.875;22.125;21.9375;237;202;0;
4151;2025.06.05 00:56;-12;21.875;22.125;21.9375;237;202;0;
4152;2025.06.05 00:57;-12;21.875;22.125;22;237;202;0;
4153;2025.06.05 00:58;-12;21.875;22.125;22;237;202;0;
4154;2025.06.05 00:59;-12;21.875;22.125;22;237;202;0;
4155;2025.06.05 01:00;-12;21.875;22.1875;22;237;202;0;
4156;2025.06.05 01:01;-12;21.875;22.1875;22;237;202;0;
4157;2025.06.05 01:02;-12;21.875;22.125;22;237;202;0;
4158;2025.06.05 01:03;-12;21.875;22.1875;22;237;202;0;
4159;2025.06.05 01:04;-12;21.9375;22.1875;22;237;202;0;
4160;2025.06.05 01:05;-12;21.875;22.1875;22;237;202;0;
4161;2025.06.05 01:06;-12;21.875;22.1875;22;237;202;0;
4162;2025.06.05 01:07;-12;21.875;22.1875;22;237;202;0;
4163;2025.06.05 01:08;-12;21.875;22.1875;22;237;202;0;
4164;2025.06.05 01:09;-12;21.875;22.1875;22;237;202;0;
4165;2025.06.05 01:10;-12;21.9375;22.1875;22.0625;237;202;0;
4166;2025.06.05 01:11;-12;21.9375;22.1875;22.0625;237;202;0;
4167;2025.06.05 01:12;-12;21.9375;22.1875;22.0625;237;202;0;
4168;2025.06.05 01:13;-12;21.9375;22.1875;22.0625;237;202;0;
4169;2025.06.05 01:14;-12;21.875;22.1875;22.0625;237;202;0;
4170;2025.06.05 01:15;-12;21.875;22.1875;22.0625;237;202;0;
4171;2025.06.05 01:16;-12;21.875;22.1875;22.0625;237;202;0;
4172;2025.06.05 01:17;-12;21.875;22.1875;22.0625;237;202;0;
4173;2025.06.05 01:18;-12;21.875;22.1875;22.0625;237;202;0;
4174;2025.06.05 01:19;-12;21.875;22.1875;22.0625;237;202;0;
4175;2025.06.05 01:20;-12;21.875;22.1875;22.0625;237;202;0;
4176;2025.06.05 01:21;-12;21.875;22.1875;22.0625;237;202;0;
4177;2025.06.05 01:22;-12;21.875;22.1875;22.0625;237;202;0;
4178;2025.06.05 01:23;-12;21.875;22.1875;22.0625;237;202;0;
4179;2025.06.05 01:24;-12;21.875;22.1875;22.0625;237;202;0;
4180;2025.06.05 01:25;-12;21.875;22.1875;22.0625;237;202;0;
4181;2025.06.05 01:26;-12;21.875;22.1875;22.0625;237;202;0;
4182;2025.06.05 01:27;-12;21.875;22.1875;22;237;202;0;
4183;2025.06.05 01:28;-12;21.875;22.1875;22;237;202;0;
4184;2025.06.05 01:29;-12;21.875;22.1875;22;237;202;0;
4185;2025.06.05 01:30;-12;21.875;22.1875;22;237;202;0;
4186;2025.06.05 01:31;-12;21.875;22.1875;22;237;202;0;
4187;2025.06.05 01:32;-12;21.875;22.1875;22;237;202;0;
4188;2025.06.05 01:33;-12;21.875;22.1875;22;237;202;0;
4189;2025.06.05 01:34;-12;21.875;22.1875;22;237;202;0;
4190;2025.06.05 01:35;-12;21.875;22.1875;22;237;202;0;
4191;2025.06.05 01:36;-12;21.875;22.1875;22;237;202;0;
4192;2025.06.05 01:37;-12;21.875;22.125;22;237;202;0;
4193;2025.06.05 01:38;-12;21.875;22.125;22;237;202;0;
4194;2025.06.05 01:39;-12;21.875;22.125;22;237;202;0;
4195;2025.06.05 01:40;-12;21.875;22.125;22;237;202;0;
4196;2025.06.05 01:41;-12;21.875;22.125;22;237;202;0;
4197;2025.06.05 01:42;-12;21.875;22.125;22;237;202;0;
4198;2025.06.05 01:43;-12;21.875;22.125;22;237;202;0;
4199;2025.06.05 01:44;-12;21.875;22.125;22;237;202;0;
4200;2025.06.05 01:45;-12;21.875;22.125;22;237;202;0;
4201;2025.06.05 01:46;-12;21.875;22.125;22;237;202;0;
4202;2025.06.05 01:47;-12;21.8125;22.125;22;236;202;0;
4203;2025.06.05 01:48;-12;21.8125;22.125;22;236;202;0;
4204;2025.06.05 01:49;-12;21.8125;22.125;22;236;202;0;
4205;2025.06.05 01:50;-12;21.8125;22.125;22;236;202;0;
4206;2025.06.05 01:51;-12;21.8125;22.125;22;236;202;0;
4207;2025.06.05 01:52;-12;21.75;22.125;22;236;202;0;
4208;2025.06.05 01:53;-12;21.75;22.125;21.9375;236;202;0;
4209;2025.06.05 01:54;-12;21.75;22.125;21.9375;236;202;0;
4210;2025.06.05 01:55;-12;21.75;22.125;21.9375;236;202;0;
4211;2025.06.05 01:56;-12;21.75;22.125;21.9375;236;202;0;
4212;2025.06.05 01:57;-12;21.75;22.125;21.9375;236;202;0;
4213;2025.06.05 01:58;-12;21.75;22.125;21.9375;236;202;0;
4214;2025.06.05 01:59;-12;21.75;22.125;21.875;236;202;0;
4215;2025.06.05 02:00;-12;21.75;22.125;21.875;236;202;0;
4216;2025.06.05 02:01;-12;21.75;22.125;21.875;236;202;0;
4217;2025.06.05 02:02;-12;21.75;22.125;21.875;236;202;0;
4218;2025.06.05 02:03;-12;21.75;22.125;21.875;236;202;0;
4219;2025.06.05 02:04;-12;21.75;22.0625;21.875;236;202;0;
4220;2025.06.05 02:05;-12;21.75;22.0625;21.875;236;202;0;
4221;2025.06.05 02:06;-12;21.75;22.0625;21.875;236;202;0;
4222;2025.06.05 02:07;-12;21.75;22.0625;21.875;236;202;0;
4223;2025.06.05 02:08;-12;21.75;22.0625;21.875;236;202;0;
4224;2025.06.05 02:09;-12;21.75;22.0625;21.875;236;202;0;
4225;2025.06.05 02:10;-12;21.75;22.0625;21.875;236;202;0;
4226;2025.06.05 02:11;-12;21.75;22;21.875;236;202;0;
4227;2025.06.05 02:12;-12;21.75;22;21.875;236;202;0;
4228;2025.06.05 02:13;-12;21.6875;22;21.875;236;202;0;
4229;2025.06.05 02:14;-12;21.6875;22;21.875;236;202;0;
4230;2025.06.05 02:15;-12;21.6875;22;21.875;236;202;0;
4231;2025.06.05 02:16;-12;21.6875;22;21.875;236;202;0;
4232;2025.06.05 02:17;-12;21.6875;22;21.875;236;202;0;
4233;2025.06.05 02:18;-12;21.6875;22;21.875;236;202;0;
4234;2025.06.05 02:19;-12;21.6875;22;21.875;236;202;0;
4235;2025.06.05 02:20;-12;21.6875;22;21.875;236;202;0;
4236;2025.06.05 02:21;-12;21.6875;22;21.875;236;202;0;
4237;2025.06.05 02:22;-12;21.6875;22;21.875;236;202;0;
4238;2025.06.05 02:23;-12;21.625;22;21.875;236;202;0;
4239;2025.06.05 02:24;-12;21.625;22;21.875;236;202;0;
4240;2025.06.05 02:25;-12;21.625;22;21.875;236;202;0;
4241;2025.06.05 02:26;-12;21.625;22;21.875;236;202;0;
4242;2025.06.05 02:27;-12;21.625;22;21.8125;236;202;0;
4243;2025.06.05 02:28;-12;21.625;22;21.8125;236;202;0;
4244;2025.06.05 02:29;-12;21.625;22;21.8125;236;202;0;
4245;2025.06.05 02:30;-12;21.625;22;21.8125;236;202;0;
4246;2025.06.05 02:31;-12;21.625;22;21.8125;236;202;0;
4247;2025.06.05 02:32;-12;21.625;22;21.8125;236;202;0;
4248;2025.06.05 02:33;-12;21.625;22;21.8125;236;202;0;
4249;2025.06.05 02:34;-12;21.625;22;21.8125;236;202;0;
4250;2025.06.05 02:35;-12;21.625;22;21.8125;236;202;0;
4251;2025.06.05 02:36;-12;21.625;22;21.8125;236;202;0;
4252;2025.06.05 02:37;-12;21.625;22;21.75;236;202;0;
4253;2025.06.05 02:38;-12;21.625;22;21.75;236;202;0;
4254;2025.06.05 02:39;-12;21.625;21.9375;21.75;236;202;0;
4255;2025.06.05 02:40;-12;21.625;21.9375;21.75;236;202;0;
4256;2025.06.05 02:41;-12;21.625;21.9375;21.75;236;202;0;
4257;2025.06.05 02:42;-12;21.625;21.9375;21.75;236;202;0;
4258;2025.06.05 02:43;-12;21.625;21.9375;21.75;236;202;0;
4259;2025.06.05 02:44;-12;21.625;21.9375;21.75;236;202;0;
4260;2025.06.05 02:45;-12;21.625;21.9375;21.75;236;202;0;
4261;2025.06.05 02:46;-12;21.625;21.9375;21.75;236;202;0;
4262;2025.06.05 02:47;-12;21.625;21.875;21.75;236;202;0;
4263;2025.06.05 02:48;-12;21.625;21.875;21.75;236;202;0;
4264;2025.06.05 02:49;-12;21.625;21.875;21.75;236;202;0;
4265;2025.06.05 02:50;-12;21.5625;21.875;21.75;236;202;0;
4266;2025.06.05 02:51;-12;21.5625;21.875;21.75;235;202;0;
4267;2025.06.05 02:52;-12;21.5625;21.875;21.75;235;202;0;
4268;2025.06.05 02:53;-12;21.5625;21.875;21.75;235;202;0;
4269;2025.06.05 02:54;-12;21.5625;21.875;21.75;235;202;0;
4270;2025.06.05 02:55;-12;21.5625;21.875;21.75;235;202;0;
4271;2025.06.05 02:56;-12;21.5;21.875;21.75;235;202;0;
4272;2025.06.05 02:57;-12;21.5;21.875;21.75;235;202;0;
4273;2025.06.05 02:58;-12;21.5;21.875;21.75;235;202;0;
4274;2025.06.05 02:59;-12;21.5;21.875;21.75;235;202;0;
4275;2025.06.05 03:00;-12;21.5;21.875;21.6875;235;202;0;
4276;2025.06.05 03:01;-12;21.5;21.875;21.6875;235;202;0;
4277;2025.06.05 03:02;-12;21.5;21.875;21.6875;235;202;0;
4278;2025.06.05 03:03;-12;21.5;21.875;21.6875;235;202;0;
4279;2025.06.05 03:04;-12;21.5;21.875;21.6875;235;202;0;
4280;2025.06.05 03:05;-12;21.5;21.875;21.6875;235;202;0;
4281;2025.06.05 03:06;-12;21.5;21.875;21.6875;235;202;0;
4282;2025.06.05 03:07;-12;21.5;21.875;21.6875;235;202;0;
4283;2025.06.05 03:08;-12;21.5;21.875;21.625;235;202;0;
4284;2025.06.05 03:09;-12;21.5;21.875;21.625;235;202;0;
4285;2025.06.05 03:10;-12;21.5;21.875;21.625;235;202;0;
4286;2025.06.05 03:11;-12;21.5;21.8125;21.625;235;202;0;
4287;2025.06.05 03:12;-12;21.5;21.8125;21.625;235;202;0;
4288;2025.06.05 03:13;-12;21.5;21.8125;21.625;235;202;0;
4289;2025.06.05 03:14;-12;21.5;21.8125;21.625;235;202;0;
4290;2025.06.05 03:15;-12;21.5;21.8125;21.625;235;202;0;
4291;2025.06.05 03:16;-12;21.5;21.8125;21.625;235;202;0;
4292;2025.06.05 03:17;-12;21.5;21.8125;21.625;235;202;0;
4293;2025.06.05 03:18;-12;21.5;21.8125;21.625;235;202;0;
4294;2025.06.05 03:19;-12;21.5;21.75;21.625;235;202;0;
4295;2025.06.05 03:20;-12;21.5;21.8125;21.625;235;202;0;
4296;2025.06.05 03:21;-12;21.5;21.75;21.625;235;202;0;
4297;2025.06.05 03:22;-12;21.4375;21.75;21.625;235;202;0;
4298;2025.06.05 03:23;-12;21.4375;21.75;21.625;235;202;0;
4299;2025.06.05 03:24;-12;21.4375;21.75;21.625;235;202;0;
4300;2025.06.05 03:25;-12;21.4375;21.75;21.625;235;202;0;
4301;2025.06.05 03:26;-12;21.4375;21.75;21.625;235;202;0;
4302;2025.06.05 03:27;-12;21.4375;21.75;21.625;235;202;0;
4303;2025.06.05 03:28;-12;21.4375;21.75;21.625;235;202;0;
4304;2025.06.05 03:29;-12;21.4375;21.75;21.625;235;202;0;
4305;2025.06.05 03:30;-12;21.4375;21.75;21.625;235;202;0;
4306;2025.06.05 03:31;-12;21.375;21.75;21.625;235;202;0;
4307;2025.06.05 03:32;-12;21.4375;21.75;21.625;235;202;0;
4308;2025.06.05 03:33;-12;21.375;21.75;21.625;235;202;0;
4309;2025.06.05 03:34;-12;21.375;21.75;21.625;235;202;0;
4310;2025.06.05 03:35;-12;21.375;21.75;21.625;235;202;0;
4311;2025.06.05 03:36;-12;21.375;21.75;21.625;235;202;0;
4312;2025.06.05 03:37;-12;21.375;21.75;21.625;235;202;0;
4313;2025.06.05 03:38;-12;21.375;21.75;21.625;235;202;0;
4314;2025.06.05 03:39;-12;21.375;21.75;21.625;235;202;0;
4315;2025.06.05 03:40;-12;21.375;21.75;21.625;235;202;0;
4316;2025.06.05 03:41;-12;21.375;21.75;21.625;235;202;0;
4317;2025.06.05 03:42;-12;21.375;21.75;21.625;235;202;0;
4318;2025.06.05 03:43;-12;21.375;21.75;21.625;235;202;0;
4319;2025.06.05 03:44;-12;21.375;21.75;21.625;235;202;0;
4320;2025.06.05 03:45;-12;21.375;21.75;21.625;235;202;0;
4321;2025.06.05 03:46;-12;21.375;21.75;21.5625;235;202;0;
4322;2025.06.05 03:47;-12;21.375;21.75;21.5625;235;202;0;
4323;2025.06.05 03:48;-12;21.375;21.75;21.5625;235;202;0;
4324;2025.06.05 03:49;-12;21.375;21.75;21.5625;235;202;0;
4325;2025.06.05 03:50;-12;21.375;21.75;21.5625;235;202;0;
4326;2025.06.05 03:51;-12;21.375;21.6875;21.5625;235;202;0;
4327;2025.06.05 03:52;-12;21.375;21.6875;21.5;235;202;0;
4328;2025.06.05 03:53;-12;21.375;21.6875;21.5;235;202;0;
4329;2025.06.05 03:54;-12;21.375;21.6875;21.5;235;202;0;
4330;2025.06.05 03:55;-12;21.375;21.6875;21.5;235;202;0;
4331;2025.06.05 03:56;-12;21.375;21.6875;21.5;235;202;0;
4332;2025.06.05 03:57;-12;21.375;21.6875;21.5;235;202;0;
4333;2025.06.05 03:58;-12;21.375;21.6875;21.5;235;202;0;
4334;2025.06.05 03:59;-12;21.375;21.6875;21.5;235;202;0;
4335;2025.06.05 04:00;-12;21.375;21.6875;21.5;235;202;0;
4336;2025.06.05 04:01;-12;21.375;21.6875;21.5;235;202;0;
4337;2025.06.05 04:02;-12;21.375;21.6875;21.5;235;202;0;
4338;2025.06.05 04:03;-12;21.375;21.6875;21.5;235;202;0;
4339;2025.06.05 04:04;-12;21.375;21.6875;21.5;235;202;0;
4340;2025.06.05 04:05;-12;21.375;21.625;21.5;235;202;0;
4341;2025.06.05 04:06;-12;21.375;21.625;21.5;235;202;0;
4342;2025.06.05 04:07;-12;21.375;21.625;21.5;235;202;0;
4343;2025.06.05 04:08;-12;21.375;21.625;21.5;235;202;0;
4344;2025.06.05 04:09;-12;21.3125;21.625;21.5;235;202;0;
4345;2025.06.05 04:10;-12;21.3125;21.625;21.5;235;202;0;
4346;2025.06.05 04:11;-12;21.3125;21.625;21.5;235;202;0;
4347;2025.06.05 04:12;-12;21.3125;21.625;21.5;235;202;0;
4348;2025.06.05 04:13;-12;21.3125;21.625;21.5;235;202;0;
4349;2025.06.05 04:14;-12;21.25;21.625;21.5;235;202;0;
4350;2025.06.05 04:15;-12;21.25;21.625;21.4375;235;202;0;
4351;2025.06.05 04:16;-12;21.25;21.625;21.4375;235;202;0;
4352;2025.06.05 04:17;-12;21.25;21.625;21.4375;235;202;0;
4353;2025.06.05 04:18;-12;21.25;21.625;21.4375;235;202;0;
4354;2025.06.05 04:19;-12;21.25;21.625;21.4375;234;202;0;
4355;2025.06.05 04:20;-12;21.25;21.625;21.4375;235;202;0;
4356;2025.06.05 04:21;-12;21.25;21.625;21.4375;234;202;0;
4357;2025.06.05 04:22;-12;21.25;21.625;21.375;234;202;0;
4358;2025.06.05 04:23;-12;21.25;21.625;21.375;234;202;0;
4359;2025.06.05 04:24;-12;21.25;21.625;21.375;234;202;0;
4360;2025.06.05 04:25;-12;21.25;21.625;21.375;234;202;0;
4361;2025.06.05 04:26;-12;21.25;21.625;21.375;234;202;0;
4362;2025.06.05 04:27;-12;21.25;21.625;21.375;234;202;0;
4363;2025.06.05 04:28;-12;21.25;21.625;21.375;234;202;0;
4364;2025.06.05 04:29;-12;21.25;21.5625;21.375;234;202;0;
4365;2025.06.05 04:30;-12;21.25;21.5625;21.375;234;202;0;
4366;2025.06.05 04:31;-12;21.25;21.5625;21.375;234;202;0;
4367;2025.06.05 04:32;-12;21.25;21.5625;21.375;234;202;0;
4368;2025.06.05 04:33;-12;21.25;21.5625;21.375;234;202;0;
4369;2025.06.05 04:34;-12;21.25;21.5625;21.375;234;202;0;
4370;2025.06.05 04:35;-12;21.1875;21.5625;21.375;234;202;0;
4371;2025.06.05 04:36;-12;21.1875;21.5;21.375;234;202;0;
4372;2025.06.05 04:37;-12;21.1875;21.5;21.375;234;202;0;
4373;2025.06.05 04:38;-12;21.1875;21.5;21.375;234;202;0;
4374;2025.06.05 04:39;-12;21.1875;21.5;21.375;234;202;0;
4375;2025.06.05 04:40;-12;21.125;21.5;21.3125;234;202;0;
4376;2025.06.05 04:41;-12;21.125;21.5;21.3125;234;202;0;
4377;2025.06.05 04:42;-12;21.125;21.5;21.3125;234;202;0;
4378;2025.06.05 04:43;-12;21.125;21.5;21.3125;234;202;0;
4379;2025.06.05 04:44;-12;21.125;21.5;21.3125;234;202;0;
4380;2025.06.05 04:45;-12;21.125;21.5;21.3125;234;202;0;
4381;2025.06.05 04:46;-12;21.125;21.5;21.25;234;202;0;
4382;2025.06.05 04:47;-12;21.125;21.5;21.25;234;202;0;
4383;2025.06.05 04:48;-12;21.125;21.5;21.25;234;202;0;
4384;2025.06.05 04:49;-12;21.125;21.5;21.25;234;202;0;
4385;2025.06.05 04:50;-12;21.125;21.5;21.25;234;202;0;
4386;2025.06.05 04:51;-12;21.125;21.5;21.25;234;202;0;
4387;2025.06.05 04:52;-12;21.125;21.5;21.25;234;202;0;
4388;2025.06.05 04:53;-12;21.125;21.5;21.25;234;202;0;
4389;2025.06.05 04:54;-12;21.125;21.4375;21.25;234;202;0;
4390;2025.06.05 04:55;-12;21.125;21.4375;21.25;234;202;0;
4391;2025.06.05 04:56;-12;21.125;21.4375;21.25;234;202;0;
4392;2025.06.05 04:57;-12;21.0625;21.4375;21.25;234;202;0;
4393;2025.06.05 04:58;-12;21.0625;21.4375;21.25;234;202;0;
4394;2025.06.05 04:59;-12;21.0625;21.375;21.25;234;202;0;
4395;2025.06.05 05:00;-12;21.0625;21.375;21.25;234;202;0;
4396;2025.06.05 05:01;-12;21.0625;21.375;21.25;234;202;0;
4397;2025.06.05 05:02;-12;21.0625;21.375;21.25;234;202;0;
4398;2025.06.05 05:03;-12;21;21.375;21.25;234;202;0;
4399;2025.06.05 05:04;-12;21;21.375;21.25;234;202;0;
4400;2025.06.05 05:05;-12;21;21.375;21.25;234;202;0;
4401;2025.06.05 05:06;-12;21;21.375;21.1875;234;202;0;
4402;2025.06.05 05:07;-12;21;21.375;21.25;234;202;0;
4403;2025.06.05 05:08;-12;21;21.375;21.1875;234;202;0;
4404;2025.06.05 05:09;-12;21;21.375;21.1875;234;202;0;
4405;2025.06.05 05:10;-12;21;21.375;21.1875;234;202;0;
4406;2025.06.05 05:11;-12;21;21.375;21.1875;233;202;0;
4407;2025.06.05 05:12;-12;21;21.375;21.1875;233;202;0;
4408;2025.06.05 05:13;-12;21;21.375;21.1875;233;202;0;
4409;2025.06.05 05:14;-12;21;21.375;21.1875;233;202;0;
4410;2025.06.05 05:15;-12;21;21.375;21.1875;233;202;0;
4411;2025.06.05 05:16;-12;21;21.375;21.1875;233;202;0;
4412;2025.06.05 05:17;-12;21;21.375;21.1875;233;202;0;
4413;2025.06.05 05:18;-12;21;21.375;21.1875;233;202;0;
4414;2025.06.05 05:19;-12;21;21.375;21.125;233;202;0;
4415;2025.06.05 05:20;-12;21;21.375;21.1875;233;202;0;
4416;2025.06.05 05:21;-12;21;21.375;21.1875;233;202;0;
4417;2025.06.05 05:22;-12;21;21.375;21.125;233;202;0;
4418;2025.06.05 05:23;-12;21;21.375;21.1875;233;202;0;
4419;2025.06.05 05:24;-12;21;21.375;21.125;233;202;0;
4420;2025.06.05 05:25;-12;21;21.375;21.125;233;202;0;
4421;2025.06.05 05:26;-12;21;21.3125;21.125;233;202;0;
4422;2025.06.05 05:27;-12;21;21.3125;21.125;233;202;0;
4423;2025.06.05 05:28;-12;21;21.3125;21.125;233;202;0;
4424;2025.06.05 05:29;-12;21;21.3125;21.125;233;202;0;
4425;2025.06.05 05:30;-12;21;21.3125;21.125;233;202;0;
4426;2025.06.05 05:31;-12;21;21.3125;21.125;233;202;0;
4427;2025.06.05 05:32;-12;21;21.3125;21.125;233;202;0;
4428;2025.06.05 05:33;-12;21;21.3125;21.125;233;202;0;
4429;2025.06.05 05:34;-12;21;21.3125;21.125;233;202;0;
4430;2025.06.05 05:35;-12;21;21.3125;21.125;233;202;0;
4431;2025.06.05 05:36;-12;21;21.3125;21.125;233;202;0;
4432;2025.06.05 05:37;-12;21;21.3125;21.125;233;202;0;
4433;2025.06.05 05:38;-12;21;21.25;21.125;233;202;0;
4434;2025.06.05 05:39;-12;21;21.3125;21.125;233;202;0;
4435;2025.06.05 05:40;-12;21;21.25;21.125;233;202;0;
4436;2025.06.05 05:41;-12;21;21.25;21.125;233;202;0;
4437;2025.06.05 05:42;-12;21;21.25;21.125;233;202;0;
4438;2025.06.05 05:43;-12;21;21.25;21.125;233;202;0;
4439;2025.06.05 05:44;-12;21;21.25;21.125;233;202;0;
4440;2025.06.05 05:45;-12;21;21.25;21.125;233;202;0;
4441;2025.06.05 05:46;-12;20.9375;21.25;21.125;233;202;0;
4442;2025.06.05 05:47;-12;20.9375;21.25;21.125;233;202;0;
4443;2025.06.05 05:48;-12;20.9375;21.25;21.125;233;202;0;
4444;2025.06.05 05:49;-12;20.9375;21.25;21.125;233;202;0;
4445;2025.06.05 05:50;-12;20.9375;21.25;21.125;233;202;0;
4446;2025.06.05 05:51;-12;20.9375;21.25;21.125;233;202;0;
4447;2025.06.05 05:52;-12;20.9375;21.25;21.125;233;202;0;
4448;2025.06.05 05:53;-12;20.9375;21.25;21.125;233;202;0;
4449;2025.06.05 05:54;-12;20.875;21.25;21.0625;233;202;0;
4450;2025.06.05 05:55;-12;20.9375;21.25;21.0625;233;202;0;
4451;2025.06.05 05:56;-12;20.875;21.25;21.0625;233;202;0;
4452;2025.06.05 05:57;-12;20.875;21.25;21.0625;233;202;0;
4453;2025.06.05 05:58;-12;20.875;21.25;21.0625;233;202;0;
4454;2025.06.05 05:59;-12;20.875;21.25;21.0625;233;202;0;
4455;2025.06.05 06:00;-12;20.875;21.25;21.0625;233;202;0;
4456;2025.06.05 06:01;-12;20.875;21.25;21.0625;233;202;0;
4457;2025.06.05 06:02;-12;20.875;21.25;21;233;202;0;
4458;2025.06.05 06:03;-12;20.875;21.25;21;233;202;0;
4459;2025.06.05 06:04;-12;20.875;21.25;21;233;202;0;
4460;2025.06.05 06:05;-12;20.875;21.25;21;233;202;0;
4461;2025.06.05 06:06;-12;20.875;21.1875;21;233;202;0;
4462;2025.06.05 06:07;-12;20.875;21.1875;21;233;202;0;
4463;2025.06.05 06:08;-12;20.875;21.1875;21;233;202;0;
4464;2025.06.05 06:09;-12;20.875;21.1875;21;233;202;0;
4465;2025.06.05 06:10;-12;20.875;21.1875;21;233;202;0;
4466;2025.06.05 06:11;-12;20.875;21.1875;21;233;202;0;
4467;2025.06.05 06:12;-12;20.875;21.1875;21;233;202;0;
4468;2025.06.05 06:13;-12;20.875;21.1875;21;233;202;0;
4469;2025.06.05 06:14;-12;20.875;21.1875;21;233;202;0;
4470;2025.06.05 06:15;-12;20.875;21.1875;21;233;202;0;
4471;2025.06.05 06:16;-12;20.875;21.1875;21;233;202;0;
4472;2025.06.05 06:17;-12;20.875;21.125;21;233;202;0;
4473;2025.06.05 06:18;-12;20.875;21.125;21;233;202;0;
4474;2025.06.05 06:19;-12;20.875;21.125;21;233;202;0;
4475;2025.06.05 06:20;-12;20.875;21.125;21;233;202;0;
4476;2025.06.05 06:21;-12;20.875;21.125;21;233;202;0;
4477;2025.06.05 06:22;-12;20.875;21.125;21;233;202;0;
4478;2025.06.05 06:23;-12;20.875;21.125;21;233;202;0;
4479;2025.06.05 06:24;-12;20.875;21.125;21;233;202;0;
4480;2025.06.05 06:25;-12;20.875;21.125;21;233;202;0;
4481;2025.06.05 06:26;-12;20.875;21.125;21;233;202;0;
4482;2025.06.05 06:27;-12;20.8125;21.125;21;233;202;0;
4483;2025.06.05 06:28;-12;20.8125;21.125;21;233;202;0;
4484;2025.06.05 06:29;-12;20.8125;21.125;21;233;202;0;
4485;2025.06.05 06:30;-12;20.875;21.125;21;233;202;0;
4486;2025.06.05 06:31;-12;20.8125;21.125;21;233;202;0;
4487;2025.06.05 06:32;-12;20.8125;21.125;21;233;202;0;
4488;2025.06.05 06:33;-12;20.8125;21.125;21;233;202;0;
4489;2025.06.05 06:34;-12;20.8125;21.125;21;233;202;0;
4490;2025.06.05 06:35;-12;20.8125;21.125;21;233;202;0;
4491;2025.06.05 06:36;-12;20.75;21.125;21;233;202;0;
4492;2025.06.05 06:37;-12;20.8125;21.125;21;233;202;0;
4493;2025.06.05 06:38;-12;20.75;21.125;20.9375;233;202;0;
4494;2025.06.05 06:39;-12;20.75;21.125;20.9375;233;202;0;
4495;2025.06.05 06:40;-12;20.75;21.125;20.9375;233;202;0;
4496;2025.06.05 06:41;-12;20.75;21.125;20.875;233;202;0;
4497;2025.06.05 06:42;-12;20.75;21.125;20.875;233;202;0;
4498;2025.06.05 06:43;-12;20.75;21.125;20.875;233;202;0;
4499;2025.06.05 06:44;-12;20.75;21.125;20.875;233;202;0;
4500;2025.06.05 06:45;-12;20.75;21.0625;20.875;232;202;0;
4501;2025.06.05 06:46;-12;20.75;21.0625;20.875;233;202;0;
4502;2025.06.05 06:47;-12;20.75;21.0625;20.875;232;202;0;
4503;2025.06.05 06:48;-12;20.75;21.0625;20.875;232;202;0;
4504;2025.06.05 06:49;-12;20.75;21.0625;20.875;232;202;0;
4505;2025.06.05 06:50;-12;20.75;21.0625;20.875;232;202;0;
4506;2025.06.05 06:51;-12;20.75;21;20.875;232;202;0;
4507;2025.06.05 06:52;-12;20.6875;21;20.875;232;202;0;
4508;2025.06.05 06:53;-12;20.6875;21;20.875;232;202;0;
4509;2025.06.05 06:54;-12;20.6875;21;20.875;232;202;0;
4510;2025.06.05 06:55;-12;20.6875;21;20.875;232;202;0;
4511;2025.06.05 06:56;-12;20.6875;21;20.875;232;202;0;
4512;2025.06.05 06:57;-12;20.6875;21;20.875;232;202;0;
4513;2025.06.05 06:58;-12;20.6875;21;20.875;232;202;0;
4514;2025.06.05 06:59;-12;20.625;21;20.8125;232;202;0;
4515;2025.06.05 07:00;-12;20.625;21;20.8125;232;202;0;
4516;2025.06.05 07:01;-12;20.625;21;20.8125;232;202;0;
4517;2025.06.05 07:02;-12;20.625;21;20.8125;232;202;0;
4518;2025.06.05 07:03;-12;20.625;21;20.8125;232;202;0;
4519;2025.06.05 07:04;-12;20.625;21;20.75;232;202;0;
4520;2025.06.05 07:05;-12;20.625;21;20.75;232;202;0;
4521;2025.06.05 07:06;-12;20.625;21;20.75;232;202;0;
4522;2025.06.05 07:07;-12;20.625;21;20.75;232;202;0;
4523;2025.06.05 07:08;-12;20.625;21;20.75;232;202;0;
4524;2025.06.05 07:09;-12;20.625;20.9375;20.75;232;202;0;
4525;2025.06.05 07:10;-12;20.625;20.9375;20.75;232;202;0;
4526;2025.06.05 07:11;-12;20.625;20.9375;20.75;232;202;0;
4527;2025.06.05 07:12;-12;20.625;20.9375;20.75;232;202;0;
4528;2025.06.05 07:13;-12;20.625;20.9375;20.75;232;202;0;
4529;2025.06.05 07:14;-12;20.625;20.9375;20.75;232;202;0;
4530;2025.06.05 07:15;-12;20.625;20.875;20.75;232;202;0;
4531;2025.06.05 07:16;-12;20.625;20.875;20.75;232;202;0;
4532;2025.06.05 07:17;-12;20.5625;20.875;20.75;232;202;0;
4533;2025.06.05 07:18;-12;20.5625;20.875;20.75;232;202;0;
4534;2025.06.05 07:19;-12;20.5625;20.875;20.75;232;202;0;
4535;2025.06.05 07:20;-12;20.5625;20.875;20.75;232;202;0;
4536;2025.06.05 07:21;-12;20.5625;20.875;20.75;232;202;0;
4537;2025.06.05 07:22;-12;20.5625;20.875;20.75;232;202;0;
4538;2025.06.05 07:23;-12;20.5625;20.875;20.75;232;202;0;
4539;2025.06.05 07:24;-12;20.5;20.875;20.6875;232;202;0;
4540;2025.06.05 07:25;-12;20.5;20.875;20.6875;232;202;0;
4541;2025.06.05 07:26;-12;20.5;20.875;20.6875;232;202;0;
4542;2025.06.05 07:27;-12;20.5;20.875;20.6875;232;202;0;
4543;2025.06.05 07:28;-12;20.5;20.875;20.6875;232;202;0;
4544;2025.06.05 07:29;-12;20.5;20.875;20.6875;232;202;0;
4545;2025.06.05 07:30;-12;20.5;20.875;20.6875;232;202;0;
4546;2025.06.05 07:31;-12;20.5;20.875;20.6875;232;202;0;
4547;2025.06.05 07:32;-12;20.5;20.875;20.6875;232;202;0;
4548;2025.06.05 07:33;-12;20.5;20.875;20.625;232;202;0;
4549;2025.06.05 07:34;-12;20.5;20.875;20.6875;232;202;0;
4550;2025.06.05 07:35;-12;20.5;20.875;20.625;232;202;0;
4551;2025.06.05 07:36;-12;20.5;20.8125;20.625;232;202;0;
4552;2025.06.05 07:37;-12;20.5;20.8125;20.625;232;202;0;
4553;2025.06.05 07:38;-12;20.5;20.8125;20.625;232;202;0;
4554;2025.06.05 07:39;-12;20.5;20.8125;20.625;231;202;0;
4555;2025.06.05 07:40;-12;20.5;20.8125;20.625;231;202;0;
4556;2025.06.05 07:41;-12;20.5;20.8125;20.625;231;202;0;
4557;2025.06.05 07:42;-12;20.5;20.8125;20.625;231;202;0;
4558;2025.06.05 07:43;-12;20.5;20.8125;20.625;231;202;0;
4559;2025.06.05 07:44;-12;20.5;20.8125;20.625;231;202;0;
4560;2025.06.05 07:45;-12;20.5;20.75;20.625;231;202;0;
4561;2025.06.05 07:46;-12;20.5;20.75;20.625;231;202;0;
4562;2025.06.05 07:47;-12;20.5;20.75;20.625;231;202;0;
4563;2025.06.05 07:48;-12;20.5;20.75;20.625;231;202;0;
4564;2025.06.05 07:49;-12;20.5;20.75;20.625;231;202;0;
4565;2025.06.05 07:50;-12;20.5;20.75;20.625;231;202;0;
4566;2025.06.05 07:51;-12;20.5;20.75;20.625;231;202;0;
4567;2025.06.05 07:52;-12;20.5;20.75;20.625;231;202;0;
4568;2025.06.05 07:53;-12;20.5;20.75;20.625;231;202;0;
4569;2025.06.05 07:54;-12;20.5;20.75;20.625;231;202;0;
4570;2025.06.05 07:55;-12;20.5;20.75;20.625;231;202;0;
4571;2025.06.05 07:56;-12;20.4375;20.75;20.625;231;202;0;
4572;2025.06.05 07:57;-12;20.4375;20.75;20.625;231;202;0;
4573;2025.06.05 07:58;-12;20.4375;20.75;20.625;231;202;0;
4574;2025.06.05 07:59;-12;20.4375;20.75;20.625;231;202;0;
4575;2025.06.05 08:00;-12;20.4375;20.75;20.625;231;202;0;
4576;2025.06.05 08:01;-12;20.4375;20.75;20.625;231;202;0;
4577;2025.06.05 08:02;-12;20.4375;20.75;20.625;231;202;0;
4578;2025.06.05 08:03;-12;20.4375;20.75;20.625;231;202;0;
4579;2025.06.05 08:04;-12;20.4375;20.75;20.625;231;202;0;
4580;2025.06.05 08:05;-12;20.4375;20.75;20.625;231;202;0;
4581;2025.06.05 08:06;-12;20.4375;20.75;20.5625;231;202;0;
4582;2025.06.05 08:07;-12;20.375;20.75;20.625;231;202;0;
4583;2025.06.05 08:08;-12;20.375;20.75;20.5625;231;202;0;
4584;2025.06.05 08:09;-12;20.375;20.75;20.5625;231;202;0;
4585;2025.06.05 08:10;-12;20.375;20.75;20.5625;231;202;0;
4586;2025.06.05 08:11;-12;20.375;20.75;20.5625;231;202;0;
4587;2025.06.05 08:12;-12;20.375;20.75;20.5625;231;202;0;
4588;2025.06.05 08:13;-12;20.375;20.75;20.5625;231;202;0;
4589;2025.06.05 08:14;-12;20.375;20.75;20.5625;231;202;0;
4590;2025.06.05 08:15;-12;20.375;20.75;20.5625;231;202;0;
4591;2025.06.05 08:16;-12;20.375;20.75;20.5625;231;202;0;
4592;2025.06.05 08:17;-12;20.375;20.75;20.5;231;202;0;
4593;2025.06.05 08:18;-12;20.375;20.6875;20.5;231;202;0;
4594;2025.06.05 08:19;-12;20.375;20.6875;20.5;231;202;0;
4595;2025.06.05 08:20;-12;20.375;20.6875;20.5;231;202;0;
4596;2025.06.05 08:21;-12;20.375;20.6875;20.5;231;202;0;
4597;2025.06.05 08:22;-12;20.375;20.6875;20.5;231;202;0;
4598;2025.06.05 08:23;-12;20.375;20.6875;20.5;231;202;0;
4599;2025.06.05 08:24;-12;20.375;20.6875;20.5;231;202;0;
4600;2025.06.05 08:25;-12;20.375;20.6875;20.5;231;202;0;
4601;2025.06.05 08:26;-12;20.375;20.625;20.5;231;202;0;
4602;2025.06.05 08:27;-12;20.375;20.625;20.5;231;202;0;
4603;2025.06.05 08:28;-12;20.375;20.625;20.5;231;202;0;
4604;2025.06.05 08:29;-12;20.375;20.625;20.5;231;202;0;
4605;2025.06.05 08:30;-12;20.375;20.625;20.5;231;202;0;
4606;2025.06.05 08:31;-12;20.375;20.625;20.5;231;202;0;
4607;2025.06.05 08:32;-12;20.375;20.625;20.5;231;202;0;
4608;2025.06.05 08:33;-12;20.375;20.625;20.5;231;202;0;
4609;2025.06.05 08:34;-12;20.375;20.625;20.5;231;202;0;
4610;2025.06.05 08:35;-12;20.375;20.625;20.5;231;202;0;
4611;2025.06.05 08:36;-12;20.3125;20.625;20.5;231;202;0;
4612;2025.06.05 08:37;-12;20.375;20.625;20.5;231;202;0;
4613;2025.06.05 08:38;-12;20.3125;20.625;20.5;231;202;0;
4614;2025.06.05 08:39;-12;20.375;20.625;20.5;231;202;0;
4615;2025.06.05 08:40;-12;20.375;20.625;20.5;231;202;0;
4616;2025.06.05 08:41;-12;20.3125;20.625;20.5;231;202;0;
4617;2025.06.05 08:42;-12;20.3125;20.625;20.5;231;202;0;
4618;2025.06.05 08:43;-12;20.3125;20.625;20.5;231;202;0;
4619;2025.06.05 08:44;-12;20.3125;20.625;20.5;231;202;0;
4620;2025.06.05 08:45;-12;20.3125;20.625;20.5;231;202;0;
4621;2025.06.05 08:46;-12;20.3125;20.625;20.5;231;202;0;
4622;2025.06.05 08:47;-12;20.3125;20.625;20.5;231;202;0;
4623;2025.06.05 08:48;-12;20.3125;20.625;20.5;231;202;0;
4624;2025.06.05 08:49;-12;20.3125;20.625;20.5;231;202;0;
4625;2025.06.05 08:50;-12;20.3125;20.625;20.4375;231;202;0;
4626;2025.06.05 08:51;-12;20.3125;20.625;20.4375;231;202;0;
4627;2025.06.05 08:52;-12;20.3125;20.625;20.4375;231;202;0;
4628;2025.06.05 08:53;-12;20.25;20.625;20.4375;231;202;0;
4629;2025.06.05 08:54;-12;20.25;20.625;20.4375;231;202;0;
4630;2025.06.05 08:55;-12;20.25;20.625;20.4375;231;202;0;
4631;2025.06.05 08:56;-12;20.25;20.625;20.4375;231;202;0;
4632;2025.06.05 08:57;-12;20.25;20.625;20.4375;231;202;0;
4633;2025.06.05 08:58;-12;20.25;20.625;20.4375;231;202;0;
4634;2025.06.05 08:59;-12;20.25;20.625;20.4375;231;202;0;
4635;2025.06.05 09:00;-12;20.25;20.5625;20.4375;231;202;0;
4636;2025.06.05 09:01;-12;20.25;20.5625;20.4375;231;202;0;
4637;2025.06.05 09:02;-12;20.25;20.5625;20.375;231;202;0;
4638;2025.06.05 09:03;-12;20.25;20.5625;20.375;231;202;0;
4639;2025.06.05 09:04;-12;20.25;20.5625;20.375;231;202;0;
4640;2025.06.05 09:05;-12;20.25;20.5625;20.375;231;202;0;
4641;2025.06.05 09:06;-12;20.25;20.5625;20.375;231;202;0;
4642;2025.06.05 09:07;-12;20.25;20.5625;20.375;231;202;0;
4643;2025.06.05 09:08;-12;20.25;20.5625;20.375;231;202;0;
4644;2025.06.05 09:09;-12;20.25;20.5625;20.375;231;202;0;
4645;2025.06.05 09:10;-12;20.25;20.5625;20.375;231;202;0;
4646;2025.06.05 09:11;-12;20.25;20.5;20.375;231;202;0;
4647;2025.06.05 09:12;-12;20.25;20.5;20.375;231;202;0;
4648;2025.06.05 09:13;-12;20.25;20.5;20.375;231;202;0;
4649;2025.06.05 09:14;-12;20.25;20.5;20.375;231;202;0;
4650;2025.06.05 09:15;-12;20.25;20.5;20.375;231;202;0;
4651;2025.06.05 09:16;-12;20.25;20.5;20.375;231;202;0;
4652;2025.06.05 09:17;-12;20.25;20.5;20.375;230;202;0;
4653;2025.06.05 09:18;-12;20.25;20.5;20.375;231;202;0;
4654;2025.06.05 09:19;-12;20.1875;20.5;20.375;230;202;0;
4655;2025.06.05 09:20;-12;20.1875;20.5;20.375;230;202;0;
4656;2025.06.05 09:21;-12;20.1875;20.5;20.375;230;202;0;
4657;2025.06.05 09:22;-12;20.1875;20.5;20.375;230;202;0;
4658;2025.06.05 09:23;-12;20.1875;20.5;20.375;230;202;0;
4659;2025.06.05 09:24;-12;20.1875;20.5;20.375;230;202;0;
4660;2025.06.05 09:25;-12;20.1875;20.5;20.375;230;202;0;
4661;2025.06.05 09:26;-12;20.125;20.5;20.375;230;202;0;
4662;2025.06.05 09:27;-12;20.125;20.5;20.375;230;202;0;
4663;2025.06.05 09:28;-12;20.125;20.5;20.3125;230;202;0;
4664;2025.06.05 09:29;-12;20.125;20.5;20.3125;230;202;0;
4665;2025.06.05 09:30;-12;20.125;20.5;20.3125;230;202;0;
4666;2025.06.05 09:31;-12;20.125;20.5;20.3125;230;202;0;
4667;2025.06.05 09:32;-12;20.125;20.5;20.3125;230;202;0;
4668;2025.06.05 09:33;-12;20.125;20.5;20.3125;230;202;0;
4669;2025.06.05 09:34;-12;20.125;20.5;20.3125;230;202;0;
4670;2025.06.05 09:35;-12;20.125;20.5;20.3125;230;202;0;
4671;2025.06.05 09:36;-12;20.125;20.5;20.25;230;202;0;
4672;2025.06.05 09:37;-12;20.125;20.4375;20.25;230;202;0;
4673;2025.06.05 09:38;-12;20.125;20.4375;20.25;230;202;0;
4674;2025.06.05 09:39;-12;20.125;20.4375;20.25;230;202;0;
4675;2025.06.05 09:40;-12;20.125;20.4375;20.25;230;202;0;
4676;2025.06.05 09:41;-12;20.125;20.4375;20.25;230;202;0;
4677;2025.06.05 09:42;-12;20.125;20.4375;20.25;230;202;0;
4678;2025.06.05 09:43;-12;20.125;20.4375;20.25;230;202;0;
4679;2025.06.05 09:44;-12;20.125;20.375;20.25;230;202;0;
4680;2025.06.05 09:45;-12;20.125;20.4375;20.25;230;202;0;
4681;2025.06.05 09:46;-12;20.125;20.375;20.25;230;202;0;
4682;2025.06.05 09:47;-12;20.125;20.375;20.25;230;202;0;
4683;2025.06.05 09:48;-12;20.125;20.375;20.25;230;202;0;
4684;2025.06.05 09:49;-12;20.125;20.375;20.25;230;202;0;
4685;2025.06.05 09:50;-12;20.125;20.375;20.25;230;202;0;
4686;2025.06.05 09:51;-12;20.125;20.375;20.25;230;202;0;
4687;2025.06.05 09:52;-12;20.125;20.375;20.25;230;202;0;
4688;2025.06.05 09:53;-12;20.125;20.375;20.25;230;202;0;
4689;2025.06.05 09:54;-12;20.125;20.375;20.25;230;202;0;
4690;2025.06.05 09:55;-12;20.125;20.375;20.25;230;202;0;
4691;2025.06.05 09:56;-12;20.125;20.375;20.25;230;202;0;
4692;2025.06.05 09:57;-12;20.0625;20.375;20.25;230;202;0;
4693;2025.06.05 09:58;-12;20.0625;20.375;20.25;230;202;0;
4694;2025.06.05 09:59;-12;20.125;20.375;20.25;230;202;0;
4695;2025.06.05 10:00;-12;20.0625;20.375;20.25;230;202;0;
4696;2025.06.05 10:01;-12;20.0625;20.375;20.25;230;202;0;
4697;2025.06.05 10:02;-12;20.0625;20.375;20.25;230;202;0;
4698;2025.06.05 10:03;-12;20.0625;20.375;20.25;230;202;0;
4699;2025.06.05 10:04;-12;20.0625;20.375;20.25;230;202;0;
4700;2025.06.05 10:05;-12;20.0625;20.375;20.25;230;202;0;
4701;2025.06.05 10:06;-12;20.0625;20.375;20.25;230;202;0;
4702;2025.06.05 10:07;-12;20.0625;20.375;20.25;230;202;0;
4703;2025.06.05 10:08;-12;20.0625;20.375;20.1875;230;202;0;
4704;2025.06.05 10:09;-12;20;20.375;20.1875;230;202;0;
4705;2025.06.05 10:10;-12;20.0625;20.375;20.1875;230;202;0;
4706;2025.06.05 10:11;-12;20.0625;20.375;20.1875;230;202;0;
4707;2025.06.05 10:12;-12;20.0625;20.375;20.1875;230;202;0;
4708;2025.06.05 10:13;-12;20.0625;20.375;20.1875;230;202;0;
4709;2025.06.05 10:14;-12;20.0625;20.375;20.1875;230;202;0;
4710;2025.06.05 10:15;-12;20.0625;20.375;20.1875;230;202;0;
4711;2025.06.05 10:16;-12;20.0625;20.375;20.1875;230;202;0;
4712;2025.06.05 10:17;-12;20.0625;20.375;20.1875;230;202;0;
4713;2025.06.05 10:18;-12;20.0625;20.375;20.1875;230;202;0;
4714;2025.06.05 10:19;-12;20.0625;20.375;20.1875;230;202;0;
4715;2025.06.05 10:20;-12;20.0625;20.375;20.1875;230;202;0;
4716;2025.06.05 10:21;-12;20.0625;20.375;20.1875;230;202;0;
4717;2025.06.05 10:22;-12;20.0625;20.375;20.1875;230;202;0;
4718;2025.06.05 10:23;-12;20.0625;20.375;20.1875;230;202;0;
4719;2025.06.05 10:24;-12;20.0625;20.375;20.1875;230;202;0;
4720;2025.06.05 10:25;-12;20.0625;20.3125;20.1875;230;202;0;
4721;2025.06.05 10:26;-12;20.0625;20.375;20.1875;230;202;0;
4722;2025.06.05 10:27;-12;20.0625;20.375;20.1875;230;202;0;
4723;2025.06.05 10:28;-12;20.0625;20.3125;20.1875;230;202;0;
4724;2025.06.05 10:29;-12;20;20.375;20.1875;230;202;0;
4725;2025.06.05 10:30;-12;20.0625;20.375;20.1875;230;202;0;
4726;2025.06.05 10:31;-12;20.0625;20.375;20.1875;230;202;0;
4727;2025.06.05 10:32;-12;20.0625;20.375;20.1875;230;202;0;
4728;2025.06.05 10:33;-12;20.0625;20.3125;20.1875;230;202;0;
4729;2025.06.05 10:34;-12;20.0625;20.375;20.1875;230;202;0;
4730;2025.06.05 10:35;-12;20.0625;20.375;20.1875;230;202;0;
4731;2025.06.05 10:36;-12;20.0625;20.375;20.1875;230;202;0;
4732;2025.06.05 10:37;-12;20.125;20.375;20.1875;230;202;0;
4733;2025.06.05 10:38;-12;20.125;20.375;20.25;230;202;0;
4734;2025.06.05 10:39;-12;20.125;20.375;20.25;230;202;0;
4735;2025.06.05 10:40;-12;20.125;20.375;20.25;230;202;0;
4736;2025.06.05 10:41;-12;20.125;20.375;20.25;230;202;0;
4737;2025.06.05 10:42;-12;20.125;20.375;20.25;230;202;0;
4738;2025.06.05 10:43;-12;20;20.3125;20.125;230;202;0;
4739;2025.06.05 10:44;-12;19.875;20.25;20.0625;230;202;0;
4740;2025.06.05 10:45;-12;19.875;20.25;19.9375;230;202;0;
4741;2025.06.05 10:46;-12;19.75;20.1875;19.875;229;202;0;
4742;2025.06.05 10:47;-12;19.75;20.125;19.8125;229;202;0;
4743;2025.06.05 10:48;-12;19.75;20.125;19.75;229;202;0;
4744;2025.06.05 10:49;-12;19.6875;20.125;19.75;229;202;0;
4745;2025.06.05 10:50;-12;19.6875;20.125;19.75;229;202;0;
4746;2025.06.05 10:51;-12;19.625;20.0625;19.625;229;202;0;
4747;2025.06.05 10:52;-12;19.625;20;19.625;229;202;0;
4748;2025.06.05 10:53;-12;19.625;20;19.625;229;202;0;
4749;2025.06.05 10:54;-12;19.5625;20;19.5625;229;202;0;
4750;2025.06.05 10:55;-12;19.5625;20;19.5;229;202;0;
4751;2025.06.05 10:56;-12;19.5625;19.9375;19.5;229;202;0;
4752;2025.06.05 10:57;-12;19.5625;19.875;19.5;228;202;0;
4753;2025.06.05 10:58;-12;19.5;19.875;19.5;228;202;0;
4754;2025.06.05 10:59;-12;19.5625;19.875;19.5;228;202;0;
4755;2025.06.05 11:00;-12;19.5625;19.875;19.5;228;202;0;
4756;2025.06.05 11:01;-12;19.5625;19.875;19.5;228;202;0;
4757;2025.06.05 11:02;-12;19.5625;19.875;19.5;228;202;0;
4758;2025.06.05 11:03;-12;19.5625;19.875;19.5;228;202;0;
4759;2025.06.05 11:04;-12;19.5625;19.875;19.5;228;202;0;
4760;2025.06.05 11:05;-12;19.625;19.875;19.5;228;202;0;
4761;2025.06.05 11:06;-12;19.625;19.875;19.5;228;202;0;
4762;2025.06.05 11:07;-12;19.625;19.875;19.5;228;202;0;
4763;2025.06.05 11:08;-12;19.625;19.8125;19.5;228;202;0;
4764;2025.06.05 11:09;-12;19.625;19.8125;19.5;228;202;0;
4765;2025.06.05 11:10;-12;19.625;19.8125;19.5;228;202;0;
4766;2025.06.05 11:11;-12;19.625;19.8125;19.5;228;202;0;
4767;2025.06.05 11:12;-12;19.625;19.8125;19.5;228;202;0;
4768;2025.06.05 11:13;-12;19.625;19.8125;19.5;228;202;0;
4769;2025.06.05 11:14;-12;19.625;19.8125;19.5;228;202;0;
4770;2025.06.05 11:15;-12;19.625;19.75;19.5;228;202;0;
4771;2025.06.05 11:16;-12;19.625;19.75;19.5;228;202;0;
4772;2025.06.05 11:17;-12;19.625;19.75;19.5;228;202;0;
4773;2025.06.05 11:18;-12;19.625;19.75;19.5;228;202;0;
4774;2025.06.05 11:19;-12;19.625;19.75;19.5;228;202;0;
4775;2025.06.05 11:20;-12;19.625;19.75;19.5;228;202;0;
4776;2025.06.05 11:21;-12;19.625;19.75;19.5;228;202;0;
4777;2025.06.05 11:22;-12;19.625;19.8125;19.5625;228;202;0;
4778;2025.06.05 11:23;-12;19.625;19.8125;19.5625;228;202;0;
4779;2025.06.05 11:24;-12;19.6875;19.8125;19.5625;229;202;0;
4780;2025.06.05 11:25;-12;19.6875;19.8125;19.625;229;202;0;
4781;2025.06.05 11:26;-12;19.6875;19.875;19.625;229;202;0;
4782;2025.06.05 11:27;-12;19.75;19.875;19.625;229;202;0;
4783;2025.06.05 11:28;-12;19.75;19.875;19.625;229;202;0;
4784;2025.06.05 11:29;-12;19.75;19.875;19.6875;229;202;0;
4785;2025.06.05 11:30;-12;19.8125;19.875;19.75;229;202;0;
4786;2025.06.05 11:31;-12;19.875;19.875;19.75;230;202;0;
4787;2025.06.05 11:32;-12;19.875;19.9375;19.75;230;202;0;
4788;2025.06.05 11:33;-12;19.875;19.9375;19.75;230;202;0;
4789;2025.06.05 11:34;-12;19.875;20;19.75;230;202;0;
4790;2025.06.05 11:35;-12;19.875;20;19.8125;230;202;0;
4791;2025.06.05 11:36;-12;19.875;20;19.8125;230;202;0;
4792;2025.06.05 11:37;-12;19.875;20;19.875;230;202;0;
4793;2025.06.05 11:38;-12;19.875;20;19.875;230;202;0;
4794;2025.06.05 11:39;-12;19.9375;20;19.875;230;202;0;
4795;2025.06.05 11:40;-12;19.9375;20;19.875;230;202;0;
4796;2025.06.05 11:41;-12;20;20;19.875;230;202;0;
4797;2025.06.05 11:42;-12;20;20.0625;19.9375;230;202;0;
4798;2025.06.05 11:43;-12;20;20.0625;19.9375;231;202;0;
4799;2025.06.05 11:44;-12;20;20.125;20;231;202;0;
4800;2025.06.05 11:45;-12;20;20.125;20;231;202;0;
4801;2025.06.05 11:46;-12;20;20.125;20;231;202;0;
4802;2025.06.05 11:47;-12;20;20.125;20;231;202;0;
4803;2025.06.05 11:48;-12;20.0625;20.125;20;231;202;0;
4804;2025.06.05 11:49;-12;20.0625;20.125;20.0625;231;202;0;
4805;2025.06.05 11:50;-12;20.0625;20.125;20.0625;231;202;0;
4806;2025.06.05 11:51;-12;20.0625;20.1875;20.0625;231;202;0;
4807;2025.06.05 11:52;-12;20.125;20.1875;20.125;231;202;0;
4808;2025.06.05 11:53;-12;20.125;20.1875;20.125;231;202;0;
4809;2025.06.05 11:54;-12;20.125;20.25;20.125;231;202;0;
4810;2025.06.05 11:55;-12;20.125;20.25;20.125;231;202;0;
4811;2025.06.05 11:56;-12;20.125;20.25;20.125;231;202;0;
4812;2025.06.05 11:57;-12;20.125;20.25;20.125;231;202;0;
4813;2025.06.05 11:58;-12;20.125;20.25;20.125;231;202;0;
4814;2025.06.05 11:59;-12;20.125;20.25;20.125;231;202;0;
4815;2025.06.05 12:00;-12;20.125;20.25;20.125;231;202;0;
4816;2025.06.05 12:01;-12;20.125;20.25;20.125;231;202;0;
4817;2025.06.05 12:02;-12;20.125;20.25;20.125;231;202;0;
4818;2025.06.05 12:03;-12;20.125;20.25;20.1875;231;202;0;
4819;2025.06.05 12:04;-12;20.125;20.25;20.1875;231;202;0;
4820;2025.06.05 12:05;-12;20.125;20.3125;20.1875;231;202;0;
4821;2025.06.05 12:06;-12;20.1875;20.3125;20.1875;231;202;0;
4822;2025.06.05 12:07;-12;20.1875;20.3125;20.1875;231;202;0;
4823;2025.06.05 12:08;-12;20.1875;20.3125;20.1875;232;202;0;
4824;2025.06.05 12:09;-12;20.1875;20.375;20.25;232;202;0;
4825;2025.06.05 12:10;-12;20.1875;20.375;20.25;232;202;0;
4826;2025.06.05 12:11;-12;20.25;20.375;20.25;232;202;0;
4827;2025.06.05 12:12;-12;20.25;20.375;20.25;232;202;0;
4828;2025.06.05 12:13;-12;20.25;20.375;20.25;232;202;0;
4829;2025.06.05 12:14;-12;20.25;20.375;20.25;232;202;0;
4830;2025.06.05 12:15;-12;20.25;20.375;20.25;232;202;0;
4831;2025.06.05 12:16;-12;20.25;20.375;20.25;232;202;0;
4832;2025.06.05 12:17;-12;20.25;20.375;20.25;232;202;0;
4833;2025.06.05 12:18;-12;20.25;20.375;20.25;232;202;0;
4834;2025.06.05 12:19;-12;20.25;20.375;20.25;232;202;0;
4835;2025.06.05 12:20;-12;20.25;20.375;20.25;232;202;0;
4836;2025.06.05 12:21;-12;20.25;20.4375;20.25;232;202;0;
4837;2025.06.05 12:22;-12;20.25;20.4375;20.25;232;202;0;
4838;2025.06.05 12:23;-12;20.25;20.4375;20.25;232;202;0;
4839;2025.06.05 12:24;-12;20.25;20.4375;20.3125;232;202;0;
4840;2025.06.05 12:25;-12;20.25;20.5;20.3125;232;202;0;
4841;2025.06.05 12:26;-12;20.3125;20.5;20.3125;232;202;0;
4842;2025.06.05 12:27;-12;20.3125;20.5;20.3125;232;202;0;
4843;2025.06.05 12:28;-12;20.3125;20.5;20.3125;232;202;0;
4844;2025.06.05 12:29;-12;20.3125;20.5;20.3125;232;202;0;
4845;2025.06.05 12:30;-12;20.375;20.5;20.375;232;202;0;
4846;2025.06.05 12:31;-12;20.375;20.5;20.375;232;202;0;
4847;2025.06.05 12:32;-12;20.375;20.5;20.375;232;202;0;
4848;2025.06.05 12:33;-12;20.375;20.5;20.375;232;202;0;
4849;2025.06.05 12:34;-12;20.375;20.5;20.375;232;202;0;
4850;2025.06.05 12:35;-12;20.375;20.5;20.375;232;202;0;
4851;2025.06.05 12:36;-12;20.375;20.5;20.375;232;202;0;
4852;2025.06.05 12:37;-12;20.375;20.5;20.375;232;202;0;
4853;2025.06.05 12:38;-12;20.375;20.5;20.375;232;202;0;
4854;2025.06.05 12:39;-12;20.375;20.5;20.375;232;202;0;
4855;2025.06.05 12:40;-12;20.375;20.5625;20.375;232;202;0;
4856;2025.06.05 12:41;-12;20.375;20.5625;20.375;233;202;0;
4857;2025.06.05 12:42;-12;20.375;20.5625;20.375;233;202;0;
4858;2025.06.05 12:43;-12;20.375;20.5625;20.4375;233;202;0;
4859;2025.06.05 12:44;-12;20.375;20.625;20.4375;233;202;0;
4860;2025.06.05 12:45;-12;20.4375;20.625;20.4375;233;202;0;
4861;2025.06.05 12:46;-12;20.4375;20.625;20.4375;233;202;0;
4862;2025.06.05 12:47;-12;20.4375;20.625;20.5;233;202;0;
4863;2025.06.05 12:48;-12;20.4375;20.625;20.5;233;202;0;
4864;2025.06.05 12:49;-12;20.4375;20.625;20.5;233;202;0;
4865;2025.06.05 12:50;-12;20.5;20.625;20.5;233;202;0;
4866;2025.06.05 12:51;-12;20.5;20.625;20.5;233;202;0;
4867;2025.06.05 12:52;-12;20.5;20.625;20.5;233;202;0;
4868;2025.06.05 12:53;-12;20.5;20.625;20.5;233;202;0;
4869;2025.06.05 12:54;-12;20.5;20.625;20.5;233;202;0;
4870;2025.06.05 12:55;-12;20.5;20.625;20.5;233;202;0;
4871;2025.06.05 12:56;-12;20.5;20.625;20.5;233;202;0;
4872;2025.06.05 12:57;-12;20.5;20.625;20.5;233;202;0;
4873;2025.06.05 12:58;-12;20.5;20.625;20.5;233;202;0;
4874;2025.06.05 12:59;-12;20.5;20.6875;20.5;233;202;0;
4875;2025.06.05 13:00;-12;20.5;20.6875;20.5;233;202;0;
4876;2025.06.05 13:01;-12;20.5;20.6875;20.5;233;202;0;
4877;2025.06.05 13:02;-12;20.5;20.6875;20.5;233;202;0;
4878;2025.06.05 13:03;-12;20.5;20.6875;20.5;233;202;0;
4879;2025.06.05 13:04;-12;20.5;20.75;20.5;233;202;0;
4880;2025.06.05 13:05;-12;20.5625;20.75;20.5625;233;202;0;
4881;2025.06.05 13:06;-12;20.5625;20.75;20.5625;233;202;0;
4882;2025.06.05 13:07;-12;20.5625;20.75;20.5625;233;202;0;
4883;2025.06.05 13:08;-12;20.5625;20.75;20.5625;233;202;0;
4884;2025.06.05 13:09;-12;20.5625;20.75;20.5625;233;202;0;
4885;2025.06.05 13:10;-12;20.5625;20.75;20.625;233;202;0;
4886;2025.06.05 13:11;-12;20.5625;20.75;20.625;233;202;0;
4887;2025.06.05 13:12;-12;20.625;20.75;20.625;233;202;0;
4888;2025.06.05 13:13;-12;20.625;20.75;20.625;233;202;0;
4889;2025.06.05 13:14;-12;20.625;20.75;20.625;233;202;0;
4890;2025.06.05 13:15;-12;20.625;20.75;20.625;233;202;0;
4891;2025.06.05 13:16;-12;20.625;20.75;20.625;233;202;0;
4892;2025.06.05 13:17;-12;20.625;20.75;20.625;233;202;0;
4893;2025.06.05 13:18;-12;20.625;20.75;20.625;234;202;0;
4894;2025.06.05 13:19;-12;20.625;20.75;20.625;233;202;0;
4895;2025.06.05 13:20;-12;20.625;20.8125;20.625;234;202;0;
4896;2025.06.05 13:21;-12;20.625;20.8125;20.625;234;202;0;
4897;2025.06.05 13:22;-12;20.625;20.8125;20.625;234;202;0;
4898;2025.06.05 13:23;-12;20.625;20.8125;20.625;234;202;0;
4899;2025.06.05 13:24;-12;20.625;20.8125;20.625;234;202;0;
4900;2025.06.05 13:25;-12;20.625;20.8125;20.625;234;202;0;
4901;2025.06.05 13:26;-12;20.6875;20.875;20.6875;234;202;0;
4902;2025.06.05 13:27;-12;20.6875;20.875;20.625;234;202;0;
4903;2025.06.05 13:28;-12;20.6875;20.875;20.6875;234;202;0;
4904;2025.06.05 13:29;-12;20.75;20.875;20.6875;234;202;0;
4905;2025.06.05 13:30;-12;20.75;20.875;20.75;234;202;0;
4906;2025.06.05 13:31;-12;20.75;20.875;20.75;234;202;0;
4907;2025.06.05 13:32;-12;20.75;20.875;20.75;234;202;0;
4908;2025.06.05 13:33;-12;20.75;20.875;20.75;234;202;0;
4909;2025.06.05 13:34;-12;20.75;20.875;20.75;234;202;0;
4910;2025.06.05 13:35;-12;20.75;20.875;20.75;234;202;0;
4911;2025.06.05 13:36;-12;20.75;20.875;20.75;234;202;0;
4912;2025.06.05 13:37;-12;20.75;20.875;20.75;234;202;0;
4913;2025.06.05 13:38;-12;20.75;20.875;20.75;234;202;0;
4914;2025.06.05 13:39;-12;20.75;20.875;20.75;234;202;0;
4915;2025.06.05 13:40;-12;20.75;20.875;20.75;234;202;0;
4916;2025.06.05 13:41;-12;20.75;20.9375;20.75;234;202;0;
4917;2025.06.05 13:42;-12;20.75;20.9375;20.75;234;202;0;
4918;2025.06.05 13:43;-12;20.75;20.9375;20.75;234;202;0;
4919;2025.06.05 13:44;-12;20.75;20.9375;20.75;234;202;0;
4920;2025.06.05 13:45;-12;20.75;20.9375;20.75;234;202;0;
4921;2025.06.05 13:46;-12;20.75;20.9375;20.75;234;202;0;
4922;2025.06.05 13:47;-12;20.75;21;20.75;234;202;0;
4923;2025.06.05 13:48;-12;20.8125;21;20.75;234;202;0;
4924;2025.06.05 13:49;-12;20.8125;21;20.8125;234;202;0;
4925;2025.06.05 13:50;-12;20.8125;21;20.8125;234;202;0;
4926;2025.06.05 13:51;-12;20.8125;21;20.8125;234;202;0;
4927;2025.06.05 13:52;-12;20.8125;21;20.8125;234;202;0;
4928;2025.06.05 13:53;-12;20.8125;21;20.8125;234;202;0;
4929;2025.06.05 13:54;-12;20.875;21;20.8125;234;202;0;
4930;2025.06.05 13:55;-12;20.875;21;20.8125;234;202;0;
4931;2025.06.05 13:56;-12;20.875;21;20.8125;234;202;0;
4932;2025.06.05 13:57;-12;20.875;21;20.8125;234;202;0;
4933;2025.06.05 13:58;-12;20.875;21;20.875;234;202;0;
4934;2025.06.05 13:59;-12;20.875;21;20.875;234;202;0;
4935;2025.06.05 14:00;-12;20.875;21;20.875;234;202;0;
4936;2025.06.05 14:01;-12;20.875;21;20.875;235;202;0;
4937;2025.06.05 14:02;-12;20.875;21;20.875;235;202;0;
4938;2025.06.05 14:03;-12;20.875;21;20.875;235;202;0;
4939;2025.06.05 14:04;-12;20.875;21;20.875;235;202;0;
4940;2025.06.05 14:05;-12;20.875;21;20.875;235;202;0;
4941;2025.06.05 14:06;-12;20.875;21;20.875;235;202;0;
4942;2025.06.05 14:07;-12;20.875;21.0625;20.875;235;202;0;
4943;2025.06.05 14:08;-12;20.875;21.0625;20.875;235;202;0;
4944;2025.06.05 14:09;-12;20.875;21.0625;20.875;235;202;0;
4945;2025.06.05 14:10;-12;20.875;21.0625;20.875;235;202;0;
4946;2025.06.05 14:11;-12;20.875;21.0625;20.875;235;202;0;
4947;2025.06.05 14:12;-12;20.875;21.125;20.875;235;202;0;
4948;2025.06.05 14:13;-12;20.9375;21.125;20.875;235;202;0;
4949;2025.06.05 14:14;-12;20.9375;21.125;20.9375;235;202;0;
4950;2025.06.05 14:15;-12;20.9375;21.125;20.9375;235;202;0;
4951;2025.06.05 14:16;-12;20.9375;21.125;20.9375;235;202;0;
4952;2025.06.05 14:17;-12;21;21.125;20.9375;235;202;0;
4953;2025.06.05 14:18;-12;21;21.125;20.9375;235;202;0;
4954;2025.06.05 14:19;-12;21;21.125;21;235;202;0;
4955;2025.06.05 14:20;-12;21;21.125;21;235;202;0;
4956;2025.06.05 14:21;-12;21;21.125;21;235;202;0;
4957;2025.06.05 14:22;-12;21;21.125;21;235;202;0;
4958;2025.06.05 14:23;-12;21;21.125;21;235;202;0;
4959;2025.06.05 14:24;-12;21;21.125;21;235;202;0;
4960;2025.06.05 14:25;-12;21;21.125;21;235;202;0;
4961;2025.06.05 14:26;-12;21;21.125;21;235;202;0;
4962;2025.06.05 14:27;-12;21;21.125;21;235;202;0;
4963;2025.06.05 14:28;-12;21;21.1875;21;235;202;0;
4964;2025.06.05 14:29;-12;21;21.1875;21;235;202;0;
4965;2025.06.05 14:30;-12;21;21.1875;21;235;202;0;
4966;2025.06.05 14:31;-12;21;21.1875;21;235;202;0;
4967;2025.06.05 14:32;-12;21.0625;21.1875;21;235;202;0;
4968;2025.06.05 14:33;-12;21;21.1875;21;235;202;0;
4969;2025.06.05 14:34;-12;21.0625;21.25;21;235;202;0;
4970;2025.06.05 14:35;-12;21.0625;21.25;21;235;202;0;
4971;2025.06.05 14:36;-12;21.0625;21.25;21;235;202;0;
4972;2025.06.05 14:37;-12;21.0625;21.25;21.0625;235;202;0;
4973;2025.06.05 14:38;-12;21.125;21.25;21.0625;235;202;0;
4974;2025.06.05 14:39;-12;21.0625;21.25;21.0625;235;202;0;
4975;2025.06.05 14:40;-12;21.125;21.25;21.0625;235;202;0;
4976;2025.06.05 14:41;-12;21.125;21.25;21.0625;235;202;0;
4977;2025.06.05 14:42;-12;21.125;21.25;21.125;235;202;0;
4978;2025.06.05 14:43;-12;21.125;21.25;21.125;235;202;0;
4979;2025.06.05 14:44;-12;21.125;21.25;21.125;235;202;0;
4980;2025.06.05 14:45;-12;21.125;21.25;21.125;235;202;0;
4981;2025.06.05 14:46;-12;21.125;21.25;21.125;235;202;0;
4982;2025.06.05 14:47;-12;21.125;21.25;21.125;235;202;0;
4983;2025.06.05 14:48;-12;21.125;21.25;21.125;235;202;0;
4984;2025.06.05 14:49;-12;21.125;21.25;21.125;236;202;0;
4985;2025.06.05 14:50;-12;21.125;21.25;21.125;236;202;0;
4986;2025.06.05 14:51;-12;21.125;21.25;21.125;236;202;0;
4987;2025.06.05 14:52;-12;21.125;21.25;21.125;236;202;0;
4988;2025.06.05 14:53;-12;21.125;21.25;21.125;236;202;0;
4989;2025.06.05 14:54;-12;21.125;21.3125;21.125;236;202;0;
4990;2025.06.05 14:55;-12;21.125;21.3125;21.125;236;202;0;
4991;2025.06.05 14:56;-12;21.125;21.3125;21.125;236;202;0;
4992;2025.06.05 14:57;-12;21.125;21.3125;21.125;236;202;0;
4993;2025.06.05 14:58;-12;21.125;21.3125;21.125;236;202;0;
4994;2025.06.05 14:59;-12;21.125;21.3125;21.125;236;202;0;
4995;2025.06.05 15:00;-12;21.125;21.375;21.125;236;202;0;
4996;2025.06.05 15:01;-12;21.125;21.375;21.125;236;202;0;
4997;2025.06.05 15:02;-12;21.125;21.375;21.125;236;202;0;
4998;2025.06.05 15:03;-12;21.1875;21.375;21.125;236;202;0;
4999;2025.06.05 15:04;-12;21.1875;21.375;21.125;236;202;0;
5000;2025.06.05 15:05;-12;21.1875;21.375;21.125;236;202;0;
5001;2025.06.05 15:06;-12;21.1875;21.375;21.125;236;202;0;
5002;2025.06.05 15:07;-12;21.1875;21.375;21.125;236;202;0;
5003;2025.06.05 15:08;-12;21.25;21.375;21.125;236;202;0;
5004;2025.06.05 15:09;-12;21.25;21.375;21.125;236;202;0;
5005;2025.06.05 15:10;-12;21.25;21.375;21.125;236;202;0;
5006;2025.06.05 15:11;-12;21.25;21.375;21.125;236;202;0;
5007;2025.06.05 15:12;-12;21.25;21.375;21.125;236;202;0;
5008;2025.06.05 15:13;-12;21.25;21.375;21.125;236;202;0;
5009;2025.06.05 15:14;-12;21.25;21.375;21.125;236;202;0;
5010;2025.06.05 15:15;-12;21.25;21.375;21.1875;236;202;0;
5011;2025.06.05 15:16;-12;21.25;21.375;21.1875;236;202;0;
5012;2025.06.05 15:17;-12;21.25;21.375;21.1875;236;202;0;
5013;2025.06.05 15:18;-12;21.25;21.375;21.1875;236;202;0;
5014;2025.06.05 15:19;-12;21.25;21.375;21.1875;236;202;0;
5015;2025.06.05 15:20;-12;21.25;21.375;21.1875;236;202;0;
5016;2025.06.05 15:21;-12;21.25;21.375;21.1875;236;202;0;
5017;2025.06.05 15:22;-12;21.25;21.375;21.25;236;202;0;
5018;2025.06.05 15:23;-12;21.25;21.4375;21.25;236;202;0;
5019;2025.06.05 15:24;-12;21.25;21.4375;21.25;236;202;0;
5020;2025.06.05 15:25;-12;21.25;21.4375;21.25;236;202;0;
5021;2025.06.05 15:26;-12;21.25;21.4375;21.25;236;202;0;
5022;2025.06.05 15:27;-12;21.25;21.4375;21.25;236;202;0;
5023;2025.06.05 15:28;-12;21.25;21.4375;21.25;236;202;0;
5024;2025.06.05 15:29;-12;21.3125;21.5;21.25;236;202;0;
5025;2025.06.05 15:30;-12;21.3125;21.5;21.25;236;202;0;
5026;2025.06.05 15:31;-12;21.3125;21.5;21.25;236;202;0;
5027;2025.06.05 15:32;-12;21.3125;21.5;21.25;236;202;0;
5028;2025.06.05 15:33;-12;21.3125;21.5;21.3125;236;202;0;
5029;2025.06.05 15:34;-12;21.375;21.5;21.3125;236;202;0;
5030;2025.06.05 15:35;-12;21.375;21.5;21.3125;236;202;0;
5031;2025.06.05 15:36;-12;21.375;21.5;21.3125;236;202;0;
5032;2025.06.05 15:37;-12;21.375;21.5;21.3125;236;202;0;
5033;2025.06.05 15:38;-12;21.375;21.5;21.3125;236;202;0;
5034;2025.06.05 15:39;-12;21.375;21.5;21.3125;236;202;0;
5035;2025.06.05 15:40;-12;21.375;21.5;21.3125;236;202;0;
5036;2025.06.05 15:41;-12;21.375;21.5;21.3125;236;202;0;
5037;2025.06.05 15:42;-12;21.375;21.5;21.375;236;202;0;
5038;2025.06.05 15:43;-12;21.375;21.5;21.375;236;202;0;
5039;2025.06.05 15:44;-12;21.375;21.5;21.375;236;202;0;
5040;2025.06.05 15:45;-12;21.375;21.5;21.375;236;202;0;
5041;2025.06.05 15:46;-12;21.375;21.5;21.375;236;202;0;
5042;2025.06.05 15:47;-12;21.375;21.5;21.375;236;202;0;
5043;2025.06.05 15:48;-12;21.375;21.5;21.375;237;202;0;
5044;2025.06.05 15:49;-12;21.375;21.5;21.375;236;202;0;
5045;2025.06.05 15:50;-12;21.375;21.5;21.375;236;202;0;
5046;2025.06.05 15:51;-12;21.375;21.5625;21.375;237;202;0;
5047;2025.06.05 15:52;-12;21.375;21.5625;21.375;237;202;0;
5048;2025.06.05 15:53;-12;21.375;21.5625;21.375;237;202;0;
5049;2025.06.05 15:54;-12;21.375;21.5625;21.375;237;202;0;
5050;2025.06.05 15:55;-12;21.375;21.5625;21.375;237;202;0;
5051;2025.06.05 15:56;-12;21.375;21.5625;21.375;237;202;0;
5052;2025.06.05 15:57;-12;21.375;21.5625;21.375;237;202;0;
5053;2025.06.05 15:58;-12;21.375;21.625;21.375;237;202;0;
5054;2025.06.05 15:59;-12;21.4375;21.625;21.375;237;202;0;
5055;2025.06.05 16:00;-12;21.4375;21.625;21.375;237;202;0;
5056;2025.06.05 16:01;-12;21.4375;21.625;21.375;237;202;0;
5057;2025.06.05 16:02;-12;21.4375;21.625;21.375;237;202;0;
5058;2025.06.05 16:03;-12;21.5;21.625;21.4375;237;202;0;
5059;2025.06.05 16:04;-12;21.5;21.625;21.4375;237;202;0;
5060;2025.06.05 16:05;-12;21.5;21.625;21.4375;237;202;0;
5061;2025.06.05 16:06;-12;21.5;21.625;21.4375;237;202;0;
5062;2025.06.05 16:07;-12;21.5;21.625;21.4375;237;202;0;
5063;2025.06.05 16:08;-12;21.5;21.625;21.4375;237;202;0;
5064;2025.06.05 16:09;-12;21.5;21.625;21.5;237;202;0;
5065;2025.06.05 16:10;-12;21.5;21.625;21.5;237;202;0;
5066;2025.06.05 16:11;-12;21.5;21.625;21.5;237;202;0;
5067;2025.06.05 16:12;-12;21.5;21.625;21.5;237;202;0;
5068;2025.06.05 16:13;-12;21.5;21.625;21.5;237;202;0;
5069;2025.06.05 16:14;-12;21.5;21.625;21.5;237;202;0;
5070;2025.06.05 16:15;-12;21.5;21.6875;21.5;237;202;0;
5071;2025.06.05 16:16;-12;21.5;21.6875;21.5;237;202;0;
5072;2025.06.05 16:17;-12;21.5;21.6875;21.5;237;202;0;
5073;2025.06.05 16:18;-12;21.5;21.6875;21.5;237;202;0;
5074;2025.06.05 16:19;-12;21.5;21.6875;21.5;237;202;0;
5075;2025.06.05 16:20;-12;21.5625;21.6875;21.5;237;202;0;
5076;2025.06.05 16:21;-12;21.5625;21.75;21.5;237;202;0;
5077;2025.06.05 16:22;-12;21.5625;21.75;21.5;237;202;0;
5078;2025.06.05 16:23;-12;21.5625;21.75;21.5;237;202;0;
5079;2025.06.05 16:24;-12;21.5625;21.75;21.5;237;202;0;
5080;2025.06.05 16:25;-12;21.5625;21.75;21.5;237;202;0;
5081;2025.06.05 16:26;-12;21.5625;21.75;21.5625;237;202;0;
5082;2025.06.05 16:27;-12;21.5625;21.75;21.5625;237;202;0;
5083;2025.06.05 16:28;-12;21.625;21.75;21.5625;237;202;0;
5084;2025.06.05 16:29;-12;21.625;21.75;21.5625;237;202;0;
5085;2025.06.05 16:30;-12;21.625;21.75;21.5625;237;202;0;
5086;2025.06.05 16:31;-12;21.625;21.75;21.5625;237;202;0;
5087;2025.06.05 16:32;-12;21.625;21.75;21.625;237;202;0;
5088;2025.06.05 16:33;-12;21.625;21.75;21.625;237;202;0;
5089;2025.06.05 16:34;-12;21.625;21.75;21.625;237;202;0;
5090;2025.06.05 16:35;-12;21.625;21.75;21.625;237;202;0;
5091;2025.06.05 16:36;-12;21.625;21.75;21.625;237;202;0;
5092;2025.06.05 16:37;-12;21.625;21.75;21.625;237;202;0;
5093;2025.06.05 16:38;-12;21.625;21.75;21.625;237;202;0;
5094;2025.06.05 16:39;-12;21.625;21.75;21.625;237;202;0;
5095;2025.06.05 16:40;-12;21.625;21.75;21.625;237;202;0;
5096;2025.06.05 16:41;-12;21.625;21.8125;21.625;237;202;0;
5097;2025.06.05 16:42;-12;21.625;21.8125;21.625;237;202;0;
5098;2025.06.05 16:43;-12;21.625;21.8125;21.625;238;202;0;
5099;2025.06.05 16:44;-12;21.625;21.8125;21.625;238;202;0;
5100;2025.06.05 16:45;-12;21.625;21.8125;21.625;238;202;0;
5101;2025.06.05 16:46;-12;21.625;21.8125;21.625;238;202;0;
5102;2025.06.05 16:47;-12;21.625;21.8125;21.625;238;202;0;
5103;2025.06.05 16:48;-12;21.625;21.8125;21.625;238;202;0;
5104;2025.06.05 16:49;-12;21.6875;21.8125;21.625;238;202;0;
5105;2025.06.05 16:50;-12;21.625;21.875;21.625;238;202;0;
5106;2025.06.05 16:51;-12;21.6875;21.875;21.625;238;202;0;
5107;2025.06.05 16:52;-12;21.6875;21.875;21.625;238;202;0;
5108;2025.06.05 16:53;-12;21.6875;21.875;21.625;238;202;0;
5109;2025.06.05 16:54;-12;21.6875;21.875;21.625;238;202;0;
5110;2025.06.05 16:55;-12;21.6875;21.875;21.625;238;202;0;
5111;2025.06.05 16:56;-12;21.6875;21.875;21.625;238;202;0;
5112;2025.06.05 16:57;-12;21.6875;21.875;21.625;238;202;0;
5113;2025.06.05 16:58;-12;21.6875;21.875;21.625;238;202;0;
5114;2025.06.05 16:59;-12;21.6875;21.875;21.6875;238;202;0;
5115;2025.06.05 17:00;-12;21.75;21.875;21.6875;238;202;0;
5116;2025.06.05 17:01;-12;21.75;21.875;21.6875;238;202;0;
5117;2025.06.05 17:02;-12;21.75;21.875;21.75;238;202;0;
5118;2025.06.05 17:03;-12;21.75;21.875;21.75;238;202;0;
5119;2025.06.05 17:04;-12;21.75;21.875;21.75;238;202;0;
5120;2025.06.05 17:05;-12;21.75;21.875;21.75;238;202;0;
5121;2025.06.05 17:06;-12;21.75;21.875;21.75;238;202;0;
5122;2025.06.05 17:07;-12;21.75;21.875;21.75;238;202;0;
5123;2025.06.05 17:08;-12;21.75;21.875;21.75;238;202;0;
5124;2025.06.05 17:09;-12;21.75;21.875;21.75;238;202;0;
5125;2025.06.05 17:10;-12;21.75;21.875;21.75;238;202;0;
5126;2025.06.05 17:11;-12;21.75;21.875;21.75;238;202;0;
5127;2025.06.05 17:12;-12;21.75;21.875;21.75;238;202;0;
5128;2025.06.05 17:13;-12;21.75;21.9375;21.75;238;202;0;
5129;2025.06.05 17:14;-12;21.75;21.875;21.75;238;202;0;
5130;2025.06.05 17:15;-12;21.75;21.9375;21.75;238;202;0;
5131;2025.06.05 17:16;-12;21.75;21.9375;21.75;238;202;0;
5132;2025.06.05 17:17;-12;21.75;21.9375;21.75;238;202;0;
5133;2025.06.05 17:18;-12;21.75;21.9375;21.75;238;202;0;
5134;2025.06.05 17:19;-12;21.75;21.9375;21.75;238;202;0;
5135;2025.06.05 17:20;-12;21.75;21.9375;21.75;238;202;0;
5136;2025.06.05 17:21;-12;21.75;21.9375;21.75;238;202;0;
5137;2025.06.05 17:22;-12;21.75;21.9375;21.75;238;202;0;
5138;2025.06.05 17:23;-12;21.75;22;21.75;238;202;0;
5139;2025.06.05 17:24;-12;21.75;22;21.75;238;202;0;
5140;2025.06.05 17:25;-12;21.75;22;21.75;238;202;0;
5141;2025.06.05 17:26;-12;21.75;22;21.75;238;202;0;
5142;2025.06.05 17:27;-12;21.75;22;21.75;238;202;0;
5143;2025.06.05 17:28;-12;21.75;22;21.75;238;202;0;
5144;2025.06.05 17:29;-12;21.75;22;21.75;238;202;0;
5145;2025.06.05 17:30;-12;21.75;22;21.75;238;202;0;
5146;2025.06.05 17:31;-12;21.8125;22;21.75;238;202;0;
5147;2025.06.05 17:32;-12;21.8125;22;21.75;238;202;0;
5148;2025.06.05 17:33;-12;21.8125;22;21.75;238;202;0;
5149;2025.06.05 17:34;-12;21.8125;22;21.75;238;202;0;
5150;2025.06.05 17:35;-12;21.8125;22;21.75;238;202;0;
5151;2025.06.05 17:36;-12;21.8125;22;21.75;238;202;0;
5152;2025.06.05 17:37;-12;21.8125;22;21.75;238;202;0;
5153;2025.06.05 17:38;-12;21.8125;22;21.75;238;202;0;
5154;2025.06.05 17:39;-12;21.8125;22;21.75;238;202;0;
5155;2025.06.05 17:40;-12;21.8125;22;21.75;238;202;0;
5156;2025.06.05 17:41;-12;21.8125;22;21.75;238;202;0;
5157;2025.06.05 17:42;-12;21.8125;22;21.75;238;202;0;
5158;2025.06.05 17:43;-12;21.8125;22;21.8125;238;202;0;
5159;2025.06.05 17:44;-12;21.875;22;21.8125;238;202;0;
5160;2025.06.05 17:45;-12;21.875;22;21.8125;238;202;0;
5161;2025.06.05 17:46;-12;21.875;22;21.8125;238;202;0;
5162;2025.06.05 17:47;-12;21.875;22;21.8125;238;202;0;
5163;2025.06.05 17:48;-12;21.875;22;21.8125;238;202;0;
5164;2025.06.05 17:49;-12;21.875;22;21.875;238;202;0;
5165;2025.06.05 17:50;-12;21.875;22;21.875;238;202;0;
5166;2025.06.05 17:51;-12;21.875;22;21.875;238;202;0;
5167;2025.06.05 17:52;-12;21.875;22;21.875;238;202;0;
5168;2025.06.05 17:53;-12;21.875;22;21.875;238;202;0;
5169;2025.06.05 17:54;-12;21.875;22;21.875;238;202;0;
5170;2025.06.05 17:55;-12;21.875;22;21.875;238;202;0;
5171;2025.06.05 17:56;-12;21.875;22.0625;21.875;238;202;0;
5172;2025.06.05 17:57;-12;21.875;22.0625;21.875;238;202;0;
5173;2025.06.05 17:58;-12;21.875;22.0625;21.875;238;202;0;
5174;2025.06.05 17:59;-12;21.875;22.0625;21.875;238;202;0;
5175;2025.06.05 18:00;-12;21.875;22.0625;21.875;238;202;0;
5176;2025.06.05 18:01;-12;21.875;22.0625;21.875;238;202;0;
5177;2025.06.05 18:02;-12;21.875;22.0625;21.875;239;202;0;
5178;2025.06.05 18:03;-12;21.875;22.0625;21.875;239;202;0;
5179;2025.06.05 18:04;-12;21.875;22.0625;21.875;239;202;0;
5180;2025.06.05 18:05;-12;21.875;22.125;21.875;239;202;0;
5181;2025.06.05 18:06;-12;21.875;22.0625;21.875;239;202;0;
5182;2025.06.05 18:07;-12;21.875;22.125;21.875;239;202;0;
5183;2025.06.05 18:08;-12;21.875;22.0625;21.875;239;202;0;
5184;2025.06.05 18:09;-12;21.875;22.125;21.875;239;202;0;
5185;2025.06.05 18:10;-12;21.875;22.125;21.875;239;202;0;
5186;2025.06.05 18:11;-12;21.875;22.125;21.875;239;202;0;
5187;2025.06.05 18:12;-12;21.875;22.125;21.875;239;202;0;
5188;2025.06.05 18:13;-12;21.875;22.125;21.875;239;202;0;
5189;2025.06.05 18:14;-12;22;22.125;21.9375;239;202;0;
5190;2025.06.05 18:15;-12;22.0625;22.125;22;239;202;0;
5191;2025.06.05 18:16;-12;22.125;22.1875;22.0625;239;202;0;
5192;2025.06.05 18:17;-12;22.125;22.1875;22.125;239;202;0;
5193;2025.06.05 18:18;-12;22.125;22.1875;22.125;239;202;0;
5194;2025.06.05 18:19;-12;22.125;22.25;22.125;239;202;0;
5195;2025.06.05 18:20;-12;22.125;22.25;22.125;239;202;0;
5196;2025.06.05 18:21;-12;22.125;22.25;22.125;239;202;0;
5197;2025.06.05 18:22;-12;22.125;22.25;22.125;239;202;0;
5198;2025.06.05 18:23;-12;22.125;22.25;22.125;239;202;0;
5199;2025.06.05 18:24;-12;22.125;22.25;22.125;240;202;0;
5200;2025.06.05 18:25;-12;22.125;22.25;22.125;239;202;0;
5201;2025.06.05 18:26;-12;22.125;22.25;22.125;240;202;0;
5202;2025.06.05 18:27;-12;22.125;22.25;22.0625;240;202;0;
5203;2025.06.05 18:28;-12;22.0625;22.25;22.0625;240;202;0;
5204;2025.06.05 18:29;-12;22.0625;22.25;22.0625;240;202;0;
5205;2025.06.05 18:30;-12;22.0625;22.25;22.0625;239;202;0;
5206;2025.06.05 18:31;-12;22.0625;22.25;22.0625;240;202;0;
5207;2025.06.05 18:32;-12;22.0625;22.25;22.0625;240;202;0;
5208;2025.06.05 18:33;-12;22.0625;22.25;22;240;202;0;
5209;2025.06.05 18:34;-12;22.0625;22.25;22;240;202;0;
5210;2025.06.05 18:35;-12;22.125;22.25;22.0625;240;202;0;
5211;2025.06.05 18:36;-12;22.1875;22.25;22.125;240;202;0;
5212;2025.06.05 18:37;-12;22.25;22.375;22.1875;240;202;0;
5213;2025.06.05 18:38;-12;22.375;22.375;22.25;240;202;0;
5214;2025.06.05 18:39;-12;22.5;22.4375;22.375;241;202;0;
5215;2025.06.05 18:40;-12;22.625;22.5;22.4375;241;202;0;
5216;2025.06.05 18:41;-12;22.625;22.5;22.5;241;202;0;
5217;2025.06.05 18:42;-12;22.625;22.5625;22.5;241;202;0;
5218;2025.06.05 18:43;-12;22.625;22.625;22.5;241;202;0;
5219;2025.06.05 18:44;-12;22.625;22.625;22.5625;241;202;0;
5220;2025.06.05 18:45;-12;22.625;22.625;22.625;241;202;0;
5221;2025.06.05 18:46;-12;22.625;22.625;22.625;241;202;0;
5222;2025.06.05 18:47;-12;22.625;22.6875;22.625;241;202;0;
5223;2025.06.05 18:48;-12;22.625;22.75;22.625;241;202;0;
5224;2025.06.05 18:49;-12;22.625;22.75;22.625;241;202;0;
5225;2025.06.05 18:50;-12;22.625;22.75;22.625;241;202;0;
5226;2025.06.05 18:51;-12;22.625;22.75;22.625;241;202;0;
5227;2025.06.05 18:52;-12;22.625;22.75;22.625;241;202;0;
5228;2025.06.05 18:53;-12;22.625;22.75;22.625;241;202;0;
5229;2025.06.05 18:54;-12;22.6875;22.8125;22.6875;241;202;0;
5230;2025.06.05 18:55;-12;22.75;22.8125;22.75;241;202;0;
5231;2025.06.05 18:56;-12;22.75;22.875;22.75;242;202;0;
5232;2025.06.05 18:57;-12;22.75;22.875;22.75;242;202;0;
5233;2025.06.05 18:58;-12;22.6875;22.875;22.75;241;202;0;
5234;2025.06.05 18:59;-12;22.75;22.875;22.75;242;202;0;
5235;2025.06.05 19:00;-12;22.6875;22.875;22.75;242;202;0;
5236;2025.06.05 19:01;-12;22.6875;22.875;22.75;242;202;0;
5237;2025.06.05 19:02;-12;22.6875;22.875;22.75;242;202;0;
5238;2025.06.05 19:03;-12;22.625;22.875;22.75;242;202;0;
5239;2025.06.05 19:04;-12;22.625;22.875;22.75;242;202;0;
5240;2025.06.05 19:05;-12;22.625;22.875;22.75;242;202;0;
5241;2025.06.05 19:06;-12;22.625;22.875;22.75;242;202;0;
5242;2025.06.05 19:07;-12;22.625;22.875;22.75;242;202;0;
5243;2025.06.05 19:08;-12;22.625;22.875;22.75;241;202;0;
5244;2025.06.05 19:09;-12;22.625;22.875;22.6875;242;202;0;
5245;2025.06.05 19:10;-12;22.625;22.875;22.75;242;202;0;
5246;2025.06.05 19:11;-12;22.625;22.875;22.75;242;202;0;
5247;2025.06.05 19:12;-12;22.625;22.875;22.75;242;202;0;
5248;2025.06.05 19:13;-12;22.6875;22.875;22.75;242;202;0;
5249;2025.06.05 19:14;-12;22.6875;22.875;22.75;242;202;0;
5250;2025.06.05 19:15;-12;22.75;22.875;22.75;242;202;0;
5251;2025.06.05 19:16;-12;22.75;22.9375;22.75;242;202;0;
5252;2025.06.05 19:17;-12;22.75;22.9375;22.75;242;202;0;
5253;2025.06.05 19:18;-12;22.75;22.9375;22.75;242;202;0;
5254;2025.06.05 19:19;-12;22.75;22.9375;22.75;242;202;0;
5255;2025.06.05 19:20;-12;22.75;22.9375;22.75;242;202;0;
5256;2025.06.05 19:21;-12;22.75;22.9375;22.75;242;202;0;
5257;2025.06.05 19:22;-12;22.75;22.9375;22.75;242;202;0;
5258;2025.06.05 19:23;-12;22.75;22.9375;22.75;242;202;0;
5259;2025.06.05 19:24;-12;22.75;23;22.75;242;202;0;
5260;2025.06.05 19:25;-12;22.75;23;22.75;242;202;0;
5261;2025.06.05 19:26;-12;22.75;23;22.75;242;202;0;
5262;2025.06.05 19:27;-12;22.75;22.9375;22.75;242;202;0;
5263;2025.06.05 19:28;-12;22.6875;23;22.75;242;202;0;
5264;2025.06.05 19:29;-12;22.6875;23;22.75;242;202;0;
5265;2025.06.05 19:30;-12;22.6875;22.9375;22.75;242;202;0;
5266;2025.06.05 19:31;-12;22.6875;22.9375;22.75;242;202;0;
5267;2025.06.05 19:32;-12;22.6875;23;22.75;242;202;0;
5268;2025.06.05 19:33;-12;22.75;23;22.75;242;202;0;
5269;2025.06.05 19:34;-12;22.75;22.9375;22.75;242;202;0;
5270;2025.06.05 19:35;-12;22.75;22.9375;22.75;242;202;0;
5271;2025.06.05 19:36;-12;22.75;23;22.75;242;202;0;
5272;2025.06.05 19:37;-12;22.75;23;22.75;242;202;0;
5273;2025.06.05 19:38;-12;22.75;23;22.75;242;202;0;
5274;2025.06.05 19:39;-12;22.75;23;22.75;242;202;0;
5275;2025.06.05 19:40;-12;22.75;23;22.75;242;202;0;
5276;2025.06.05 19:41;-12;22.6875;23;22.75;242;202;0;
5277;2025.06.05 19:42;-12;22.75;22.9375;22.75;242;202;0;
5278;2025.06.05 19:43;-12;22.75;23;22.75;242;202;0;
5279;2025.06.05 19:44;-12;22.6875;23;22.75;241;202;0;
5280;2025.06.05 19:45;-12;22.6875;23;22.75;242;202;0;
5281;2025.06.05 19:46;-12;22.75;22.9375;22.75;242;202;0;
5282;2025.06.05 19:47;-12;22.75;22.9375;22.75;242;202;0;
5283;2025.06.05 19:48;-12;22.75;23;22.75;242;202;0;
5284;2025.06.05 19:49;-12;22.75;23;22.75;242;202;0;
5285;2025.06.05 19:50;-12;22.6875;23;22.75;242;202;0;
5286;2025.06.05 19:51;-12;22.6875;22.9375;22.75;242;202;0;
5287;2025.06.05 19:52;-12;22.6875;22.9375;22.6875;242;202;0;
5288;2025.06.05 19:53;-12;22.6875;22.9375;22.6875;242;202;0;
5289;2025.06.05 19:54;-12;22.625;22.9375;22.6875;242;202;0;
5290;2025.06.05 19:55;-12;22.625;22.9375;22.6875;242;202;0;
5291;2025.06.05 19:56;-12;22.625;22.9375;22.625;242;202;0;
5292;2025.06.05 19:57;-12;22.625;22.875;22.625;242;202;0;
5293;2025.06.05 19:58;-12;22.625;22.875;22.625;242;202;0;
5294;2025.06.05 19:59;-12;22.625;22.875;22.625;242;202;0;
5295;2025.06.05 20:00;-12;22.625;22.875;22.625;242;202;0;
5296;2025.06.05 20:01;-12;22.625;22.875;22.625;241;202;0;
5297;2025.06.05 20:02;-12;22.625;22.875;22.625;242;202;0;
5298;2025.06.05 20:03;-12;22.625;22.875;22.625;241;202;0;
5299;2025.06.05 20:04;-12;22.5625;22.875;22.625;241;202;0;
5300;2025.06.05 20:05;-12;22.5625;22.875;22.625;241;202;0;
5301;2025.06.05 20:06;-12;22.5625;22.875;22.625;241;202;0;
5302;2025.06.05 20:07;-12;22.5625;22.875;22.5625;241;202;0;
5303;2025.06.05 20:08;-12;22.5;22.875;22.5625;241;202;0;
5304;2025.06.05 20:09;-12;22.5;22.875;22.5625;241;202;0;
5305;2025.06.05 20:10;-12;22.5;22.8125;22.5;241;202;0;
5306;2025.06.05 20:11;-12;22.5;22.8125;22.5;241;202;0;
5307;2025.06.05 20:12;-12;22.5;22.8125;22.5;241;202;0;
5308;2025.06.05 20:13;-12;22.5;22.75;22.5;241;202;0;
5309;2025.06.05 20:14;-12;22.5;22.75;22.5;241;202;0;
5310;2025.06.05 20:15;-12;22.5;22.75;22.5;241;202;0;
5311;2025.06.05 20:16;-12;22.5;22.75;22.5;241;202;0;
5312;2025.06.05 20:17;-12;22.5;22.75;22.5;241;202;0;
5313;2025.06.05 20:18;-12;22.5;22.75;22.5;241;202;0;
5314;2025.06.05 20:19;-12;22.5;22.75;22.5;241;202;0;
5315;2025.06.05 20:20;-12;22.5;22.75;22.5;241;202;0;
5316;2025.06.05 20:21;-12;22.5;22.75;22.5;241;202;0;
5317;2025.06.05 20:22;-12;22.5;22.75;22.5;241;202;0;
5318;2025.06.05 20:23;-12;22.5;22.75;22.5;241;202;0;
5319;2025.06.05 20:24;-12;22.5;22.75;22.5;241;202;0;
5320;2025.06.05 20:25;-12;22.5;22.75;22.5;241;202;0;
5321;2025.06.05 20:26;-12;22.5;22.75;22.5;241;202;0;
5322;2025.06.05 20:27;-12;22.5;22.75;22.5;241;202;0;
5323;2025.06.05 20:28;-12;22.4375;22.75;22.5;241;202;0;
5324;2025.06.05 20:29;-12;22.4375;22.75;22.5;241;202;0;
5325;2025.06.05 20:30;-12;22.4375;22.75;22.5;241;202;0;
5326;2025.06.05 20:31;-12;22.4375;22.75;22.5;241;202;0;
5327;2025.06.05 20:32;-12;22.4375;22.75;22.5;241;202;0;
5328;2025.06.05 20:33;-12;22.4375;22.75;22.5;241;202;0;
5329;2025.06.05 20:34;-12;22.4375;22.75;22.5;241;202;0;
5330;2025.06.05 20:35;-12;22.4375;22.75;22.5;241;202;0;
5331;2025.06.05 20:36;-12;22.375;22.6875;22.5;241;202;0;
5332;2025.06.05 20:37;-12;22.375;22.6875;22.4375;241;202;0;
5333;2025.06.05 20:38;-12;22.375;22.6875;22.4375;241;202;0;
5334;2025.06.05 20:39;-12;22.375;22.6875;22.4375;241;202;0;
5335;2025.06.05 20:40;-12;22.375;22.6875;22.4375;241;202;0;
5336;2025.06.05 20:41;-12;22.375;22.6875;22.4375;241;202;0;
5337;2025.06.05 20:42;-12;22.375;22.6875;22.4375;241;202;0;
5338;2025.06.05 20:43;-12;22.375;22.6875;22.4375;241;202;0;
5339;2025.06.05 20:44;-12;22.375;22.625;22.4375;241;202;0;
5340;2025.06.05 20:45;-12;22.375;22.625;22.4375;241;202;0;
5341;2025.06.05 20:46;-12;22.375;22.625;22.375;241;202;0;
5342;2025.06.05 20:47;-12;22.375;22.625;22.375;241;202;0;
5343;2025.06.05 20:48;-12;22.375;22.625;22.375;241;202;0;
5344;2025.06.05 20:49;-12;22.375;22.625;22.375;241;202;0;
5345;2025.06.05 20:50;-12;22.375;22.625;22.375;241;202;0;
5346;2025.06.05 20:51;-12;22.375;22.625;22.375;241;202;0;
5347;2025.06.05 20:52;-12;22.375;22.625;22.375;241;202;0;
5348;2025.06.05 20:53;-12;22.375;22.625;22.375;241;202;0;
5349;2025.06.05 20:54;-12;22.375;22.625;22.375;241;202;0;
5350;2025.06.05 20:55;-12;22.375;22.625;22.375;241;202;0;
5351;2025.06.05 20:56;-12;22.375;22.625;22.375;240;202;0;
5352;2025.06.05 20:57;-12;22.375;22.625;22.375;240;202;0;
5353;2025.06.05 20:58;-12;22.375;22.625;22.375;240;202;0;
5354;2025.06.05 20:59;-12;22.375;22.625;22.375;240;202;0;
5355;2025.06.05 21:00;-12;22.375;22.625;22.375;240;202;0;
5356;2025.06.05 21:01;-12;22.3125;22.625;22.375;240;202;0;
5357;2025.06.05 21:02;-12;22.3125;22.625;22.375;240;202;0;
5358;2025.06.05 21:03;-12;22.3125;22.625;22.375;240;202;0;
5359;2025.06.05 21:04;-12;22.3125;22.625;22.375;240;202;0;
5360;2025.06.05 21:05;-12;22.3125;22.625;22.375;240;202;0;
5361;2025.06.05 21:06;-12;22.3125;22.625;22.375;240;202;0;
5362;2025.06.05 21:07;-12;22.3125;22.625;22.375;240;202;0;
5363;2025.06.05 21:08;-12;22.3125;22.625;22.375;240;202;0;
5364;2025.06.05 21:09;-12;22.3125;22.5625;22.375;240;202;0;
5365;2025.06.05 21:10;-12;22.25;22.5625;22.375;240;202;0;
5366;2025.06.05 21:11;-12;22.3125;22.5625;22.375;240;202;0;
5367;2025.06.05 21:12;-12;22.3125;22.5625;22.375;240;202;0;
5368;2025.06.05 21:13;-12;22.25;22.5625;22.375;240;202;0;
5369;2025.06.05 21:14;-12;22.25;22.5625;22.375;240;202;0;
5370;2025.06.05 21:15;-12;22.25;22.5625;22.375;240;202;0;
5371;2025.06.05 21:16;-12;22.25;22.5625;22.3125;240;202;0;
5372;2025.06.05 21:17;-12;22.25;22.5625;22.3125;240;202;0;
5373;2025.06.05 21:18;-12;22.25;22.5625;22.3125;240;202;0;
5374;2025.06.05 21:19;-12;22.25;22.5625;22.3125;240;202;0;
5375;2025.06.05 21:20;-12;22.25;22.5625;22.3125;240;202;0;
5376;2025.06.05 21:21;-12;22.25;22.5625;22.3125;240;202;0;
5377;2025.06.05 21:22;-12;22.25;22.5;22.3125;240;202;0;
5378;2025.06.05 21:23;-12;22.25;22.5;22.3125;240;202;0;
5379;2025.06.05 21:24;-12;22.25;22.5;22.3125;240;202;0;
5380;2025.06.05 21:25;-12;22.25;22.5;22.3125;240;202;0;
5381;2025.06.05 21:26;-12;22.25;22.5;22.3125;240;202;0;
5382;2025.06.05 21:27;-12;22.25;22.5;22.3125;240;202;0;
5383;2025.06.05 21:28;-12;22.25;22.5;22.3125;240;202;0;
5384;2025.06.05 21:29;-12;22.25;22.5;22.25;240;202;0;
5385;2025.06.05 21:30;-12;22.25;22.5;22.25;240;202;0;
5386;2025.06.05 21:31;-12;22.25;22.5;22.25;240;202;0;
5387;2025.06.05 21:32;-12;22.1875;22.5;22.25;240;202;0;
5388;2025.06.05 21:33;-12;22.1875;22.5;22.25;240;202;0;
5389;2025.06.05 21:34;-12;22.1875;22.5;22.25;240;202;0;
5390;2025.06.05 21:35;-12;22.1875;22.5;22.25;240;202;0;
5391;2025.06.05 21:36;-12;22.1875;22.5;22.25;240;202;0;
5392;2025.06.05 21:37;-12;22.1875;22.5;22.25;239;202;0;
5393;2025.06.05 21:38;-12;22.125;22.5;22.25;221;202;0;
5394;2025.06.05 21:39;-12;22.125;22.5;22.25;221;202;0;
5395;2025.06.05 21:40;-12;22.125;22.4375;22.25;221;202;0;
5396;2025.06.05 21:41;-12;22.125;22.4375;22.1875;221;202;0;
5397;2025.06.05 21:42;-12;22.125;22.4375;22.1875;221;202;0;
5398;2025.06.05 21:43;-12;22.125;22.4375;22.1875;221;202;0;
5399;2025.06.05 21:44;-12;22.125;22.4375;22.1875;221;202;0;
5400;2025.06.05 21:45;-12;22.125;22.4375;22.1875;221;202;0;
5401;2025.06.05 21:46;-12;22.125;22.375;22.1875;221;202;0;
5402;2025.06.05 21:47;-12;22.125;22.375;22.1875;221;202;0;
5403;2025.06.05 21:48;-12;22.125;22.375;22.1875;221;202;0;
5404;2025.06.05 21:49;-12;22.125;22.375;22.1875;221;202;0;
5405;2025.06.05 21:50;-12;22.125;22.375;22.1875;221;202;0;
5406;2025.06.05 21:51;-12;22.125;22.375;22.1875;221;202;0;
5407;2025.06.05 21:52;-12;22.125;22.375;22.1875;221;202;0;
5408;2025.06.05 21:53;-12;22.125;22.375;22.1875;221;202;0;
5409;2025.06.05 21:54;-12;22.125;22.375;22.1875;221;202;0;
5410;2025.06.05 21:55;-12;22.125;22.375;22.1875;221;202;0;
5411;2025.06.05 21:56;-12;22.125;22.375;22.1875;221;202;0;
5412;2025.06.05 21:57;-12;22.125;22.375;22.1875;221;202;0;
5413;2025.06.05 21:58;-12;22.125;22.375;22.1875;221;202;0;
5414;2025.06.05 21:59;-12;22.125;22.375;22.1875;221;202;0;
5415;2025.06.05 22:00;-12;22.125;22.375;22.1875;221;202;0;
5416;2025.06.05 22:01;-12;22.125;22.375;22.1875;221;202;0;
5417;2025.06.05 22:02;-12;22.125;22.375;22.1875;221;202;0;
5418;2025.06.05 22:03;-12;22.125;22.375;22.125;221;202;0;
5419;2025.06.05 22:04;-12;22.125;22.375;22.125;221;202;0;
5420;2025.06.05 22:05;-12;22.125;22.375;22.125;221;202;0;
5421;2025.06.05 22:06;-12;22.125;22.375;22.125;221;202;0;
5422;2025.06.05 22:07;-12;22.0625;22.375;22.125;221;202;0;
5423;2025.06.05 22:08;-12;22.0625;22.375;22.125;221;202;0;
5424;2025.06.05 22:09;-12;22.0625;22.375;22.125;221;202;0;
5425;2025.06.05 22:10;-12;22.0625;22.375;22.125;221;202;0;
5426;2025.06.05 22:11;-12;22.0625;22.375;22.125;221;202;0;
5427;2025.06.05 22:12;-12;22.0625;22.375;22.125;221;202;0;
5428;2025.06.05 22:13;-12;22.0625;22.375;22.125;221;202;0;
5429;2025.06.05 22:14;-12;22.0625;22.375;22.125;221;202;0;
5430;2025.06.05 22:15;-12;22.0625;22.375;22.125;221;202;0;
5431;2025.06.05 22:16;-12;22.0625;22.375;22.125;221;202;0;
5432;2025.06.05 22:17;-12;22;22.375;22.125;221;202;0;
5433;2025.06.05 22:18;-12;22;22.375;22.125;221;202;0;
5434;2025.06.05 22:19;-12;22;22.375;22.125;221;202;0;
5435;2025.06.05 22:20;-12;22;22.375;22.125;221;202;0;
5436;2025.06.05 22:21;-12;22;22.3125;22.125;221;202;0;
5437;2025.06.05 22:22;-12;22;22.3125;22.125;221;202;0;
5438;2025.06.05 22:23;-12;22;22.3125;22.125;221;202;0;
5439;2025.06.05 22:24;-12;22;22.3125;22.125;221;202;0;
5440;2025.06.05 22:25;-12;22;22.3125;22.125;221;202;0;
5441;2025.06.05 22:26;-12;22;22.3125;22.125;221;202;0;
5442;2025.06.05 22:27;-12;22;22.3125;22.125;221;202;0;
5443;2025.06.05 22:28;-12;22;22.3125;22.125;221;202;0;
5444;2025.06.05 22:29;-12;22;22.3125;22.125;221;202;0;
5445;2025.06.05 22:30;-12;22;22.3125;22.125;221;202;0;
5446;2025.06.05 22:31;-12;22;22.25;22.125;221;202;0;
5447;2025.06.05 22:32;-12;22;22.25;22.125;221;202;0;
5448;2025.06.05 22:33;-12;22;22.25;22.125;221;202;0;
5449;2025.06.05 22:34;-12;22;22.25;22.125;221;202;0;
5450;2025.06.05 22:35;-12;22;22.25;22.125;221;202;0;
5451;2025.06.05 22:36;-12;22;22.25;22.125;221;202;0;
5452;2025.06.05 22:37;-12;22;22.25;22.0625;221;202;0;
5453;2025.06.05 22:38;-12;22;22.25;22.0625;221;202;0;
5454;2025.06.05 22:39;-12;22;22.25;22.0625;221;202;0;
5455;2025.06.05 22:40;-12;22;22.25;22.0625;221;202;0;
5456;2025.06.05 22:41;-12;22;22.25;22.0625;221;202;0;
5457;2025.06.05 22:42;-12;22;22.25;22.0625;221;202;0;
5458;2025.06.05 22:43;-12;22;22.25;22.0625;221;202;0;
5459;2025.06.05 22:44;-12;21.9375;22.25;22.0625;221;202;0;
5460;2025.06.05 22:45;-12;21.9375;22.25;22.0625;221;202;0;
5461;2025.06.05 22:46;-12;21.9375;22.25;22;221;202;0;
5462;2025.06.05 22:47;-12;21.9375;22.25;22;221;202;0;
5463;2025.06.05 22:48;-12;21.9375;22.25;22;221;202;0;
5464;2025.06.05 22:49;-12;21.9375;22.25;22;220;202;0;
5465;2025.06.05 22:50;-12;21.875;22.25;22;221;202;0;
5466;2025.06.05 22:51;-12;21.875;22.25;22;220;202;0;
5467;2025.06.05 22:52;-12;21.875;22.25;22;220;202;0;
5468;2025.06.05 22:53;-12;21.875;22.25;22;220;202;0;
5469;2025.06.05 22:54;-12;21.875;22.25;22;220;202;0;
5470;2025.06.05 22:55;-12;21.875;22.25;22;220;202;0;
5471;2025.06.05 22:56;-12;21.875;22.25;22;220;202;0;
5472;2025.06.05 22:57;-12;21.875;22.25;22;220;202;0;
5473;2025.06.05 22:58;-12;21.875;22.1875;22;220;202;0;
5474;2025.06.05 22:59;-12;21.875;22.25;22;220;202;0;
5475;2025.06.05 23:00;-12;21.875;22.1875;22;220;202;0;
5476;2025.06.05 23:01;-12;21.875;22.1875;22;220;202;0;
5477;2025.06.05 23:02;-12;21.875;22.1875;22;220;202;0;
5478;2025.06.05 23:03;-12;21.875;22.1875;22;220;202;0;
5479;2025.06.05 23:04;-12;21.875;22.1875;22;220;202;0;
5480;2025.06.05 23:05;-12;21.875;22.1875;22;220;202;0;
5481;2025.06.05 23:06;-12;21.875;22.125;22;220;202;0;
5482;2025.06.05 23:07;-12;21.875;22.125;21.9375;220;202;0;
5483;2025.06.05 23:08;-12;21.875;22.125;21.9375;220;202;0;
5484;2025.06.05 23:09;-12;21.8125;22.125;21.9375;220;202;0;
5485;2025.06.05 23:10;-12;21.8125;22.125;21.9375;220;202;0;
5486;2025.06.05 23:11;-12;21.8125;22.125;21.9375;220;202;0;
5487;2025.06.05 23:12;-12;21.8125;22.125;21.9375;220;202;0;
5488;2025.06.05 23:13;-12;21.8125;22.125;21.9375;220;202;0;
5489;2025.06.05 23:14;-12;21.875;22.125;21.875;220;202;0;
5490;2025.06.05 23:15;-12;21.875;22.125;21.9375;220;202;0;
5491;2025.06.05 23:16;-12;21.875;22.125;21.9375;220;202;0;
5492;2025.06.05 23:17;-12;21.9375;22.125;21.9375;220;202;0;
5493;2025.06.05 23:18;-12;21.9375;22.125;21.9375;220;202;0;
5494;2025.06.05 23:19;-12;21.9375;22.125;21.9375;220;202;0;
5495;2025.06.05 23:20;-12;21.9375;22.125;22;220;202;0;
5496;2025.06.05 23:21;-12;21.875;22.125;21.9375;220;202;0;
5497;2025.06.05 23:22;-12;21.875;22.125;22;220;202;0;
5498;2025.06.05 23:23;-12;21.875;22.125;22;220;202;0;
5499;2025.06.05 23:24;-12;21.875;22.125;22;220;202;0;
5500;2025.06.05 23:25;-12;21.875;22.125;22;220;202;0;
5501;2025.06.05 23:26;-12;21.875;22.125;22;220;202;0;
5502;2025.06.05 23:27;-12;21.875;22.125;21.9375;220;202;0;
5503;2025.06.05 23:28;-12;21.875;22.125;21.9375;220;202;0;
5504;2025.06.05 23:29;-12;21.875;22.125;21.9375;220;202;0;
5505;2025.06.05 23:30;-12;21.875;22.125;21.9375;220;202;0;
5506;2025.06.05 23:31;-12;21.875;22.125;21.9375;220;202;0;
5507;2025.06.05 23:32;-12;21.875;22.125;21.9375;220;202;0;
5508;2025.06.05 23:33;-12;21.875;22.125;21.9375;220;202;0;
5509;2025.06.05 23:34;-12;21.875;22.125;21.9375;220;202;0;
5510;2025.06.05 23:35;-12;21.875;22.125;21.9375;220;202;0;
5511;2025.06.05 23:36;-12;21.875;22.125;21.9375;220;202;0;
5512;2025.06.05 23:37;-12;21.875;22.125;21.9375;220;202;0;
5513;2025.06.05 23:38;-12;21.875;22.125;21.9375;220;202;0;
5514;2025.06.05 23:39;-12;21.875;22.125;21.9375;220;202;0;
5515;2025.06.05 23:40;-12;21.8125;22.125;21.9375;220;202;0;
5516;2025.06.05 23:41;-12;21.8125;22.125;21.9375;220;202;0;
5517;2025.06.05 23:42;-12;21.8125;22.125;21.875;220;202;0;
5518;2025.06.05 23:43;-12;21.8125;22.125;21.9375;220;202;0;
5519;2025.06.05 23:44;-12;21.8125;22.125;21.875;220;202;0;
5520;2025.06.05 23:45;-12;21.8125;22.125;21.875;220;202;0;
5521;2025.06.05 23:46;-12;21.8125;22.125;21.875;220;202;0;
5522;2025.06.05 23:47;-12;21.8125;22.125;21.875;220;202;0;
5523;2025.06.05 23:48;-12;21.8125;22.125;21.875;220;202;0;
5524;2025.06.05 23:49;-12;21.8125;22.125;21.875;220;202;0;
5525;2025.06.05 23:50;-12;21.8125;22.125;21.875;220;202;0;
5526;2025.06.05 23:51;-12;21.75;22.125;21.875;220;202;0;
5527;2025.06.05 23:52;-12;21.75;22.125;21.875;220;202;0;
5528;2025.06.05 23:53;-12;21.75;22.125;21.875;220;202;0;
5529;2025.06.05 23:54;-12;21.75;22.125;21.875;220;202;0;
5530;2025.06.05 23:55;-12;21.75;22.125;21.875;220;202;0;
5531;2025.06.05 23:56;-12;21.75;22.125;21.875;220;202;0;
5532;2025.06.05 23:57;-12;21.75;22.125;21.875;220;202;0;
5533;2025.06.05 23:58;-12;21.75;22.125;21.875;220;202;0;
5534;2025.06.05 23:59;-12;21.75;22.125;21.875;220;202;0;
5535;2025.06.06 00:00;-12;21.75;22.125;21.875;220;202;0;
5536;2025.06.06 00:01;-12;21.75;22.125;21.875;220;202;0;
5537;2025.06.06 00:02;-12;21.75;22.125;21.875;220;202;0;
5538;2025.06.06 00:03;-12;21.75;22.125;21.875;220;202;0;
5539;2025.06.06 00:04;-12;21.75;22.0625;21.875;220;202;0;
5540;2025.06.06 00:05;-12;21.75;22.0625;21.875;220;202;0;
5541;2025.06.06 00:06;-12;21.75;22.0625;21.875;220;202;0;
5542;2025.06.06 00:07;-12;21.75;22.0625;21.875;220;202;0;
5543;2025.06.06 00:08;-12;21.75;22.0625;21.875;220;202;0;
5544;2025.06.06 00:09;-12;21.75;22.0625;21.875;220;202;0;
5545;2025.06.06 00:10;-12;21.75;22.0625;21.8125;220;202;0;
5546;2025.06.06 00:11;-12;21.75;22;21.875;220;202;0;
5547;2025.06.06 00:12;-12;21.75;22;21.8125;220;202;0;
5548;2025.06.06 00:13;-12;21.75;22;21.8125;220;202;0;
5549;2025.06.06 00:14;-12;21.75;22;21.8125;220;202;0;
5550;2025.06.06 00:15;-12;21.75;22;21.8125;220;202;0;
5551;2025.06.06 00:16;-12;21.75;22;21.8125;220;202;0;
5552;2025.06.06 00:17;-12;21.75;22;21.8125;220;202;0;
5553;2025.06.06 00:18;-12;21.75;22;21.8125;220;202;0;
5554;2025.06.06 00:19;-12;21.75;22;21.8125;220;202;0;
5555;2025.06.06 00:20;-12;21.6875;22;21.8125;220;202;0;
5556;2025.06.06 00:21;-12;21.6875;22;21.8125;220;202;0;
5557;2025.06.06 00:22;-12;21.6875;22;21.75;220;202;0;
5558;2025.06.06 00:23;-12;21.6875;22;21.75;220;202;0;
5559;2025.06.06 00:24;-12;21.6875;22;21.75;220;202;0;
5560;2025.06.06 00:25;-12;21.6875;22;21.75;220;202;0;
5561;2025.06.06 00:26;-12;21.6875;22;21.75;220;202;0;
5562;2025.06.06 00:27;-12;21.6875;22;21.75;220;202;0;
5563;2025.06.06 00:28;-12;21.6875;22;21.75;220;202;0;
5564;2025.06.06 00:29;-12;21.625;22;21.75;220;202;0;
5565;2025.06.06 00:30;-12;21.625;22;21.75;220;202;0;
5566;2025.06.06 00:31;-12;21.625;22;21.75;220;202;0;
5567;2025.06.06 00:32;-12;21.625;22;21.75;220;202;0;
5568;2025.06.06 00:33;-12;21.625;22;21.75;220;202;0;
5569;2025.06.06 00:34;-12;21.625;22;21.75;219;202;0;
5570;2025.06.06 00:35;-12;21.625;22;21.75;219;202;0;
5571;2025.06.06 00:36;-12;21.625;22;21.75;219;202;0;
5572;2025.06.06 00:37;-12;21.625;22;21.75;219;202;0;
5573;2025.06.06 00:38;-12;21.625;21.9375;21.75;219;202;0;
5574;2025.06.06 00:39;-12;21.625;21.9375;21.75;219;202;0;
5575;2025.06.06 00:40;-12;21.625;21.9375;21.75;219;202;0;
5576;2025.06.06 00:41;-12;21.625;21.9375;21.75;219;202;0;
5577;2025.06.06 00:42;-12;21.625;21.9375;21.75;219;202;0;
5578;2025.06.06 00:43;-12;21.625;21.9375;21.75;219;202;0;
5579;2025.06.06 00:44;-12;21.625;21.9375;21.75;219;202;0;
5580;2025.06.06 00:45;-12;21.625;21.9375;21.75;219;202;0;
5581;2025.06.06 00:46;-12;21.625;21.9375;21.75;219;202;0;
5582;2025.06.06 00:47;-12;21.625;21.875;21.75;219;202;0;
5583;2025.06.06 00:48;-12;21.625;21.875;21.75;219;202;0;
5584;2025.06.06 00:49;-12;21.625;21.875;21.75;219;202;0;
5585;2025.06.06 00:50;-12;21.5625;21.875;21.6875;219;202;0;
5586;2025.06.06 00:51;-12;21.5625;21.875;21.6875;219;202;0;
5587;2025.06.06 00:52;-12;21.5625;21.875;21.6875;219;202;0;
5588;2025.06.06 00:53;-12;21.5625;21.875;21.6875;219;202;0;
5589;2025.06.06 00:54;-12;21.5625;21.875;21.6875;219;202;0;
5590;2025.06.06 00:55;-12;21.5625;21.875;21.6875;219;202;0;
5591;2025.06.06 00:56;-12;21.5625;21.875;21.6875;219;202;0;
5592;2025.06.06 00:57;-12;21.5625;21.875;21.6875;219;202;0;
5593;2025.06.06 00:58;-12;21.5625;21.875;21.625;219;202;0;
5594;2025.06.06 00:59;-12;21.5625;21.875;21.6875;220;202;0;
5595;2025.06.06 01:00;-12;21.5;21.875;21.625;219;202;0;
5596;2025.06.06 01:01;-12;21.5;21.875;21.625;219;202;0;
5597;2025.06.06 01:02;-12;21.5;21.875;21.625;219;202;0;
5598;2025.06.06 01:03;-12;21.5;21.875;21.625;219;202;0;
5599;2025.06.06 01:04;-12;21.5;21.875;21.625;219;202;0;
5600;2025.06.06 01:05;-12;21.5;21.875;21.625;219;202;0;
5601;2025.06.06 01:06;-12;21.5;21.875;21.625;219;202;0;
5602;2025.06.06 01:07;-12;21.5;21.875;21.625;219;202;0;
5603;2025.06.06 01:08;-12;21.5;21.875;21.625;219;202;0;
5604;2025.06.06 01:09;-12;21.5;21.875;21.625;219;202;0;
5605;2025.06.06 01:10;-12;21.5;21.875;21.625;219;202;0;
5606;2025.06.06 01:11;-12;21.5;21.875;21.625;219;202;0;
5607;2025.06.06 01:12;-12;21.5;21.875;21.625;219;202;0;
5608;2025.06.06 01:13;-12;21.5;21.8125;21.625;219;202;0;
5609;2025.06.06 01:14;-12;21.5;21.8125;21.625;219;202;0;
5610;2025.06.06 01:15;-12;21.5;21.8125;21.625;219;202;0;
5611;2025.06.06 01:16;-12;21.5;21.8125;21.625;219;202;0;
5612;2025.06.06 01:17;-12;21.5;21.8125;21.625;219;202;0;
5613;2025.06.06 01:18;-12;21.5;21.8125;21.625;219;202;0;
5614;2025.06.06 01:19;-12;21.5;21.8125;21.625;219;202;0;
5615;2025.06.06 01:20;-12;21.5;21.8125;21.625;219;202;0;
5616;2025.06.06 01:21;-12;21.5;21.8125;21.625;219;202;0;
5617;2025.06.06 01:22;-12;21.5;21.75;21.625;219;202;0;
5618;2025.06.06 01:23;-12;21.5;21.75;21.625;219;202;0;
5619;2025.06.06 01:24;-12;21.4375;21.75;21.625;219;202;0;
5620;2025.06.06 01:25;-12;21.4375;21.75;21.5625;219;202;0;
5621;2025.06.06 01:26;-12;21.4375;21.75;21.5625;219;202;0;
5622;2025.06.06 01:27;-12;21.4375;21.75;21.5625;219;202;0;
5623;2025.06.06 01:28;-12;21.4375;21.75;21.5625;219;202;0;
5624;2025.06.06 01:29;-12;21.4375;21.75;21.5625;219;202;0;
5625;2025.06.06 01:30;-12;21.375;21.75;21.5;219;202;0;
5626;2025.06.06 01:31;-12;21.375;21.75;21.5;219;202;0;
5627;2025.06.06 01:32;-12;21.375;21.75;21.5;219;202;0;
5628;2025.06.06 01:33;-12;21.375;21.75;21.5;219;202;0;
5629;2025.06.06 01:34;-12;21.375;21.75;21.5;219;202;0;
5630;2025.06.06 01:35;-12;21.375;21.75;21.5;219;202;0;
5631;2025.06.06 01:36;-12;21.375;21.75;21.5;219;202;0;
5632;2025.06.06 01:37;-12;21.375;21.75;21.5;218;202;0;
5633;2025.06.06 01:38;-12;21.375;21.75;21.5;219;202;0;
5634;2025.06.06 01:39;-12;21.375;21.75;21.5;218;202;0;
5635;2025.06.06 01:40;-12;21.375;21.75;21.5;218;202;0;
5636;2025.06.06 01:41;-12;21.375;21.75;21.5;218;202;0;
5637;2025.06.06 01:42;-12;21.375;21.6875;21.5;218;202;0;
5638;2025.06.06 01:43;-12;21.375;21.6875;21.5;218;202;0;
5639;2025.06.06 01:44;-12;21.375;21.6875;21.5;218;202;0;
5640;2025.06.06 01:45;-12;21.375;21.6875;21.5;218;202;0;
5641;2025.06.06 01:46;-12;21.375;21.6875;21.5;218;202;0;
5642;2025.06.06 01:47;-12;21.3125;21.6875;21.5;218;202;0;
5643;2025.06.06 01:48;-12;21.3125;21.6875;21.5;218;202;0;
5644;2025.06.06 01:49;-12;21.3125;21.625;21.4375;218;202;0;
5645;2025.06.06 01:50;-12;21.3125;21.625;21.4375;218;202;0;
5646;2025.06.06 01:51;-12;21.3125;21.625;21.4375;218;202;0;
5647;2025.06.06 01:52;-12;21.25;21.625;21.4375;218;202;0;
5648;2025.06.06 01:53;-12;21.25;21.625;21.4375;218;202;0;
5649;2025.06.06 01:54;-12;21.25;21.625;21.375;218;202;0;
5650;2025.06.06 01:55;-12;21.25;21.625;21.375;218;202;0;
5651;2025.06.06 01:56;-12;21.25;21.625;21.375;218;202;0;
5652;2025.06.06 01:57;-12;21.25;21.625;21.375;218;202;0;
5653;2025.06.06 01:58;-12;21.25;21.625;21.375;218;202;0;
5654;2025.06.06 01:59;-12;21.25;21.625;21.375;218;202;0;
5655;2025.06.06 02:00;-12;21.25;21.625;21.375;218;202;0;
5656;2025.06.06 02:01;-12;21.25;21.625;21.375;218;202;0;
5657;2025.06.06 02:02;-12;21.25;21.625;21.375;218;202;0;
5658;2025.06.06 02:03;-12;21.25;21.625;21.375;218;202;0;
5659;2025.06.06 02:04;-12;21.25;21.625;21.375;218;202;0;
5660;2025.06.06 02:05;-12;21.25;21.625;21.375;218;202;0;
5661;2025.06.06 02:06;-12;21.25;21.625;21.375;218;202;0;
5662;2025.06.06 02:07;-12;21.25;21.625;21.375;218;202;0;
5663;2025.06.06 02:08;-12;21.25;21.5625;21.375;218;202;0;
5664;2025.06.06 02:09;-12;21.25;21.5625;21.375;218;202;0;
5665;2025.06.06 02:10;-12;21.25;21.5625;21.375;218;202;0;
5666;2025.06.06 02:11;-12;21.25;21.5625;21.375;218;202;0;
5667;2025.06.06 02:12;-12;21.25;21.5625;21.375;218;202;0;
5668;2025.06.06 02:13;-12;21.25;21.5625;21.375;218;202;0;
5669;2025.06.06 02:14;-12;21.25;21.5625;21.375;218;202;0;
5670;2025.06.06 02:15;-12;21.25;21.5;21.3125;218;202;0;
5671;2025.06.06 02:16;-12;21.1875;21.5625;21.3125;218;202;0;
5672;2025.06.06 02:17;-12;21.1875;21.5;21.3125;218;202;0;
5673;2025.06.06 02:18;-12;21.1875;21.5;21.3125;218;202;0;
5674;2025.06.06 02:19;-12;21.1875;21.5;21.3125;218;202;0;
5675;2025.06.06 02:20;-12;21.125;21.5;21.3125;218;202;0;
5676;2025.06.06 02:21;-12;21.1875;21.5;21.3125;218;202;0;
5677;2025.06.06 02:22;-12;21.125;21.5;21.3125;218;202;0;
5678;2025.06.06 02:23;-12;21.125;21.5;21.3125;218;202;0;
5679;2025.06.06 02:24;-12;21.125;21.5;21.25;218;202;0;
5680;2025.06.06 02:25;-12;21.125;21.5;21.25;218;202;0;
5681;2025.06.06 02:26;-12;21.125;21.5;21.25;218;202;0;
5682;2025.06.06 02:27;-12;21.125;21.5;21.25;218;202;0;
5683;2025.06.06 02:28;-12;21.125;21.5;21.25;218;202;0;
5684;2025.06.06 02:29;-12;21.125;21.5;21.25;218;202;0;
5685;2025.06.06 02:30;-12;21.125;21.5;21.25;218;202;0;
5686;2025.06.06 02:31;-12;21.125;21.5;21.25;217;202;0;
5687;2025.06.06 02:32;-12;21.125;21.5;21.25;218;202;0;
5688;2025.06.06 02:33;-12;21.125;21.5;21.25;217;202;0;
5689;2025.06.06 02:34;-12;21.125;21.5;21.25;217;202;0;
5690;2025.06.06 02:35;-12;21.125;21.5;21.25;217;202;0;
5691;2025.06.06 02:36;-12;21.125;21.5;21.25;217;202;0;
5692;2025.06.06 02:37;-12;21.125;21.5;21.25;217;202;0;
5693;2025.06.06 02:38;-12;21.125;21.5;21.25;217;202;0;
5694;2025.06.06 02:39;-12;21.125;21.5;21.25;217;202;0;
5695;2025.06.06 02:40;-12;21.125;21.5;21.25;217;202;0;
5696;2025.06.06 02:41;-12;21.125;21.4375;21.25;217;202;0;
5697;2025.06.06 02:42;-12;21.125;21.4375;21.25;217;202;0;
5698;2025.06.06 02:43;-12;21.125;21.4375;21.25;217;202;0;
5699;2025.06.06 02:44;-12;21.125;21.4375;21.25;217;202;0;
5700;2025.06.06 02:45;-12;21.125;21.4375;21.25;217;202;0;
5701;2025.06.06 02:46;-12;21.125;21.4375;21.25;217;202;0;
5702;2025.06.06 02:47;-12;21.125;21.4375;21.25;217;202;0;
5703;2025.06.06 02:48;-12;21.125;21.4375;21.25;217;202;0;
5704;2025.06.06 02:49;-12;21.125;21.4375;21.25;217;202;0;
5705;2025.06.06 02:50;-12;21.0625;21.4375;21.25;217;202;0;
5706;2025.06.06 02:51;-12;21.0625;21.4375;21.25;217;202;0;
5707;2025.06.06 02:52;-12;21.0625;21.4375;21.25;217;202;0;
5708;2025.06.06 02:53;-12;21.0625;21.375;21.1875;217;202;0;
5709;2025.06.06 02:54;-12;21.0625;21.375;21.1875;217;202;0;
5710;2025.06.06 02:55;-12;21.0625;21.375;21.1875;217;202;0;
5711;2025.06.06 02:56;-12;21.0625;21.375;21.1875;217;202;0;
5712;2025.06.06 02:57;-12;21.0625;21.375;21.1875;217;202;0;
5713;2025.06.06 02:58;-12;21.0625;21.375;21.1875;217;202;0;
5714;2025.06.06 02:59;-12;21;21.375;21.1875;217;202;0;
5715;2025.06.06 03:00;-12;21.0625;21.375;21.1875;217;202;0;
5716;2025.06.06 03:01;-12;21;21.375;21.125;217;202;0;
5717;2025.06.06 03:02;-12;21;21.375;21.125;217;202;0;
5718;2025.06.06 03:03;-12;21;21.375;21.125;217;202;0;
5719;2025.06.06 03:04;-12;21;21.375;21.125;217;202;0;
5720;2025.06.06 03:05;-12;21;21.375;21.125;217;202;0;
5721;2025.06.06 03:06;-12;21;21.375;21.125;217;202;0;
5722;2025.06.06 03:07;-12;21;21.375;21.125;217;202;0;
5723;2025.06.06 03:08;-12;21;21.375;21.125;217;202;0;
5724;2025.06.06 03:09;-12;21;21.375;21.125;217;202;0;
5725;2025.06.06 03:10;-12;21;21.375;21.125;217;202;0;
5726;2025.06.06 03:11;-12;21;21.375;21.125;217;202;0;
5727;2025.06.06 03:12;-12;21;21.375;21.125;217;202;0;
5728;2025.06.06 03:13;-12;21;21.375;21.125;217;202;0;
5729;2025.06.06 03:14;-12;21;21.375;21.125;217;202;0;
5730;2025.06.06 03:15;-12;21;21.375;21.125;217;202;0;
5731;2025.06.06 03:16;-12;21;21.375;21.125;217;202;0;
5732;2025.06.06 03:17;-12;21;21.375;21.125;217;202;0;
5733;2025.06.06 03:18;-12;21;21.375;21.125;217;202;0;
5734;2025.06.06 03:19;-12;21;21.3125;21.125;217;202;0;
5735;2025.06.06 03:20;-12;21;21.3125;21.125;217;202;0;
5736;2025.06.06 03:21;-12;21;21.3125;21.125;217;202;0;
5737;2025.06.06 03:22;-12;21;21.3125;21.125;217;202;0;
5738;2025.06.06 03:23;-12;21;21.3125;21.125;217;202;0;
5739;2025.06.06 03:24;-12;21;21.3125;21.125;217;202;0;
5740;2025.06.06 03:25;-12;21;21.3125;21.125;217;202;0;
5741;2025.06.06 03:26;-12;21;21.3125;21.125;217;202;0;
5742;2025.06.06 03:27;-12;21;21.3125;21.125;217;202;0;
5743;2025.06.06 03:28;-12;20.9375;21.25;21.0625;217;202;0;
5744;2025.06.06 03:29;-12;20.9375;21.25;21.0625;217;202;0;
5745;2025.06.06 03:30;-12;20.9375;21.25;21.0625;217;202;0;
5746;2025.06.06 03:31;-12;20.9375;21.25;21.0625;217;202;0;
5747;2025.06.06 03:32;-12;20.9375;21.25;21.0625;217;202;0;
5748;2025.06.06 03:33;-12;20.9375;21.25;21.0625;217;202;0;
5749;2025.06.06 03:34;-12;20.9375;21.25;21.0625;217;202;0;
5750;2025.06.06 03:35;-12;20.9375;21.25;21.0625;217;202;0;
5751;2025.06.06 03:36;-12;20.9375;21.25;21.0625;217;202;0;
5752;2025.06.06 03:37;-12;20.9375;21.25;21.0625;217;202;0;
5753;2025.06.06 03:38;-12;20.875;21.25;21;217;202;0;
5754;2025.06.06 03:39;-12;20.875;21.25;21.0625;217;202;0;
5755;2025.06.06 03:40;-12;20.875;21.25;21;217;202;0;
5756;2025.06.06 03:41;-12;20.875;21.25;21.0625;217;202;0;
5757;2025.06.06 03:42;-12;20.875;21.25;21.0625;217;202;0;
5758;2025.06.06 03:43;-12;20.875;21.25;21.0625;217;202;0;
5759;2025.06.06 03:44;-12;20.875;21.25;21;217;202;0;
5760;2025.06.06 03:45;-12;20.875;21.25;21;217;202;0;
5761;2025.06.06 03:46;-12;20.875;21.25;21;217;202;0;
5762;2025.06.06 03:47;-12;20.875;21.25;21;217;202;0;
5763;2025.06.06 03:48;-12;20.875;21.25;21;217;202;0;
5764;2025.06.06 03:49;-12;20.875;21.25;21;217;202;0;
5765;2025.06.06 03:50;-12;20.875;21.25;21;217;202;0;
5766;2025.06.06 03:51;-12;20.875;21.25;21;217;202;0;
5767;2025.06.06 03:52;-12;20.875;21.25;21;217;202;0;
5768;2025.06.06 03:53;-12;20.875;21.25;21;216;202;0;
5769;2025.06.06 03:54;-12;20.875;21.25;21;217;202;0;
5770;2025.06.06 03:55;-12;20.875;21.25;21;216;202;0;
5771;2025.06.06 03:56;-12;20.875;21.25;21;216;202;0;
5772;2025.06.06 03:57;-12;20.875;21.25;21;216;202;0;
5773;2025.06.06 03:58;-12;20.875;21.25;21;216;202;0;
5774;2025.06.06 03:59;-12;20.875;21.25;21;216;202;0;
5775;2025.06.06 04:00;-12;20.875;21.1875;21;216;202;0;
5776;2025.06.06 04:01;-12;20.875;21.1875;21;216;202;0;
5777;2025.06.06 04:02;-12;20.875;21.1875;21;216;202;0;
5778;2025.06.06 04:03;-12;20.875;21.1875;21;216;202;0;
5779;2025.06.06 04:04;-12;20.875;21.1875;21;216;202;0;
5780;2025.06.06 04:05;-12;20.875;21.1875;21;216;202;0;
5781;2025.06.06 04:06;-12;20.875;21.1875;21;216;202;0;
5782;2025.06.06 04:07;-12;20.875;21.1875;20.9375;216;202;0;
5783;2025.06.06 04:08;-12;20.8125;21.1875;20.9375;216;202;0;
5784;2025.06.06 04:09;-12;20.8125;21.125;20.9375;216;202;0;
5785;2025.06.06 04:10;-12;20.8125;21.125;20.9375;216;202;0;
5786;2025.06.06 04:11;-12;20.8125;21.125;20.9375;216;202;0;
5787;2025.06.06 04:12;-12;20.8125;21.125;20.9375;216;202;0;
5788;2025.06.06 04:13;-12;20.8125;21.125;20.9375;216;202;0;
5789;2025.06.06 04:14;-12;20.8125;21.125;20.9375;216;202;0;
5790;2025.06.06 04:15;-12;20.8125;21.125;20.9375;216;202;0;
5791;2025.06.06 04:16;-12;20.8125;21.125;20.875;216;202;0;
5792;2025.06.06 04:17;-12;20.75;21.125;20.875;216;202;0;
5793;2025.06.06 04:18;-12;20.75;21.125;20.875;216;202;0;
5794;2025.06.06 04:19;-12;20.75;21.125;20.875;216;202;0;
5795;2025.06.06 04:20;-12;20.75;21.125;20.875;216;202;0;
5796;2025.06.06 04:21;-12;20.75;21.125;20.875;216;202;0;
5797;2025.06.06 04:22;-12;20.75;21.125;20.875;216;202;0;
5798;2025.06.06 04:23;-12;20.75;21.125;20.875;216;202;0;
5799;2025.06.06 04:24;-12;20.75;21.125;20.875;216;202;0;
5800;2025.06.06 04:25;-12;20.75;21.125;20.875;216;202;0;
5801;2025.06.06 04:26;-12;20.75;21.125;20.875;216;202;0;
5802;2025.06.06 04:27;-12;20.75;21.125;20.875;216;202;0;
5803;2025.06.06 04:28;-12;20.75;21.125;20.875;216;202;0;
5804;2025.06.06 04:29;-12;20.75;21.125;20.875;216;202;0;
5805;2025.06.06 04:30;-12;20.75;21.125;20.875;216;202;0;
5806;2025.06.06 04:31;-12;20.75;21.125;20.875;216;202;0;
5807;2025.06.06 04:32;-12;20.75;21.125;20.875;216;202;0;
5808;2025.06.06 04:33;-12;20.75;21.125;20.875;216;202;0;
5809;2025.06.06 04:34;-12;20.75;21.125;20.875;216;202;0;
5810;2025.06.06 04:35;-12;20.75;21.125;20.875;216;202;0;
5811;2025.06.06 04:36;-12;20.75;21.0625;20.875;216;202;0;
5812;2025.06.06 04:37;-12;20.75;21.0625;20.875;216;202;0;
5813;2025.06.06 04:38;-12;20.75;21.0625;20.875;216;202;0;
5814;2025.06.06 04:39;-12;20.75;21.0625;20.875;216;202;0;
5815;2025.06.06 04:40;-12;20.75;21.0625;20.875;216;202;0;
5816;2025.06.06 04:41;-12;20.75;21.0625;20.875;216;202;0;
5817;2025.06.06 04:42;-12;20.75;21.0625;20.875;216;202;0;
5818;2025.06.06 04:43;-12;20.75;21.0625;20.875;216;202;0;
5819;2025.06.06 04:44;-12;20.75;21;20.875;216;202;0;
5820;2025.06.06 04:45;-12;20.75;21;20.875;216;202;0;
5821;2025.06.06 04:46;-12;20.75;21;20.875;216;202;0;
5822;2025.06.06 04:47;-12;20.6875;21;20.875;216;202;0;
5823;2025.06.06 04:48;-12;20.6875;21;20.8125;216;202;0;
5824;2025.06.06 04:49;-12;20.6875;21;20.8125;216;202;0;
5825;2025.06.06 04:50;-12;20.6875;21;20.8125;216;202;0;
5826;2025.06.06 04:51;-12;20.6875;21;20.8125;216;202;0;
5827;2025.06.06 04:52;-12;20.6875;21;20.8125;216;202;0;
5828;2025.06.06 04:53;-12;20.6875;21;20.8125;216;202;0;
5829;2025.06.06 04:54;-12;20.6875;21;20.8125;216;202;0;
5830;2025.06.06 04:55;-12;20.6875;21;20.8125;216;202;0;
5831;2025.06.06 04:56;-12;20.6875;21;20.8125;216;202;0;
5832;2025.06.06 04:57;-12;20.625;21;20.8125;216;202;0;
5833;2025.06.06 04:58;-12;20.625;21;20.8125;216;202;0;
5834;2025.06.06 04:59;-12;20.625;21;20.8125;216;202;0;
5835;2025.06.06 05:00;-12;20.625;21;20.8125;216;202;0;
5836;2025.06.06 05:01;-12;20.625;21;20.75;216;202;0;
5837;2025.06.06 05:02;-12;20.625;21;20.75;216;202;0;
5838;2025.06.06 05:03;-12;20.625;21;20.75;216;202;0;
5839;2025.06.06 05:04;-12;20.625;21;20.75;216;202;0;
5840;2025.06.06 05:05;-12;20.625;21;20.75;216;202;0;
5841;2025.06.06 05:06;-12;20.625;21;20.75;216;202;0;
5842;2025.06.06 05:07;-12;20.625;21;20.75;216;202;0;
5843;2025.06.06 05:08;-12;20.625;21;20.75;216;202;0;
5844;2025.06.06 05:09;-12;20.625;21;20.75;216;202;0;
5845;2025.06.06 05:10;-12;20.625;21;20.75;216;202;0;
5846;2025.06.06 05:11;-12;20.625;21;20.75;216;202;0;
5847;2025.06.06 05:12;-12;20.625;20.9375;20.75;216;202;0;
5848;2025.06.06 05:13;-12;20.625;20.9375;20.75;216;202;0;
5849;2025.06.06 05:14;-12;20.625;20.9375;20.75;216;202;0;
5850;2025.06.06 05:15;-12;20.625;20.9375;20.75;215;202;0;
5851;2025.06.06 05:16;-12;20.5625;20.9375;20.75;215;202;0;
5852;2025.06.06 05:17;-12;20.5625;20.9375;20.75;215;202;0;
5853;2025.06.06 05:18;-12;20.5625;20.9375;20.75;215;202;0;
5854;2025.06.06 05:19;-12;20.5625;20.9375;20.75;215;202;0;
5855;2025.06.06 05:20;-12;20.5625;20.875;20.6875;215;202;0;
5856;2025.06.06 05:21;-12;20.5625;20.875;20.75;215;202;0;
5857;2025.06.06 05:22;-12;20.5625;20.875;20.6875;215;202;0;
5858;2025.06.06 05:23;-12;20.5625;20.875;20.6875;215;202;0;
5859;2025.06.06 05:24;-12;20.5625;20.875;20.6875;215;202;0;
5860;2025.06.06 05:25;-12;20.5;20.875;20.6875;215;202;0;
5861;2025.06.06 05:26;-12;20.5;20.875;20.6875;215;202;0;
5862;2025.06.06 05:27;-12;20.5;20.875;20.6875;215;202;0;
5863;2025.06.06 05:28;-12;20.5;20.875;20.6875;215;202;0;
5864;2025.06.06 05:29;-12;20.5;20.875;20.6875;215;202;0;
5865;2025.06.06 05:30;-12;20.5;20.875;20.625;215;202;0;
5866;2025.06.06 05:31;-12;20.5;20.875;20.625;215;202;0;
5867;2025.06.06 05:32;-12;20.4375;20.875;20.625;215;202;0;
5868;2025.06.06 05:33;-12;20.25;20.8125;20.5;215;202;0;
5869;2025.06.06 05:34;-12;20;20.75;20.375;214;202;0;
5870;2025.06.06 05:35;-12;19.875;20.625;20.1875;214;202;0;
5871;2025.06.06 05:36;-12;19.8125;20.625;20.125;213;202;0;
5872;2025.06.06 05:37;-12;19.8125;20.5625;20.0625;213;202;0;
5873;2025.06.06 05:38;-12;19.875;20.5625;20.0625;213;202;0;
5874;2025.06.06 05:39;-12;19.875;20.5;20.0625;213;202;0;
5875;2025.06.06 05:40;-12;19.875;20.5;20.0625;213;202;0;
5876;2025.06.06 05:41;-12;19.875;20.5;20.125;213;202;0;
5877;2025.06.06 05:42;-12;20;20.5;20.125;213;202;0;
5878;2025.06.06 05:43;-12;20;20.5;20.125;213;202;0;
5879;2025.06.06 05:44;-12;20;20.5;20.125;213;202;0;
5880;2025.06.06 05:45;-12;20;20.5;20.1875;213;202;0;
5881;2025.06.06 05:46;-12;20;20.5;20.1875;213;202;0;
5882;2025.06.06 05:47;-12;20.0625;20.5;20.25;213;202;0;
5883;2025.06.06 05:48;-12;20.0625;20.5;20.25;213;202;0;
5884;2025.06.06 05:49;-12;20.0625;20.5;20.25;213;202;0;
5885;2025.06.06 05:50;-12;20.125;20.5;20.25;214;202;0;
5886;2025.06.06 05:51;-12;20.125;20.5;20.25;214;202;0;
5887;2025.06.06 05:52;-12;20.125;20.5;20.25;214;202;0;
5888;2025.06.06 05:53;-12;20.125;20.5;20.25;214;202;0;
5889;2025.06.06 05:54;-12;20.125;20.5;20.25;214;202;0;
5890;2025.06.06 05:55;-12;20.125;20.5;20.25;213;202;0;
5891;2025.06.06 05:56;-12;20.125;20.5;20.25;214;202;0;
5892;2025.06.06 05:57;-12;20.125;20.5;20.3125;214;202;0;
5893;2025.06.06 05:58;-12;20.125;20.5;20.3125;214;202;0;
5894;2025.06.06 05:59;-12;20.125;20.5;20.3125;214;202;0;
5895;2025.06.06 06:00;-12;20.125;20.5;20.3125;214;202;0;
5896;2025.06.06 06:01;-12;20.125;20.5;20.3125;214;202;0;
5897;2025.06.06 06:02;-12;20.125;20.5;20.3125;214;202;0;
5898;2025.06.06 06:03;-12;20.125;20.5;20.3125;214;202;0;
5899;2025.06.06 06:04;-12;20.125;20.5;20.3125;214;202;0;
5900;2025.06.06 06:05;-12;20.125;20.5;20.3125;214;202;0;
5901;2025.06.06 06:06;-12;20.125;20.5;20.3125;214;202;0;
5902;2025.06.06 06:07;-12;20.125;20.5;20.3125;214;202;0;
5903;2025.06.06 06:08;-12;20.125;20.5;20.3125;214;202;0;
5904;2025.06.06 06:09;-12;20.125;20.5;20.3125;214;202;0;
5905;2025.06.06 06:10;-12;20.125;20.5;20.3125;214;202;0;
5906;2025.06.06 06:11;-12;20.125;20.5;20.3125;214;202;0;
5907;2025.06.06 06:12;-12;20.125;20.5;20.3125;214;202;0;
5908;2025.06.06 06:13;-12;20.125;20.5;20.3125;214;202;0;
5909;2025.06.06 06:14;-12;20.125;20.5;20.3125;214;202;0;
5910;2025.06.06 06:15;-12;20.125;20.5;20.3125;214;202;0;
5911;2025.06.06 06:16;-12;20.125;20.5;20.3125;214;202;0;
5912;2025.06.06 06:17;-12;20.125;20.5;20.3125;214;202;0;
5913;2025.06.06 06:18;-12;20.125;20.5;20.3125;214;202;0;
5914;2025.06.06 06:19;-12;20.125;20.5;20.3125;214;202;0;
5915;2025.06.06 06:20;-12;20.125;20.5;20.3125;214;202;0;
5916;2025.06.06 06:21;-12;20.125;20.5;20.3125;213;202;0;
5917;2025.06.06 06:22;-12;20.125;20.5;20.3125;214;202;0;
5918;2025.06.06 06:23;-12;20.125;20.5;20.3125;213;202;0;
5919;2025.06.06 06:24;-12;20.125;20.5;20.25;213;202;0;
5920;2025.06.06 06:25;-12;20.125;20.5;20.25;213;202;0;
5921;2025.06.06 06:26;-12;20.125;20.5;20.25;213;202;0;
5922;2025.06.06 06:27;-12;20.125;20.5;20.25;213;202;0;
5923;2025.06.06 06:28;-12;20.125;20.5;20.25;213;202;0;
5924;2025.06.06 06:29;-12;20.125;20.4375;20.25;213;202;0;
5925;2025.06.06 06:30;-12;20.125;20.4375;20.25;213;202;0;
5926;2025.06.06 06:31;-12;20.125;20.4375;20.25;213;202;0;
5927;2025.06.06 06:32;-12;20.125;20.5;20.25;213;202;0;
5928;2025.06.06 06:33;-12;20.125;20.4375;20.25;213;202;0;
5929;2025.06.06 06:34;-12;20.125;20.4375;20.25;213;202;0;
5930;2025.06.06 06:35;-12;20.125;20.4375;20.25;213;202;0;
5931;2025.06.06 06:36;-12;20.125;20.4375;20.25;213;202;0;
5932;2025.06.06 06:37;-12;20.125;20.4375;20.25;213;202;0;
5933;2025.06.06 06:38;-12;20.125;20.4375;20.25;213;202;0;
5934;2025.06.06 06:39;-12;20.125;20.4375;20.25;213;202;0;
5935;2025.06.06 06:40;-12;20.125;20.4375;20.25;213;202;0;
5936;2025.06.06 06:41;-12;20.125;20.4375;20.25;213;202;0;
5937;2025.06.06 06:42;-12;20.0625;20.4375;20.25;213;202;0;
5938;2025.06.06 06:43;-12;20.0625;20.4375;20.25;213;202;0;
5939;2025.06.06 06:44;-12;20.0625;20.4375;20.25;213;202;0;
5940;2025.06.06 06:45;-12;20.125;20.375;20.25;213;202;0;
5941;2025.06.06 06:46;-12;20.0625;20.375;20.25;213;202;0;
5942;2025.06.06 06:47;-12;20.0625;20.375;20.25;213;202;0;
5943;2025.06.06 06:48;-12;20.0625;20.375;20.25;213;202;0;
5944;2025.06.06 06:49;-12;20.0625;20.375;20.25;213;202;0;
5945;2025.06.06 06:50;-12;20.0625;20.375;20.25;213;202;0;
5946;2025.06.06 06:51;-12;20.0625;20.375;20.25;213;202;0;
5947;2025.06.06 06:52;-12;20.0625;20.375;20.25;213;202;0;
5948;2025.06.06 06:53;-12;20;20.375;20.25;213;202;0;
5949;2025.06.06 06:54;-12;20.0625;20.375;20.25;213;202;0;
5950;2025.06.06 06:55;-12;20.0625;20.375;20.25;213;202;0;
5951;2025.06.06 06:56;-12;20;20.375;20.25;213;202;0;
5952;2025.06.06 06:57;-12;20;20.375;20.1875;213;202;0;
5953;2025.06.06 06:58;-12;20;20.375;20.1875;213;202;0;
5954;2025.06.06 06:59;-12;20;20.375;20.1875;213;202;0;
5955;2025.06.06 07:00;-12;20;20.375;20.1875;213;202;0;
5956;2025.06.06 07:01;-12;20;20.375;20.1875;213;202;0;
5957;2025.06.06 07:02;-12;20;20.375;20.1875;213;202;0;
5958;2025.06.06 07:03;-12;20;20.375;20.1875;213;202;0;
5959;2025.06.06 07:04;-12;20;20.375;20.1875;213;202;0;
5960;2025.06.06 07:05;-12;20;20.375;20.125;213;202;0;
5961;2025.06.06 07:06;-12;20;20.375;20.125;213;202;0;
5962;2025.06.06 07:07;-12;20;20.375;20.125;213;202;0;
5963;2025.06.06 07:08;-12;20;20.375;20.125;213;202;0;
5964;2025.06.06 07:09;-12;20;20.375;20.125;213;202;0;
5965;2025.06.06 07:10;-12;20;20.375;20.125;213;202;0;
5966;2025.06.06 07:11;-12;20;20.375;20.125;213;202;0;
5967;2025.06.06 07:12;-12;20;20.375;20.125;213;202;0;
5968;2025.06.06 07:13;-12;20;20.375;20.125;213;202;0;
5969;2025.06.06 07:14;-12;20;20.375;20.125;213;202;0;
5970;2025.06.06 07:15;-12;20;20.375;20.125;213;202;0;
5971;2025.06.06 07:16;-12;20;20.3125;20.125;213;202;0;
5972;2025.06.06 07:17;-12;20;20.3125;20.125;213;202;0;
5973;2025.06.06 07:18;-12;20;20.3125;20.125;213;202;0;
5974;2025.06.06 07:19;-12;20;20.3125;20.125;213;202;0;
5975;2025.06.06 07:20;-12;20;20.3125;20.125;213;202;0;
5976;2025.06.06 07:21;-12;20;20.3125;20.125;213;202;0;
5977;2025.06.06 07:22;-12;19.9375;20.3125;20.125;213;202;0;
5978;2025.06.06 07:23;-12;19.9375;20.3125;20.125;213;202;0;
5979;2025.06.06 07:24;-12;19.9375;20.25;20.125;213;202;0;
5980;2025.06.06 07:25;-12;19.9375;20.25;20.125;213;202;0;
5981;2025.06.06 07:26;-12;19.9375;20.25;20.125;213;202;0;
5982;2025.06.06 07:27;-12;19.9375;20.25;20.125;213;202;0;
5983;2025.06.06 07:28;-12;19.9375;20.25;20.125;213;202;0;
5984;2025.06.06 07:29;-12;19.9375;20.25;20.125;213;202;0;
5985;2025.06.06 07:30;-12;19.9375;20.25;20.125;213;202;0;
5986;2025.06.06 07:31;-12;19.9375;20.25;20.0625;213;202;0;
5987;2025.06.06 07:32;-12;19.875;20.25;20.0625;213;202;0;
5988;2025.06.06 07:33;-12;19.875;20.25;20.0625;213;202;0;
5989;2025.06.06 07:34;-12;19.875;20.25;20.0625;213;202;0;
5990;2025.06.06 07:35;-12;19.875;20.25;20.0625;213;202;0;
5991;2025.06.06 07:36;-12;19.875;20.25;20.0625;213;202;0;
5992;2025.06.06 07:37;-12;19.875;20.25;20.0625;213;202;0;
5993;2025.06.06 07:38;-12;19.875;20.25;20;213;202;0;
5994;2025.06.06 07:39;-12;19.875;20.25;20;213;202;0;
5995;2025.06.06 07:40;-12;19.875;20.25;20;213;202;0;
5996;2025.06.06 07:41;-12;19.875;20.25;20;213;202;0;
5997;2025.06.06 07:42;-12;19.875;20.25;20;213;202;0;
5998;2025.06.06 07:43;-12;19.875;20.25;20;213;202;0;
5999;2025.06.06 07:44;-12;19.875;20.25;20;213;202;0;
6000;2025.06.06 07:45;-12;19.875;20.25;20;213;202;0;
6001;2025.06.06 07:46;-12;19.875;20.25;20;213;202;0;
6002;2025.06.06 07:47;-12;19.875;20.25;20;213;202;0;
6003;2025.06.06 07:48;-12;19.875;20.1875;20;213;202;0;
6004;2025.06.06 07:49;-12;19.875;20.1875;20;212;202;0;
6005;2025.06.06 07:50;-12;19.875;20.1875;20;212;202;0;
6006;2025.06.06 07:51;-12;19.875;20.1875;20;212;202;0;
6007;2025.06.06 07:52;-12;19.8125;20.1875;20;212;202;0;
6008;2025.06.06 07:53;-12;19.8125;20.1875;20;212;202;0;
6009;2025.06.06 07:54;-12;19.8125;20.1875;20;212;202;0;
6010;2025.06.06 07:55;-12;19.8125;20.125;20;212;202;0;
6011;2025.06.06 07:56;-12;19.8125;20.125;20;212;202;0;
6012;2025.06.06 07:57;-12;19.8125;20.125;20;212;202;0;
6013;2025.06.06 07:58;-12;19.8125;20.125;20;212;202;0;
6014;2025.06.06 07:59;-12;19.8125;20.125;20;212;202;0;
6015;2025.06.06 08:00;-12;19.8125;20.125;20;212;202;0;
6016;2025.06.06 08:01;-12;19.8125;20.125;20;212;202;0;
6017;2025.06.06 08:02;-12;19.8125;20.125;20;212;202;0;
6018;2025.06.06 08:03;-12;19.8125;20.125;20;212;202;0;
6019;2025.06.06 08:04;-12;19.8125;20.125;20;212;202;0;
6020;2025.06.06 08:05;-12;19.8125;20.125;20;212;202;0;
6021;2025.06.06 08:06;-12;19.75;20.125;20;212;202;0;
6022;2025.06.06 08:07;-12;19.75;20.125;20;212;202;0;
6023;2025.06.06 08:08;-12;19.75;20.125;20;212;202;0;
6024;2025.06.06 08:09;-12;19.75;20.125;20;212;202;0;
6025;2025.06.06 08:10;-12;19.75;20.125;19.9375;212;202;0;
6026;2025.06.06 08:11;-12;19.75;20.125;19.9375;212;202;0;
6027;2025.06.06 08:12;-12;19.75;20.125;19.9375;212;202;0;
6028;2025.06.06 08:13;-12;19.75;20.125;19.9375;212;202;0;
6029;2025.06.06 08:14;-12;19.75;20.125;19.9375;212;202;0;
6030;2025.06.06 08:15;-12;19.75;20.125;19.9375;212;202;0;
6031;2025.06.06 08:16;-12;19.75;20.125;19.9375;212;202;0;
6032;2025.06.06 08:17;-12;19.75;20.125;19.9375;212;202;0;
6033;2025.06.06 08:18;-12;19.75;20.125;19.875;212;202;0;
6034;2025.06.06 08:19;-12;19.75;20.125;19.875;212;202;0;
6035;2025.06.06 08:20;-12;19.75;20.125;19.875;212;202;0;
6036;2025.06.06 08:21;-12;19.75;20.125;19.875;212;202;0;
6037;2025.06.06 08:22;-12;19.75;20.125;19.875;212;202;0;
6038;2025.06.06 08:23;-12;19.75;20.125;19.875;212;202;0;
6039;2025.06.06 08:24;-12;19.75;20.125;19.875;212;202;0;
6040;2025.06.06 08:25;-12;19.75;20.125;19.875;212;202;0;
6041;2025.06.06 08:26;-12;19.75;20.125;19.875;212;202;0;
6042;2025.06.06 08:27;-12;19.75;20.125;19.875;212;202;0;
6043;2025.06.06 08:28;-12;19.75;20.125;19.875;212;202;0;
6044;2025.06.06 08:29;-12;19.75;20.0625;19.875;212;202;0;
6045;2025.06.06 08:30;-12;19.75;20.0625;19.875;212;202;0;
6046;2025.06.06 08:31;-12;19.75;20.0625;19.875;212;202;0;
6047;2025.06.06 08:32;-12;19.75;20.0625;19.875;212;202;0;
6048;2025.06.06 08:33;-12;19.75;20.0625;19.875;212;202;0;
6049;2025.06.06 08:34;-12;19.6875;20.0625;19.875;212;202;0;
6050;2025.06.06 08:35;-12;19.6875;20.0625;19.875;212;202;0;
6051;2025.06.06 08:36;-12;19.6875;20.0625;19.875;212;202;0;
6052;2025.06.06 08:37;-12;19.6875;20.0625;19.875;212;202;0;
6053;2025.06.06 08:38;-12;19.6875;20;19.875;212;202;0;
6054;2025.06.06 08:39;-12;19.6875;20;19.875;212;202;0;
6055;2025.06.06 08:40;-12;19.6875;20;19.875;212;202;0;
6056;2025.06.06 08:41;-12;19.6875;20;19.875;212;202;0;
6057;2025.06.06 08:42;-12;19.6875;20;19.875;212;202;0;
6058;2025.06.06 08:43;-12;19.6875;20;19.875;212;202;0;
6059;2025.06.06 08:44;-12;19.6875;20;19.875;212;202;0;
6060;2025.06.06 08:45;-12;19.6875;20;19.875;212;202;0;
6061;2025.06.06 08:46;-12;19.6875;20;19.875;212;202;0;
6062;2025.06.06 08:47;-12;19.6875;20;19.875;212;202;0;
6063;2025.06.06 08:48;-12;19.6875;20;19.875;212;202;0;
6064;2025.06.06 08:49;-12;19.6875;20;19.875;212;202;0;
6065;2025.06.06 08:50;-12;19.6875;20;19.875;212;202;0;
6066;2025.06.06 08:51;-12;19.6875;20;19.875;212;202;0;
6067;2025.06.06 08:52;-12;19.625;20;19.875;212;202;0;
6068;2025.06.06 08:53;-12;19.6875;20;19.875;212;202;0;
6069;2025.06.06 08:54;-12;19.625;20;19.875;212;202;0;
6070;2025.06.06 08:55;-12;19.6875;20;19.875;212;202;0;
6071;2025.06.06 08:56;-12;19.625;20;19.875;212;202;0;
6072;2025.06.06 08:57;-12;19.625;20;19.875;212;202;0;
6073;2025.06.06 08:58;-12;19.625;20;19.8125;212;202;0;
6074;2025.06.06 08:59;-12;19.625;20;19.8125;212;202;0;
6075;2025.06.06 09:00;-12;19.625;20;19.8125;212;202;0;
6076;2025.06.06 09:01;-12;19.625;20;19.8125;212;202;0;
6077;2025.06.06 09:02;-12;19.625;20;19.875;212;202;0;
6078;2025.06.06 09:03;-12;19.6875;20;19.875;212;202;0;
6079;2025.06.06 09:04;-12;19.625;20;19.8125;212;202;0;
6080;2025.06.06 09:05;-12;19.625;20;19.875;212;202;0;
6081;2025.06.06 09:06;-12;19.625;20;19.8125;212;202;0;
6082;2025.06.06 09:07;-12;19.625;20;19.8125;212;202;0;
6083;2025.06.06 09:08;-12;19.625;20;19.8125;212;202;0;
6084;2025.06.06 09:09;-12;19.625;20;19.8125;212;202;0;
6085;2025.06.06 09:10;-12;19.625;20;19.8125;212;202;0;
6086;2025.06.06 09:11;-12;19.625;20;19.8125;212;202;0;
6087;2025.06.06 09:12;-12;19.625;20;19.8125;212;202;0;
6088;2025.06.06 09:13;-12;19.625;20;19.8125;212;202;0;
6089;2025.06.06 09:14;-12;19.625;20;19.8125;212;202;0;
6090;2025.06.06 09:15;-12;19.625;20;19.8125;212;202;0;
6091;2025.06.06 09:16;-12;19.625;20;19.75;212;202;0;
6092;2025.06.06 09:17;-12;19.625;20;19.8125;212;202;0;
6093;2025.06.06 09:18;-12;19.625;20;19.8125;212;202;0;
6094;2025.06.06 09:19;-12;19.625;20;19.75;212;202;0;
6095;2025.06.06 09:20;-12;19.625;20;19.75;212;202;0;
6096;2025.06.06 09:21;-12;19.625;20;19.75;212;202;0;
6097;2025.06.06 09:22;-12;19.625;20;19.75;212;202;0;
6098;2025.06.06 09:23;-12;19.625;20;19.75;212;202;0;
6099;2025.06.06 09:24;-12;19.625;20;19.75;212;202;0;
6100;2025.06.06 09:25;-12;19.625;20;19.75;212;202;0;
6101;2025.06.06 09:26;-12;19.625;20;19.75;212;202;0;
6102;2025.06.06 09:27;-12;19.625;20;19.75;212;202;0;
6103;2025.06.06 09:28;-12;19.625;20;19.75;212;202;0;
6104;2025.06.06 09:29;-12;19.625;20;19.75;212;202;0;
6105;2025.06.06 09:30;-12;19.625;20;19.75;212;202;0;
6106;2025.06.06 09:31;-12;19.625;20;19.75;212;202;0;
6107;2025.06.06 09:32;-12;19.625;20;19.75;212;202;0;
6108;2025.06.06 09:33;-12;19.625;19.9375;19.75;212;202;0;
6109;2025.06.06 09:34;-12;19.625;19.9375;19.75;212;202;0;
6110;2025.06.06 09:35;-12;19.625;19.9375;19.75;212;202;0;
6111;2025.06.06 09:36;-12;19.625;19.9375;19.75;212;202;0;
6112;2025.06.06 09:37;-12;19.625;20;19.75;212;202;0;
6113;2025.06.06 09:38;-12;19.625;19.9375;19.75;212;202;0;
6114;2025.06.06 09:39;-12;19.625;19.9375;19.75;212;202;0;
6115;2025.06.06 09:40;-12;19.625;19.9375;19.75;212;202;0;
6116;2025.06.06 09:41;-12;19.625;20;19.75;212;202;0;
6117;2025.06.06 09:42;-12;19.625;19.9375;19.75;212;202;0;
6118;2025.06.06 09:43;-12;19.625;19.9375;19.75;212;202;0;
6119;2025.06.06 09:44;-12;19.625;19.9375;19.75;212;202;0;
6120;2025.06.06 09:45;-12;19.625;19.9375;19.75;212;202;0;
6121;2025.06.06 09:46;-12;19.625;19.9375;19.75;212;202;0;
6122;2025.06.06 09:47;-12;19.625;19.9375;19.75;212;202;0;
6123;2025.06.06 09:48;-12;19.625;19.9375;19.75;212;202;0;
6124;2025.06.06 09:49;-12;19.625;19.9375;19.75;212;202;0;
6125;2025.06.06 09:50;-12;19.625;19.9375;19.75;212;202;0;
6126;2025.06.06 09:51;-12;19.625;19.9375;19.75;212;202;0;
6127;2025.06.06 09:52;-12;19.625;19.9375;19.75;212;202;0;
6128;2025.06.06 09:53;-12;19.6875;19.9375;19.75;212;202;0;
6129;2025.06.06 09:54;-12;19.75;20;19.8125;212;202;0;
6130;2025.06.06 09:55;-12;19.75;20;19.8125;212;202;0;
6131;2025.06.06 09:56;-12;19.75;20;19.8125;212;202;0;
6132;2025.06.06 09:57;-12;19.75;20;19.8125;212;202;0;
6133;2025.06.06 09:58;-12;19.6875;20;19.8125;212;202;0;
6134;2025.06.06 09:59;-12;19.6875;20;19.8125;212;202;0;
6135;2025.06.06 10:00;-12;19.6875;20;19.8125;212;202;0;
6136;2025.06.06 10:01;-12;19.6875;20;19.75;212;202;0;
6137;2025.06.06 10:02;-12;19.625;20;19.75;212;202;0;
6138;2025.06.06 10:03;-12;19.625;20;19.75;212;202;0;
6139;2025.06.06 10:04;-12;19.625;20;19.75;212;202;0;
6140;2025.06.06 10:05;-12;19.625;19.9375;19.75;212;202;0;
6141;2025.06.06 10:06;-12;19.625;19.9375;19.75;212;202;0;
6142;2025.06.06 10:07;-12;19.625;19.9375;19.75;212;202;0;
6143;2025.06.06 10:08;-12;19.625;19.9375;19.75;212;202;0;
6144;2025.06.06 10:09;-12;19.625;19.9375;19.75;212;202;0;
6145;2025.06.06 10:10;-12;19.625;19.9375;19.75;212;202;0;
6146;2025.06.06 10:11;-12;19.625;19.9375;19.75;212;202;0;
6147;2025.06.06 10:12;-12;19.625;19.9375;19.75;212;202;0;
6148;2025.06.06 10:13;-12;19.625;19.9375;19.75;212;202;0;
6149;2025.06.06 10:14;-12;19.625;19.875;19.75;212;202;0;
6150;2025.06.06 10:15;-12;19.625;19.9375;19.75;212;202;0;
6151;2025.06.06 10:16;-12;19.625;19.875;19.75;212;202;0;
6152;2025.06.06 10:17;-12;19.5625;19.875;19.6875;212;202;0;
6153;2025.06.06 10:18;-12;19.5625;19.875;19.625;212;202;0;
6154;2025.06.06 10:19;-12;19.5;19.875;19.625;212;202;0;
6155;2025.06.06 10:20;-12;19.5;19.875;19.625;212;202;0;
6156;2025.06.06 10:21;-12;19.5;19.875;19.625;212;202;0;
6157;2025.06.06 10:22;-12;19.5;19.875;19.625;212;202;0;
6158;2025.06.06 10:23;-12;19.5;19.875;19.6875;212;202;0;
6159;2025.06.06 10:24;-12;19.5;19.875;19.625;212;202;0;
6160;2025.06.06 10:25;-12;19.5;19.875;19.625;212;202;0;
6161;2025.06.06 10:26;-12;19.5;19.875;19.6875;212;202;0;
6162;2025.06.06 10:27;-12;19.5;19.875;19.625;211;202;0;
6163;2025.06.06 10:28;-12;19.5;19.875;19.625;212;202;0;
6164;2025.06.06 10:29;-12;19.5;19.875;19.625;211;202;0;
6165;2025.06.06 10:30;-12;19.5;19.875;19.6875;212;202;0;
6166;2025.06.06 10:31;-12;19.5;19.875;19.625;211;202;0;
6167;2025.06.06 10:32;-12;19.5;19.875;19.6875;212;202;0;
6168;2025.06.06 10:33;-12;19.5;19.875;19.6875;211;202;0;
6169;2025.06.06 10:34;-12;19.5;19.875;19.6875;212;202;0;
6170;2025.06.06 10:35;-12;19.5;19.875;19.6875;212;202;0;
6171;2025.06.06 10:36;-12;19.5;19.875;19.6875;211;202;0;
6172;2025.06.06 10:37;-12;19.5;19.875;19.6875;212;202;0;
6173;2025.06.06 10:38;-12;19.5;19.875;19.6875;211;202;0;
6174;2025.06.06 10:39;-12;19.5;19.875;19.6875;212;202;0;
6175;2025.06.06 10:40;-12;19.5;19.875;19.6875;212;202;0;
6176;2025.06.06 10:41;-12;19.5;19.875;19.6875;212;202;0;
6177;2025.06.06 10:42;-12;19.5;19.875;19.75;212;202;0;
6178;2025.06.06 10:43;-12;19.5;19.875;19.75;212;202;0;
6179;2025.06.06 10:44;-12;19.5625;19.875;19.75;212;202;0;
6180;2025.06.06 10:45;-12;19.5;19.875;19.75;212;202;0;
6181;2025.06.06 10:46;-12;19.5625;19.875;19.75;212;202;0;
6182;2025.06.06 10:47;-12;19.5625;19.875;19.75;212;202;0;
6183;2025.06.06 10:48;-12;19.5625;19.875;19.75;212;202;0;
6184;2025.06.06 10:49;-12;19.5625;19.875;19.75;212;202;0;
6185;2025.06.06 10:50;-12;19.625;19.875;19.75;212;202;0;
6186;2025.06.06 10:51;-12;19.625;19.875;19.75;212;202;0;
6187;2025.06.06 10:52;-12;19.625;19.875;19.75;212;202;0;
6188;2025.06.06 10:53;-12;19.625;19.875;19.75;212;202;0;
6189;2025.06.06 10:54;-12;19.625;19.875;19.75;212;202;0;
6190;2025.06.06 10:55;-12;19.625;19.875;19.75;212;202;0;
6191;2025.06.06 10:56;-12;19.625;19.875;19.75;212;202;0;
6192;2025.06.06 10:57;-12;19.625;19.875;19.75;212;202;0;
6193;2025.06.06 10:58;-12;19.625;19.875;19.75;212;202;0;
6194;2025.06.06 10:59;-12;19.625;19.875;19.75;212;202;0;
6195;2025.06.06 11:00;-12;19.625;19.875;19.75;212;202;0;
6196;2025.06.06 11:01;-12;19.625;19.875;19.75;212;202;0;
6197;2025.06.06 11:02;-12;19.625;19.875;19.75;212;202;0;
6198;2025.06.06 11:03;-12;19.625;19.875;19.75;212;202;0;
6199;2025.06.06 11:04;-12;19.625;19.875;19.75;212;202;0;
6200;2025.06.06 11:05;-12;19.6875;19.875;19.75;212;202;0;
6201;2025.06.06 11:06;-12;19.6875;19.875;19.75;212;202;0;
6202;2025.06.06 11:07;-12;19.6875;19.875;19.75;212;202;0;
6203;2025.06.06 11:08;-12;19.6875;19.875;19.75;212;202;0;
6204;2025.06.06 11:09;-12;19.75;19.9375;19.75;212;202;0;
6205;2025.06.06 11:10;-12;19.75;19.9375;19.75;212;202;0;
6206;2025.06.06 11:11;-12;19.75;19.9375;19.75;212;202;0;
6207;2025.06.06 11:12;-12;19.75;19.9375;19.8125;212;202;0;
6208;2025.06.06 11:13;-12;19.75;19.9375;19.8125;212;202;0;
6209;2025.06.06 11:14;-12;19.75;20;19.8125;212;202;0;
6210;2025.06.06 11:15;-12;19.75;20;19.8125;212;202;0;
6211;2025.06.06 11:16;-12;19.75;20;19.8125;212;202;0;
6212;2025.06.06 11:17;-12;19.75;20;19.875;212;202;0;
6213;2025.06.06 11:18;-12;19.75;20;19.875;213;202;0;
6214;2025.06.06 11:19;-12;19.8125;20;19.875;212;202;0;
6215;2025.06.06 11:20;-12;19.875;20;19.875;212;202;0;
6216;2025.06.06 11:21;-12;19.875;20;19.75;212;202;0;
6217;2025.06.06 11:22;-12;19.875;19.9375;19.75;212;202;0;
6218;2025.06.06 11:23;-12;19.8125;19.9375;19.75;212;202;0;
6219;2025.06.06 11:24;-12;19.8125;19.9375;19.6875;212;202;0;
6220;2025.06.06 11:25;-12;19.875;19.9375;19.6875;212;202;0;
6221;2025.06.06 11:26;-12;19.875;19.9375;19.6875;212;202;0;
6222;2025.06.06 11:27;-12;19.875;19.9375;19.6875;212;202;0;
6223;2025.06.06 11:28;-12;19.9375;19.9375;19.75;213;202;0;
6224;2025.06.06 11:29;-12;20;20;19.75;213;202;0;
6225;2025.06.06 11:30;-12;20;20;19.75;213;202;0;
6226;2025.06.06 11:31;-12;20;20;19.75;213;202;0;
6227;2025.06.06 11:32;-12;20.0625;20;19.8125;213;202;0;
6228;2025.06.06 11:33;-12;20.0625;20;19.875;213;202;0;
6229;2025.06.06 11:34;-12;20.125;20;19.875;213;202;0;
6230;2025.06.06 11:35;-12;20.125;20.0625;19.875;213;202;0;
6231;2025.06.06 11:36;-12;20.1875;20.125;19.9375;213;202;0;
6232;2025.06.06 11:37;-12;20.25;20.125;20;213;202;0;
6233;2025.06.06 11:38;-12;20.25;20.125;20;214;202;0;
6234;2025.06.06 11:39;-12;20.25;20.125;20;214;202;0;
6235;2025.06.06 11:40;-12;20.25;20.1875;20;214;202;0;
6236;2025.06.06 11:41;-12;20.3125;20.1875;20.0625;214;202;0;
6237;2025.06.06 11:42;-12;20.375;20.25;20.125;214;202;0;
6238;2025.06.06 11:43;-12;20.375;20.25;20.125;214;202;0;
6239;2025.06.06 11:44;-12;20.375;20.25;20.125;214;202;0;
6240;2025.06.06 11:45;-12;20.375;20.25;20.125;214;202;0;
6241;2025.06.06 11:46;-12;20.375;20.3125;20.1875;214;202;0;
6242;2025.06.06 11:47;-12;20.375;20.3125;20.1875;214;202;0;
6243;2025.06.06 11:48;-12;20.4375;20.375;20.1875;214;202;0;
6244;2025.06.06 11:49;-12;20.5;20.375;20.25;214;202;0;
6245;2025.06.06 11:50;-12;20.5;20.375;20.25;215;202;0;
6246;2025.06.06 11:51;-12;20.5;20.375;20.25;215;202;0;
6247;2025.06.06 11:52;-12;20.5;20.375;20.25;215;202;0;
6248;2025.06.06 11:53;-12;20.5625;20.4375;20.3125;215;202;0;
6249;2025.06.06 11:54;-12;20.5625;20.5;20.375;215;202;0;
6250;2025.06.06 11:55;-12;20.625;20.5;20.375;215;202;0;
6251;2025.06.06 11:56;-12;20.625;20.5;20.375;215;202;0;
6252;2025.06.06 11:57;-12;20.625;20.5;20.375;215;202;0;
6253;2025.06.06 11:58;-12;20.625;20.5;20.375;215;202;0;
6254;2025.06.06 11:59;-12;20.625;20.5625;20.4375;215;202;0;
6255;2025.06.06 12:00;-12;20.625;20.5625;20.4375;215;202;0;
6256;2025.06.06 12:01;-12;20.6875;20.625;20.5;215;202;0;
6257;2025.06.06 12:02;-12;20.75;20.625;20.5;216;202;0;
6258;2025.06.06 12:03;-12;20.75;20.625;20.5;216;202;0;
6259;2025.06.06 12:04;-12;20.75;20.625;20.5625;216;202;0;
6260;2025.06.06 12:05;-12;20.75;20.625;20.625;216;202;0;
6261;2025.06.06 12:06;-12;20.8125;20.6875;20.625;216;202;0;
6262;2025.06.06 12:07;-12;20.875;20.75;20.625;216;202;0;
6263;2025.06.06 12:08;-12;20.9375;20.75;20.6875;217;202;0;
6264;2025.06.06 12:09;-12;21;20.8125;20.75;217;202;0;
6265;2025.06.06 12:10;-12;21.0625;20.875;20.8125;218;202;0;
6266;2025.06.06 12:11;-12;21.0625;20.875;20.875;218;202;0;
6267;2025.06.06 12:12;-12;21.125;20.875;20.875;218;202;0;
6268;2025.06.06 12:13;-12;21.125;20.9375;20.9375;218;202;0;
6269;2025.06.06 12:14;-12;21.125;20.9375;21;218;202;0;
6270;2025.06.06 12:15;-12;21.125;21;21;218;202;0;
6271;2025.06.06 12:16;-12;21;21;21;218;202;0;
6272;2025.06.06 12:17;-12;21;21;21;218;202;0;
6273;2025.06.06 12:18;-12;21;21;21;218;202;0;
6274;2025.06.06 12:19;-12;20.9375;21;20.9375;218;202;0;
6275;2025.06.06 12:20;-12;20.875;21;20.875;218;202;0;
6276;2025.06.06 12:21;-12;20.875;21;20.875;218;202;0;
6277;2025.06.06 12:22;-12;20.875;21;20.875;218;202;0;
6278;2025.06.06 12:23;-12;20.875;20.9375;20.875;218;202;0;
6279;2025.06.06 12:24;-12;20.8125;20.9375;20.8125;218;202;0;
6280;2025.06.06 12:25;-12;20.8125;20.9375;20.8125;217;202;0;
6281;2025.06.06 12:26;-12;20.75;20.9375;20.8125;217;202;0;
6282;2025.06.06 12:27;-12;20.75;20.9375;20.75;217;202;0;
6283;2025.06.06 12:28;-12;20.9375;20.9375;20.8125;218;202;0;
6284;2025.06.06 12:29;-12;21;20.9375;20.875;214;202;0;
6285;2025.06.06 12:30;-12;21.0625;21;20.875;214;202;0;
6286;2025.06.06 12:31;-12;21.0625;21;20.875;214;202;0;
6287;2025.06.06 12:32;-12;21;21;20.875;214;202;0;
6288;2025.06.06 12:33;-12;21;21;20.875;214;202;0;
6289;2025.06.06 12:34;-12;21;21;20.875;214;202;0;
6290;2025.06.06 12:35;-12;21;21;20.875;214;202;0;
6291;2025.06.06 12:36;-12;21;21;20.875;214;202;0;
6292;2025.06.06 12:37;-12;20.9375;21;20.875;214;202;0;
6293;2025.06.06 12:38;-12;20.9375;20.9375;20.8125;214;202;0;
6294;2025.06.06 12:39;-12;20.875;21;20.8125;214;202;0;
6295;2025.06.06 12:40;-12;20.875;20.9375;20.75;214;202;0;
6296;2025.06.06 12:41;-12;20.875;20.9375;20.75;214;202;0;
6297;2025.06.06 12:42;-12;20.875;20.9375;20.75;214;202;0;
6298;2025.06.06 12:43;-12;20.875;20.9375;20.75;214;202;0;
6299;2025.06.06 12:44;-12;20.875;20.875;20.75;214;202;0;
6300;2025.06.06 12:45;-12;20.875;20.875;20.75;214;202;0;
6301;2025.06.06 12:46;-12;20.875;20.875;20.75;214;202;0;
6302;2025.06.06 12:47;-12;20.8125;20.875;20.75;214;202;0;
6303;2025.06.06 12:48;-12;20.8125;20.875;20.75;214;202;0;
6304;2025.06.06 12:49;-12;20.75;20.875;20.75;214;202;0;
6305;2025.06.06 12:50;-12;20.8125;20.875;20.75;214;202;0;
6306;2025.06.06 12:51;-12;20.75;20.875;20.75;214;202;0;
6307;2025.06.06 12:52;-12;20.75;20.875;20.75;214;202;0;
6308;2025.06.06 12:53;-12;20.75;20.875;20.75;214;202;0;
6309;2025.06.06 12:54;-12;20.75;20.875;20.75;214;202;0;
6310;2025.06.06 12:55;-12;20.75;20.875;20.75;214;202;0;
6311;2025.06.06 12:56;-12;20.75;20.875;20.75;213;202;0;
6312;2025.06.06 12:57;-12;20.75;20.875;20.75;213;202;0;
6313;2025.06.06 12:58;-12;20.75;20.875;20.75;213;202;0;
6314;2025.06.06 12:59;-12;20.75;20.875;20.75;213;202;0;
6315;2025.06.06 13:00;-12;20.75;20.875;20.75;213;202;0;
6316;2025.06.06 13:01;-12;20.75;20.875;20.75;213;202;0;
6317;2025.06.06 13:02;-12;20.75;20.875;20.75;213;202;0;
6318;2025.06.06 13:03;-12;20.75;20.875;20.75;213;202;0;
6319;2025.06.06 13:04;-12;20.75;20.8125;20.75;213;202;0;
6320;2025.06.06 13:05;-12;20.75;20.8125;20.75;213;202;0;
6321;2025.06.06 13:06;-12;20.75;20.8125;20.75;213;202;0;
6322;2025.06.06 13:07;-12;20.75;20.8125;20.75;213;202;0;
6323;2025.06.06 13:08;-12;20.75;20.8125;20.75;213;202;0;
6324;2025.06.06 13:09;-12;20.75;20.8125;20.75;213;202;0;
6325;2025.06.06 13:10;-12;20.75;20.8125;20.75;213;202;0;
6326;2025.06.06 13:11;-12;20.75;20.8125;20.75;213;202;0;
6327;2025.06.06 13:12;-12;20.75;20.8125;20.75;213;202;0;
6328;2025.06.06 13:13;-12;20.75;20.8125;20.75;213;202;0;
6329;2025.06.06 13:14;-12;20.75;20.8125;20.75;213;202;0;
6330;2025.06.06 13:15;-12;20.75;20.8125;20.75;213;202;0;
6331;2025.06.06 13:16;-12;20.75;20.8125;20.75;213;202;0;
6332;2025.06.06 13:17;-12;20.75;20.8125;20.75;213;202;0;
6333;2025.06.06 13:18;-12;20.75;20.75;20.75;213;202;0;
6334;2025.06.06 13:19;-12;20.75;20.8125;20.75;213;202;0;
6335;2025.06.06 13:20;-12;20.75;20.8125;20.75;213;202;0;
6336;2025.06.06 13:21;-12;20.75;20.8125;20.75;213;202;0;
6337;2025.06.06 13:22;-12;20.75;20.75;20.75;213;202;0;
6338;2025.06.06 13:23;-12;20.75;20.75;20.75;213;202;0;
6339;2025.06.06 13:24;-12;20.75;20.75;20.75;213;202;0;
6340;2025.06.06 13:25;-12;20.75;20.8125;20.75;213;202;0;
6341;2025.06.06 13:26;-12;20.75;20.8125;20.75;213;202;0;
6342;2025.06.06 13:27;-12;20.75;20.8125;20.75;213;202;0;
6343;2025.06.06 13:28;-12;20.75;20.8125;20.75;213;202;0;
6344;2025.06.06 13:29;-12;20.75;20.8125;20.75;213;202;0;
6345;2025.06.06 13:30;-12;20.75;20.8125;20.75;213;202;0;
6346;2025.06.06 13:31;-12;20.75;20.8125;20.75;213;202;0;
6347;2025.06.06 13:32;-12;20.75;20.8125;20.75;213;202;0;
6348;2025.06.06 13:33;-12;20.75;20.8125;20.75;213;202;0;
6349;2025.06.06 13:34;-12;20.75;20.8125;20.75;213;202;0;
6350;2025.06.06 13:35;-12;20.75;20.8125;20.75;213;202;0;
6351;2025.06.06 13:36;-12;20.8125;20.8125;20.75;213;202;0;
6352;2025.06.06 13:37;-12;20.8125;20.8125;20.75;213;202;0;
6353;2025.06.06 13:38;-12;20.8125;20.8125;20.75;213;202;0;
6354;2025.06.06 13:39;-12;20.8125;20.8125;20.75;213;202;0;
6355;2025.06.06 13:40;-12;20.8125;20.8125;20.75;213;202;0;
6356;2025.06.06 13:41;-12;20.8125;20.8125;20.75;213;202;0;
6357;2025.06.06 13:42;-12;20.8125;20.8125;20.75;213;202;0;
6358;2025.06.06 13:43;-12;20.8125;20.8125;20.75;213;202;0;
6359;2025.06.06 13:44;-12;20.8125;20.8125;20.75;213;202;0;
6360;2025.06.06 13:45;-12;20.8125;20.8125;20.75;213;202;0;
6361;2025.06.06 13:46;-12;20.8125;20.8125;20.75;213;202;0;
6362;2025.06.06 13:47;-12;20.8125;20.8125;20.75;213;202;0;
6363;2025.06.06 13:48;-12;20.875;20.875;20.75;213;202;0;
6364;2025.06.06 13:49;-12;20.8125;20.875;20.75;213;202;0;
6365;2025.06.06 13:50;-12;20.875;20.875;20.75;213;202;0;
6366;2025.06.06 13:51;-12;20.875;20.875;20.75;213;202;0;
6367;2025.06.06 13:52;-12;20.875;20.875;20.75;213;202;0;
6368;2025.06.06 13:53;-12;20.875;20.875;20.8125;213;202;0;
6369;2025.06.06 13:54;-12;20.875;20.875;20.8125;214;202;0;
6370;2025.06.06 13:55;-12;20.875;20.875;20.8125;214;202;0;
6371;2025.06.06 13:56;-12;20.875;20.875;20.8125;214;202;0;
6372;2025.06.06 13:57;-12;20.875;20.875;20.8125;214;202;0;
6373;2025.06.06 13:58;-12;20.875;20.875;20.875;214;202;0;
6374;2025.06.06 13:59;-12;20.875;20.875;20.875;214;202;0;
6375;2025.06.06 14:00;-12;20.875;20.875;20.875;214;202;0;
6376;2025.06.06 14:01;-12;20.875;20.875;20.875;214;202;0;
6377;2025.06.06 14:02;-12;20.875;20.875;20.875;214;202;0;
6378;2025.06.06 14:03;-12;20.875;20.875;20.875;214;202;0;
6379;2025.06.06 14:04;-12;20.875;20.875;20.875;214;202;0;
6380;2025.06.06 14:05;-12;20.875;20.875;20.875;214;202;0;
6381;2025.06.06 14:06;-12;20.875;20.875;20.875;214;202;0;
6382;2025.06.06 14:07;-12;20.875;20.875;20.875;214;202;0;
6383;2025.06.06 14:08;-12;20.875;20.875;20.875;214;202;0;
6384;2025.06.06 14:09;-12;20.875;20.875;20.875;214;202;0;
6385;2025.06.06 14:10;-12;20.9375;20.875;20.875;214;202;0;
6386;2025.06.06 14:11;-12;20.9375;20.875;20.875;214;202;0;
6387;2025.06.06 14:12;-12;20.9375;20.875;20.875;214;202;0;
6388;2025.06.06 14:13;-12;20.9375;20.875;20.875;214;202;0;
6389;2025.06.06 14:14;-12;20.9375;20.9375;20.9375;214;202;0;
6390;2025.06.06 14:15;-12;21;20.9375;20.9375;214;202;0;
6391;2025.06.06 14:16;-12;21;20.9375;20.9375;214;202;0;
6392;2025.06.06 14:17;-12;21;20.9375;20.9375;214;202;0;
6393;2025.06.06 14:18;-12;21;20.9375;20.9375;214;202;0;
6394;2025.06.06 14:19;-12;21;21;20.9375;214;202;0;
6395;2025.06.06 14:20;-12;21;21;21;214;202;0;
6396;2025.06.06 14:21;-12;21;21;21;214;202;0;
6397;2025.06.06 14:22;-12;21;21;21;214;202;0;
6398;2025.06.06 14:23;-12;21;21;21;214;202;0;
6399;2025.06.06 14:24;-12;21;21;21;214;202;0;
6400;2025.06.06 14:25;-12;21;21;21;214;202;0;
6401;2025.06.06 14:26;-12;21;21;21;214;202;0;
6402;2025.06.06 14:27;-12;21;21;21;214;202;0;
6403;2025.06.06 14:28;-12;21;21;21;214;202;0;
6404;2025.06.06 14:29;-12;21;21;21;214;202;0;
6405;2025.06.06 14:30;-12;21;21;21;214;202;0;
6406;2025.06.06 14:31;-12;21;21;21;214;202;0;
6407;2025.06.06 14:32;-12;21;21;21;214;202;0;
6408;2025.06.06 14:33;-12;21;21;21;214;202;0;
6409;2025.06.06 14:34;-12;21.0625;21;21;214;202;0;
6410;2025.06.06 14:35;-12;21.0625;21;21;214;202;0;
6411;2025.06.06 14:36;-12;21.0625;21;21;214;202;0;
6412;2025.06.06 14:37;-12;21.0625;21;21;214;202;0;
6413;2025.06.06 14:38;-12;21.0625;21;21;214;202;0;
6414;2025.06.06 14:39;-12;21.125;21.0625;21;214;202;0;
6415;2025.06.06 14:40;-12;21.125;21.0625;21;214;202;0;
6416;2025.06.06 14:41;-12;21.125;21.0625;21.0625;214;202;0;
6417;2025.06.06 14:42;-12;21.125;21.0625;21.0625;214;202;0;
6418;2025.06.06 14:43;-12;21.125;21.0625;21.0625;214;202;0;
6419;2025.06.06 14:44;-12;21.125;21.0625;21.0625;214;202;0;
6420;2025.06.06 14:45;-12;21.125;21.125;21.0625;214;202;0;
6421;2025.06.06 14:46;-12;21.125;21.125;21.0625;214;202;0;
6422;2025.06.06 14:47;-12;21.125;21.125;21.125;214;202;0;
6423;2025.06.06 14:48;-12;21.125;21.125;21.125;214;202;0;
6424;2025.06.06 14:49;-12;21.125;21.125;21.125;214;202;0;
6425;2025.06.06 14:50;-12;21.125;21.125;21.125;214;202;0;
6426;2025.06.06 14:51;-12;21.125;21.125;21.125;214;202;0;
6427;2025.06.06 14:52;-12;21.125;21.125;21.125;214;202;0;
6428;2025.06.06 14:53;-12;21.125;21.125;21.125;214;202;0;
6429;2025.06.06 14:54;-12;21.125;21.125;21.125;214;202;0;
6430;2025.06.06 14:55;-12;21.125;21.125;21.125;214;202;0;
6431;2025.06.06 14:56;-12;21.1875;21.125;21.125;214;202;0;
6432;2025.06.06 14:57;-12;21.1875;21.125;21.125;214;202;0;
6433;2025.06.06 14:58;-12;21.1875;21.125;21.125;215;202;0;
6434;2025.06.06 14:59;-12;21.1875;21.125;21.125;215;202;0;
6435;2025.06.06 15:00;-12;21.1875;21.125;21.125;215;202;0;
6436;2025.06.06 15:01;-12;21.25;21.125;21.125;215;202;0;
6437;2025.06.06 15:02;-12;21.25;21.1875;21.125;215;202;0;
6438;2025.06.06 15:03;-12;21.25;21.1875;21.125;215;202;0;
6439;2025.06.06 15:04;-12;21.25;21.1875;21.1875;215;202;0;
6440;2025.06.06 15:05;-12;21.25;21.1875;21.1875;215;202;0;
6441;2025.06.06 15:06;-12;21.25;21.25;21.1875;215;202;0;
6442;2025.06.06 15:07;-12;21.25;21.1875;21.25;215;202;0;
6443;2025.06.06 15:08;-12;21.25;21.25;21.25;215;202;0;
6444;2025.06.06 15:09;-12;21.25;21.25;21.25;215;202;0;
6445;2025.06.06 15:10;-12;21.25;21.25;21.25;215;202;0;
6446;2025.06.06 15:11;-12;21.25;21.25;21.25;215;202;0;
6447;2025.06.06 15:12;-12;21.25;21.25;21.25;215;202;0;
6448;2025.06.06 15:13;-12;21.25;21.25;21.25;215;202;0;
6449;2025.06.06 15:14;-12;21.25;21.25;21.25;215;202;0;
6450;2025.06.06 15:15;-12;21.25;21.25;21.25;215;202;0;
6451;2025.06.06 15:16;-12;21.25;21.25;21.25;215;202;0;
6452;2025.06.06 15:17;-12;21.25;21.25;21.25;215;202;0;
6453;2025.06.06 15:18;-12;21.25;21.25;21.25;215;202;0;
6454;2025.06.06 15:19;-12;21.25;21.25;21.25;215;202;0;
6455;2025.06.06 15:20;-12;21.3125;21.25;21.25;215;202;0;
6456;2025.06.06 15:21;-12;21.3125;21.25;21.25;215;202;0;
6457;2025.06.06 15:22;-12;21.3125;21.25;21.25;215;202;0;
6458;2025.06.06 15:23;-12;21.3125;21.25;21.25;215;202;0;
6459;2025.06.06 15:24;-12;21.375;21.3125;21.25;215;202;0;
6460;2025.06.06 15:25;-12;21.375;21.3125;21.25;215;202;0;
6461;2025.06.06 15:26;-12;21.375;21.3125;21.3125;215;202;0;
6462;2025.06.06 15:27;-12;21.375;21.3125;21.3125;215;202;0;
6463;2025.06.06 15:28;-12;21.375;21.3125;21.3125;215;202;0;
6464;2025.06.06 15:29;-12;21.375;21.375;21.3125;215;202;0;
6465;2025.06.06 15:30;-12;21.375;21.375;21.3125;215;202;0;
6466;2025.06.06 15:31;-12;21.375;21.375;21.3125;215;202;0;
6467;2025.06.06 15:32;-12;21.375;21.375;21.3125;215;202;0;
6468;2025.06.06 15:33;-12;21.375;21.375;21.375;215;202;0;
6469;2025.06.06 15:34;-12;21.375;21.375;21.375;215;202;0;
6470;2025.06.06 15:35;-12;21.375;21.375;21.375;215;202;0;
6471;2025.06.06 15:36;-12;21.375;21.375;21.375;215;202;0;
6472;2025.06.06 15:37;-12;21.375;21.375;21.375;215;202;0;
6473;2025.06.06 15:38;-12;21.375;21.375;21.375;215;202;0;
6474;2025.06.06 15:39;-12;21.375;21.375;21.375;215;202;0;
6475;2025.06.06 15:40;-12;21.375;21.375;21.375;215;202;0;
6476;2025.06.06 15:41;-12;21.375;21.375;21.375;215;202;0;
6477;2025.06.06 15:42;-12;21.4375;21.375;21.375;215;202;0;
6478;2025.06.06 15:43;-12;21.4375;21.375;21.375;215;202;0;
6479;2025.06.06 15:44;-12;21.4375;21.4375;21.375;215;202;0;
6480;2025.06.06 15:45;-12;21.4375;21.4375;21.375;215;202;0;
6481;2025.06.06 15:46;-12;21.4375;21.4375;21.375;215;202;0;
6482;2025.06.06 15:47;-12;21.4375;21.4375;21.375;216;202;0;
6483;2025.06.06 15:48;-12;21.5;21.4375;21.375;216;202;0;
6484;2025.06.06 15:49;-12;21.5;21.4375;21.375;216;202;0;
6485;2025.06.06 15:50;-12;21.5;21.4375;21.375;216;202;0;
6486;2025.06.06 15:51;-12;21.5;21.5;21.375;216;202;0;
6487;2025.06.06 15:52;-12;21.5;21.5;21.4375;216;202;0;
6488;2025.06.06 15:53;-12;21.5;21.5;21.4375;216;202;0;
6489;2025.06.06 15:54;-12;21.5;21.5;21.4375;216;202;0;
6490;2025.06.06 15:55;-12;21.5;21.5;21.4375;216;202;0;
6491;2025.06.06 15:56;-12;21.5;21.5;21.4375;216;202;0;
6492;2025.06.06 15:57;-12;21.5;21.5;21.4375;216;202;0;
6493;2025.06.06 15:58;-12;21.5;21.5;21.5;216;202;0;
6494;2025.06.06 15:59;-12;21.5;21.5;21.5;216;202;0;
6495;2025.06.06 16:00;-12;21.5;21.5;21.5;216;202;0;
6496;2025.06.06 16:01;-12;21.5;21.5;21.5;216;202;0;
6497;2025.06.06 16:02;-12;21.5625;21.5;21.5;216;202;0;
6498;2025.06.06 16:03;-12;21.5625;21.5;21.5;216;202;0;
6499;2025.06.06 16:04;-12;21.5625;21.5;21.5;216;202;0;
6500;2025.06.06 16:05;-12;21.5625;21.5625;21.5;216;202;0;
6501;2025.06.06 16:06;-12;21.5625;21.5625;21.5;216;202;0;
6502;2025.06.06 16:07;-12;21.625;21.5625;21.5;216;202;0;
6503;2025.06.06 16:08;-12;21.625;21.5625;21.5;216;202;0;
6504;2025.06.06 16:09;-12;21.625;21.625;21.5625;216;202;0;
6505;2025.06.06 16:10;-12;21.625;21.625;21.625;216;202;0;
6506;2025.06.06 16:11;-12;21.625;21.625;21.625;216;202;0;
6507;2025.06.06 16:12;-12;21.625;21.625;21.625;216;202;0;
6508;2025.06.06 16:13;-12;21.625;21.625;21.625;216;202;0;
6509;2025.06.06 16:14;-12;21.625;21.625;21.625;216;202;0;
6510;2025.06.06 16:15;-12;21.625;21.625;21.625;216;202;0;
6511;2025.06.06 16:16;-12;21.625;21.625;21.625;216;202;0;
6512;2025.06.06 16:17;-12;21.625;21.625;21.625;216;202;0;
6513;2025.06.06 16:18;-12;21.625;21.625;21.625;216;202;0;
6514;2025.06.06 16:19;-12;21.625;21.625;21.6875;216;202;0;
6515;2025.06.06 16:20;-12;21.625;21.625;21.6875;216;202;0;
6516;2025.06.06 16:21;-12;21.625;21.625;21.6875;216;202;0;
6517;2025.06.06 16:22;-12;21.6875;21.625;21.6875;216;202;0;
6518;2025.06.06 16:23;-12;21.625;21.6875;21.6875;216;202;0;
6519;2025.06.06 16:24;-12;21.6875;21.6875;21.6875;216;202;0;
6520;2025.06.06 16:25;-12;21.6875;21.6875;21.6875;216;202;0;
6521;2025.06.06 16:26;-12;21.6875;21.6875;21.6875;216;202;0;
6522;2025.06.06 16:27;-12;21.6875;21.6875;21.6875;216;202;0;
6523;2025.06.06 16:28;-12;21.6875;21.75;21.6875;216;202;0;
6524;2025.06.06 16:29;-12;21.6875;21.75;21.6875;216;202;0;
6525;2025.06.06 16:30;-12;21.75;21.75;21.6875;216;202;0;
6526;2025.06.06 16:31;-12;21.75;21.75;21.6875;216;202;0;
6527;2025.06.06 16:32;-12;21.75;21.75;21.6875;216;202;0;
6528;2025.06.06 16:33;-12;21.75;21.75;21.6875;216;202;0;
6529;2025.06.06 16:34;-12;21.75;21.75;21.6875;216;202;0;
6530;2025.06.06 16:35;-12;21.75;21.75;21.6875;216;202;0;
6531;2025.06.06 16:36;-12;21.75;21.75;21.6875;216;202;0;
6532;2025.06.06 16:37;-12;21.75;21.75;21.6875;216;202;0;
6533;2025.06.06 16:38;-12;21.75;21.75;21.6875;216;202;0;
6534;2025.06.06 16:39;-12;21.75;21.75;21.75;217;202;0;
6535;2025.06.06 16:40;-12;21.75;21.75;21.75;216;202;0;
6536;2025.06.06 16:41;-12;21.75;21.75;21.75;217;202;0;
6537;2025.06.06 16:42;-12;21.75;21.75;21.75;217;202;0;
6538;2025.06.06 16:43;-12;21.75;21.75;21.75;217;202;0;
6539;2025.06.06 16:44;-12;21.75;21.75;21.75;217;202;0;
6540;2025.06.06 16:45;-12;21.75;21.75;21.75;217;202;0;
6541;2025.06.06 16:46;-12;21.75;21.75;21.75;217;202;0;
6542;2025.06.06 16:47;-12;21.75;21.8125;21.75;217;202;0;
6543;2025.06.06 16:48;-12;21.8125;21.8125;21.75;217;202;0;
6544;2025.06.06 16:49;-12;21.8125;21.8125;21.75;217;202;0;
6545;2025.06.06 16:50;-12;21.8125;21.8125;21.75;217;202;0;
6546;2025.06.06 16:51;-12;21.8125;21.8125;21.8125;217;202;0;
6547;2025.06.06 16:52;-12;21.8125;21.8125;21.8125;217;202;0;
6548;2025.06.06 16:53;-12;21.8125;21.875;21.8125;217;202;0;
6549;2025.06.06 16:54;-12;21.8125;21.875;21.875;217;202;0;
6550;2025.06.06 16:55;-12;21.8125;21.875;21.875;217;202;0;
6551;2025.06.06 16:56;-12;21.8125;21.875;21.875;217;202;0;
6552;2025.06.06 16:57;-12;21.875;21.875;21.875;217;202;0;
6553;2025.06.06 16:58;-12;21.875;21.875;21.875;217;202;0;
6554;2025.06.06 16:59;-12;21.875;21.875;21.875;217;202;0;
6555;2025.06.06 17:00;-12;21.875;21.875;21.875;217;202;0;
6556;2025.06.06 17:01;-12;21.875;21.875;21.875;217;202;0;
6557;2025.06.06 17:02;-12;21.875;21.875;21.875;217;202;0;
6558;2025.06.06 17:03;-12;21.875;21.875;21.875;217;202;0;
6559;2025.06.06 17:04;-12;21.875;21.875;21.875;217;202;0;
6560;2025.06.06 17:05;-12;21.875;21.875;21.875;217;202;0;
6561;2025.06.06 17:06;-12;21.875;21.875;21.875;217;202;0;
6562;2025.06.06 17:07;-12;21.875;21.875;21.875;217;202;0;
6563;2025.06.06 17:08;-12;21.875;21.875;21.875;217;202;0;
6564;2025.06.06 17:09;-12;21.875;21.875;21.875;217;202;0;
6565;2025.06.06 17:10;-12;21.875;21.875;21.875;217;202;0;
6566;2025.06.06 17:11;-12;21.875;21.875;21.875;217;202;0;
6567;2025.06.06 17:12;-12;21.875;21.9375;21.875;217;202;0;
6568;2025.06.06 17:13;-12;21.875;21.9375;21.875;217;202;0;
6569;2025.06.06 17:14;-12;21.875;21.9375;21.875;217;202;0;
6570;2025.06.06 17:15;-12;21.875;21.9375;21.875;217;202;0;
6571;2025.06.06 17:16;-12;21.875;21.9375;21.875;217;202;0;
6572;2025.06.06 17:17;-12;21.875;21.9375;21.875;217;202;0;
6573;2025.06.06 17:18;-12;21.875;21.9375;21.875;217;202;0;
6574;2025.06.06 17:19;-12;21.875;21.9375;21.875;217;202;0;
6575;2025.06.06 17:20;-12;21.9375;22;21.875;217;202;0;
6576;2025.06.06 17:21;-12;21.9375;22;21.875;217;202;0;
6577;2025.06.06 17:22;-12;21.9375;22;21.875;217;202;0;
6578;2025.06.06 17:23;-12;21.9375;22;21.875;217;202;0;
6579;2025.06.06 17:24;-12;21.9375;22;21.875;217;202;0;
6580;2025.06.06 17:25;-12;21.9375;22;21.9375;217;202;0;
6581;2025.06.06 17:26;-12;22;22;21.9375;217;202;0;
6582;2025.06.06 17:27;-12;21.9375;22;21.9375;217;202;0;
6583;2025.06.06 17:28;-12;22;22;21.9375;217;202;0;
6584;2025.06.06 17:29;-12;22;22;21.9375;217;202;0;
6585;2025.06.06 17:30;-12;22;22;21.9375;217;202;0;
6586;2025.06.06 17:31;-12;22;22;21.9375;217;202;0;
6587;2025.06.06 17:32;-12;22;22;21.9375;217;202;0;
6588;2025.06.06 17:33;-12;22;22;22;217;202;0;
6589;2025.06.06 17:34;-12;22;22;22;217;202;0;
6590;2025.06.06 17:35;-12;22;22;22;217;202;0;
6591;2025.06.06 17:36;-12;22;22;22;217;202;0;
6592;2025.06.06 17:37;-12;22;22;22;217;202;0;
6593;2025.06.06 17:38;-12;22;22.0625;22;217;202;0;
6594;2025.06.06 17:39;-12;22;22.0625;22;217;202;0;
6595;2025.06.06 17:40;-12;22;22.0625;22;217;202;0;
6596;2025.06.06 17:41;-12;22;22.0625;22;217;202;0;
6597;2025.06.06 17:42;-12;22;22.0625;22.0625;217;202;0;
6598;2025.06.06 17:43;-12;22;22.0625;22;217;202;0;
6599;2025.06.06 17:44;-12;22;22.0625;22;217;202;0;
6600;2025.06.06 17:45;-12;22;22.0625;22;217;202;0;
6601;2025.06.06 17:46;-12;22;22.0625;22;217;202;0;
6602;2025.06.06 17:47;-12;22;22.0625;22;217;202;0;
6603;2025.06.06 17:48;-12;22;22.0625;22;217;202;0;
6604;2025.06.06 17:49;-12;22;22.0625;22;217;202;0;
6605;2025.06.06 17:50;-12;22;22.125;22;217;202;0;
6606;2025.06.06 17:51;-12;22;22.125;22;217;202;0;
6607;2025.06.06 17:52;-12;22;22.125;22;217;202;0;
6608;2025.06.06 17:53;-12;22;22.125;22.0625;217;202;0;
6609;2025.06.06 17:54;-12;22;22.125;22.0625;217;202;0;
6610;2025.06.06 17:55;-12;22;22.125;22.0625;217;202;0;
6611;2025.06.06 17:56;-12;22;22.125;22.0625;217;202;0;
6612;2025.06.06 17:57;-12;22.0625;22.125;22.0625;217;202;0;
6613;2025.06.06 17:58;-12;22;22.125;22.0625;217;202;0;
6614;2025.06.06 17:59;-12;22.0625;22.125;22.0625;217;202;0;
6615;2025.06.06 18:00;-12;22.0625;22.125;22.0625;217;202;0;
6616;2025.06.06 18:01;-12;22.0625;22.125;22.0625;218;202;0;
6617;2025.06.06 18:02;-12;22.0625;22.125;22.125;218;202;0;
6618;2025.06.06 18:03;-12;22.0625;22.125;22.0625;218;202;0;
6619;2025.06.06 18:04;-12;22.0625;22.125;22.0625;218;202;0;
6620;2025.06.06 18:05;-12;22.0625;22.125;22.125;218;202;0;
6621;2025.06.06 18:06;-12;22.0625;22.125;22.125;218;202;0;
6622;2025.06.06 18:07;-12;22.125;22.125;22.125;218;202;0;
6623;2025.06.06 18:08;-12;22.125;22.125;22.125;218;202;0;
6624;2025.06.06 18:09;-12;22.125;22.125;22.125;218;202;0;
6625;2025.06.06 18:10;-12;22.125;22.125;22.125;218;202;0;
6626;2025.06.06 18:11;-12;22.125;22.125;22.125;218;202;0;
6627;2025.06.06 18:12;-12;22.125;22.125;22.125;218;202;0;
6628;2025.06.06 18:13;-12;22.125;22.125;22.125;218;202;0;
6629;2025.06.06 18:14;-12;23.625;22.625;22.75;129;202;0;
6630;2025.06.06 18:15;-12;25.75;23.875;24.1875;178;202;0;
6631;2025.06.06 18:16;-12;27;24.75;25.6875;191;202;0;
6632;2025.06.06 18:17;-12;27.625;25.3125;26.8125;193;202;0;
6633;2025.06.06 18:18;-12;28;25.9375;27.5;200;202;0;
6634;2025.06.06 18:19;-12;28.375;26.5;28.0625;211;202;0;
6635;2025.06.06 18:20;-12;28.4375;27;28.375;212;202;0;
6636;2025.06.06 18:21;-12;28.375;27.25;28.6875;213;202;0;
6637;2025.06.06 18:22;-12;28.25;27.5;28.8125;213;202;0;
6638;2025.06.06 18:23;-12;28.3125;27.75;28.875;213;202;0;
6639;2025.06.06 18:24;-12;28.375;28;29.0625;226;202;0;
6640;2025.06.06 18:25;-12;28.5;28.25;29.25;206;202;0;
6641;2025.06.06 18:26;-12;28.4375;28.5;29.375;206;202;0;
6642;2025.06.06 18:27;-12;28.375;28.625;29.375;206;202;0;
6643;2025.06.06 18:28;-12;29.375;28.375;30;1066;202;0;
6644;2025.06.06 18:29;-12;30.5;28.0625;29.3125;1316;202;0;
6645;2025.06.06 18:30;-12;30.875;27.8125;28.6875;1312;202;0;
6646;2025.06.06 18:31;-12;31;27.5;28.125;1306;202;0;
6647;2025.06.06 18:32;-12;31;27.25;27.75;1301;202;0;
6648;2025.06.06 18:33;-12;30.9375;27;27.375;1296;202;0;
6649;2025.06.06 18:34;-12;30.8125;26.875;27.125;1292;202;0;
6650;2025.06.06 18:35;-12;30.5625;26.8125;27.125;1620;202;0;
6651;2025.06.06 18:36;-12;30.6875;26.75;27.125;1635;202;0;
6652;2025.06.06 18:37;-12;31;26.75;27.125;1743;202;0;
6653;2025.06.06 18:38;-12;31.75;26.6875;27.0625;1932;202;0;
6654;2025.06.06 18:39;-12;32.125;26.625;27;1994;202;0;
6655;2025.06.06 18:40;-12;31.75;26.625;27;2169;202;0;
6656;2025.06.06 18:41;-12;31.0625;26.5625;27;2330;202;0;
6657;2025.06.06 18:42;-12;29.625;26.5;26.875;2507;202;0;
6658;2025.06.06 18:43;-12;29;26.5;26.875;2694;202;0;
6659;2025.06.06 18:44;-12;28.375;26.5;26.875;2861;202;0;
6660;2025.06.06 18:45;-12;27.75;26.5;26.875;3014;202;0;
6661;2025.06.06 18:46;-12;27.5625;26.5;26.875;3160;202;0;
6662;2025.06.06 18:47;-12;27.5;26.5;26.875;3226;202;0;
6663;2025.06.06 18:48;-12;27.375;26.5;26.875;3342;202;0;
6664;2025.06.06 18:49;-12;27.375;26.4375;26.875;3390;202;0;
6665;2025.06.06 18:50;-12;27.375;26.375;26.75;3422;202;0;
6666;2025.06.06 18:51;-12;27.375;26.375;26.75;3428;202;0;
6667;2025.06.06 18:52;-12;27.3125;26.375;26.6875;3430;202;0;
6668;2025.06.06 18:53;-12;27.3125;26.3125;26.625;3431;202;0;
6669;2025.06.06 18:54;-12;23.875;26.375;26.875;186;202;0;
6670;2025.06.06 18:55;-12;24.125;26.375;27;185;202;0;
6671;2025.06.06 18:56;-12;24.5;26.375;27;186;202;0;
6672;2025.06.06 18:57;-12;25;26.375;27;187;202;0;
6673;2025.06.06 18:58;-12;25.5;26.375;27.0625;197;202;0;
6674;2025.06.06 18:59;-12;25.875;26.5;27.125;195;202;0;
6675;2025.06.06 19:00;-12;26.0625;26.5625;27.25;196;202;0;
6676;2025.06.06 19:01;-12;34.125;26.625;27.25;682;202;0;
6677;2025.06.06 19:02;-12;41.8125;26.75;27.1875;815;202;0;
6678;2025.06.06 19:03;-12;44;26.875;27.125;831;202;0;
6679;2025.06.06 19:04;-12;45;27.125;27;830;202;0;
6680;2025.06.06 19:05;-12;45.375;27.25;26.9375;829;202;0;
6681;2025.06.06 19:06;-12;45.4375;27.375;26.875;829;202;0;
6682;2025.06.06 19:07;-12;45.25;27.375;26.75;828;202;0;
6683;2025.06.06 19:08;-12;45;27.4375;26.625;942;202;0;
6684;2025.06.06 19:09;-12;44.625;27.4375;26.625;1286;202;0;
6685;2025.06.06 19:10;-12;44.25;27.375;26.5;1770;202;0;
6686;2025.06.06 19:11;-12;43.75;27.3125;26.5;1904;202;0;
6687;2025.06.06 19:12;-12;43.5625;27.25;26.5;2041;202;0;
6688;2025.06.06 19:13;-12;43.0625;27.125;26.5;2180;202;0;
6689;2025.06.06 19:14;-12;39.625;27;26.375;2322;202;0;
6690;2025.06.06 19:15;-12;37.4375;26.9375;26.375;2460;202;0;
6691;2025.06.06 19:16;-12;35.75;26.8125;26.3125;2608;202;0;
6692;2025.06.06 19:17;-12;34.5625;26.6875;26.625;2607;202;0;
6693;2025.06.06 19:18;-12;33.75;26.625;26.5;2982;202;0;
6694;2025.06.06 19:19;-12;33.125;26.5;26.5;3099;202;0;
6695;2025.06.06 19:20;-12;32.625;26.5;26.5;3044;202;0;
6696;2025.06.06 19:21;-12;32.1875;26.4375;26.375;3114;202;0;
6697;2025.06.06 19:22;-12;31.75;26.375;26.375;3126;202;0;
6698;2025.06.06 19:23;-12;31.375;26.375;26.375;3131;202;0;
6699;2025.06.06 19:24;-12;31.0625;26.3125;26.375;3131;202;0;
6700;2025.06.06 19:25;-12;30.75;26.25;26.25;3133;202;0;
6701;2025.06.06 19:26;-12;29.25;26.25;26.25;905;202;0;
6702;2025.06.06 19:27;-12;23.6875;26.1875;26.625;196;202;0;
6703;2025.06.06 19:28;-12;23.5;26.125;26.5625;185;202;0;
6704;2025.06.06 19:29;-12;23.75;26;26.5;184;202;0;
6705;2025.06.06 19:30;-12;24.25;26;26.5;182;202;0;
6706;2025.06.06 19:31;-12;24.875;26;26.5;184;202;0;
6707;2025.06.06 19:32;-12;25.875;26;26.8125;390;202;0;
6708;2025.06.06 19:33;-12;36.5;26.0625;26.25;719;202;0;
6709;2025.06.06 19:34;-12;38.5;26.125;26.25;833;202;0;
6710;2025.06.06 19:35;-12;39.25;26.25;26.25;849;202;0;
6711;2025.06.06 19:36;-12;39.625;26.375;26.25;859;202;0;
6712;2025.06.06 19:37;-12;39.75;26.375;26.25;860;202;0;
6713;2025.06.06 19:38;-12;39.5;26.4375;26.125;861;202;0;
6714;2025.06.06 19:39;-12;39.25;26.5;26.0625;901;202;0;
6715;2025.06.06 19:40;-12;38.875;26.5;26;1281;202;0;
6716;2025.06.06 19:41;-12;38.5;26.4375;26;1550;202;0;
6717;2025.06.06 19:42;-12;38;26.375;26.0625;1725;202;0;
6718;2025.06.06 19:43;-12;37.625;26.25;26;1906;202;0;
6719;2025.06.06 19:44;-12;37.4375;26.125;25.9375;2062;202;0;
6720;2025.06.06 19:45;-12;38.125;26;26;2234;202;0;
6721;2025.06.06 19:46;-12;36.625;25.875;26.125;2371;202;0;
6722;2025.06.06 19:47;-12;34.375;25.875;26.25;2487;202;0;
6723;2025.06.06 19:48;-12;32.875;25.75;26.25;2614;202;0;
6724;2025.06.06 19:49;-12;31.4375;25.6875;26.1875;2703;202;0;
6725;2025.06.06 19:50;-12;30.25;25.625;26.125;2818;202;0;
6726;2025.06.06 19:51;-12;29.125;25.5;26.125;3058;202;0;
6727;2025.06.06 19:52;-12;28.625;25.4375;26.125;3150;202;0;
6728;2025.06.06 19:53;-12;28.3125;25.375;26.125;3178;202;0;
6729;2025.06.06 19:54;-12;28;25.3125;26;3183;202;0;
6730;2025.06.06 19:55;-12;27.75;25.25;25.875;3184;202;0;
6731;2025.06.06 19:56;-12;27.5;25.25;25.6875;3187;202;0;
6732;2025.06.06 19:57;-12;27.25;25.125;25.5625;3209;202;0;
6733;2025.06.06 19:58;-12;23.25;25.125;25.75;185;202;0;
6734;2025.06.06 19:59;-12;23.4375;24.875;25.625;180;202;0;
6735;2025.06.06 20:00;-12;23.625;24.75;25.375;177;202;0;
6736;2025.06.06 20:01;-12;23.75;24.625;25.25;177;202;0;
6737;2025.06.06 20:02;-12;24.25;24.5;25.1875;172;202;0;
6738;2025.06.06 20:03;-12;33.375;24.625;26.375;531;202;0;
6739;2025.06.06 20:04;-12;41.5;24.75;26.375;878;202;0;
6740;2025.06.06 20:05;-12;42.875;24.875;26.125;920;202;0;
6741;2025.06.06 20:06;-12;43.5;25;25.875;909;202;0;
6742;2025.06.06 20:07;-12;43.75;25.125;25.625;913;202;0;
6743;2025.06.06 20:08;-12;43.625;25.3125;25.5;913;202;0;
6744;2025.06.06 20:09;-12;43.375;25.4375;25.3125;921;202;0;
6745;2025.06.06 20:10;-12;42.9375;25.5;25.125;1157;202;0;
6746;2025.06.06 20:11;-12;42.4375;25.5;25;1237;202;0;
6747;2025.06.06 20:12;-12;41.875;25.375;24.75;1524;202;0;
6748;2025.06.06 20:13;-12;41.3125;25.25;24.625;1653;202;0;
6749;2025.06.06 20:14;-12;40.75;25.125;24.5;1834;202;0;
6750;2025.06.06 20:15;-12;40.125;25;24.375;1876;202;0;
6751;2025.06.06 20:16;-12;39.5;24.8125;24.25;1953;202;0;
6752;2025.06.06 20:17;-12;38.75;24.6875;24.125;2032;202;0;
6753;2025.06.06 20:18;-12;37.75;24.5625;24.0625;2106;202;0;
6754;2025.06.06 20:19;-12;36.25;24.5;24;2181;202;0;
6755;2025.06.06 20:20;-12;34.625;24.375;24;2245;202;0;
6756;2025.06.06 20:21;-12;33.375;24.25;24;2299;202;0;
6757;2025.06.06 20:22;-12;32.1875;24.25;23.9375;2339;202;0;
6758;2025.06.06 20:23;-12;31.25;24.125;23.875;2393;202;0;
6759;2025.06.06 20:24;-12;30.5625;24;23.75;2439;202;0;
6760;2025.06.06 20:25;-12;29.75;24;23.75;2576;202;0;
6761;2025.06.06 20:26;-12;29;23.875;23.6875;2723;202;0;
6762;2025.06.06 20:27;-12;28.3125;23.875;23.625;2866;202;0;
6763;2025.06.06 20:28;-12;24.75;23.75;23.875;219;202;0;
6764;2025.06.06 20:29;-12;23.75;23.75;24.75;165;202;0;
6765;2025.06.06 20:30;-12;23.3125;23.625;24.75;165;202;0;
6766;2025.06.06 20:31;-12;23.375;23.625;24.8125;193;202;0;
6767;2025.06.06 20:32;-12;23.625;23.625;25;193;202;0;
6768;2025.06.06 20:33;-12;23.75;23.75;25.25;194;202;0;
6769;2025.06.06 20:34;-12;23.875;23.875;25.4375;194;202;0;
6770;2025.06.06 20:35;-12;24;24;25.625;195;202;0;
6771;2025.06.06 20:36;-12;23.9375;24.125;25.75;198;202;0;
6772;2025.06.06 20:37;-12;23.875;24.1875;25.75;192;202;0;
6773;2025.06.06 20:38;-12;23.625;24.25;25.6875;190;202;0;
6774;2025.06.06 20:39;-12;23.5625;24.25;25.5625;189;202;0;
6775;2025.06.06 20:40;-12;23.5;24.25;25.5;189;202;0;
6776;2025.06.06 20:41;-12;23.5;24.25;25.375;189;202;0;
6777;2025.06.06 20:42;-12;23.5;24.3125;25.3125;190;202;0;
6778;2025.06.06 20:43;-12;23.375;24.375;25.3125;191;202;0;
6779;2025.06.06 20:44;-12;23.375;24.375;25.25;191;202;0;
6780;2025.06.06 20:45;-12;23.375;24.375;25.125;190;202;0;
6781;2025.06.06 20:46;-12;23.25;24.375;25.125;190;202;0;
6782;2025.06.06 20:47;-12;23.25;24.375;25;190;202;0;
6783;2025.06.06 20:48;-12;23.3125;24.5;24.9375;178;202;0;
6784;2025.06.06 20:49;-12;23.5;24.8125;25;178;202;0;
6785;2025.06.06 20:50;-12;23.625;25;25.0625;178;202;0;
6786;2025.06.06 20:51;-12;23.625;25.125;25.125;179;202;0;
6787;2025.06.06 20:52;-12;23.375;25.125;25.125;165;202;0;
6788;2025.06.06 20:53;-12;23.25;25;24.9375;173;202;0;
6789;2025.06.06 20:54;-12;23.125;24.875;24.75;173;202;0;
6790;2025.06.06 20:55;-12;23.125;24.75;24.625;172;202;0;
6791;2025.06.06 20:56;-12;23;24.625;24.4375;172;202;0;
6792;2025.06.06 20:57;-12;22.9375;24.5;24.25;172;202;0;
6793;2025.06.06 20:58;-12;22.875;24.375;24.125;172;202;0;
6794;2025.06.06 20:59;-12;22.875;24.375;24;171;202;0;
6795;2025.06.06 21:00;-12;22.875;24.25;23.875;171;202;0;
6796;2025.06.06 21:01;-12;22.8125;24.1875;23.75;170;202;0;
6797;2025.06.06 21:02;-12;22.75;24.125;23.625;170;202;0;
6798;2025.06.06 21:03;-12;22.75;24;23.625;170;202;0;
6799;2025.06.06 21:04;-12;22.75;24;23.5;170;202;0;
6800;2025.06.06 21:05;-12;22.75;23.9375;23.4375;170;202;0;
6801;2025.06.06 21:06;-12;22.75;23.875;23.375;170;202;0;
6802;2025.06.06 21:07;-12;22.75;23.875;23.375;170;202;0;
6803;2025.06.06 21:08;-12;22.75;23.8125;23.3125;170;202;0;
6804;2025.06.06 21:09;-12;22.75;23.75;23.25;170;202;0;
6805;2025.06.06 21:10;-12;22.75;23.75;23.25;169;202;0;
6806;2025.06.06 21:11;-12;22.6875;23.6875;23.1875;169;202;0;
6807;2025.06.06 21:12;-12;22.6875;23.625;23.125;169;202;0;
6808;2025.06.06 21:13;-12;22.6875;23.625;23.125;169;202;0;
6809;2025.06.06 21:14;-12;22.6875;23.625;23.125;169;202;0;
6810;2025.06.06 21:15;-12;22.6875;23.5625;23.0625;169;202;0;
6811;2025.06.06 21:16;-12;22.6875;23.5;23.0625;169;202;0;
6812;2025.06.06 21:17;-12;22.625;23.5;23;169;202;0;
6813;2025.06.06 21:18;-12;22.625;23.5;23;169;202;0;
6814;2025.06.06 21:19;-12;22.625;23.4375;23;169;202;0;
6815;2025.06.06 21:20;-12;22.625;23.375;23;169;202;0;
6816;2025.06.06 21:21;-12;22.625;23.375;23;169;202;0;
6817;2025.06.06 21:22;-12;22.625;23.375;23;169;202;0;
6818;2025.06.06 21:23;-12;22.625;23.375;22.9375;169;202;0;
6819;2025.06.06 21:24;-12;22.625;23.3125;22.9375;169;202;0;
6820;2025.06.06 21:25;-12;22.625;23.25;22.875;169;202;0;
6821;2025.06.06 21:26;-12;22.625;23.25;22.875;168;202;0;
6822;2025.06.06 21:27;-12;22.625;23.25;22.875;168;202;0;
6823;2025.06.06 21:28;-12;22.5;23.25;22.875;168;202;0;
6824;2025.06.06 21:29;-12;22.5;23.1875;22.75;169;202;0;
6825;2025.06.06 21:30;-12;22.5;23.125;22.75;169;202;0;
6826;2025.06.06 21:31;-12;22.5;23.125;22.75;169;202;0;
6827;2025.06.06 21:32;-12;22.5;23.125;22.75;169;202;0;
6828;2025.06.06 21:33;-12;22.5;23.125;22.75;169;202;0;
6829;2025.06.06 21:34;-12;22.5;23.125;22.75;169;202;0;
6830;2025.06.06 21:35;-12;22.5;23.0625;22.75;169;202;0;
6831;2025.06.06 21:36;-12;22.5;23.0625;22.75;169;202;0;
6832;2025.06.06 21:37;-12;22.5;23.0625;22.75;169;202;0;
6833;2025.06.06 21:38;-12;22.5;23;22.75;169;202;0;
6834;2025.06.06 21:39;-12;22.5;23;22.6875;169;202;0;
6835;2025.06.06 21:40;-12;22.5;23;22.6875;169;202;0;
6836;2025.06.06 21:41;-12;22.5;23;22.6875;169;202;0;
6837;2025.06.06 21:42;-12;22.5;23;22.6875;169;202;0;
6838;2025.06.06 21:43;-12;22.5;23;22.6875;169;202;0;
6839;2025.06.06 21:44;-12;22.5;23;22.6875;168;202;0;
6840;2025.06.06 21:45;-12;22.5;23;22.6875;168;202;0;
6841;2025.06.06 21:46;-12;22.5;23;22.6875;168;202;0;
6842;2025.06.06 21:47;-12;22.5;23;22.6875;168;202;0;
6843;2025.06.06 21:48;-12;22.5;22.9375;22.6875;168;202;0;
6844;2025.06.06 21:49;-12;22.5;22.9375;22.6875;168;202;0;
6845;2025.06.06 21:50;-12;22.5;22.9375;22.625;168;202;0;
6846;2025.06.06 21:51;-12;22.5;22.9375;22.625;168;202;0;
6847;2025.06.06 21:52;-12;22.5;22.875;22.625;168;202;0;
6848;2025.06.06 21:53;-12;22.5;22.875;22.625;168;202;0;
6849;2025.06.06 21:54;-12;22.5;22.875;22.625;168;202;0;
6850;2025.06.06 21:55;-12;22.5;22.875;22.625;168;202;0;
6851;2025.06.06 21:56;-12;22.5;22.875;22.625;168;202;0;
6852;2025.06.06 21:57;-12;22.5;22.875;22.625;168;202;0;
6853;2025.06.06 21:58;-12;22.5;22.875;22.625;168;202;0;
6854;2025.06.06 21:59;-12;22.5;22.875;22.625;168;202;0;
6855;2025.06.06 22:00;-12;22.5;22.875;22.625;168;202;0;
6856;2025.06.06 22:01;-12;22.5;22.875;22.625;168;202;0;
6857;2025.06.06 22:02;-12;22.5;22.875;22.625;168;202;0;
6858;2025.06.06 22:03;-12;22.5;22.875;22.625;168;202;0;
6859;2025.06.06 22:04;-12;22.5;22.875;22.625;168;202;0;
6860;2025.06.06 22:05;-12;22.5;22.875;22.625;168;202;0;
6861;2025.06.06 22:06;-12;22.5;22.875;22.625;168;202;0;
6862;2025.06.06 22:07;-12;22.5;22.875;22.625;168;202;0;
6863;2025.06.06 22:08;-12;22.5;22.875;22.625;168;202;0;
6864;2025.06.06 22:09;-12;22.5;22.8125;22.625;168;202;0;
6865;2025.06.06 22:10;-12;22.5;22.8125;22.625;168;202;0;
6866;2025.06.06 22:11;-12;22.5;22.8125;22.625;168;202;0;
6867;2025.06.06 22:12;-12;22.5;22.8125;22.5625;168;202;0;
6868;2025.06.06 22:13;-12;22.5;22.8125;22.5625;168;202;0;
6869;2025.06.06 22:14;-12;22.5;22.8125;22.5625;168;202;0;
6870;2025.06.06 22:15;-12;22.5;22.8125;22.5625;168;202;0;
6871;2025.06.06 22:16;-12;22.5;22.75;22.5625;168;202;0;
6872;2025.06.06 22:17;-12;22.5;22.75;22.5625;168;202;0;
6873;2025.06.06 22:18;-12;22.5;22.75;22.5625;168;202;0;
6874;2025.06.06 22:19;-12;22.5;22.75;22.5625;168;202;0;
6875;2025.06.06 22:20;-12;22.5;22.75;22.5;168;202;0;
6876;2025.06.06 22:21;-12;22.5;22.75;22.5;168;202;0;
6877;2025.06.06 22:22;-12;22.5;22.75;22.5;168;202;0;
6878;2025.06.06 22:23;-12;22.5;22.75;22.5;168;202;0;
6879;2025.06.06 22:24;-12;22.5;22.75;22.5;168;202;0;
6880;2025.06.06 22:25;-12;22.4375;22.75;22.5;168;202;0;
6881;2025.06.06 22:26;-12;22.4375;22.75;22.5;168;202;0;
6882;2025.06.06 22:27;-12;22.4375;22.75;22.5;168;202;0;
6883;2025.06.06 22:28;-12;22.4375;22.75;22.5;168;202;0;
6884;2025.06.06 22:29;-12;22.4375;22.75;22.5;168;202;0;
6885;2025.06.06 22:30;-12;22.4375;22.75;22.5;168;202;0;
6886;2025.06.06 22:31;-12;22.375;22.75;22.5;168;202;0;
6887;2025.06.06 22:32;-12;22.375;22.75;22.5;168;202;0;
6888;2025.06.06 22:33;-12;22.375;22.75;22.5;168;202;0;
6889;2025.06.06 22:34;-12;22.375;22.75;22.5;168;202;0;
6890;2025.06.06 22:35;-12;22.375;22.75;22.5;168;202;0;
6891;2025.06.06 22:36;-12;22.375;22.75;22.4375;168;202;0;
6892;2025.06.06 22:37;-12;22.375;22.75;22.4375;168;202;0;
6893;2025.06.06 22:38;-12;22.375;22.6875;22.4375;168;202;0;
6894;2025.06.06 22:39;-12;22.375;22.6875;22.4375;168;202;0;
6895;2025.06.06 22:40;-12;22.375;22.6875;22.4375;168;202;0;
6896;2025.06.06 22:41;-12;22.375;22.6875;22.4375;168;202;0;
6897;2025.06.06 22:42;-12;22.375;22.6875;22.375;168;202;0;
6898;2025.06.06 22:43;-12;22.375;22.6875;22.375;168;202;0;
6899;2025.06.06 22:44;-12;22.375;22.625;22.375;168;202;0;
6900;2025.06.06 22:45;-12;22.375;22.625;22.375;168;202;0;
6901;2025.06.06 22:46;-12;22.375;22.625;22.375;168;202;0;
6902;2025.06.06 22:47;-12;22.375;22.625;22.375;168;202;0;
6903;2025.06.06 22:48;-12;22.375;22.625;22.375;168;202;0;
6904;2025.06.06 22:49;-12;22.375;22.625;22.375;168;202;0;
6905;2025.06.06 22:50;-12;22.375;22.625;22.375;168;202;0;
6906;2025.06.06 22:51;-12;22.3125;22.625;22.375;168;202;0;
6907;2025.06.06 22:52;-12;22.375;22.625;22.375;167;202;0;
6908;2025.06.06 22:53;-12;22.375;22.625;22.375;167;202;0;
6909;2025.06.06 22:54;-12;22.3125;22.625;22.375;167;202;0;
6910;2025.06.06 22:55;-12;22.3125;22.625;22.375;167;202;0;
6911;2025.06.06 22:56;-12;22.3125;22.625;22.375;167;202;0;
6912;2025.06.06 22:57;-12;22.3125;22.625;22.375;167;202;0;
6913;2025.06.06 22:58;-12;22.3125;22.625;22.375;167;202;0;
6914;2025.06.06 22:59;-12;22.25;22.625;22.3125;167;202;0;
6915;2025.06.06 23:00;-12;22.25;22.625;22.3125;167;202;0;
6916;2025.06.06 23:01;-12;22.25;22.625;22.3125;167;202;0;
6917;2025.06.06 23:02;-12;22.25;22.5625;22.3125;167;202;0;
6918;2025.06.06 23:03;-12;22.25;22.5625;22.3125;167;202;0;
6919;2025.06.06 23:04;-12;22.25;22.5625;22.25;167;202;0;
6920;2025.06.06 23:05;-12;22.25;22.5625;22.25;167;202;0;
6921;2025.06.06 23:06;-12;22.25;22.5625;22.25;167;202;0;
6922;2025.06.06 23:07;-12;22.25;22.5625;22.25;167;202;0;
6923;2025.06.06 23:08;-12;22.25;22.5625;22.25;167;202;0;
6924;2025.06.06 23:09;-12;22.25;22.5;22.25;167;202;0;
6925;2025.06.06 23:10;-12;22.25;22.5;22.25;167;202;0;
6926;2025.06.06 23:11;-12;22.25;22.5;22.25;167;202;0;
6927;2025.06.06 23:12;-12;22.25;22.5;22.25;167;202;0;
6928;2025.06.06 23:13;-12;22.25;22.5;22.25;167;202;0;
6929;2025.06.06 23:14;-12;22.25;22.5;22.25;167;202;0;
6930;2025.06.06 23:15;-12;22.25;22.5;22.25;167;202;0;
6931;2025.06.06 23:16;-12;22.25;22.5;22.25;167;202;0;
6932;2025.06.06 23:17;-12;22.25;22.5;22.25;167;202;0;
6933;2025.06.06 23:18;-12;22.1875;22.5;22.25;167;202;0;
6934;2025.06.06 23:19;-12;22.1875;22.5;22.1875;167;202;0;
6935;2025.06.06 23:20;-12;22.1875;22.5;22.1875;167;202;0;
6936;2025.06.06 23:21;-12;22.1875;22.5;22.1875;167;202;0;
6937;2025.06.06 23:22;-12;22.1875;22.5;22.1875;167;202;0;
6938;2025.06.06 23:23;-12;22.125;22.5;22.1875;167;202;0;
6939;2025.06.06 23:24;-12;22.125;22.5;22.125;167;202;0;
6940;2025.06.06 23:25;-12;22.125;22.5;22.125;167;202;0;
6941;2025.06.06 23:26;-12;22.125;22.4375;22.125;167;202;0;
6942;2025.06.06 23:27;-12;22.125;22.4375;22.125;167;202;0;
6943;2025.06.06 23:28;-12;22.125;22.4375;22.125;167;202;0;
6944;2025.06.06 23:29;-12;22.125;22.4375;22.125;167;202;0;
6945;2025.06.06 23:30;-12;22.125;22.4375;22.125;167;202;0;
6946;2025.06.06 23:31;-12;22.125;22.375;22.125;167;202;0;
6947;2025.06.06 23:32;-12;22.125;22.375;22.125;167;202;0;
6948;2025.06.06 23:33;-12;22.125;22.375;22.125;167;202;0;
6949;2025.06.06 23:34;-12;22.125;22.375;22.125;167;202;0;
6950;2025.06.06 23:35;-12;22.125;22.375;22.125;167;202;0;
6951;2025.06.06 23:36;-12;22.125;22.375;22.0625;167;202;0;
6952;2025.06.06 23:37;-12;22.125;22.375;22.0625;167;202;0;
6953;2025.06.06 23:38;-12;22.125;22.375;22.0625;167;202;0;
6954;2025.06.06 23:39;-12;22.125;22.375;22.0625;166;202;0;
6955;2025.06.06 23:40;-12;22.0625;22.375;22;166;202;0;
6956;2025.06.06 23:41;-12;22.0625;22.375;22.0625;166;202;0;
6957;2025.06.06 23:42;-12;22.0625;22.375;22;166;202;0;
6958;2025.06.06 23:43;-12;22.0625;22.375;22;166;202;0;
6959;2025.06.06 23:44;-12;22.0625;22.375;22;166;202;0;
6960;2025.06.06 23:45;-12;22;22.375;22;166;202;0;
6961;2025.06.06 23:46;-12;22;22.375;22;166;202;0;
6962;2025.06.06 23:47;-12;22;22.3125;22;166;202;0;
6963;2025.06.06 23:48;-12;22;22.3125;22;166;202;0;
6964;2025.06.06 23:49;-12;22;22.3125;22;166;202;0;
6965;2025.06.06 23:50;-12;22;22.3125;22;166;202;0;
6966;2025.06.06 23:51;-12;22;22.25;22;166;202;0;
6967;2025.06.06 23:52;-12;22;22.25;22;166;202;0;
6968;2025.06.06 23:53;-12;22;22.25;21.9375;166;202;0;
6969;2025.06.06 23:54;-12;22;22.25;21.9375;166;202;0;
6970;2025.06.06 23:55;-12;22;22.25;21.9375;166;202;0;
6971;2025.06.06 23:56;-12;22;22.25;21.875;166;202;0;
6972;2025.06.06 23:57;-12;22;22.25;21.875;166;202;0;
6973;2025.06.06 23:58;-12;22;22.25;21.875;166;202;0;
6974;2025.06.06 23:59;-12;21.9375;22.25;21.875;166;202;0;
6975;2025.06.07 00:00;-12;21.9375;22.25;21.875;166;202;0;
6976;2025.06.07 00:01;-12;21.9375;22.25;21.875;166;202;0;
6977;2025.06.07 00:02;-12;21.9375;22.25;21.875;166;202;0;
6978;2025.06.07 00:03;-12;21.875;22.25;21.875;166;202;0;
6979;2025.06.07 00:04;-12;21.875;22.1875;21.875;166;202;0;
6980;2025.06.07 00:05;-12;21.875;22.25;21.875;166;202;0;
6981;2025.06.07 00:06;-12;21.875;22.1875;21.875;166;202;0;
6982;2025.06.07 00:07;-12;21.875;22.1875;21.875;166;202;0;
6983;2025.06.07 00:08;-12;21.875;22.1875;21.875;166;202;0;
6984;2025.06.07 00:09;-12;21.875;22.1875;21.875;166;202;0;
6985;2025.06.07 00:10;-12;21.875;22.125;21.8125;166;202;0;
6986;2025.06.07 00:11;-12;21.9375;22.125;21.8125;183;202;0;
6987;2025.06.07 00:12;-12;22.5;22.25;21.8125;185;202;0;
6988;2025.06.07 00:13;-12;22.875;22.375;21.8125;186;202;0;
6989;2025.06.07 00:14;-12;23.125;22.375;21.8125;186;202;0;
6990;2025.06.07 00:15;-12;23.25;22.5;21.8125;186;202;0;
6991;2025.06.07 00:16;-12;23.375;22.5;21.8125;187;202;0;
6992;2025.06.07 00:17;-12;23.375;22.5625;21.75;187;202;0;
6993;2025.06.07 00:18;-12;23.375;22.625;21.75;187;202;0;
6994;2025.06.07 00:19;-12;23.375;22.625;21.75;187;202;0;
6995;2025.06.07 00:20;-12;23.375;22.625;21.75;187;202;0;
6996;2025.06.07 00:21;-12;23.375;22.625;21.75;187;202;0;
6997;2025.06.07 00:22;-12;23.3125;22.625;21.75;187;202;0;
6998;2025.06.07 00:23;-12;23.25;22.625;21.75;187;202;0;
6999;2025.06.07 00:24;-12;23.25;22.625;21.75;187;202;0;
7000;2025.06.07 00:25;-12;23.125;22.625;21.6875;186;202;0;
7001;2025.06.07 00:26;-12;23.125;22.625;21.6875;186;202;0;
7002;2025.06.07 00:27;-12;23.125;22.625;21.625;186;202;0;
7003;2025.06.07 00:28;-12;23;22.625;21.625;186;202;0;
7004;2025.06.07 00:29;-12;23;22.625;21.625;186;202;0;
7005;2025.06.07 00:30;-12;22.9375;22.625;21.6875;186;202;0;
7006;2025.06.07 00:31;-12;22.875;22.625;21.6875;186;202;0;
7007;2025.06.07 00:32;-12;22.875;22.5625;21.6875;186;202;0;
7008;2025.06.07 00:33;-12;22.8125;22.5625;21.6875;186;202;0;
7009;2025.06.07 00:34;-12;22.75;22.5625;21.6875;186;202;0;
7010;2025.06.07 00:35;-12;22.75;22.5;21.6875;186;202;0;
7011;2025.06.07 00:36;-12;22.6875;22.5;21.6875;186;202;0;
7012;2025.06.07 00:37;-12;22.625;22.5;21.6875;185;202;0;
7013;2025.06.07 00:38;-12;22.625;22.5;21.6875;185;202;0;
7014;2025.06.07 00:39;-12;22.5625;22.5;21.6875;185;202;0;
7015;2025.06.07 00:40;-12;22.5;22.5;21.625;185;202;0;
7016;2025.06.07 00:41;-12;22.5;22.5;21.625;185;202;0;
7017;2025.06.07 00:42;-12;22.5;22.5;21.625;185;202;0;
7018;2025.06.07 00:43;-12;22.5;22.5;21.625;185;202;0;
7019;2025.06.07 00:44;-12;22.4375;22.4375;21.625;185;202;0;
7020;2025.06.07 00:45;-12;22.375;22.4375;21.625;185;202;0;
7021;2025.06.07 00:46;-12;22.375;22.4375;21.625;185;202;0;
7022;2025.06.07 00:47;-12;22.375;22.375;21.625;185;202;0;
7023;2025.06.07 00:48;-12;22.3125;22.375;21.625;187;202;0;
7024;2025.06.07 00:49;-12;22.3125;22.375;21.625;185;202;0;
7025;2025.06.07 00:50;-12;22.25;22.375;21.625;182;202;0;
7026;2025.06.07 00:51;-12;22.25;22.375;21.625;185;202;0;
7027;2025.06.07 00:52;-12;22.25;22.375;21.625;184;202;0;
7028;2025.06.07 00:53;-12;22.25;22.375;21.625;184;202;0;
7029;2025.06.07 00:54;-12;22.25;22.3125;21.625;184;202;0;
7030;2025.06.07 00:55;-12;22.1875;22.3125;21.625;185;202;0;
7031;2025.06.07 00:56;-12;22.125;22.3125;21.625;184;202;0;
7032;2025.06.07 00:57;-12;22.125;22.25;21.625;184;202;0;
7033;2025.06.07 00:58;-12;22.125;22.25;21.625;184;202;0;
7034;2025.06.07 00:59;-12;22.125;22.25;21.5625;184;202;0;
7035;2025.06.07 01:00;-12;22.125;22.25;21.5625;184;202;0;
7036;2025.06.07 01:01;-12;22.125;22.25;21.5625;184;202;0;
7037;2025.06.07 01:02;-12;22.125;22.25;21.5;184;202;0;
7038;2025.06.07 01:03;-12;22.0625;22.25;21.5625;184;202;0;
7039;2025.06.07 01:04;-12;22.0625;22.25;21.5;184;202;0;
7040;2025.06.07 01:05;-12;22;22.1875;21.5;184;202;0;
7041;2025.06.07 01:06;-12;22;22.1875;21.5;184;202;0;
7042;2025.06.07 01:07;-12;22;22.1875;21.5;184;202;0;
7043;2025.06.07 01:08;-12;22;22.1875;21.5;184;202;0;
7044;2025.06.07 01:09;-12;22;22.125;21.5;184;202;0;
7045;2025.06.07 01:10;-12;22;22.125;21.5;184;202;0;
7046;2025.06.07 01:11;-12;21.9375;22.125;21.5;184;202;0;
7047;2025.06.07 01:12;-12;21.9375;22.125;21.5;184;202;0;
7048;2025.06.07 01:13;-12;21.9375;22.125;21.5;184;202;0;
7049;2025.06.07 01:14;-12;21.875;22.125;21.5;183;202;0;
7050;2025.06.07 01:15;-12;21.875;22.125;21.5;183;202;0;
7051;2025.06.07 01:16;-12;21.875;22.125;21.5;183;202;0;
7052;2025.06.07 01:17;-12;21.875;22.125;21.5;183;202;0;
7053;2025.06.07 01:18;-12;21.875;22.125;21.5;183;202;0;
7054;2025.06.07 01:19;-12;21.875;22.0625;21.5;183;202;0;
7055;2025.06.07 01:20;-12;21.875;22.0625;21.5;183;202;0;
7056;2025.06.07 01:21;-12;21.875;22.0625;21.5;183;202;0;
7057;2025.06.07 01:22;-12;21.875;22;21.5;183;202;0;
7058;2025.06.07 01:23;-12;21.8125;22;21.5;183;202;0;
7059;2025.06.07 01:24;-12;21.8125;22;21.5;183;202;0;
7060;2025.06.07 01:25;-12;21.8125;22;21.5;183;202;0;
7061;2025.06.07 01:26;-12;21.8125;22;21.4375;183;202;0;
7062;2025.06.07 01:27;-12;21.75;22;21.4375;183;202;0;
7063;2025.06.07 01:28;-12;21.75;22;21.4375;183;202;0;
7064;2025.06.07 01:29;-12;21.75;22;21.4375;183;202;0;
7065;2025.06.07 01:30;-12;21.75;22;21.4375;183;202;0;
7066;2025.06.07 01:31;-12;21.75;22;21.4375;183;202;0;
7067;2025.06.07 01:32;-12;21.75;22;21.4375;183;202;0;
7068;2025.06.07 01:33;-12;21.75;22;21.375;183;202;0;
7069;2025.06.07 01:34;-12;21.75;21.9375;21.375;183;202;0;
7070;2025.06.07 01:35;-12;21.75;21.9375;21.375;183;202;0;
7071;2025.06.07 01:36;-12;21.75;21.9375;21.375;183;202;0;
7072;2025.06.07 01:37;-12;21.75;21.875;21.375;183;202;0;
7073;2025.06.07 01:38;-12;21.6875;21.875;21.375;183;202;0;
7074;2025.06.07 01:39;-12;21.6875;21.875;21.375;183;202;0;
7075;2025.06.07 01:40;-12;21.6875;21.875;21.375;183;202;0;
7076;2025.06.07 01:41;-12;21.6875;21.875;21.375;183;202;0;
7077;2025.06.07 01:42;-12;21.625;21.875;21.375;183;202;0;
7078;2025.06.07 01:43;-12;21.625;21.875;21.375;183;202;0;
7079;2025.06.07 01:44;-12;21.625;21.875;21.375;183;202;0;
7080;2025.06.07 01:45;-12;21.625;21.875;21.375;183;202;0;
7081;2025.06.07 01:46;-12;21.625;21.875;21.375;183;202;0;
7082;2025.06.07 01:47;-12;21.625;21.875;21.375;183;202;0;
7083;2025.06.07 01:48;-12;21.625;21.875;21.375;182;202;0;
7084;2025.06.07 01:49;-12;21.625;21.875;21.375;182;202;0;
7085;2025.06.07 01:50;-12;21.625;21.875;21.375;182;202;0;
7086;2025.06.07 01:51;-12;21.625;21.8125;21.375;182;202;0;
7087;2025.06.07 01:52;-12;21.625;21.8125;21.375;182;202;0;
7088;2025.06.07 01:53;-12;21.625;21.8125;21.375;182;202;0;
7089;2025.06.07 01:54;-12;21.625;21.8125;21.375;182;202;0;
7090;2025.06.07 01:55;-12;21.5625;21.8125;21.375;182;202;0;
7091;2025.06.07 01:56;-12;21.5625;21.75;21.3125;182;202;0;
7092;2025.06.07 01:57;-12;21.5625;21.75;21.3125;182;202;0;
7093;2025.06.07 01:58;-12;21.5625;21.75;21.3125;182;202;0;
7094;2025.06.07 01:59;-12;21.5625;21.75;21.3125;182;202;0;
7095;2025.06.07 02:00;-12;21.5625;21.75;21.3125;182;202;0;
7096;2025.06.07 02:01;-12;21.5;21.75;21.25;182;202;0;
7097;2025.06.07 02:02;-12;21.5;21.75;21.25;182;202;0;
7098;2025.06.07 02:03;-12;21.5;21.75;21.25;182;202;0;
7099;2025.06.07 02:04;-12;21.5;21.75;21.25;182;202;0;
7100;2025.06.07 02:05;-12;21.5;21.75;21.25;182;202;0;
7101;2025.06.07 02:06;-12;21.5;21.75;21.25;182;202;0;
7102;2025.06.07 02:07;-12;21.5;21.75;21.25;182;202;0;
7103;2025.06.07 02:08;-12;21.5;21.75;21.25;182;202;0;
7104;2025.06.07 02:09;-12;21.5;21.75;21.25;182;202;0;
7105;2025.06.07 02:10;-12;21.5;21.6875;21.25;182;202;0;
7106;2025.06.07 02:11;-12;21.5;21.6875;21.25;182;202;0;
7107;2025.06.07 02:12;-12;21.5;21.6875;21.25;182;202;0;
7108;2025.06.07 02:13;-12;21.5;21.6875;21.25;182;202;0;
7109;2025.06.07 02:14;-12;21.5;21.6875;21.25;182;202;0;
7110;2025.06.07 02:15;-12;21.5;21.625;21.25;182;202;0;
7111;2025.06.07 02:16;-12;21.4375;21.625;21.25;182;202;0;
7112;2025.06.07 02:17;-12;21.4375;21.625;21.25;182;202;0;
7113;2025.06.07 02:18;-12;21.4375;21.625;21.25;182;202;0;
7114;2025.06.07 02:19;-12;21.4375;21.625;21.25;182;202;0;
7115;2025.06.07 02:20;-12;21.4375;21.625;21.25;182;202;0;
7116;2025.06.07 02:21;-12;21.375;21.625;21.25;182;202;0;
7117;2025.06.07 02:22;-12;21.375;21.625;21.1875;182;202;0;
7118;2025.06.07 02:23;-12;21.375;21.625;21.1875;182;202;0;
7119;2025.06.07 02:24;-12;21.375;21.625;21.1875;182;202;0;
7120;2025.06.07 02:25;-12;21.375;21.625;21.1875;182;202;0;
7121;2025.06.07 02:26;-12;21.375;21.625;21.1875;182;202;0;
7122;2025.06.07 02:27;-12;21.375;21.625;21.125;182;202;0;
7123;2025.06.07 02:28;-12;21.375;21.625;21.125;182;202;0;
7124;2025.06.07 02:29;-12;21.375;21.625;21.125;182;202;0;
7125;2025.06.07 02:30;-12;21.375;21.625;21.125;182;202;0;
7126;2025.06.07 02:31;-12;21.375;21.5625;21.125;182;202;0;
7127;2025.06.07 02:32;-12;21.375;21.5625;21.125;181;202;0;
7128;2025.06.07 02:33;-12;21.375;21.5625;21.125;181;202;0;
7129;2025.06.07 02:34;-12;21.375;21.5625;21.125;181;202;0;
7130;2025.06.07 02:35;-12;21.375;21.5625;21.125;181;202;0;
7131;2025.06.07 02:36;-12;21.375;21.5625;21.125;181;202;0;
7132;2025.06.07 02:37;-12;21.375;21.5;21.125;181;202;0;
7133;2025.06.07 02:38;-12;21.3125;21.5;21.125;181;202;0;
7134;2025.06.07 02:39;-12;21.3125;21.5;21.125;181;202;0;
7135;2025.06.07 02:40;-12;21.3125;21.5;21.125;181;202;0;
7136;2025.06.07 02:41;-12;21.3125;21.5;21.125;181;202;0;
7137;2025.06.07 02:42;-12;21.3125;21.5;21.125;181;202;0;
7138;2025.06.07 02:43;-12;21.3125;21.5;21.125;181;202;0;
7139;2025.06.07 02:44;-12;21.3125;21.5;21.125;181;202;0;
7140;2025.06.07 02:45;-12;21.25;21.5;21.125;181;202;0;
7141;2025.06.07 02:46;-12;21.25;21.5;21.125;181;202;0;
7142;2025.06.07 02:47;-12;21.25;21.5;21.125;181;202;0;
7143;2025.06.07 02:48;-12;21.25;21.5;21.125;181;202;0;
7144;2025.06.07 02:49;-12;21.25;21.5;21.0625;181;202;0;
7145;2025.06.07 02:50;-12;21.25;21.5;21.125;181;202;0;
7146;2025.06.07 02:51;-12;21.25;21.5;21.125;181;202;0;
7147;2025.06.07 02:52;-12;21.25;21.5;21.0625;181;202;0;
7148;2025.06.07 02:53;-12;21.25;21.5;21.0625;181;202;0;
7149;2025.06.07 02:54;-12;21.25;21.5;21.0625;181;202;0;
7150;2025.06.07 02:55;-12;21.25;21.5;21.0625;181;202;0;
7151;2025.06.07 02:56;-12;21.25;21.4375;21.0625;181;202;0;
7152;2025.06.07 02:57;-12;21.25;21.4375;21.0625;181;202;0;
7153;2025.06.07 02:58;-12;21.25;21.4375;21.0625;181;202;0;
7154;2025.06.07 02:59;-12;21.25;21.4375;21.0625;181;202;0;
7155;2025.06.07 03:00;-12;21.25;21.4375;21;181;202;0;
7156;2025.06.07 03:01;-12;21.25;21.4375;21;181;202;0;
7157;2025.06.07 03:02;-12;21.25;21.4375;21;181;202;0;
7158;2025.06.07 03:03;-12;21.25;21.375;21;181;202;0;
7159;2025.06.07 03:04;-12;21.25;21.4375;21;181;202;0;
7160;2025.06.07 03:05;-12;21.25;21.375;21;181;202;0;
7161;2025.06.07 03:06;-12;21.25;21.375;21;181;202;0;
7162;2025.06.07 03:07;-12;21.1875;21.375;21;181;202;0;
7163;2025.06.07 03:08;-12;21.1875;21.375;21;181;202;0;
7164;2025.06.07 03:09;-12;21.1875;21.375;21;181;202;0;
7165;2025.06.07 03:10;-12;21.1875;21.375;21;181;202;0;
7166;2025.06.07 03:11;-12;21.1875;21.375;21;181;202;0;
7167;2025.06.07 03:12;-12;21.1875;21.375;21;181;202;0;
7168;2025.06.07 03:13;-12;21.1875;21.375;21;181;202;0;
7169;2025.06.07 03:14;-12;21.1875;21.375;21;181;202;0;
7170;2025.06.07 03:15;-12;21.125;21.375;21;181;202;0;
7171;2025.06.07 03:16;-12;21.125;21.375;21;181;202;0;
7172;2025.06.07 03:17;-12;21.125;21.375;21;181;202;0;
7173;2025.06.07 03:18;-12;21.125;21.375;21;181;202;0;
7174;2025.06.07 03:19;-12;21.125;21.375;21;181;202;0;
7175;2025.06.07 03:20;-12;21.125;21.375;21;181;202;0;
7176;2025.06.07 03:21;-12;21.125;21.375;21;181;202;0;
7177;2025.06.07 03:22;-12;21.125;21.375;21;181;202;0;
7178;2025.06.07 03:23;-12;21.125;21.375;21;181;202;0;
7179;2025.06.07 03:24;-12;21.125;21.375;21;181;202;0;
7180;2025.06.07 03:25;-12;21.125;21.375;21;181;202;0;
7181;2025.06.07 03:26;-12;21.125;21.375;21;181;202;0;
7182;2025.06.07 03:27;-12;21.125;21.3125;20.9375;181;202;0;
7183;2025.06.07 03:28;-12;21.125;21.3125;20.9375;181;202;0;
7184;2025.06.07 03:29;-12;21.125;21.3125;20.9375;181;202;0;
7185;2025.06.07 03:30;-12;21.125;21.3125;20.9375;181;202;0;
7186;2025.06.07 03:31;-12;21.125;21.3125;20.9375;181;202;0;
7187;2025.06.07 03:32;-12;21.125;21.3125;20.9375;181;202;0;
7188;2025.06.07 03:33;-12;21.125;21.3125;20.9375;181;202;0;
7189;2025.06.07 03:34;-12;21.125;21.3125;20.875;181;202;0;
7190;2025.06.07 03:35;-12;21.125;21.25;20.875;181;202;0;
7191;2025.06.07 03:36;-12;21.125;21.25;20.875;181;202;0;
7192;2025.06.07 03:37;-12;21.125;21.25;20.875;180;202;0;
7193;2025.06.07 03:38;-12;21.125;21.25;20.875;180;202;0;
7194;2025.06.07 03:39;-12;21.125;21.25;20.875;180;202;0;
7195;2025.06.07 03:40;-12;21.125;21.25;20.875;180;202;0;
7196;2025.06.07 03:41;-12;21.125;21.25;20.875;180;202;0;
7197;2025.06.07 03:42;-12;21.125;21.25;20.875;180;202;0;
7198;2025.06.07 03:43;-12;21.125;21.25;20.875;180;202;0;
7199;2025.06.07 03:44;-12;21.0625;21.25;20.875;180;202;0;
7200;2025.06.07 03:45;-12;21.0625;21.25;20.875;180;202;0;
7201;2025.06.07 03:46;-12;21.0625;21.25;20.875;180;202;0;
7202;2025.06.07 03:47;-12;21.0625;21.25;20.875;180;202;0;
7203;2025.06.07 03:48;-12;21.0625;21.25;20.875;180;202;0;
7204;2025.06.07 03:49;-12;21.0625;21.25;20.875;180;202;0;
7205;2025.06.07 03:50;-12;21.0625;21.25;20.875;180;202;0;
7206;2025.06.07 03:51;-12;21.0625;21.25;20.875;180;202;0;
7207;2025.06.07 03:52;-12;21.0625;21.25;20.875;180;202;0;
7208;2025.06.07 03:53;-12;21;21.25;20.875;180;202;0;
7209;2025.06.07 03:54;-12;21;21.25;20.875;180;202;0;
7210;2025.06.07 03:55;-12;21;21.25;20.875;180;202;0;
7211;2025.06.07 03:56;-12;21;21.25;20.875;180;202;0;
7212;2025.06.07 03:57;-12;21;21.25;20.875;180;202;0;
7213;2025.06.07 03:58;-12;21;21.25;20.875;180;202;0;
7214;2025.06.07 03:59;-12;21;21.25;20.875;180;202;0;
7215;2025.06.07 04:00;-12;21;21.25;20.875;180;202;0;
7216;2025.06.07 04:01;-12;21;21.25;20.875;180;202;0;
7217;2025.06.07 04:02;-12;21;21.1875;20.875;180;202;0;
7218;2025.06.07 04:03;-12;21;21.1875;20.875;180;202;0;
7219;2025.06.07 04:04;-12;21;21.1875;20.8125;180;202;0;
7220;2025.06.07 04:05;-12;21;21.1875;20.8125;180;202;0;
7221;2025.06.07 04:06;-12;21;21.1875;20.8125;180;202;0;
7222;2025.06.07 04:07;-12;21;21.1875;20.8125;180;202;0;
7223;2025.06.07 04:08;-12;21;21.1875;20.8125;180;202;0;
7224;2025.06.07 04:09;-12;21;21.1875;20.8125;180;202;0;
7225;2025.06.07 04:10;-12;21;21.1875;20.75;180;202;0;
7226;2025.06.07 04:11;-12;21;21.1875;20.75;180;202;0;
7227;2025.06.07 04:12;-12;21;21.1875;20.75;180;202;0;
7228;2025.06.07 04:13;-12;21;21.125;20.75;180;202;0;
7229;2025.06.07 04:14;-12;21;21.125;20.75;180;202;0;
7230;2025.06.07 04:15;-12;21;21.125;20.75;180;202;0;
7231;2025.06.07 04:16;-12;21;21.125;20.75;180;202;0;
7232;2025.06.07 04:17;-12;21;21.125;20.75;180;202;0;
7233;2025.06.07 04:18;-12;21;21.125;20.75;180;202;0;
7234;2025.06.07 04:19;-12;21;21.125;20.75;180;202;0;
7235;2025.06.07 04:20;-12;21;21.125;20.75;180;202;0;
7236;2025.06.07 04:21;-12;21;21.125;20.75;180;202;0;
7237;2025.06.07 04:22;-12;21;21.125;20.75;180;202;0;
7238;2025.06.07 04:23;-12;21;21.125;20.75;180;202;0;
7239;2025.06.07 04:24;-12;21;21.125;20.75;180;202;0;
7240;2025.06.07 04:25;-12;21;21.125;20.75;180;202;0;
7241;2025.06.07 04:26;-12;20.9375;21.125;20.75;180;202;0;
7242;2025.06.07 04:27;-12;20.9375;21.125;20.75;180;202;0;
7243;2025.06.07 04:28;-12;20.9375;21.125;20.75;180;202;0;
7244;2025.06.07 04:29;-12;20.9375;21.125;20.75;180;202;0;
7245;2025.06.07 04:30;-12;20.9375;21.125;20.75;180;202;0;
7246;2025.06.07 04:31;-12;20.9375;21.125;20.75;180;202;0;
7247;2025.06.07 04:32;-12;20.9375;21.125;20.75;180;202;0;
7248;2025.06.07 04:33;-12;20.9375;21.125;20.75;180;202;0;
7249;2025.06.07 04:34;-12;20.875;21.125;20.75;180;202;0;
7250;2025.06.07 04:35;-12;20.875;21.125;20.6875;180;202;0;
7251;2025.06.07 04:36;-12;20.875;21.125;20.6875;180;202;0;
7252;2025.06.07 04:37;-12;20.875;21.125;20.6875;180;202;0;
7253;2025.06.07 04:38;-12;20.875;21.125;20.6875;180;202;0;
7254;2025.06.07 04:39;-12;20.875;21.125;20.6875;180;202;0;
7255;2025.06.07 04:40;-12;20.875;21.125;20.6875;180;202;0;
7256;2025.06.07 04:41;-12;20.875;21.0625;20.6875;180;202;0;
7257;2025.06.07 04:42;-12;20.875;21.0625;20.6875;180;202;0;
7258;2025.06.07 04:43;-12;20.875;21.0625;20.6875;180;202;0;
7259;2025.06.07 04:44;-12;20.875;21.0625;20.6875;180;202;0;
7260;2025.06.07 04:45;-12;20.875;21.0625;20.6875;180;202;0;
7261;2025.06.07 04:46;-12;20.875;21.0625;20.625;180;202;0;
7262;2025.06.07 04:47;-12;20.875;21.0625;20.625;180;202;0;
7263;2025.06.07 04:48;-12;20.875;21.0625;20.625;180;202;0;
7264;2025.06.07 04:49;-12;20.875;21;20.625;180;202;0;
7265;2025.06.07 04:50;-12;20.875;21;20.625;180;202;0;
7266;2025.06.07 04:51;-12;20.875;21;20.625;180;202;0;
7267;2025.06.07 04:52;-12;20.875;21;20.625;180;202;0;
7268;2025.06.07 04:53;-12;20.875;21;20.625;180;202;0;
7269;2025.06.07 04:54;-12;20.875;21;20.625;180;202;0;
7270;2025.06.07 04:55;-12;20.875;21;20.625;180;202;0;
7271;2025.06.07 04:56;-12;20.875;21;20.625;180;202;0;
7272;2025.06.07 04:57;-12;20.875;21;20.625;180;202;0;
7273;2025.06.07 04:58;-12;20.8125;21;20.625;180;202;0;
7274;2025.06.07 04:59;-12;20.8125;21;20.625;180;202;0;
7275;2025.06.07 05:00;-12;20.8125;21;20.625;180;202;0;
7276;2025.06.07 05:01;-12;20.8125;21;20.625;180;202;0;
7277;2025.06.07 05:02;-12;20.8125;21;20.625;180;202;0;
7278;2025.06.07 05:03;-12;20.8125;21;20.5625;180;202;0;
7279;2025.06.07 05:04;-12;20.8125;21;20.5625;180;202;0;
7280;2025.06.07 05:05;-12;20.8125;21;20.5625;180;202;0;
7281;2025.06.07 05:06;-12;20.8125;21;20.5625;179;202;0;
7282;2025.06.07 05:07;-12;20.75;21;20.5625;179;202;0;
7283;2025.06.07 05:08;-12;20.75;21;20.5625;179;202;0;
7284;2025.06.07 05:09;-12;20.75;21;20.5;179;202;0;
7285;2025.06.07 05:10;-12;20.75;21;20.5;179;202;0;
7286;2025.06.07 05:11;-12;20.75;20.9375;20.5;179;202;0;
7287;2025.06.07 05:12;-12;20.75;20.9375;20.5;179;202;0;
7288;2025.06.07 05:13;-12;20.75;20.9375;20.5;179;202;0;
7289;2025.06.07 05:14;-12;20.75;20.9375;20.5;179;202;0;
7290;2025.06.07 05:15;-12;20.75;20.9375;20.5;179;202;0;
7291;2025.06.07 05:16;-12;20.75;20.9375;20.5;179;202;0;
7292;2025.06.07 05:17;-12;20.75;20.9375;20.5;179;202;0;
7293;2025.06.07 05:18;-12;20.75;20.875;20.5;179;202;0;
7294;2025.06.07 05:19;-12;20.75;20.9375;20.5;179;202;0;
7295;2025.06.07 05:20;-12;20.75;20.875;20.5;179;202;0;
7296;2025.06.07 05:21;-12;20.75;20.875;20.5;179;202;0;
7297;2025.06.07 05:22;-12;20.75;20.875;20.5;179;202;0;
7298;2025.06.07 05:23;-12;20.75;20.875;20.5;179;202;0;
7299;2025.06.07 05:24;-12;20.75;20.875;20.5;179;202;0;
7300;2025.06.07 05:25;-12;20.75;20.875;20.5;179;202;0;
7301;2025.06.07 05:26;-12;20.75;20.875;20.5;179;202;0;
7302;2025.06.07 05:27;-12;20.75;20.875;20.5;179;202;0;
7303;2025.06.07 05:28;-12;20.75;20.875;20.5;179;202;0;
7304;2025.06.07 05:29;-12;20.75;20.875;20.5;179;202;0;
7305;2025.06.07 05:30;-12;20.75;20.875;20.5;179;202;0;
7306;2025.06.07 05:31;-12;20.75;20.875;20.5;179;202;0;
7307;2025.06.07 05:32;-12;20.6875;20.875;20.5;179;202;0;
7308;2025.06.07 05:33;-12;20.6875;20.875;20.5;179;202;0;
7309;2025.06.07 05:34;-12;20.6875;20.875;20.4375;179;202;0;
7310;2025.06.07 05:35;-12;20.6875;20.875;20.4375;179;202;0;
7311;2025.06.07 05:36;-12;20.6875;20.875;20.4375;179;202;0;
7312;2025.06.07 05:37;-12;20.6875;20.875;20.4375;179;202;0;
7313;2025.06.07 05:38;-12;20.6875;20.875;20.4375;179;202;0;
7314;2025.06.07 05:39;-12;20.6875;20.875;20.4375;179;202;0;
7315;2025.06.07 05:40;-12;20.6875;20.875;20.375;179;202;0;
7316;2025.06.07 05:41;-12;20.625;20.875;20.375;179;202;0;
7317;2025.06.07 05:42;-12;20.625;20.875;20.375;179;202;0;
7318;2025.06.07 05:43;-12;20.625;20.875;20.375;179;202;0;
7319;2025.06.07 05:44;-12;20.625;20.8125;20.375;179;202;0;
7320;2025.06.07 05:45;-12;20.625;20.8125;20.375;179;202;0;
7321;2025.06.07 05:46;-12;20.625;20.8125;20.375;179;202;0;
7322;2025.06.07 05:47;-12;20.625;20.8125;20.375;179;202;0;
7323;2025.06.07 05:48;-12;20.625;20.8125;20.375;179;202;0;
7324;2025.06.07 05:49;-12;20.625;20.8125;20.375;179;202;0;
7325;2025.06.07 05:50;-12;20.625;20.75;20.375;179;202;0;
7326;2025.06.07 05:51;-12;20.625;20.8125;20.375;179;202;0;
7327;2025.06.07 05:52;-12;20.625;20.8125;20.375;179;202;0;
7328;2025.06.07 05:53;-12;20.625;20.75;20.375;179;202;0;
7329;2025.06.07 05:54;-12;20.625;20.75;20.375;179;202;0;
7330;2025.06.07 05:55;-12;20.625;20.75;20.375;179;202;0;
7331;2025.06.07 05:56;-12;20.625;20.75;20.375;179;202;0;
7332;2025.06.07 05:57;-12;20.625;20.75;20.375;179;202;0;
7333;2025.06.07 05:58;-12;20.625;20.75;20.375;179;202;0;
7334;2025.06.07 05:59;-12;20.625;20.75;20.375;179;202;0;
7335;2025.06.07 06:00;-12;20.625;20.75;20.375;179;202;0;
7336;2025.06.07 06:01;-12;20.625;20.75;20.3125;179;202;0;
7337;2025.06.07 06:02;-12;20.625;20.75;20.3125;179;202;0;
7338;2025.06.07 06:03;-12;20.625;20.75;20.3125;179;202;0;
7339;2025.06.07 06:04;-12;20.625;20.75;20.3125;179;202;0;
7340;2025.06.07 06:05;-12;20.5625;20.75;20.3125;179;202;0;
7341;2025.06.07 06:06;-12;20.5625;20.75;20.25;179;202;0;
7342;2025.06.07 06:07;-12;20.5625;20.75;20.25;179;202;0;
7343;2025.06.07 06:08;-12;20.5625;20.75;20.25;179;202;0;
7344;2025.06.07 06:09;-12;20.5625;20.75;20.25;179;202;0;
7345;2025.06.07 06:10;-12;20.5625;20.75;20.25;179;202;0;
7346;2025.06.07 06:11;-12;20.5625;20.75;20.25;179;202;0;
7347;2025.06.07 06:12;-12;20.5625;20.75;20.25;179;202;0;
7348;2025.06.07 06:13;-12;20.5;20.75;20.25;179;202;0;
7349;2025.06.07 06:14;-12;20.5;20.6875;20.25;179;202;0;
7350;2025.06.07 06:15;-12;20.5;20.6875;20.25;179;202;0;
7351;2025.06.07 06:16;-12;20.5;20.6875;20.25;179;202;0;
7352;2025.06.07 06:17;-12;20.5;20.6875;20.25;179;202;0;
7353;2025.06.07 06:18;-12;20.5;20.6875;20.25;179;202;0;
7354;2025.06.07 06:19;-12;20.5;20.6875;20.25;179;202;0;
7355;2025.06.07 06:20;-12;20.5;20.625;20.25;178;202;0;
7356;2025.06.07 06:21;-12;20.5;20.625;20.25;178;202;0;
7357;2025.06.07 06:22;-12;20.5;20.625;20.25;178;202;0;
7358;2025.06.07 06:23;-12;20.5;20.625;20.1875;178;202;0;
7359;2025.06.07 06:24;-12;20.5;20.625;20.1875;178;202;0;
7360;2025.06.07 06:25;-12;20.5;20.625;20.1875;178;202;0;
7361;2025.06.07 06:26;-12;20.5;20.625;20.1875;178;202;0;
7362;2025.06.07 06:27;-12;20.5;20.625;20.1875;178;202;0;
7363;2025.06.07 06:28;-12;20.5;20.625;20.1875;178;202;0;
7364;2025.06.07 06:29;-12;20.5;20.625;20.125;178;202;0;
7365;2025.06.07 06:30;-12;20.4375;20.625;20.125;178;202;0;
7366;2025.06.07 06:31;-12;20.4375;20.625;20.125;178;202;0;
7367;2025.06.07 06:32;-12;20.4375;20.625;20.125;178;202;0;
7368;2025.06.07 06:33;-12;20.4375;20.625;20.125;178;202;0;
7369;2025.06.07 06:34;-12;20.4375;20.625;20.125;178;202;0;
7370;2025.06.07 06:35;-12;20.375;20.625;20.125;178;202;0;
7371;2025.06.07 06:36;-12;20.375;20.5625;20.125;178;202;0;
7372;2025.06.07 06:37;-12;20.375;20.5625;20.125;178;202;0;
7373;2025.06.07 06:38;-12;20.375;20.5625;20.125;178;202;0;
7374;2025.06.07 06:39;-12;20.375;20.5625;20.125;178;202;0;
7375;2025.06.07 06:40;-12;20.375;20.5625;20.125;178;202;0;
7376;2025.06.07 06:41;-12;20.375;20.5625;20.125;178;202;0;
7377;2025.06.07 06:42;-12;20.375;20.5;20.125;178;202;0;
7378;2025.06.07 06:43;-12;20.375;20.5;20.125;178;202;0;
7379;2025.06.07 06:44;-12;20.375;20.5;20.125;178;202;0;
7380;2025.06.07 06:45;-12;20.375;20.5;20.0625;178;202;0;
7381;2025.06.07 06:46;-12;20.375;20.5;20.125;178;202;0;
7382;2025.06.07 06:47;-12;20.375;20.5;20.0625;178;202;0;
7383;2025.06.07 06:48;-12;20.375;20.5;20.0625;178;202;0;
7384;2025.06.07 06:49;-12;20.375;20.5;20.0625;178;202;0;
7385;2025.06.07 06:50;-12;20.3125;20.5;20.0625;178;202;0;
7386;2025.06.07 06:51;-12;20.3125;20.5;20.0625;178;202;0;
7387;2025.06.07 06:52;-12;20.3125;20.5;20.0625;178;202;0;
7388;2025.06.07 06:53;-12;20.3125;20.5;20;178;202;0;
7389;2025.06.07 06:54;-12;20.3125;20.5;20;178;202;0;
7390;2025.06.07 06:55;-12;20.25;20.5;20;178;202;0;
7391;2025.06.07 06:56;-12;20.25;20.5;20;178;202;0;
7392;2025.06.07 06:57;-12;20.25;20.4375;20;178;202;0;
7393;2025.06.07 06:58;-12;20.25;20.4375;20;178;202;0;
7394;2025.06.07 06:59;-12;20.25;20.4375;20;178;202;0;
7395;2025.06.07 07:00;-12;20.25;20.4375;20;178;202;0;
7396;2025.06.07 07:01;-12;20.25;20.4375;20;178;202;0;
7397;2025.06.07 07:02;-12;20.25;20.375;20;178;202;0;
7398;2025.06.07 07:03;-12;20.25;20.375;20;177;202;0;
7399;2025.06.07 07:04;-12;20.25;20.375;20;177;202;0;
7400;2025.06.07 07:05;-12;20.25;20.375;20;177;202;0;
7401;2025.06.07 07:06;-12;20.25;20.375;20;177;202;0;
7402;2025.06.07 07:07;-12;20.25;20.375;20;177;202;0;
7403;2025.06.07 07:08;-12;20.25;20.375;20;177;202;0;
7404;2025.06.07 07:09;-12;20.25;20.375;19.9375;177;202;0;
7405;2025.06.07 07:10;-12;20.25;20.375;19.9375;177;202;0;
7406;2025.06.07 07:11;-12;20.25;20.375;19.9375;177;202;0;
7407;2025.06.07 07:12;-12;20.1875;20.375;19.9375;177;202;0;
7408;2025.06.07 07:13;-12;20.1875;20.375;19.9375;177;202;0;
7409;2025.06.07 07:14;-12;20.1875;20.375;19.9375;177;202;0;
7410;2025.06.07 07:15;-12;20.1875;20.375;19.9375;177;202;0;
7411;2025.06.07 07:16;-12;20.1875;20.375;19.875;177;202;0;
7412;2025.06.07 07:17;-12;20.125;20.375;19.875;177;202;0;
7413;2025.06.07 07:18;-12;20.125;20.3125;19.875;177;202;0;
7414;2025.06.07 07:19;-12;20.125;20.3125;19.875;177;202;0;
7415;2025.06.07 07:20;-12;20.125;20.3125;19.875;177;202;0;
7416;2025.06.07 07:21;-12;20.125;20.3125;19.875;177;202;0;
7417;2025.06.07 07:22;-12;20.125;20.3125;19.875;177;202;0;
7418;2025.06.07 07:23;-12;20.125;20.3125;19.875;177;202;0;
7419;2025.06.07 07:24;-12;20.125;20.25;19.875;177;202;0;
7420;2025.06.07 07:25;-12;20.125;20.25;19.875;177;202;0;
7421;2025.06.07 07:26;-12;20.125;20.25;19.875;177;202;0;
7422;2025.06.07 07:27;-12;20.125;20.25;19.875;177;202;0;
7423;2025.06.07 07:28;-12;20.125;20.25;19.875;177;202;0;
7424;2025.06.07 07:29;-12;20.125;20.25;19.875;177;202;0;
7425;2025.06.07 07:30;-12;20.125;20.25;19.875;177;202;0;
7426;2025.06.07 07:31;-12;20.125;20.25;19.875;177;202;0;
7427;2025.06.07 07:32;-12;20.125;20.25;19.875;177;202;0;
7428;2025.06.07 07:33;-12;20.125;20.25;19.875;177;202;0;
7429;2025.06.07 07:34;-12;20.125;20.25;19.875;177;202;0;
7430;2025.06.07 07:35;-12;20.125;20.25;19.8125;177;202;0;
7431;2025.06.07 07:36;-12;20.125;20.25;19.8125;177;202;0;
7432;2025.06.07 07:37;-12;20.125;20.25;19.8125;177;202;0;
7433;2025.06.07 07:38;-12;20.125;20.25;19.8125;177;202;0;
7434;2025.06.07 07:39;-12;20.125;20.25;19.8125;177;202;0;
7435;2025.06.07 07:40;-12;20.125;20.25;19.8125;177;202;0;
7436;2025.06.07 07:41;-12;20.125;20.25;19.8125;177;202;0;
7437;2025.06.07 07:42;-12;20.0625;20.25;19.8125;177;202;0;
7438;2025.06.07 07:43;-12;20.0625;20.25;19.8125;177;202;0;
7439;2025.06.07 07:44;-12;20.0625;20.25;19.75;177;202;0;
7440;2025.06.07 07:45;-12;20.0625;20.1875;19.75;177;202;0;
7441;2025.06.07 07:46;-12;20.0625;20.1875;19.75;177;202;0;
7442;2025.06.07 07:47;-12;20.0625;20.1875;19.75;177;202;0;
7443;2025.06.07 07:48;-12;20;20.1875;19.75;177;202;0;
7444;2025.06.07 07:49;-12;20;20.1875;19.75;177;202;0;
7445;2025.06.07 07:50;-12;20;20.1875;19.75;177;202;0;
7446;2025.06.07 07:51;-12;20;20.1875;19.75;177;202;0;
7447;2025.06.07 07:52;-12;20;20.125;19.75;177;202;0;
7448;2025.06.07 07:53;-12;20;20.125;19.75;177;202;0;
7449;2025.06.07 07:54;-12;20;20.125;19.75;177;202;0;
7450;2025.06.07 07:55;-12;20;20.125;19.75;177;202;0;
7451;2025.06.07 07:56;-12;20;20.125;19.75;177;202;0;
7452;2025.06.07 07:57;-12;20;20.125;19.75;177;202;0;
7453;2025.06.07 07:58;-12;20;20.125;19.75;177;202;0;
7454;2025.06.07 07:59;-12;20;20.125;19.6875;176;202;0;
7455;2025.06.07 08:00;-12;20;20.125;19.6875;177;202;0;
7456;2025.06.07 08:01;-12;20;20.125;19.6875;176;202;0;
7457;2025.06.07 08:02;-12;20;20.125;19.6875;176;202;0;
7458;2025.06.07 08:03;-12;20;20.125;19.6875;176;202;0;
7459;2025.06.07 08:04;-12;20;20.125;19.6875;176;202;0;
7460;2025.06.07 08:05;-12;20;20.125;19.6875;176;202;0;
7461;2025.06.07 08:06;-12;20;20.125;19.6875;176;202;0;
7462;2025.06.07 08:07;-12;19.9375;20.125;19.6875;176;202;0;
7463;2025.06.07 08:08;-12;19.9375;20.125;19.625;176;202;0;
7464;2025.06.07 08:09;-12;19.9375;20.125;19.625;176;202;0;
7465;2025.06.07 08:10;-12;19.9375;20.125;19.625;176;202;0;
7466;2025.06.07 08:11;-12;19.9375;20.0625;19.625;176;202;0;
7467;2025.06.07 08:12;-12;19.9375;20.0625;19.625;176;202;0;
7468;2025.06.07 08:13;-12;19.9375;20.0625;19.625;176;202;0;
7469;2025.06.07 08:14;-12;19.875;20.0625;19.625;176;202;0;
7470;2025.06.07 08:15;-12;19.875;20.0625;19.625;176;202;0;
7471;2025.06.07 08:16;-12;19.875;20.0625;19.625;176;202;0;
7472;2025.06.07 08:17;-12;19.875;20.0625;19.625;176;202;0;
7473;2025.06.07 08:18;-12;19.875;20;19.625;176;202;0;
7474;2025.06.07 08:19;-12;19.875;20;19.625;176;202;0;
7475;2025.06.07 08:20;-12;19.875;20;19.625;176;202;0;
7476;2025.06.07 08:21;-12;19.875;20;19.625;176;202;0;
7477;2025.06.07 08:22;-12;19.875;20;19.625;176;202;0;
7478;2025.06.07 08:23;-12;19.875;20;19.5625;176;202;0;
7479;2025.06.07 08:24;-12;19.875;20;19.5625;176;202;0;
7480;2025.06.07 08:25;-12;19.875;20;19.5625;176;202;0;
7481;2025.06.07 08:26;-12;19.875;20;19.5625;176;202;0;
7482;2025.06.07 08:27;-12;19.875;20;19.5625;176;202;0;
7483;2025.06.07 08:28;-12;19.875;20;19.5625;176;202;0;
7484;2025.06.07 08:29;-12;19.8125;20;19.5625;176;202;0;
7485;2025.06.07 08:30;-12;19.8125;20;19.5;176;202;0;
7486;2025.06.07 08:31;-12;19.8125;20;19.5;176;202;0;
7487;2025.06.07 08:32;-12;19.8125;20;19.5;176;202;0;
7488;2025.06.07 08:33;-12;19.8125;20;19.5;176;202;0;
7489;2025.06.07 08:34;-12;19.8125;20;19.5;176;202;0;
7490;2025.06.07 08:35;-12;19.75;19.9375;19.5;176;202;0;
7491;2025.06.07 08:36;-12;19.75;19.9375;19.5;176;202;0;
7492;2025.06.07 08:37;-12;19.75;19.9375;19.5;176;202;0;
7493;2025.06.07 08:38;-12;19.75;19.9375;19.5;176;202;0;
7494;2025.06.07 08:39;-12;19.75;19.875;19.5;176;202;0;
7495;2025.06.07 08:40;-12;19.75;19.875;19.5;176;202;0;
7496;2025.06.07 08:41;-12;19.75;19.875;19.5;176;202;0;
7497;2025.06.07 08:42;-12;19.75;19.875;19.5;176;202;0;
7498;2025.06.07 08:43;-12;19.75;19.875;19.5;176;202;0;
7499;2025.06.07 08:44;-12;19.75;19.875;19.5;176;202;0;
7500;2025.06.07 08:45;-12;19.75;19.875;19.5;176;202;0;
7501;2025.06.07 08:46;-12;19.75;19.875;19.4375;176;202;0;
7502;2025.06.07 08:47;-12;19.75;19.875;19.4375;176;202;0;
7503;2025.06.07 08:48;-12;19.75;19.875;19.4375;175;202;0;
7504;2025.06.07 08:49;-12;19.75;19.875;19.4375;175;202;0;
7505;2025.06.07 08:50;-12;19.6875;19.875;19.4375;175;202;0;
7506;2025.06.07 08:51;-12;19.75;19.875;19.375;175;202;0;
7507;2025.06.07 08:52;-12;19.6875;19.875;19.375;175;202;0;
7508;2025.06.07 08:53;-12;19.6875;19.875;19.375;175;202;0;
7509;2025.06.07 08:54;-12;19.6875;19.875;19.375;175;202;0;
7510;2025.06.07 08:55;-12;19.6875;19.875;19.375;175;202;0;
7511;2025.06.07 08:56;-12;19.625;19.8125;19.375;175;202;0;
7512;2025.06.07 08:57;-12;19.625;19.8125;19.375;175;202;0;
7513;2025.06.07 08:58;-12;19.625;19.8125;19.375;175;202;0;
7514;2025.06.07 08:59;-12;19.625;19.8125;19.375;175;202;0;
7515;2025.06.07 09:00;-12;19.625;19.8125;19.375;175;202;0;
7516;2025.06.07 09:01;-12;19.625;19.8125;19.375;175;202;0;
7517;2025.06.07 09:02;-12;19.625;19.75;19.375;175;202;0;
7518;2025.06.07 09:03;-12;19.625;19.75;19.375;175;202;0;
7519;2025.06.07 09:04;-12;19.625;19.75;19.375;175;202;0;
7520;2025.06.07 09:05;-12;19.625;19.75;19.375;175;202;0;
7521;2025.06.07 09:06;-12;19.625;19.75;19.375;175;202;0;
7522;2025.06.07 09:07;-12;19.625;19.75;19.375;175;202;0;
7523;2025.06.07 09:08;-12;19.625;19.75;19.375;175;202;0;
7524;2025.06.07 09:09;-12;19.625;19.75;19.375;175;202;0;
7525;2025.06.07 09:10;-12;19.625;19.75;19.3125;175;202;0;
7526;2025.06.07 09:11;-12;19.625;19.75;19.3125;175;202;0;
7527;2025.06.07 09:12;-12;19.625;19.75;19.3125;175;202;0;
7528;2025.06.07 09:13;-12;19.625;19.75;19.3125;175;202;0;
7529;2025.06.07 09:14;-12;19.625;19.75;19.3125;175;202;0;
7530;2025.06.07 09:15;-12;19.5625;19.75;19.3125;175;202;0;
7531;2025.06.07 09:16;-12;19.625;19.75;19.3125;175;202;0;
7532;2025.06.07 09:17;-12;19.5625;19.75;19.3125;175;202;0;
7533;2025.06.07 09:18;-12;19.5625;19.75;19.3125;175;202;0;
7534;2025.06.07 09:19;-12;19.5625;19.6875;19.3125;175;202;0;
7535;2025.06.07 09:20;-12;19.5625;19.6875;19.3125;175;202;0;
7536;2025.06.07 09:21;-12;19.5625;19.6875;19.25;175;202;0;
7537;2025.06.07 09:22;-12;19.5625;19.6875;19.25;175;202;0;
7538;2025.06.07 09:23;-12;19.5;19.6875;19.25;175;202;0;
7539;2025.06.07 09:24;-12;19.5;19.6875;19.25;175;202;0;
7540;2025.06.07 09:25;-12;19.5;19.6875;19.25;175;202;0;
7541;2025.06.07 09:26;-12;19.5;19.6875;19.25;175;202;0;
7542;2025.06.07 09:27;-12;19.5;19.625;19.25;175;202;0;
7543;2025.06.07 09:28;-12;19.5;19.625;19.25;175;202;0;
7544;2025.06.07 09:29;-12;19.5;19.625;19.25;175;202;0;
7545;2025.06.07 09:30;-12;19.5;19.625;19.25;175;202;0;
7546;2025.06.07 09:31;-12;19.5;19.625;19.25;175;202;0;
7547;2025.06.07 09:32;-12;19.5;19.625;19.25;175;202;0;
7548;2025.06.07 09:33;-12;19.5;19.625;19.25;175;202;0;
7549;2025.06.07 09:34;-12;19.5;19.625;19.25;175;202;0;
7550;2025.06.07 09:35;-12;19.5;19.625;19.25;175;202;0;
7551;2025.06.07 09:36;-12;19.5;19.625;19.25;175;202;0;
7552;2025.06.07 09:37;-12;19.5;19.625;19.25;175;202;0;
7553;2025.06.07 09:38;-12;19.5;19.625;19.25;175;202;0;
7554;2025.06.07 09:39;-12;19.5;19.625;19.25;175;202;0;
7555;2025.06.07 09:40;-12;19.5;19.625;19.25;175;202;0;
7556;2025.06.07 09:41;-12;19.5;19.625;19.25;175;202;0;
7557;2025.06.07 09:42;-12;19.5;19.625;19.25;175;202;0;
7558;2025.06.07 09:43;-12;19.5;19.625;19.25;175;202;0;
7559;2025.06.07 09:44;-12;19.4375;19.625;19.1875;174;202;0;
7560;2025.06.07 09:45;-12;19.4375;19.625;19.1875;174;202;0;
7561;2025.06.07 09:46;-12;19.4375;19.625;19.1875;174;202;0;
7562;2025.06.07 09:47;-12;19.4375;19.625;19.1875;174;202;0;
7563;2025.06.07 09:48;-12;19.4375;19.5625;19.1875;174;202;0;
7564;2025.06.07 09:49;-12;19.4375;19.5625;19.1875;174;202;0;
7565;2025.06.07 09:50;-12;19.4375;19.5625;19.125;174;202;0;
7566;2025.06.07 09:51;-12;19.4375;19.5625;19.125;174;202;0;
7567;2025.06.07 09:52;-12;19.4375;19.5625;19.1875;174;202;0;
7568;2025.06.07 09:53;-12;19.375;19.5625;19.125;174;202;0;
7569;2025.06.07 09:54;-12;19.375;19.5625;19.125;174;202;0;
7570;2025.06.07 09:55;-12;19.375;19.5625;19.125;174;202;0;
7571;2025.06.07 09:56;-12;19.375;19.5;19.125;174;202;0;
7572;2025.06.07 09:57;-12;19.375;19.5;19.125;174;202;0;
7573;2025.06.07 09:58;-12;19.375;19.5;19.125;174;202;0;
7574;2025.06.07 09:59;-12;19.375;19.5;19.125;174;202;0;
7575;2025.06.07 10:00;-12;19.375;19.5;19.125;174;202;0;
7576;2025.06.07 10:01;-12;19.375;19.5;19.125;174;202;0;
7577;2025.06.07 10:02;-12;19.375;19.5;19.125;174;202;0;
7578;2025.06.07 10:03;-12;19.375;19.5;19.125;174;202;0;
7579;2025.06.07 10:04;-12;19.375;19.5;19.125;174;202;0;
7580;2025.06.07 10:05;-12;19.375;19.5;19.125;174;202;0;
7581;2025.06.07 10:06;-12;19.375;19.5;19.125;174;202;0;
7582;2025.06.07 10:07;-12;19.375;19.5;19.125;174;202;0;
7583;2025.06.07 10:08;-12;19.375;19.5;19.125;174;202;0;
7584;2025.06.07 10:09;-12;19.375;19.5;19.125;174;202;0;
7585;2025.06.07 10:10;-12;19.375;19.5;19.125;174;202;0;
7586;2025.06.07 10:11;-12;19.375;19.5;19.1875;174;202;0;
7587;2025.06.07 10:12;-12;19.375;19.5;19.1875;174;202;0;
7588;2025.06.07 10:13;-12;19.375;19.5;19.25;174;202;0;
7589;2025.06.07 10:14;-12;19.375;19.5;19.25;174;202;0;
7590;2025.06.07 10:15;-12;19.375;19.5;19.25;174;202;0;
7591;2025.06.07 10:16;-12;19.375;19.5;19.25;174;202;0;
7592;2025.06.07 10:17;-12;19.375;19.5;19.25;174;202;0;
7593;2025.06.07 10:18;-12;19.375;19.5;19.3125;174;202;0;
7594;2025.06.07 10:19;-12;19.375;19.5;19.375;158;202;0;
7595;2025.06.07 10:20;-12;19.5;19.5;19.625;158;202;0;
7596;2025.06.07 10:21;-12;19.375;19.5;20;158;202;0;
7597;2025.06.07 10:22;-12;19.375;19.5;20.375;158;202;0;
7598;2025.06.07 10:23;-12;19.375;19.5;20.875;158;202;0;
7599;2025.06.07 10:24;-12;19.3125;19.5;21.4375;158;202;0;
7600;2025.06.07 10:25;-12;19.25;19.5;22;158;202;0;
7601;2025.06.07 10:26;-12;19.25;19.5;22.6875;158;202;0;
7602;2025.06.07 10:27;-12;19.25;19.5;23.25;158;202;0;
7603;2025.06.07 10:28;-12;19.25;19.5;23.6875;158;202;0;
7604;2025.06.07 10:29;-12;19.25;19.5;24.25;158;202;0;
7605;2025.06.07 10:30;-12;19.3125;19.5;24.75;158;202;0;
7606;2025.06.07 10:31;-12;19.375;19.5;25.0625;158;202;0;
7607;2025.06.07 10:32;-12;19.5;19.5625;25.25;158;202;0;
7608;2025.06.07 10:33;-12;19.5;19.625;25.5;158;202;0;
7609;2025.06.07 10:34;-12;19.625;19.625;25.75;159;202;0;
7610;2025.06.07 10:35;-12;19.8125;19.75;26.0625;159;202;0;
7611;2025.06.07 10:36;-12;19.9375;19.875;26.375;159;202;0;
7612;2025.06.07 10:37;-12;20;19.875;26.8125;160;202;0;
7613;2025.06.07 10:38;-12;20;20;27.125;160;202;0;
7614;2025.06.07 10:39;-12;20;20;27.4375;160;202;0;
7615;2025.06.07 10:40;-12;20;20.0625;27.8125;160;202;0;
7616;2025.06.07 10:41;-12;20;20.125;28;160;202;0;
7617;2025.06.07 10:42;-12;19.875;20.125;27.875;160;202;0;
7618;2025.06.07 10:43;-12;19.75;20.125;27.5625;160;202;0;
7619;2025.06.07 10:44;-12;19.6875;20.125;27.5;159;202;0;
7620;2025.06.07 10:45;-12;19.5625;20.125;27.5625;159;202;0;
7621;2025.06.07 10:46;-12;19.5;20.125;27.75;159;202;0;
7622;2025.06.07 10:47;-12;19.4375;20.125;27.75;159;202;0;
7623;2025.06.07 10:48;-12;19.375;20.125;27.875;159;202;0;
7624;2025.06.07 10:49;-12;19.4375;20.125;28.125;159;202;0;
7625;2025.06.07 10:50;-12;19.4375;20.1875;28.125;159;202;0;
7626;2025.06.07 10:51;-12;19.375;20.25;28.25;159;202;0;
7627;2025.06.07 10:52;-12;19.375;20.1875;28.25;159;202;0;
7628;2025.06.07 10:53;-12;19.3125;20.1875;28.1875;159;202;0;
7629;2025.06.07 10:54;-12;19.25;20.125;28.125;159;202;0;
7630;2025.06.07 10:55;-12;19.1875;20.125;28;159;202;0;
7631;2025.06.07 10:56;-12;19.125;20.125;27.8125;159;202;0;
7632;2025.06.07 10:57;-12;19.0625;20.125;27.5625;158;202;0;
7633;2025.06.07 10:58;-12;19;20.125;27.25;158;202;0;
7634;2025.06.07 10:59;-12;19;20.125;26.875;158;202;0;
7635;2025.06.07 11:00;-12;18.9375;20.125;26.5625;158;202;0;
7636;2025.06.07 11:01;-12;18.875;20.125;26.125;158;202;0;
7637;2025.06.07 11:02;-12;18.875;20.0625;25.625;158;202;0;
7638;2025.06.07 11:03;-12;18.8125;20;25;158;202;0;
7639;2025.06.07 11:04;-12;18.75;20;24.375;158;202;0;
7640;2025.06.07 11:05;-12;18.75;20;23.875;158;202;0;
7641;2025.06.07 11:06;-12;18.75;20;23.375;158;202;0;
7642;2025.06.07 11:07;-12;18.75;20;22.875;158;202;0;
7643;2025.06.07 11:08;-12;18.75;19.9375;22.5625;158;202;0;
7644;2025.06.07 11:09;-12;18.75;19.875;22.25;158;202;0;
7645;2025.06.07 11:10;-12;18.75;19.875;22;158;202;0;
7646;2025.06.07 11:11;-12;18.75;19.875;21.75;158;202;0;
7647;2025.06.07 11:12;-12;18.75;19.875;21.5;158;202;0;
7648;2025.06.07 11:13;-12;18.8125;19.875;21.25;158;202;0;
7649;2025.06.07 11:14;-12;18.875;19.875;21.125;158;202;0;
7650;2025.06.07 11:15;-12;18.875;19.875;21;158;202;0;
7651;2025.06.07 11:16;-12;18.9375;19.875;20.875;158;202;0;
7652;2025.06.07 11:17;-12;18.9375;19.875;20.8125;158;202;0;
7653;2025.06.07 11:18;-12;19;19.875;20.75;158;202;0;
7654;2025.06.07 11:19;-12;19;19.875;20.625;158;202;0;
7655;2025.06.07 11:20;-12;19.125;19.875;20.625;159;202;0;
7656;2025.06.07 11:21;-12;19.125;19.875;20.5625;159;202;0;
7657;2025.06.07 11:22;-12;19.25;19.875;20.5625;159;202;0;
7658;2025.06.07 11:23;-12;19.25;19.875;20.5;159;202;0;
7659;2025.06.07 11:24;-12;19.3125;19.875;20.5;159;202;0;
7660;2025.06.07 11:25;-12;19.375;19.9375;20.5;159;202;0;
7661;2025.06.07 11:26;-12;19.375;20;20.4375;159;202;0;
7662;2025.06.07 11:27;-12;19.375;20;20.375;160;202;0;
7663;2025.06.07 11:28;-12;19.4375;20;20.375;160;202;0;
7664;2025.06.07 11:29;-12;19.4375;20;20.375;160;202;0;
7665;2025.06.07 11:30;-12;19.5;20;20.375;160;202;0;
7666;2025.06.07 11:31;-12;19.5;20;20.375;160;202;0;
7667;2025.06.07 11:32;-12;19.5;20;20.3125;160;202;0;
7668;2025.06.07 11:33;-12;19.5;20;20.3125;160;202;0;
7669;2025.06.07 11:34;-12;19.5;20;20.25;160;202;0;
7670;2025.06.07 11:35;-12;19.5625;20;20.25;160;202;0;
7671;2025.06.07 11:36;-12;19.5625;20.0625;20.25;160;202;0;
7672;2025.06.07 11:37;-12;19.625;20.0625;20.25;160;202;0;
7673;2025.06.07 11:38;-12;19.625;20.0625;20.25;160;202;0;
7674;2025.06.07 11:39;-12;19.625;20.0625;20.25;160;202;0;
7675;2025.06.07 11:40;-12;19.625;20.0625;20.25;160;202;0;
7676;2025.06.07 11:41;-12;19.625;20.125;20.25;160;202;0;
7677;2025.06.07 11:42;-12;19.625;20.125;20.25;160;202;0;
7678;2025.06.07 11:43;-12;19.625;20.125;20.25;160;202;0;
7679;2025.06.07 11:44;-12;19.625;20.125;20.25;160;202;0;
7680;2025.06.07 11:45;-12;19.6875;20.125;20.25;160;202;0;
7681;2025.06.07 11:46;-12;19.6875;20.125;20.1875;160;202;0;
7682;2025.06.07 11:47;-12;19.75;20.125;20.1875;160;202;0;
7683;2025.06.07 11:48;-12;19.75;20.125;20.25;161;202;0;
7684;2025.06.07 11:49;-12;19.75;20.125;20.1875;161;202;0;
7685;2025.06.07 11:50;-12;19.75;20.125;20.25;161;202;0;
7686;2025.06.07 11:51;-12;19.75;20.125;20.1875;161;202;0;
7687;2025.06.07 11:52;-12;19.75;20.125;20.1875;161;202;0;
7688;2025.06.07 11:53;-12;19.75;20.125;20.1875;161;202;0;
7689;2025.06.07 11:54;-12;19.75;20.125;20.25;161;202;0;
7690;2025.06.07 11:55;-12;19.75;20.125;20.25;161;202;0;
7691;2025.06.07 11:56;-12;19.8125;20.125;20.25;161;202;0;
7692;2025.06.07 11:57;-12;19.8125;20.1875;20.25;161;202;0;
7693;2025.06.07 11:58;-12;19.8125;20.1875;20.25;161;202;0;
7694;2025.06.07 11:59;-12;19.8125;20.1875;20.25;161;202;0;
7695;2025.06.07 12:00;-12;19.875;20.1875;20.25;161;202;0;
7696;2025.06.07 12:01;-12;19.875;20.25;20.25;161;202;0;
7697;2025.06.07 12:02;-12;19.875;20.25;20.25;161;202;0;
7698;2025.06.07 12:03;-12;19.875;20.25;20.25;161;202;0;
7699;2025.06.07 12:04;-12;19.875;20.25;20.25;161;202;0;
7700;2025.06.07 12:05;-12;19.875;20.25;20.25;161;202;0;
7701;2025.06.07 12:06;-12;19.875;20.25;20.25;161;202;0;
7702;2025.06.07 12:07;-12;19.875;20.25;20.25;161;202;0;
7703;2025.06.07 12:08;-12;19.875;20.25;20.25;161;202;0;
7704;2025.06.07 12:09;-12;19.9375;20.25;20.25;161;202;0;
7705;2025.06.07 12:10;-12;19.9375;20.25;20.25;161;202;0;
7706;2025.06.07 12:11;-12;19.9375;20.25;20.25;161;202;0;
7707;2025.06.07 12:12;-12;20;20.25;20.3125;161;202;0;
7708;2025.06.07 12:13;-12;20;20.25;20.3125;161;202;0;
7709;2025.06.07 12:14;-12;20;20.25;20.375;161;202;0;
7710;2025.06.07 12:15;-12;20;20.25;20.375;161;202;0;
7711;2025.06.07 12:16;-12;20;20.3125;20.375;161;202;0;
7712;2025.06.07 12:17;-12;20;20.3125;20.375;161;202;0;
7713;2025.06.07 12:18;-12;20;20.3125;20.375;161;202;0;
7714;2025.06.07 12:19;-12;20;20.3125;20.375;161;202;0;
7715;2025.06.07 12:20;-12;20;20.375;20.375;161;202;0;
7716;2025.06.07 12:21;-12;20;20.375;20.375;162;202;0;
7717;2025.06.07 12:22;-12;20;20.375;20.375;162;202;0;
7718;2025.06.07 12:23;-12;20.0625;20.375;20.375;162;202;0;
7719;2025.06.07 12:24;-12;20.0625;20.375;20.375;162;202;0;
7720;2025.06.07 12:25;-12;20.0625;20.375;20.375;162;202;0;
7721;2025.06.07 12:26;-12;20.125;20.375;20.4375;162;202;0;
7722;2025.06.07 12:27;-12;20.125;20.375;20.4375;162;202;0;
7723;2025.06.07 12:28;-12;20.125;20.375;20.4375;162;202;0;
7724;2025.06.07 12:29;-12;20.125;20.375;20.5;162;202;0;
7725;2025.06.07 12:30;-12;20.125;20.375;20.5;162;202;0;
7726;2025.06.07 12:31;-12;20.125;20.375;20.5;162;202;0;
7727;2025.06.07 12:32;-12;20.125;20.375;20.5;162;202;0;
7728;2025.06.07 12:33;-12;20.125;20.4375;20.5;162;202;0;
7729;2025.06.07 12:34;-12;20.125;20.4375;20.5;162;202;0;
7730;2025.06.07 12:35;-12;20.125;20.4375;20.5;162;202;0;
7731;2025.06.07 12:36;-12;20.125;20.5;20.5;162;202;0;
7732;2025.06.07 12:37;-12;20.125;20.5;20.5;162;202;0;
7733;2025.06.07 12:38;-12;20.1875;20.5;20.5;162;202;0;
7734;2025.06.07 12:39;-12;20.1875;20.5;20.5625;162;202;0;
7735;2025.06.07 12:40;-12;20.1875;20.5;20.5625;162;202;0;
7736;2025.06.07 12:41;-12;20.25;20.5;20.5625;162;202;0;
7737;2025.06.07 12:42;-12;20.25;20.5;20.625;162;202;0;
7738;2025.06.07 12:43;-12;20.25;20.5;20.625;162;202;0;
7739;2025.06.07 12:44;-12;20.25;20.5;20.625;162;202;0;
7740;2025.06.07 12:45;-12;20.25;20.5;20.625;162;202;0;
7741;2025.06.07 12:46;-12;20.25;20.5;20.625;162;202;0;
7742;2025.06.07 12:47;-12;20.25;20.5;20.625;162;202;0;
7743;2025.06.07 12:48;-12;20.25;20.5;20.625;162;202;0;
7744;2025.06.07 12:49;-12;20.25;20.5625;20.625;162;202;0;
7745;2025.06.07 12:50;-12;20.25;20.5625;20.625;162;202;0;
7746;2025.06.07 12:51;-12;20.25;20.5625;20.625;162;202;0;
7747;2025.06.07 12:52;-12;20.25;20.5625;20.625;162;202;0;
7748;2025.06.07 12:53;-12;20.3125;20.5625;20.6875;162;202;0;
7749;2025.06.07 12:54;-12;20.3125;20.625;20.6875;162;202;0;
7750;2025.06.07 12:55;-12;20.3125;20.625;20.6875;162;202;0;
7751;2025.06.07 12:56;-12;20.3125;20.625;20.6875;163;202;0;
7752;2025.06.07 12:57;-12;20.375;20.625;20.6875;163;202;0;
7753;2025.06.07 12:58;-12;20.375;20.625;20.75;163;202;0;
7754;2025.06.07 12:59;-12;20.375;20.625;20.75;163;202;0;
7755;2025.06.07 13:00;-12;20.375;20.625;20.75;163;202;0;
7756;2025.06.07 13:01;-12;20.375;20.625;20.75;163;202;0;
7757;2025.06.07 13:02;-12;20.375;20.625;20.75;163;202;0;
7758;2025.06.07 13:03;-12;20.375;20.625;20.75;163;202;0;
7759;2025.06.07 13:04;-12;20.375;20.625;20.75;163;202;0;
7760;2025.06.07 13:05;-12;20.375;20.625;20.75;163;202;0;
7761;2025.06.07 13:06;-12;20.375;20.625;20.75;163;202;0;
7762;2025.06.07 13:07;-12;20.375;20.625;20.75;163;202;0;
7763;2025.06.07 13:08;-12;20.375;20.6875;20.75;163;202;0;
7764;2025.06.07 13:09;-12;20.375;20.6875;20.75;163;202;0;
7765;2025.06.07 13:10;-12;20.375;20.6875;20.75;163;202;0;
7766;2025.06.07 13:11;-12;20.375;20.75;20.75;163;202;0;
7767;2025.06.07 13:12;-12;20.4375;20.75;20.8125;163;202;0;
7768;2025.06.07 13:13;-12;20.4375;20.75;20.8125;163;202;0;
7769;2025.06.07 13:14;-12;20.4375;20.75;20.8125;163;202;0;
7770;2025.06.07 13:15;-12;20.4375;20.75;20.8125;163;202;0;
7771;2025.06.07 13:16;-12;20.4375;20.75;20.8125;163;202;0;
7772;2025.06.07 13:17;-12;20.5;20.75;20.8125;163;202;0;
7773;2025.06.07 13:18;-12;20.5;20.75;20.875;163;202;0;
7774;2025.06.07 13:19;-12;20.5;20.75;20.875;163;202;0;
7775;2025.06.07 13:20;-12;20.5;20.75;20.875;163;202;0;
7776;2025.06.07 13:21;-12;20.5;20.75;20.875;163;202;0;
7777;2025.06.07 13:22;-12;20.5;20.75;20.875;163;202;0;
7778;2025.06.07 13:23;-12;20.5;20.75;20.875;163;202;0;
7779;2025.06.07 13:24;-12;20.5;20.75;20.875;163;202;0;
7780;2025.06.07 13:25;-12;20.5;20.75;20.875;163;202;0;
7781;2025.06.07 13:26;-12;20.5;20.75;20.875;163;202;0;
7782;2025.06.07 13:27;-12;20.5;20.75;20.875;163;202;0;
7783;2025.06.07 13:28;-12;20.5;20.8125;20.875;163;202;0;
7784;2025.06.07 13:29;-12;20.5;20.8125;20.875;163;202;0;
7785;2025.06.07 13:30;-12;20.5;20.8125;20.875;163;202;0;
7786;2025.06.07 13:31;-12;20.5;20.8125;20.875;163;202;0;
7787;2025.06.07 13:32;-12;20.5;20.875;20.875;163;202;0;
7788;2025.06.07 13:33;-12;20.5;20.875;20.9375;163;202;0;
7789;2025.06.07 13:34;-12;20.5625;20.875;20.9375;163;202;0;
7790;2025.06.07 13:35;-12;20.5625;20.875;20.9375;163;202;0;
7791;2025.06.07 13:36;-12;20.5625;20.875;20.9375;163;202;0;
7792;2025.06.07 13:37;-12;20.5625;20.875;20.9375;163;202;0;
7793;2025.06.07 13:38;-12;20.5625;20.875;21;163;202;0;
7794;2025.06.07 13:39;-12;20.5625;20.875;21;163;202;0;
7795;2025.06.07 13:40;-12;20.625;20.875;21;163;202;0;
7796;2025.06.07 13:41;-12;20.625;20.875;21;163;202;0;
7797;2025.06.07 13:42;-12;20.625;20.875;21;163;202;0;
7798;2025.06.07 13:43;-12;20.625;20.875;21;164;202;0;
7799;2025.06.07 13:44;-12;20.625;20.875;21;164;202;0;
7800;2025.06.07 13:45;-12;20.625;20.875;21;164;202;0;
7801;2025.06.07 13:46;-12;20.625;20.875;21;164;202;0;
7802;2025.06.07 13:47;-12;20.625;20.875;21;164;202;0;
7803;2025.06.07 13:48;-12;20.625;20.875;21;164;202;0;
7804;2025.06.07 13:49;-12;20.625;20.875;21;164;202;0;
7805;2025.06.07 13:50;-12;20.625;20.9375;21;164;202;0;
7806;2025.06.07 13:51;-12;20.625;20.9375;21;164;202;0;
7807;2025.06.07 13:52;-12;20.625;20.9375;21;164;202;0;
7808;2025.06.07 13:53;-12;20.625;20.9375;21.0625;164;202;0;
7809;2025.06.07 13:54;-12;20.625;20.9375;21;164;202;0;
7810;2025.06.07 13:55;-12;20.625;20.9375;21.0625;164;202;0;
7811;2025.06.07 13:56;-12;20.625;21;21.0625;164;202;0;
7812;2025.06.07 13:57;-12;20.625;21;21.0625;164;202;0;
7813;2025.06.07 13:58;-12;20.6875;21;21.0625;164;202;0;
7814;2025.06.07 13:59;-12;20.6875;21;21.0625;164;202;0;
7815;2025.06.07 14:00;-12;20.6875;21;21.125;164;202;0;
7816;2025.06.07 14:01;-12;20.6875;21;21.125;164;202;0;
7817;2025.06.07 14:02;-12;20.6875;21;21.125;164;202;0;
7818;2025.06.07 14:03;-12;20.6875;21;21.125;164;202;0;
7819;2025.06.07 14:04;-12;20.75;21;21.125;164;202;0;
7820;2025.06.07 14:05;-12;20.75;21;21.125;164;202;0;
7821;2025.06.07 14:06;-12;20.75;21;21.125;164;202;0;
7822;2025.06.07 14:07;-12;20.75;21;21.125;164;202;0;
7823;2025.06.07 14:08;-12;20.75;21;21.125;164;202;0;
7824;2025.06.07 14:09;-12;20.75;21;21.125;164;202;0;
7825;2025.06.07 14:10;-12;20.75;21;21.125;164;202;0;
7826;2025.06.07 14:11;-12;20.75;21;21.125;164;202;0;
7827;2025.06.07 14:12;-12;20.75;21;21.125;164;202;0;
7828;2025.06.07 14:13;-12;20.75;21.0625;21.125;164;202;0;
7829;2025.06.07 14:14;-12;20.75;21.0625;21.125;164;202;0;
7830;2025.06.07 14:15;-12;20.75;21.0625;21.125;164;202;0;
7831;2025.06.07 14:16;-12;20.75;21.0625;21.1875;164;202;0;
7832;2025.06.07 14:17;-12;20.75;21.0625;21.1875;164;202;0;
7833;2025.06.07 14:18;-12;20.75;21.0625;21.1875;164;202;0;
7834;2025.06.07 14:19;-12;20.75;21.0625;21.1875;164;202;0;
7835;2025.06.07 14:20;-12;20.75;21.125;21.1875;164;202;0;
7836;2025.06.07 14:21;-12;20.75;21.125;21.1875;164;202;0;
7837;2025.06.07 14:22;-12;20.75;21.125;21.25;164;202;0;
7838;2025.06.07 14:23;-12;20.8125;21.125;21.25;164;202;0;
7839;2025.06.07 14:24;-12;20.8125;21.125;21.25;164;202;0;
7840;2025.06.07 14:25;-12;20.75;21.125;21.25;164;202;0;
7841;2025.06.07 14:26;-12;20.8125;21.125;21.25;164;202;0;
7842;2025.06.07 14:27;-12;20.8125;21.125;21.25;164;202;0;
7843;2025.06.07 14:28;-12;20.8125;21.125;21.25;164;202;0;
7844;2025.06.07 14:29;-12;20.8125;21.125;21.25;164;202;0;
7845;2025.06.07 14:30;-12;20.8125;21.125;21.25;164;202;0;
7846;2025.06.07 14:31;-12;20.8125;21.125;21.25;164;202;0;
7847;2025.06.07 14:32;-12;20.875;21.125;21.25;164;202;0;
7848;2025.06.07 14:33;-12;20.875;21.125;21.25;164;202;0;
7849;2025.06.07 14:34;-12;20.875;21.125;21.25;164;202;0;
7850;2025.06.07 14:35;-12;20.875;21.125;21.25;164;202;0;
7851;2025.06.07 14:36;-12;20.875;21.125;21.25;164;202;0;
7852;2025.06.07 14:37;-12;20.875;21.125;21.25;164;202;0;
7853;2025.06.07 14:38;-12;20.875;21.125;21.25;164;202;0;
7854;2025.06.07 14:39;-12;20.875;21.125;21.25;164;202;0;
7855;2025.06.07 14:40;-12;20.875;21.1875;21.3125;164;202;0;
7856;2025.06.07 14:41;-12;20.875;21.1875;21.3125;164;202;0;
7857;2025.06.07 14:42;-12;20.875;21.1875;21.3125;164;202;0;
7858;2025.06.07 14:43;-12;20.875;21.1875;21.3125;164;202;0;
7859;2025.06.07 14:44;-12;20.875;21.1875;21.3125;164;202;0;
7860;2025.06.07 14:45;-12;20.875;21.1875;21.3125;164;202;0;
7861;2025.06.07 14:46;-12;20.875;21.1875;21.375;164;202;0;
7862;2025.06.07 14:47;-12;20.875;21.25;21.375;164;202;0;
7863;2025.06.07 14:48;-12;20.875;21.25;21.375;164;202;0;
7864;2025.06.07 14:49;-12;20.875;21.25;21.375;164;202;0;
7865;2025.06.07 14:50;-12;20.875;21.25;21.375;164;202;0;
7866;2025.06.07 14:51;-12;20.875;21.25;21.375;164;202;0;
7867;2025.06.07 14:52;-12;20.875;21.25;21.375;165;202;0;
7868;2025.06.07 14:53;-12;20.9375;21.25;21.375;165;202;0;
7869;2025.06.07 14:54;-12;20.875;21.25;21.375;165;202;0;
7870;2025.06.07 14:55;-12;20.9375;21.25;21.375;165;202;0;
7871;2025.06.07 14:56;-12;20.9375;21.25;21.375;165;202;0;
7872;2025.06.07 14:57;-12;20.9375;21.25;21.375;165;202;0;
7873;2025.06.07 14:58;-12;20.9375;21.25;21.375;165;202;0;
7874;2025.06.07 14:59;-12;20.9375;21.25;21.375;165;202;0;
7875;2025.06.07 15:00;-12;20.9375;21.25;21.375;165;202;0;
7876;2025.06.07 15:01;-12;21;21.25;21.375;165;202;0;
7877;2025.06.07 15:02;-12;21;21.25;21.375;165;202;0;
7878;2025.06.07 15:03;-12;21;21.25;21.4375;165;202;0;
7879;2025.06.07 15:04;-12;21;21.25;21.4375;165;202;0;
7880;2025.06.07 15:05;-12;21;21.25;21.4375;165;202;0;
7881;2025.06.07 15:06;-12;21;21.3125;21.4375;165;202;0;
7882;2025.06.07 15:07;-12;21;21.3125;21.4375;165;202;0;
7883;2025.06.07 15:08;-12;21;21.3125;21.4375;165;202;0;
7884;2025.06.07 15:09;-12;21;21.3125;21.5;165;202;0;
7885;2025.06.07 15:10;-12;21;21.3125;21.5;165;202;0;
7886;2025.06.07 15:11;-12;21;21.375;21.5;165;202;0;
7887;2025.06.07 15:12;-12;21;21.375;21.5;165;202;0;
7888;2025.06.07 15:13;-12;21;21.375;21.5;165;202;0;
7889;2025.06.07 15:14;-12;21;21.375;21.5;165;202;0;
7890;2025.06.07 15:15;-12;21;21.375;21.5;165;202;0;
7891;2025.06.07 15:16;-12;21;21.375;21.5;165;202;0;
7892;2025.06.07 15:17;-12;21;21.375;21.5;165;202;0;
7893;2025.06.07 15:18;-12;21.0625;21.375;21.5;165;202;0;
7894;2025.06.07 15:19;-12;21.0625;21.375;21.5;165;202;0;
7895;2025.06.07 15:20;-12;21.0625;21.375;21.5;165;202;0;
7896;2025.06.07 15:21;-12;21.0625;21.375;21.5;165;202;0;
7897;2025.06.07 15:22;-12;21.0625;21.375;21.5;165;202;0;
7898;2025.06.07 15:23;-12;21.0625;21.375;21.5;165;202;0;
7899;2025.06.07 15:24;-12;21.125;21.375;21.5;165;202;0;
7900;2025.06.07 15:25;-12;21.125;21.375;21.5;165;202;0;
7901;2025.06.07 15:26;-12;21.125;21.375;21.5625;165;202;0;
7902;2025.06.07 15:27;-12;21.125;21.375;21.5625;165;202;0;
7903;2025.06.07 15:28;-12;21.125;21.375;21.5625;165;202;0;
7904;2025.06.07 15:29;-12;21.125;21.375;21.5625;165;202;0;
7905;2025.06.07 15:30;-12;21.125;21.375;21.5625;165;202;0;
7906;2025.06.07 15:31;-12;21.125;21.4375;21.5625;165;202;0;
7907;2025.06.07 15:32;-12;21.125;21.4375;21.5625;165;202;0;
7908;2025.06.07 15:33;-12;21.125;21.4375;21.625;165;202;0;
7909;2025.06.07 15:34;-12;21.125;21.4375;21.625;165;202;0;
7910;2025.06.07 15:35;-12;21.125;21.4375;21.625;165;202;0;
7911;2025.06.07 15:36;-12;21.125;21.5;21.625;165;202;0;
7912;2025.06.07 15:37;-12;21.125;21.5;21.625;165;202;0;
7913;2025.06.07 15:38;-12;21.125;21.5;21.625;165;202;0;
7914;2025.06.07 15:39;-12;21.125;21.5;21.625;165;202;0;
7915;2025.06.07 15:40;-12;21.125;21.5;21.625;165;202;0;
7916;2025.06.07 15:41;-12;21.1875;21.5;21.625;165;202;0;
7917;2025.06.07 15:42;-12;21.1875;21.5;21.625;165;202;0;
7918;2025.06.07 15:43;-12;21.1875;21.5;21.625;165;202;0;
7919;2025.06.07 15:44;-12;21.1875;21.5;21.625;165;202;0;
7920;2025.06.07 15:45;-12;21.1875;21.5;21.625;165;202;0;
7921;2025.06.07 15:46;-12;21.1875;21.5;21.625;165;202;0;
7922;2025.06.07 15:47;-12;21.1875;21.5;21.625;166;202;0;
7923;2025.06.07 15:48;-12;21.25;21.5;21.625;166;202;0;
7924;2025.06.07 15:49;-12;21.25;21.5;21.625;166;202;0;
7925;2025.06.07 15:50;-12;21.25;21.5;21.6875;166;202;0;
7926;2025.06.07 15:51;-12;21.25;21.5;21.6875;166;202;0;
7927;2025.06.07 15:52;-12;21.25;21.5;21.6875;166;202;0;
7928;2025.06.07 15:53;-12;21.25;21.5;21.6875;166;202;0;
7929;2025.06.07 15:54;-12;21.25;21.5625;21.6875;166;202;0;
7930;2025.06.07 15:55;-12;21.25;21.5625;21.75;166;202;0;
7931;2025.06.07 15:56;-12;21.25;21.5625;21.75;166;202;0;
7932;2025.06.07 15:57;-12;21.25;21.5625;21.75;166;202;0;
7933;2025.06.07 15:58;-12;21.25;21.5625;21.75;166;202;0;
7934;2025.06.07 15:59;-12;21.25;21.5625;21.75;166;202;0;
7935;2025.06.07 16:00;-12;21.25;21.5625;21.75;166;202;0;
7936;2025.06.07 16:01;-12;21.25;21.625;21.75;166;202;0;
7937;2025.06.07 16:02;-12;21.25;21.625;21.75;166;202;0;
7938;2025.06.07 16:03;-12;21.25;21.625;21.75;166;202;0;
7939;2025.06.07 16:04;-12;21.25;21.625;21.75;166;202;0;
7940;2025.06.07 16:05;-12;21.25;21.625;21.75;166;202;0;
7941;2025.06.07 16:06;-12;21.25;21.625;21.75;166;202;0;
7942;2025.06.07 16:07;-12;21.25;21.625;21.75;166;202;0;
7943;2025.06.07 16:08;-12;21.3125;21.625;21.75;166;202;0;
7944;2025.06.07 16:09;-12;21.3125;21.625;21.75;166;202;0;
7945;2025.06.07 16:10;-12;21.3125;21.625;21.75;166;202;0;
7946;2025.06.07 16:11;-12;21.3125;21.625;21.75;166;202;0;
7947;2025.06.07 16:12;-12;21.3125;21.625;21.75;166;202;0;
7948;2025.06.07 16:13;-12;21.3125;21.625;21.75;166;202;0;
7949;2025.06.07 16:14;-12;21.3125;21.625;21.75;166;202;0;
7950;2025.06.07 16:15;-12;21.3125;21.625;21.75;166;202;0;
7951;2025.06.07 16:16;-12;21.375;21.625;21.8125;166;202;0;
7952;2025.06.07 16:17;-12;21.375;21.625;21.8125;166;202;0;
7953;2025.06.07 16:18;-12;21.375;21.625;21.8125;166;202;0;
7954;2025.06.07 16:19;-12;21.375;21.625;21.8125;166;202;0;
7955;2025.06.07 16:20;-12;21.375;21.625;21.8125;166;202;0;
7956;2025.06.07 16:21;-12;21.375;21.6875;21.8125;166;202;0;
7957;2025.06.07 16:22;-12;21.375;21.6875;21.8125;166;202;0;
7958;2025.06.07 16:23;-12;21.375;21.6875;21.8125;166;202;0;
7959;2025.06.07 16:24;-12;21.375;21.6875;21.8125;166;202;0;
7960;2025.06.07 16:25;-12;21.375;21.6875;21.8125;166;202;0;
7961;2025.06.07 16:26;-12;21.375;21.6875;21.875;166;202;0;
7962;2025.06.07 16:27;-12;21.375;21.75;21.875;166;202;0;
7963;2025.06.07 16:28;-12;21.375;21.75;21.875;166;202;0;
7964;2025.06.07 16:29;-12;21.375;21.75;21.875;166;202;0;
7965;2025.06.07 16:30;-12;21.375;21.75;21.875;166;202;0;
7966;2025.06.07 16:31;-12;21.375;21.75;21.875;166;202;0;
7967;2025.06.07 16:32;-12;21.375;21.75;21.875;166;202;0;
7968;2025.06.07 16:33;-12;21.375;21.75;21.875;166;202;0;
7969;2025.06.07 16:34;-12;21.375;21.75;21.875;166;202;0;
7970;2025.06.07 16:35;-12;21.375;21.75;21.875;166;202;0;
7971;2025.06.07 16:36;-12;21.375;21.75;21.875;166;202;0;
7972;2025.06.07 16:37;-12;21.375;21.75;21.875;166;202;0;
7973;2025.06.07 16:38;-12;21.4375;21.75;21.875;166;202;0;
7974;2025.06.07 16:39;-12;21.4375;21.75;21.875;166;202;0;
7975;2025.06.07 16:40;-12;21.4375;21.75;21.875;166;202;0;
7976;2025.06.07 16:41;-12;21.4375;21.75;21.875;166;202;0;
7977;2025.06.07 16:42;-12;21.4375;21.75;21.875;166;202;0;
7978;2025.06.07 16:43;-12;21.5;21.75;21.875;166;202;0;
7979;2025.06.07 16:44;-12;21.4375;21.75;21.875;166;202;0;
7980;2025.06.07 16:45;-12;21.5;21.75;21.875;166;202;0;
7981;2025.06.07 16:46;-12;21.5;21.75;21.875;166;202;0;
7982;2025.06.07 16:47;-12;21.5;21.75;21.875;166;202;0;
7983;2025.06.07 16:48;-12;21.5;21.75;21.875;166;202;0;
7984;2025.06.07 16:49;-12;21.5;21.8125;21.875;166;202;0;
7985;2025.06.07 16:50;-12;21.5;21.8125;21.875;166;202;0;
7986;2025.06.07 16:51;-12;21.5;21.8125;21.875;166;202;0;
7987;2025.06.07 16:52;-12;21.5;21.8125;21.875;166;202;0;
7988;2025.06.07 16:53;-12;21.5;21.8125;21.875;166;202;0;
7989;2025.06.07 16:54;-12;21.5;21.8125;21.875;166;202;0;
7990;2025.06.07 16:55;-12;21.5;21.8125;21.875;166;202;0;
7991;2025.06.07 16:56;-12;21.5;21.875;21.9375;166;202;0;
7992;2025.06.07 16:57;-12;21.5;21.8125;21.9375;166;202;0;
7993;2025.06.07 16:58;-12;21.5;21.875;21.9375;167;202;0;
7994;2025.06.07 16:59;-12;21.5;21.875;21.9375;166;202;0;
7995;2025.06.07 17:00;-12;21.5;21.875;21.9375;166;202;0;
7996;2025.06.07 17:01;-12;21.5;21.875;21.9375;167;202;0;
7997;2025.06.07 17:02;-12;21.5;21.875;22;167;202;0;
7998;2025.06.07 17:03;-12;21.5;21.875;22;167;202;0;
7999;2025.06.07 17:04;-12;21.5;21.875;22;167;202;0;
8000;2025.06.07 17:05;-12;21.5;21.875;22;167;202;0;
8001;2025.06.07 17:06;-12;21.5;21.875;22;167;202;0;
8002;2025.06.07 17:07;-12;21.5;21.875;22;167;202;0;
8003;2025.06.07 17:08;-12;21.5;21.875;22;167;202;0;
8004;2025.06.07 17:09;-12;21.5;21.875;22;167;202;0;
8005;2025.06.07 17:10;-12;21.5;21.875;22;167;202;0;
8006;2025.06.07 17:11;-12;21.5;21.875;22;167;202;0;
8007;2025.06.07 17:12;-12;21.5;21.875;22;167;202;0;
8008;2025.06.07 17:13;-12;21.5625;21.875;22;167;202;0;
8009;2025.06.07 17:14;-12;21.5625;21.875;22;167;202;0;
8010;2025.06.07 17:15;-12;21.5625;21.875;22;167;202;0;
8011;2025.06.07 17:16;-12;21.5625;21.875;22;167;202;0;
8012;2025.06.07 17:17;-12;21.5625;21.875;22;167;202;0;
8013;2025.06.07 17:18;-12;21.5625;21.875;22;167;202;0;
8014;2025.06.07 17:19;-12;21.625;21.875;22;167;202;0;
8015;2025.06.07 17:20;-12;21.625;21.875;22;167;202;0;
8016;2025.06.07 17:21;-12;21.625;21.875;22;167;202;0;
8017;2025.06.07 17:22;-12;21.625;21.875;22;167;202;0;
8018;2025.06.07 17:23;-12;21.625;21.875;22;167;202;0;
8019;2025.06.07 17:24;-12;21.625;21.9375;22;167;202;0;
8020;2025.06.07 17:25;-12;21.625;21.9375;22;167;202;0;
8021;2025.06.07 17:26;-12;21.625;21.9375;22;167;202;0;
8022;2025.06.07 17:27;-12;21.625;21.9375;22;167;202;0;
8023;2025.06.07 17:28;-12;21.625;21.9375;22;167;202;0;
8024;2025.06.07 17:29;-12;21.625;21.9375;22;167;202;0;
8025;2025.06.07 17:30;-12;21.625;21.9375;22;167;202;0;
8026;2025.06.07 17:31;-12;21.625;21.9375;22;167;202;0;
8027;2025.06.07 17:32;-12;21.625;21.9375;22;167;202;0;
8028;2025.06.07 17:33;-12;21.625;22;22;167;202;0;
8029;2025.06.07 17:34;-12;21.625;22;22;167;202;0;
8030;2025.06.07 17:35;-12;21.625;22;22;167;202;0;
8031;2025.06.07 17:36;-12;21.625;22;22;167;202;0;
8032;2025.06.07 17:37;-12;21.625;22;22;167;202;0;
8033;2025.06.07 17:38;-12;21.625;22;22;167;202;0;
8034;2025.06.07 17:39;-12;21.625;22;22;167;202;0;
8035;2025.06.07 17:40;-12;21.625;22;22;167;202;0;
8036;2025.06.07 17:41;-12;21.625;22;22;167;202;0;
8037;2025.06.07 17:42;-12;21.625;22;22;167;202;0;
8038;2025.06.07 17:43;-12;21.625;22;22.0625;167;202;0;
8039;2025.06.07 17:44;-12;21.625;22;22.0625;167;202;0;
8040;2025.06.07 17:45;-12;21.625;22;22.0625;167;202;0;
8041;2025.06.07 17:46;-12;21.625;22;22.0625;167;202;0;
8042;2025.06.07 17:47;-12;21.625;22;22.0625;167;202;0;
8043;2025.06.07 17:48;-12;21.625;22;22.0625;167;202;0;
8044;2025.06.07 17:49;-12;21.625;22;22.0625;167;202;0;
8045;2025.06.07 17:50;-12;22.125;22.125;22.3125;169;202;0;
8046;2025.06.07 17:51;-12;23.9375;22.5;23;173;202;0;
8047;2025.06.07 17:52;-12;24.875;22.875;23.625;175;202;0;
8048;2025.06.07 17:53;-12;25.5;23.25;24;177;202;0;
8049;2025.06.07 17:54;-12;25.75;23.5;24.1875;177;202;0;
8050;2025.06.07 17:55;-12;26.125;23.8125;24.5;179;202;0;
8051;2025.06.07 17:56;-12;26.5;24.125;24.875;180;202;0;
8052;2025.06.07 17:57;-12;26.375;24.375;25.125;180;202;0;
8053;2025.06.07 17:58;-12;26.4375;24.625;25.25;250;202;0;
8054;2025.06.07 17:59;-12;26.8125;25.125;25.5625;190;202;0;
8055;2025.06.07 18:00;-12;27.3125;25.5;26.125;197;202;0;
8056;2025.06.07 18:01;-12;27.6875;26.3125;27;315;202;0;
8057;2025.06.07 18:02;-12;28.125;27.125;27.875;190;202;0;
8058;2025.06.07 18:03;-12;28;27.1875;28.625;200;202;0;
8059;2025.06.07 18:04;-12;28.25;27.625;28.5;180;202;0;
8060;2025.06.07 18:05;-12;28;27.5625;28.375;204;202;0;
8061;2025.06.07 18:06;-12;28;27.625;28.25;183;202;0;
8062;2025.06.07 18:07;-12;27.875;27.625;28;183;202;0;
8063;2025.06.07 18:08;-12;28.5;27.625;28.375;359;202;0;
8064;2025.06.07 18:09;-12;33.5;27.75;28.375;550;202;0;
8065;2025.06.07 18:10;-12;34.5625;27.75;28.125;669;202;0;
8066;2025.06.07 18:11;-12;35.125;27.6875;28.125;714;202;0;
8067;2025.06.07 18:12;-12;35.375;27.625;27.875;696;202;0;
8068;2025.06.07 18:13;-12;35.5;27.5;27.625;695;202;0;
8069;2025.06.07 18:14;-12;35.5;27.4375;27.5;918;202;0;
8070;2025.06.07 18:15;-12;35.5;27.375;27.5;772;202;0;
8071;2025.06.07 18:16;-12;35.5625;27.25;27.375;1024;202;0;
8072;2025.06.07 18:17;-12;36;27.125;27.1875;1216;202;0;
8073;2025.06.07 18:18;-12;36.5;27.0625;27.0625;1305;202;0;
8074;2025.06.07 18:19;-12;35.75;27;26.875;1560;202;0;
8075;2025.06.07 18:20;-12;33.625;26.875;26.75;1787;202;0;
8076;2025.06.07 18:21;-12;31.875;26.75;26.5625;2010;202;0;
8077;2025.06.07 18:22;-12;30.5;26.625;26.375;2253;202;0;
8078;2025.06.07 18:23;-12;29.125;26.5625;26.25;2458;202;0;
8079;2025.06.07 18:24;-12;28.125;26.5;26.25;2535;202;0;
8080;2025.06.07 18:25;-12;27.125;26.375;26.25;2687;202;0;
8081;2025.06.07 18:26;-12;26.625;26.375;26.1875;2797;202;0;
8082;2025.06.07 18:27;-12;26.375;26.375;26.25;2902;202;0;
8083;2025.06.07 18:28;-12;26.25;26.375;26.375;3069;202;0;
8084;2025.06.07 18:29;-12;26.1875;26.3125;26.375;3133;202;0;
8085;2025.06.07 18:30;-12;26;26.25;26.3125;3172;202;0;
8086;2025.06.07 18:31;-12;25.875;26.25;26.25;3243;202;0;
8087;2025.06.07 18:32;-12;25.75;26.125;26.1875;3210;202;0;
8088;2025.06.07 18:33;-12;24;26.125;26.625;180;202;0;
8089;2025.06.07 18:34;-12;23.5;26.125;27;188;202;0;
8090;2025.06.07 18:35;-12;24.6875;26.125;27.125;188;202;0;
8091;2025.06.07 18:36;-12;25.375;26.125;27;189;202;0;
8092;2025.06.07 18:37;-12;25.875;26.25;26.9375;190;202;0;
8093;2025.06.07 18:38;-12;26.1875;26.25;26.875;190;202;0;
8094;2025.06.07 18:39;-12;29.4375;26.3125;27.625;497;202;0;
8095;2025.06.07 18:40;-12;32.125;26.375;27.3125;537;202;0;
8096;2025.06.07 18:41;-12;33.4375;26.4375;27;567;202;0;
8097;2025.06.07 18:42;-12;34.1875;26.5;26.8125;571;202;0;
8098;2025.06.07 18:43;-12;34.625;26.5625;26.625;1185;202;0;
8099;2025.06.07 18:44;-12;34.9375;26.5625;26.5;1037;202;0;
8100;2025.06.07 18:45;-12;35.25;26.5;26.375;1161;202;0;
8101;2025.06.07 18:46;-12;35.5;26.5;26.375;1356;202;0;
8102;2025.06.07 18:47;-12;35.875;26.5;26.375;1431;202;0;
8103;2025.06.07 18:48;-12;36.25;26.375;26.375;1492;202;0;
8104;2025.06.07 18:49;-12;37.25;26.3125;26.25;1579;202;0;
8105;2025.06.07 18:50;-12;37.375;26.25;26.1875;1679;202;0;
8106;2025.06.07 18:51;-12;36.625;26.125;26;1763;202;0;
8107;2025.06.07 18:52;-12;35.8125;26;25.875;1905;202;0;
8108;2025.06.07 18:53;-12;35;25.9375;25.75;1977;202;0;
8109;2025.06.07 18:54;-12;34.875;25.875;25.75;2120;202;0;
8110;2025.06.07 18:55;-12;35.5625;25.75;25.75;2259;202;0;
8111;2025.06.07 18:56;-12;35.8125;25.625;25.8125;2494;202;0;
8112;2025.06.07 18:57;-12;35.9375;25.5;25.75;2679;202;0;
8113;2025.06.07 18:58;-12;34.4375;25.4375;25.75;2820;202;0;
8114;2025.06.07 18:59;-12;33.0625;25.375;25.75;2915;202;0;
8115;2025.06.07 19:00;-12;32;25.25;25.75;3010;202;0;
8116;2025.06.07 19:01;-12;31.125;25.25;25.75;3078;202;0;
8117;2025.06.07 19:02;-12;27.0625;25.25;25.75;181;202;0;
8118;2025.06.07 19:03;-12;26.5625;25.375;26.0625;178;202;0;
8119;2025.06.07 19:04;-12;26.25;25.5;26.25;179;202;0;
8120;2025.06.07 19:05;-12;26;25.625;26.375;179;202;0;
8121;2025.06.07 19:06;-12;25.875;25.75;26.5;179;202;0;
8122;2025.06.07 19:07;-12;25.875;25.8125;26.5;178;202;0;
8123;2025.06.07 19:08;-12;26;25.8125;27.25;617;202;0;
8124;2025.06.07 19:09;-12;32.0625;25.8125;29.125;696;202;0;
8125;2025.06.07 19:10;-12;35.375;25.875;28.5625;850;202;0;
8126;2025.06.07 19:11;-12;36.5;25.9375;28;925;202;0;
8127;2025.06.07 19:12;-12;37;26.125;27.5625;947;202;0;
8128;2025.06.07 19:13;-12;37.25;26.25;27.25;944;202;0;
8129;2025.06.07 19:14;-12;37.3125;26.375;26.875;943;202;0;
8130;2025.06.07 19:15;-12;37.25;26.5;26.75;1173;202;0;
8131;2025.06.07 19:16;-12;37.0625;26.625;26.5;1286;202;0;
8132;2025.06.07 19:17;-12;36.875;26.5625;26.375;1473;202;0;
8133;2025.06.07 19:18;-12;36.625;26.5;26.25;1671;202;0;
8134;2025.06.07 19:19;-12;36.375;26.5;26.125;1850;202;0;
8135;2025.06.07 19:20;-12;36.0625;26.375;26.125;2031;202;0;
8136;2025.06.07 19:21;-12;36.0625;26.3125;26;2262;202;0;
8137;2025.06.07 19:22;-12;36.625;26.25;26;2391;202;0;
8138;2025.06.07 19:23;-12;35.1875;26.125;26;2542;202;0;
8139;2025.06.07 19:24;-12;33.875;26;25.875;2662;202;0;
8140;2025.06.07 19:25;-12;32.625;25.875;25.875;2770;202;0;
8141;2025.06.07 19:26;-12;31.625;25.875;25.875;2898;202;0;
8142;2025.06.07 19:27;-12;30.75;25.8125;25.9375;3045;202;0;
8143;2025.06.07 19:28;-12;30.1875;25.75;26;3154;202;0;
8144;2025.06.07 19:29;-12;29.75;25.75;26;3166;202;0;
8145;2025.06.07 19:30;-12;29.375;25.6875;26;3173;202;0;
8146;2025.06.07 19:31;-12;29;25.625;26;3177;202;0;
8147;2025.06.07 19:32;-12;28.625;25.625;26;3182;202;0;
8148;2025.06.07 19:33;-12;28.375;25.5;25.9375;3183;202;0;
8149;2025.06.07 19:34;-12;24.1875;25.5;26.375;231;202;0;
8150;2025.06.07 19:35;-12;21.625;25.375;26.5;179;202;0;
8151;2025.06.07 19:36;-12;23.8125;26.4375;26.75;188;202;0;
8152;2025.06.07 19:37;-12;24.4375;27.625;26.625;173;202;0;
8153;2025.06.07 19:38;-12;25.125;28.75;26.375;172;202;0;
8154;2025.06.07 19:39;-12;25.5;28.625;26.3125;195;202;0;
8155;2025.06.07 19:40;-12;25.625;28.625;26.25;174;202;0;
8156;2025.06.07 19:41;-12;25.625;28.375;26.125;188;202;0;
8157;2025.06.07 19:42;-12;25.5;28;26;187;202;0;
8158;2025.06.07 19:43;-12;25.5625;27.75;25.875;187;202;0;
8159;2025.06.07 19:44;-12;25.5625;27.4375;25.75;186;202;0;
8160;2025.06.07 19:45;-12;25.5;27.125;25.6875;188;202;0;
8161;2025.06.07 19:46;-12;25.25;26.875;25.5;181;202;0;
8162;2025.06.07 19:47;-12;24.6875;26.5;25.1875;180;202;0;
8163;2025.06.07 19:48;-12;24.25;26.125;24.875;179;202;0;
8164;2025.06.07 19:49;-12;23.875;25.875;24.625;178;202;0;
8165;2025.06.07 19:50;-12;23.5;25.625;24.375;177;202;0;
8166;2025.06.07 19:51;-12;23.25;25.4375;24.125;176;202;0;
8167;2025.06.07 19:52;-12;23.125;25.25;23.875;175;202;0;
8168;2025.06.07 19:53;-12;23;25.0625;23.75;175;202;0;
8169;2025.06.07 19:54;-12;22.875;24.875;23.625;174;202;0;
8170;2025.06.07 19:55;-12;22.75;24.75;23.5;174;202;0;
8171;2025.06.07 19:56;-12;22.6875;24.625;23.375;173;202;0;
8172;2025.06.07 19:57;-12;22.625;24.5;23.25;173;202;0;
8173;2025.06.07 19:58;-12;22.5625;24.375;23.1875;173;202;0;
8174;2025.06.07 19:59;-12;22.5;24.25;23.125;172;202;0;
8175;2025.06.07 20:00;-12;22.5;24.125;23;172;202;0;
8176;2025.06.07 20:01;-12;22.4375;24;23;172;202;0;
8177;2025.06.07 20:02;-12;22.375;23.875;22.875;171;202;0;
8178;2025.06.07 20:03;-12;22.375;23.8125;22.875;171;202;0;
8179;2025.06.07 20:04;-12;22.375;23.75;22.8125;171;202;0;
8180;2025.06.07 20:05;-12;22.375;23.625;22.75;171;202;0;
8181;2025.06.07 20:06;-12;22.3125;23.5625;22.75;170;202;0;
8182;2025.06.07 20:07;-12;22.3125;23.5;22.6875;170;202;0;
8183;2025.06.07 20:08;-12;22.3125;23.4375;22.625;170;202;0;
8184;2025.06.07 20:09;-12;22.25;23.375;22.625;170;202;0;
8185;2025.06.07 20:10;-12;22.25;23.3125;22.625;170;202;0;
8186;2025.06.07 20:11;-12;22.25;23.25;22.5625;170;202;0;
8187;2025.06.07 20:12;-12;22.25;23.1875;22.5625;169;202;0;
8188;2025.06.07 20:13;-12;22.25;23.125;22.5;169;202;0;
8189;2025.06.07 20:14;-12;22.25;23.125;22.5;169;202;0;
8190;2025.06.07 20:15;-12;22.1875;23.0625;22.5;169;202;0;
8191;2025.06.07 20:16;-12;22.125;23;22.5;169;202;0;
8192;2025.06.07 20:17;-12;22.125;23;22.4375;169;202;0;
8193;2025.06.07 20:18;-12;22.125;22.9375;22.375;169;202;0;
8194;2025.06.07 20:19;-12;22.125;22.875;22.375;169;202;0;
8195;2025.06.07 20:20;-12;22.125;22.875;22.375;168;202;0;
8196;2025.06.07 20:21;-12;22.0625;22.8125;22.375;168;202;0;
8197;2025.06.07 20:22;-12;22.0625;22.75;22.375;168;202;0;
8198;2025.06.07 20:23;-12;22.0625;22.75;22.3125;168;202;0;
8199;2025.06.07 20:24;-12;22.0625;22.75;22.3125;168;202;0;
8200;2025.06.07 20:25;-12;22;22.6875;22.25;168;202;0;
8201;2025.06.07 20:26;-12;22;22.625;22.25;168;202;0;
8202;2025.06.07 20:27;-12;22;22.625;22.25;168;202;0;
8203;2025.06.07 20:28;-12;22;22.625;22.25;168;202;0;
8204;2025.06.07 20:29;-12;22;22.625;22.25;168;202;0;
8205;2025.06.07 20:30;-12;22;22.5625;22.25;168;202;0;
8206;2025.06.07 20:31;-12;22;22.5;22.25;168;202;0;
8207;2025.06.07 20:32;-12;22;22.5;22.1875;168;202;0;
8208;2025.06.07 20:33;-12;22;22.5;22.1875;167;202;0;
8209;2025.06.07 20:34;-12;22;22.5;22.1875;167;202;0;
8210;2025.06.07 20:35;-12;21.9375;22.5;22.125;167;202;0;
8211;2025.06.07 20:36;-12;21.9375;22.4375;22.125;167;202;0;
8212;2025.06.07 20:37;-12;22;22.375;22.125;167;202;0;
8213;2025.06.07 20:38;-12;22;22.375;22.125;167;202;0;
8214;2025.06.07 20:39;-12;22;22.375;22.125;167;202;0;
8215;2025.06.07 20:40;-12;22;22.375;22.125;167;202;0;
8216;2025.06.07 20:41;-12;22;22.375;22.125;167;202;0;
8217;2025.06.07 20:42;-12;22;22.375;22.125;167;202;0;
8218;2025.06.07 20:43;-12;22;22.375;22.125;167;202;0;
8219;2025.06.07 20:44;-12;21.9375;22.375;22.125;167;202;0;
8220;2025.06.07 20:45;-12;21.875;22.3125;22.125;167;202;0;
8221;2025.06.07 20:46;-12;21.875;22.3125;22.125;167;202;0;
8222;2025.06.07 20:47;-12;21.875;22.25;22.125;167;202;0;
8223;2025.06.07 20:48;-12;21.8125;22.25;22.0625;167;202;0;
8224;2025.06.07 20:49;-12;21.75;22.25;22.0625;167;202;0;
8225;2025.06.07 20:50;-12;21.75;22.25;22;166;202;0;
8226;2025.06.07 20:51;-12;21.6875;22.25;22;166;202;0;
8227;2025.06.07 20:52;-12;21.625;22.125;22;166;202;0;
8228;2025.06.07 20:53;-12;21.625;22.125;21.9375;166;202;0;
8229;2025.06.07 20:54;-12;21.5;22.125;21.875;166;202;0;
8230;2025.06.07 20:55;-12;21.5;22.125;21.875;166;202;0;
8231;2025.06.07 20:56;-12;21.5;22.0625;21.875;166;202;0;
8232;2025.06.07 20:57;-12;21.5;22.0625;21.875;166;202;0;
8233;2025.06.07 20:58;-12;21.375;22;21.8125;165;202;0;
8234;2025.06.07 20:59;-12;21.375;22;21.75;165;202;0;
8235;2025.06.07 21:00;-12;21.3125;21.9375;21.75;165;202;0;
8236;2025.06.07 21:01;-12;21.25;21.875;21.6875;165;202;0;
8237;2025.06.07 21:02;-12;21.25;21.875;21.625;165;202;0;
8238;2025.06.07 21:03;-12;21.1875;21.875;21.625;165;202;0;
8239;2025.06.07 21:04;-12;21.125;21.8125;21.625;164;202;0;
8240;2025.06.07 21:05;-12;21.125;21.75;21.625;164;202;0;
8241;2025.06.07 21:06;-12;21.125;21.75;21.5625;164;202;0;
8242;2025.06.07 21:07;-12;21.125;21.75;21.5;164;202;0;
8243;2025.06.07 21:08;-12;21.125;21.75;21.5;164;202;0;
8244;2025.06.07 21:09;-12;21;21.6875;21.5;164;202;0;
8245;2025.06.07 21:10;-12;20.9375;21.625;21.375;164;202;0;
8246;2025.06.07 21:11;-12;20.875;21.625;21.375;163;202;0;
8247;2025.06.07 21:12;-12;20.75;21.5625;21.25;163;202;0;
8248;2025.06.07 21:13;-12;20.625;21.5;21.25;163;202;0;
8249;2025.06.07 21:14;-12;20.625;21.5;21.125;163;202;0;
8250;2025.06.07 21:15;-12;20.5625;21.4375;21.125;163;202;0;
8251;2025.06.07 21:16;-12;20.5;21.375;21.0625;162;202;0;
8252;2025.06.07 21:17;-12;20.5;21.375;21;162;202;0;
8253;2025.06.07 21:18;-12;20.5;21.3125;21;162;202;0;
8254;2025.06.07 21:19;-12;20.5;21.25;21;162;202;0;
8255;2025.06.07 21:20;-12;20.5;21.25;21;162;202;0;
8256;2025.06.07 21:21;-12;20.5;21.1875;20.9375;162;202;0;
8257;2025.06.07 21:22;-12;20.5;21.1875;20.9375;162;202;0;
8258;2025.06.07 21:23;-12;20.5;21.125;20.9375;162;202;0;
8259;2025.06.07 21:24;-12;20.5;21.125;20.875;162;202;0;
8260;2025.06.07 21:25;-12;20.5;21.125;20.875;162;202;0;
8261;2025.06.07 21:26;-12;20.375;21.0625;20.875;162;202;0;
8262;2025.06.07 21:27;-12;20.3125;21;20.8125;161;202;0;
8263;2025.06.07 21:28;-12;20.25;21;20.75;161;202;0;
8264;2025.06.07 21:29;-12;20.1875;21;20.75;161;202;0;
8265;2025.06.07 21:30;-12;20.125;20.875;20.6875;161;202;0;
8266;2025.06.07 21:31;-12;20.0625;20.875;20.6875;161;202;0;
8267;2025.06.07 21:32;-12;20;20.8125;20.625;160;202;0;
8268;2025.06.07 21:33;-12;20;20.75;20.625;160;202;0;
8269;2025.06.07 21:34;-12;20;20.75;20.5625;160;202;0;
8270;2025.06.07 21:35;-12;19.9375;20.75;20.5;160;202;0;
8271;2025.06.07 21:36;-12;19.9375;20.6875;20.5;160;202;0;
8272;2025.06.07 21:37;-12;19.9375;20.625;20.5;160;202;0;
8273;2025.06.07 21:38;-12;19.9375;20.625;20.5;160;202;0;
8274;2025.06.07 21:39;-12;19.9375;20.625;20.5;160;202;0;
8275;2025.06.07 21:40;-12;19.875;20.625;20.4375;160;202;0;
8276;2025.06.07 21:41;-12;19.875;20.5625;20.375;160;202;0;
8277;2025.06.07 21:42;-12;19.9375;20.5;20.375;160;202;0;
8278;2025.06.07 21:43;-12;19.9375;20.5;20.375;160;202;0;
8279;2025.06.07 21:44;-12;19.9375;20.5;20.375;160;202;0;
8280;2025.06.07 21:45;-12;19.875;20.5;20.375;160;202;0;
8281;2025.06.07 21:46;-12;19.875;20.5;20.375;160;202;0;
8282;2025.06.07 21:47;-12;19.875;20.5;20.3125;159;202;0;
8283;2025.06.07 21:48;-12;19.75;20.4375;20.25;159;202;0;
8284;2025.06.07 21:49;-12;19.75;20.375;20.25;159;202;0;
8285;2025.06.07 21:50;-12;19.75;20.375;20.25;159;202;0;
8286;2025.06.07 21:51;-12;19.625;20.375;20.25;159;202;0;
8287;2025.06.07 21:52;-12;19.625;20.3125;20.125;159;202;0;
8288;2025.06.07 21:53;-12;19.75;20.25;20.25;159;202;0;
8289;2025.06.07 21:54;-12;19.875;20.25;20.25;159;202;0;
8290;2025.06.07 21:55;-12;19.875;20.25;20.25;159;202;0;
8291;2025.06.07 21:56;-12;19.75;20.25;20.1875;159;202;0;
8292;2025.06.07 21:57;-12;19.75;20.25;20.125;159;202;0;
8293;2025.06.07 21:58;-12;19.6875;20.25;20.125;159;202;0;
8294;2025.06.07 21:59;-12;19.6875;20.1875;20.0625;159;202;0;
8295;2025.06.07 22:00;-12;19.75;20.1875;20;159;202;0;
8296;2025.06.07 22:01;-12;19.875;20.1875;20.0625;159;202;0;
8297;2025.06.07 22:02;-12;20;20.1875;20.125;160;202;0;
8298;2025.06.07 22:03;-12;20.125;20.25;20.1875;160;202;0;
8299;2025.06.07 22:04;-12;20.25;20.25;20.25;160;202;0;
8300;2025.06.07 22:05;-12;20.3125;20.25;20.3125;160;202;0;
8301;2025.06.07 22:06;-12;20.375;20.375;20.375;161;202;0;
8302;2025.06.07 22:07;-12;20.5;20.375;20.4375;161;202;0;
8303;2025.06.07 22:08;-12;20.5625;20.375;20.5;161;202;0;
8304;2025.06.07 22:09;-12;20.625;20.4375;20.5625;161;202;0;
8305;2025.06.07 22:10;-12;20.6875;20.5;20.625;161;202;0;
8306;2025.06.07 22:11;-12;20.75;20.5;20.625;161;202;0;
8307;2025.06.07 22:12;-12;20.75;20.5625;20.75;162;202;0;
8308;2025.06.07 22:13;-12;20.8125;20.625;20.75;162;202;0;
8309;2025.06.07 22:14;-12;20.875;20.625;20.75;162;202;0;
8310;2025.06.07 22:15;-12;20.875;20.625;20.875;162;202;0;
8311;2025.06.07 22:16;-12;20.875;20.6875;20.875;162;202;0;
8312;2025.06.07 22:17;-12;20.875;20.75;20.875;162;202;0;
8313;2025.06.07 22:18;-12;20.9375;20.75;20.875;162;202;0;
8314;2025.06.07 22:19;-12;21;20.75;20.9375;162;202;0;
8315;2025.06.07 22:20;-12;21;20.8125;21;162;202;0;
8316;2025.06.07 22:21;-12;21;20.875;21;163;202;0;
8317;2025.06.07 22:22;-12;21;20.875;21;163;202;0;
8318;2025.06.07 22:23;-12;21;20.875;21;163;202;0;
8319;2025.06.07 22:24;-12;21.0625;20.875;21;163;202;0;
8320;2025.06.07 22:25;-12;21.0625;20.9375;21.0625;163;202;0;
8321;2025.06.07 22:26;-12;21.125;20.9375;21.0625;163;202;0;
8322;2025.06.07 22:27;-12;21.125;21;21.125;163;202;0;
8323;2025.06.07 22:28;-12;21.125;21;21.125;163;202;0;
8324;2025.06.07 22:29;-12;21.125;21;21.125;163;202;0;
8325;2025.06.07 22:30;-12;21.125;21;21.125;163;202;0;
8326;2025.06.07 22:31;-12;21.125;21.0625;21.125;163;202;0;
8327;2025.06.07 22:32;-12;21.125;21.0625;21.125;163;202;0;
8328;2025.06.07 22:33;-12;21.125;21.125;21.1875;163;202;0;
8329;2025.06.07 22:34;-12;21.125;21.125;21.1875;163;202;0;
8330;2025.06.07 22:35;-12;21.125;21.125;21.1875;163;202;0;
8331;2025.06.07 22:36;-12;21.1875;21.125;21.25;163;202;0;
8332;2025.06.07 22:37;-12;21.1875;21.125;21.25;163;202;0;
8333;2025.06.07 22:38;-12;21.1875;21.125;21.25;164;202;0;
8334;2025.06.07 22:39;-12;21.1875;21.1875;21.25;164;202;0;
8335;2025.06.07 22:40;-12;21.25;21.1875;21.25;164;202;0;
8336;2025.06.07 22:41;-12;21.25;21.25;21.25;164;202;0;
8337;2025.06.07 22:42;-12;21.25;21.25;21.25;164;202;0;
8338;2025.06.07 22:43;-12;21.25;21.25;21.25;164;202;0;
8339;2025.06.07 22:44;-12;21.25;21.25;21.25;164;202;0;
8340;2025.06.07 22:45;-12;21.25;21.25;21.25;164;202;0;
8341;2025.06.07 22:46;-12;21.25;21.25;21.25;164;202;0;
8342;2025.06.07 22:47;-12;21.25;21.25;21.25;164;202;0;
8343;2025.06.07 22:48;-12;21.25;21.25;21.25;164;202;0;
8344;2025.06.07 22:49;-12;21.25;21.3125;21.25;164;202;0;
8345;2025.06.07 22:50;-12;21.25;21.3125;21.25;164;202;0;
8346;2025.06.07 22:51;-12;21.25;21.3125;21.3125;164;202;0;
8347;2025.06.07 22:52;-12;21.25;21.375;21.3125;164;202;0;
8348;2025.06.07 22:53;-12;21.25;21.375;21.3125;164;202;0;
8349;2025.06.07 22:54;-12;21.25;21.375;21.3125;164;202;0;
8350;2025.06.07 22:55;-12;21.25;21.375;21.3125;164;202;0;
8351;2025.06.07 22:56;-12;21.25;21.375;21.375;164;202;0;
8352;2025.06.07 22:57;-12;21.25;21.375;21.375;164;202;0;
8353;2025.06.07 22:58;-12;21.25;21.375;21.375;164;202;0;
8354;2025.06.07 22:59;-12;21.25;21.375;21.375;164;202;0;
8355;2025.06.07 23:00;-12;21.25;21.375;21.375;164;202;0;
8356;2025.06.07 23:01;-12;21.25;21.375;21.375;164;202;0;
8357;2025.06.07 23:02;-12;21.25;21.375;21.375;164;202;0;
8358;2025.06.07 23:03;-12;21.25;21.375;21.375;164;202;0;
8359;2025.06.07 23:04;-12;21.25;21.375;21.375;164;202;0;
8360;2025.06.07 23:05;-12;21.25;21.375;21.375;164;202;0;
8361;2025.06.07 23:06;-12;21.25;21.375;21.375;164;202;0;
8362;2025.06.07 23:07;-12;21.25;21.375;21.375;164;202;0;
8363;2025.06.07 23:08;-12;21.25;21.375;21.375;164;202;0;
8364;2025.06.07 23:09;-12;21.25;21.4375;21.375;164;202;0;
8365;2025.06.07 23:10;-12;21.25;21.4375;21.375;164;202;0;
8366;2025.06.07 23:11;-12;21.25;21.4375;21.375;164;202;0;
8367;2025.06.07 23:12;-12;21.25;21.4375;21.375;164;202;0;
8368;2025.06.07 23:13;-12;21.25;21.4375;21.375;164;202;0;
8369;2025.06.07 23:14;-12;21.25;21.4375;21.375;164;202;0;
8370;2025.06.07 23:15;-12;21.25;21.4375;21.375;164;202;0;
8371;2025.06.07 23:16;-12;21.25;21.4375;21.375;164;202;0;
8372;2025.06.07 23:17;-12;21.25;21.4375;21.3125;164;202;0;
8373;2025.06.07 23:18;-12;21.25;21.4375;21.375;164;202;0;
8374;2025.06.07 23:19;-12;21.25;21.4375;21.3125;164;202;0;
8375;2025.06.07 23:20;-12;21.25;21.4375;21.375;164;202;0;
8376;2025.06.07 23:21;-12;21.1875;21.4375;21.3125;164;202;0;
8377;2025.06.07 23:22;-12;21.1875;21.4375;21.3125;164;202;0;
8378;2025.06.07 23:23;-12;21.1875;21.4375;21.3125;164;202;0;
8379;2025.06.07 23:24;-12;21.25;21.4375;21.3125;164;202;0;
8380;2025.06.07 23:25;-12;21.1875;21.4375;21.3125;164;202;0;
8381;2025.06.07 23:26;-12;21.25;21.4375;21.3125;164;202;0;
8382;2025.06.07 23:27;-12;21.1875;21.4375;21.3125;164;202;0;
8383;2025.06.07 23:28;-12;21.1875;21.4375;21.3125;164;202;0;
8384;2025.06.07 23:29;-12;21.1875;21.4375;21.3125;164;202;0;
8385;2025.06.07 23:30;-12;21.1875;21.4375;21.3125;164;202;0;
8386;2025.06.07 23:31;-12;21.1875;21.4375;21.3125;164;202;0;
8387;2025.06.07 23:32;-12;21.1875;21.4375;21.3125;164;202;0;
8388;2025.06.07 23:33;-12;21.1875;21.4375;21.3125;164;202;0;
8389;2025.06.07 23:34;-12;21.1875;21.4375;21.3125;164;202;0;
8390;2025.06.07 23:35;-12;21.1875;21.4375;21.3125;164;202;0;
8391;2025.06.07 23:36;-12;21.125;21.4375;21.3125;164;202;0;
8392;2025.06.07 23:37;-12;21.125;21.4375;21.3125;164;202;0;
8393;2025.06.07 23:38;-12;21.125;21.4375;21.25;164;202;0;
8394;2025.06.07 23:39;-12;21.125;21.4375;21.25;164;202;0;
8395;2025.06.07 23:40;-12;21.125;21.4375;21.25;164;202;0;
8396;2025.06.07 23:41;-12;21.125;21.4375;21.25;164;202;0;
8397;2025.06.07 23:42;-12;21.125;21.4375;21.25;164;202;0;
8398;2025.06.07 23:43;-12;21.125;21.4375;21.25;164;202;0;
8399;2025.06.07 23:44;-12;21.125;21.4375;21.25;164;202;0;
8400;2025.06.07 23:45;-12;21.125;21.4375;21.25;164;202;0;
8401;2025.06.07 23:46;-12;21.125;21.375;21.25;164;202;0;
8402;2025.06.07 23:47;-12;21.125;21.375;21.25;164;202;0;
8403;2025.06.07 23:48;-12;21.125;21.375;21.25;164;202;0;
8404;2025.06.07 23:49;-12;21.125;21.375;21.25;164;202;0;
8405;2025.06.07 23:50;-12;21.125;21.375;21.25;164;202;0;
8406;2025.06.07 23:51;-12;21.125;21.375;21.25;164;202;0;
8407;2025.06.07 23:52;-12;21.125;21.375;21.25;164;202;0;
8408;2025.06.07 23:53;-12;21.125;21.375;21.25;164;202;0;
8409;2025.06.07 23:54;-12;21.125;21.375;21.25;164;202;0;
8410;2025.06.07 23:55;-12;21.125;21.375;21.25;164;202;0;
8411;2025.06.07 23:56;-12;20.875;21.375;21.1875;163;202;0;
8412;2025.06.07 23:57;-12;20.25;21.3125;20.9375;161;202;0;
8413;2025.06.07 23:58;-12;20.25;21.25;20.8125;162;202;0;
8414;2025.06.07 23:59;-12;20.25;21.125;20.75;162;202;0;
8415;2025.06.08 00:00;-12;20.375;21.125;20.75;162;202;0;
8416;2025.06.08 00:01;-12;20.4375;21.125;20.75;162;202;0;
8417;2025.06.08 00:02;-12;20.5;21.125;20.75;162;202;0;
8418;2025.06.08 00:03;-12;20.5625;21.125;20.75;162;202;0;
8419;2025.06.08 00:04;-12;20.625;21.125;20.8125;162;202;0;
8420;2025.06.08 00:05;-12;20.6875;21.125;20.8125;162;202;0;
8421;2025.06.08 00:06;-12;20.75;21.125;20.875;163;202;0;
8422;2025.06.08 00:07;-12;20.75;21.125;20.875;163;202;0;
8423;2025.06.08 00:08;-12;20.75;21.125;20.875;163;202;0;
8424;2025.06.08 00:09;-12;20.8125;21.125;20.875;163;202;0;
8425;2025.06.08 00:10;-12;20.75;21.125;20.875;162;202;0;
8426;2025.06.08 00:11;-12;20.625;21.125;20.8125;162;202;0;
8427;2025.06.08 00:12;-12;20.625;21.125;20.8125;162;202;0;
8428;2025.06.08 00:13;-12;20.75;21.0625;20.875;162;202;0;
8429;2025.06.08 00:14;-12;20.5;21.0625;20.75;162;202;0;
8430;2025.06.08 00:15;-12;19.8125;21;20.5;160;202;0;
8431;2025.06.08 00:16;-12;19.8125;20.875;20.375;160;202;0;
8432;2025.06.08 00:17;-12;19.875;20.875;20.375;161;202;0;
8433;2025.06.08 00:18;-12;20;20.875;20.375;161;202;0;
8434;2025.06.08 00:19;-12;20.125;20.8125;20.4375;161;202;0;
8435;2025.06.08 00:20;-12;20.25;20.8125;20.5;161;202;0;
8436;2025.06.08 00:21;-12;20.375;20.8125;20.5;161;202;0;
8437;2025.06.08 00:22;-12;20.4375;20.875;20.5;162;202;0;
8438;2025.06.08 00:23;-12;20.5;20.875;20.625;162;202;0;
8439;2025.06.08 00:24;-12;20.5625;20.875;20.625;162;202;0;
8440;2025.06.08 00:25;-12;20.625;20.875;20.625;162;202;0;
8441;2025.06.08 00:26;-12;20.625;20.875;20.6875;162;202;0;
8442;2025.06.08 00:27;-12;20.6875;20.875;20.6875;162;202;0;
8443;2025.06.08 00:28;-12;20.75;20.875;20.75;162;202;0;
8444;2025.06.08 00:29;-12;20.75;20.875;20.75;162;202;0;
8445;2025.06.08 00:30;-12;20.75;20.875;20.75;162;202;0;
8446;2025.06.08 00:31;-12;20.75;20.9375;20.8125;162;202;0;
8447;2025.06.08 00:32;-12;20.8125;20.9375;20.8125;162;202;0;
8448;2025.06.08 00:33;-12;20.8125;20.9375;20.875;162;202;0;
8449;2025.06.08 00:34;-12;20.875;21;20.875;162;202;0;
8450;2025.06.08 00:35;-12;20.875;21;20.875;163;202;0;
8451;2025.06.08 00:36;-12;20.875;21;20.875;163;202;0;
8452;2025.06.08 00:37;-12;20.875;21;20.875;163;202;0;
8453;2025.06.08 00:38;-12;20.875;21;20.875;163;202;0;
8454;2025.06.08 00:39;-12;20.875;21;20.9375;163;202;0;
8455;2025.06.08 00:40;-12;20.875;21;20.9375;163;202;0;
8456;2025.06.08 00:41;-12;20.875;21;21;163;202;0;
8457;2025.06.08 00:42;-12;20.875;21;21;163;202;0;
8458;2025.06.08 00:43;-12;20.875;21.0625;21;163;202;0;
8459;2025.06.08 00:44;-12;20.875;21.0625;21;163;202;0;
8460;2025.06.08 00:45;-12;20.875;21.0625;21;163;202;0;
8461;2025.06.08 00:46;-12;20.875;21.125;21;163;202;0;
8462;2025.06.08 00:47;-12;20.875;21.125;21;163;202;0;
8463;2025.06.08 00:48;-12;20.9375;21.125;21;163;202;0;
8464;2025.06.08 00:49;-12;20.875;21.125;21;163;202;0;
8465;2025.06.08 00:50;-12;20.875;21.125;21;163;202;0;
8466;2025.06.08 00:51;-12;20.9375;21.125;21;163;202;0;
8467;2025.06.08 00:52;-12;20.875;21.125;21;163;202;0;
8468;2025.06.08 00:53;-12;20.875;21.125;21;163;202;0;
8469;2025.06.08 00:54;-12;20.875;21.125;21;163;202;0;
8470;2025.06.08 00:55;-12;20.9375;21.125;21;163;202;0;
8471;2025.06.08 00:56;-12;20.875;21.125;21;163;202;0;
8472;2025.06.08 00:57;-12;20.875;21.125;21;163;202;0;
8473;2025.06.08 00:58;-12;20.875;21.125;21;163;202;0;
8474;2025.06.08 00:59;-12;20.875;21.125;21.0625;163;202;0;
8475;2025.06.08 01:00;-12;20.875;21.125;21;163;202;0;
8476;2025.06.08 01:01;-12;20.875;21.125;21;163;202;0;
8477;2025.06.08 01:02;-12;20.875;21.125;21;163;202;0;
8478;2025.06.08 01:03;-12;20.875;21.125;21;163;202;0;
8479;2025.06.08 01:04;-12;20.875;21.125;21;163;202;0;
8480;2025.06.08 01:05;-12;20.875;21.125;21;163;202;0;
8481;2025.06.08 01:06;-12;20.875;21.125;21;163;202;0;
8482;2025.06.08 01:07;-12;20.875;21.125;21;163;202;0;
8483;2025.06.08 01:08;-12;20.875;21.125;21;163;202;0;
8484;2025.06.08 01:09;-12;20.875;21.125;21;163;202;0;
8485;2025.06.08 01:10;-12;20.875;21.125;21;163;202;0;
8486;2025.06.08 01:11;-12;20.875;21.125;21;163;202;0;
8487;2025.06.08 01:12;-12;20.875;21.125;21;163;202;0;
8488;2025.06.08 01:13;-12;20.875;21.125;21;163;202;0;
8489;2025.06.08 01:14;-12;20.875;21.125;21;163;202;0;
8490;2025.06.08 01:15;-12;20.8125;21.125;21;163;202;0;
8491;2025.06.08 01:16;-12;20.875;21.125;21;163;202;0;
8492;2025.06.08 01:17;-12;20.8125;21.125;21;163;202;0;
8493;2025.06.08 01:18;-12;20.8125;21.125;21;163;202;0;
8494;2025.06.08 01:19;-12;20.8125;21.125;21;163;202;0;
8495;2025.06.08 01:20;-12;20.75;21.125;21;163;202;0;
8496;2025.06.08 01:21;-12;20.75;21.125;21;163;202;0;
8497;2025.06.08 01:22;-12;20.75;21.125;21;163;202;0;
8498;2025.06.08 01:23;-12;20.75;21.125;21;163;202;0;
8499;2025.06.08 01:24;-12;20.75;21.125;21;163;202;0;
8500;2025.06.08 01:25;-12;20.75;21.125;21;163;202;0;
8501;2025.06.08 01:26;-12;20.75;21.125;20.9375;163;202;0;
8502;2025.06.08 01:27;-12;20.75;21.125;20.9375;163;202;0;
8503;2025.06.08 01:28;-12;20.75;21.125;20.9375;163;202;0;
8504;2025.06.08 01:29;-12;20.75;21.125;20.9375;163;202;0;
8505;2025.06.08 01:30;-12;20.75;21.125;20.9375;163;202;0;
8506;2025.06.08 01:31;-12;20.75;21.125;20.9375;163;202;0;
8507;2025.06.08 01:32;-12;20.75;21.125;20.9375;163;202;0;
8508;2025.06.08 01:33;-12;20.75;21.125;20.9375;163;202;0;
8509;2025.06.08 01:34;-12;20.75;21.125;20.9375;163;202;0;
8510;2025.06.08 01:35;-12;20.75;21.125;20.9375;163;202;0;
8511;2025.06.08 01:36;-12;20.75;21.125;20.9375;163;202;0;
8512;2025.06.08 01:37;-12;20.75;21.125;20.9375;163;202;0;
8513;2025.06.08 01:38;-12;20.75;21.125;20.875;163;202;0;
8514;2025.06.08 01:39;-12;20.75;21.125;20.875;163;202;0;
8515;2025.06.08 01:40;-12;20.75;21.125;20.9375;163;202;0;
8516;2025.06.08 01:41;-12;20.75;21.125;20.875;163;202;0;
8517;2025.06.08 01:42;-12;20.75;21.125;20.875;163;202;0;
8518;2025.06.08 01:43;-12;20.6875;21.125;20.875;163;202;0;
8519;2025.06.08 01:44;-12;20.6875;21.125;20.875;163;202;0;
8520;2025.06.08 01:45;-12;20.6875;21.125;20.875;162;202;0;
8521;2025.06.08 01:46;-12;20.6875;21.125;20.875;162;202;0;
8522;2025.06.08 01:47;-12;20.6875;21.0625;20.875;162;202;0;
8523;2025.06.08 01:48;-12;20.6875;21.0625;20.875;162;202;0;
8524;2025.06.08 01:49;-12;20.6875;21.0625;20.875;162;202;0;
8525;2025.06.08 01:50;-12;20.6875;21.0625;20.875;162;202;0;
8526;2025.06.08 01:51;-12;20.6875;21.0625;20.875;162;202;0;
8527;2025.06.08 01:52;-12;20.625;21.0625;20.875;162;202;0;
8528;2025.06.08 01:53;-12;20.625;21.0625;20.875;162;202;0;
8529;2025.06.08 01:54;-12;20.625;21.0625;20.875;162;202;0;
8530;2025.06.08 01:55;-12;20.625;21.0625;20.875;162;202;0;
8531;2025.06.08 01:56;-12;20.625;21.0625;20.875;162;202;0;
8532;2025.06.08 01:57;-12;20.625;21.0625;20.875;162;202;0;
8533;2025.06.08 01:58;-12;20.625;21.0625;20.875;162;202;0;
8534;2025.06.08 01:59;-12;20.625;21;20.875;162;202;0;
8535;2025.06.08 02:00;-12;20.625;21;20.875;162;202;0;
8536;2025.06.08 02:01;-12;20.625;21;20.875;162;202;0;
8537;2025.06.08 02:02;-12;20.625;21;20.875;162;202;0;
8538;2025.06.08 02:03;-12;20.625;21;20.875;162;202;0;
8539;2025.06.08 02:04;-12;20.625;21;20.875;162;202;0;
8540;2025.06.08 02:05;-12;20.625;21;20.875;162;202;0;
8541;2025.06.08 02:06;-12;20.625;21;20.875;162;202;0;
8542;2025.06.08 02:07;-12;20.625;21;20.875;162;202;0;
8543;2025.06.08 02:08;-12;20.625;21;20.875;162;202;0;
8544;2025.06.08 02:09;-12;20.625;21;20.8125;162;202;0;
8545;2025.06.08 02:10;-12;20.625;21;20.875;162;202;0;
8546;2025.06.08 02:11;-12;20.625;21;20.8125;162;202;0;
8547;2025.06.08 02:12;-12;20.625;21;20.8125;162;202;0;
8548;2025.06.08 02:13;-12;20.625;21;20.8125;162;202;0;
8549;2025.06.08 02:14;-12;20.625;21;20.8125;162;202;0;
8550;2025.06.08 02:15;-12;20.625;21;20.8125;162;202;0;
8551;2025.06.08 02:16;-12;20.625;21;20.8125;162;202;0;
8552;2025.06.08 02:17;-12;20.5625;21;20.75;162;202;0;
8553;2025.06.08 02:18;-12;20.5625;21;20.75;162;202;0;
8554;2025.06.08 02:19;-12;20.5625;21;20.75;162;202;0;
8555;2025.06.08 02:20;-12;20.5625;21;20.75;162;202;0;
8556;2025.06.08 02:21;-12;20.5625;21;20.75;162;202;0;
8557;2025.06.08 02:22;-12;20.5;21;20.75;162;202;0;
8558;2025.06.08 02:23;-12;20.5625;21;20.75;162;202;0;
8559;2025.06.08 02:24;-12;20.5625;21;20.75;162;202;0;
8560;2025.06.08 02:25;-12;20.5625;21;20.75;162;202;0;
8561;2025.06.08 02:26;-12;20.5;21;20.75;162;202;0;
8562;2025.06.08 02:27;-12;20.5;21;20.75;162;202;0;
8563;2025.06.08 02:28;-12;20.5;21;20.75;162;202;0;
8564;2025.06.08 02:29;-12;20.5;21;20.75;162;202;0;
8565;2025.06.08 02:30;-12;20.5;21;20.75;162;202;0;
8566;2025.06.08 02:31;-12;20.5;20.9375;20.75;162;202;0;
8567;2025.06.08 02:32;-12;20.5;20.9375;20.75;162;202;0;
8568;2025.06.08 02:33;-12;20.5;20.9375;20.75;162;202;0;
8569;2025.06.08 02:34;-12;20.5;20.9375;20.75;162;202;0;
8570;2025.06.08 02:35;-12;20.5;20.9375;20.6875;162;202;0;
8571;2025.06.08 02:36;-12;20.5;20.9375;20.6875;162;202;0;
8572;2025.06.08 02:37;-12;20.5;20.9375;20.6875;162;202;0;
8573;2025.06.08 02:38;-12;20.5;20.875;20.6875;162;202;0;
8574;2025.06.08 02:39;-12;20.4375;20.875;20.6875;162;202;0;
8575;2025.06.08 02:40;-12;20.4375;20.875;20.625;162;202;0;
8576;2025.06.08 02:41;-12;20.4375;20.875;20.625;162;202;0;
8577;2025.06.08 02:42;-12;20.4375;20.875;20.625;162;202;0;
8578;2025.06.08 02:43;-12;20.4375;20.875;20.625;162;202;0;
8579;2025.06.08 02:44;-12;20.4375;20.875;20.625;162;202;0;
8580;2025.06.08 02:45;-12;20.4375;20.875;20.625;162;202;0;
8581;2025.06.08 02:46;-12;20.4375;20.875;20.625;162;202;0;
8582;2025.06.08 02:47;-12;20.375;20.875;20.625;162;202;0;
8583;2025.06.08 02:48;-12;20.375;20.875;20.625;162;202;0;
8584;2025.06.08 02:49;-12;20.375;20.875;20.625;162;202;0;
8585;2025.06.08 02:50;-12;20.4375;20.875;20.625;162;202;0;
8586;2025.06.08 02:51;-12;20.375;20.875;20.625;162;202;0;
8587;2025.06.08 02:52;-12;20.375;20.875;20.625;162;202;0;
8588;2025.06.08 02:53;-12;20.375;20.875;20.625;162;202;0;
8589;2025.06.08 02:54;-12;20.375;20.875;20.625;162;202;0;
8590;2025.06.08 02:55;-12;20.375;20.875;20.625;162;202;0;
8591;2025.06.08 02:56;-12;20.375;20.875;20.625;161;202;0;
8592;2025.06.08 02:57;-12;20.375;20.875;20.625;161;202;0;
8593;2025.06.08 02:58;-12;20.375;20.875;20.625;161;202;0;
8594;2025.06.08 02:59;-12;20.375;20.875;20.5625;161;202;0;
8595;2025.06.08 03:00;-12;20.375;20.8125;20.5625;161;202;0;
8596;2025.06.08 03:01;-12;20.375;20.8125;20.5625;161;202;0;
8597;2025.06.08 03:02;-12;20.375;20.8125;20.5;161;202;0;
8598;2025.06.08 03:03;-12;20.375;20.8125;20.5;161;202;0;
8599;2025.06.08 03:04;-12;20.375;20.75;20.5;161;202;0;
8600;2025.06.08 03:05;-12;20.375;20.75;20.5;161;202;0;
8601;2025.06.08 03:06;-12;20.3125;20.75;20.5;161;202;0;
8602;2025.06.08 03:07;-12;20.3125;20.75;20.5;161;202;0;
8603;2025.06.08 03:08;-12;20.3125;20.75;20.5;161;202;0;
8604;2025.06.08 03:09;-12;20.3125;20.75;20.5;161;202;0;
8605;2025.06.08 03:10;-12;20.3125;20.75;20.5;161;202;0;
8606;2025.06.08 03:11;-12;20.3125;20.75;20.5;161;202;0;
8607;2025.06.08 03:12;-12;20.25;20.75;20.5;161;202;0;
8608;2025.06.08 03:13;-12;20.25;20.75;20.5;161;202;0;
8609;2025.06.08 03:14;-12;20.25;20.75;20.4375;161;202;0;
8610;2025.06.08 03:15;-12;20.25;20.75;20.4375;161;202;0;
8611;2025.06.08 03:16;-12;20.25;20.75;20.4375;161;202;0;
8612;2025.06.08 03:17;-12;20.25;20.75;20.375;161;202;0;
8613;2025.06.08 03:18;-12;20.25;20.75;20.375;161;202;0;
8614;2025.06.08 03:19;-12;20.25;20.75;20.375;161;202;0;
8615;2025.06.08 03:20;-12;20.25;20.6875;20.375;161;202;0;
8616;2025.06.08 03:21;-12;20.25;20.6875;20.375;161;202;0;
8617;2025.06.08 03:22;-12;20.25;20.6875;20.375;161;202;0;
8618;2025.06.08 03:23;-12;20.25;20.6875;20.375;161;202;0;
8619;2025.06.08 03:24;-12;20.25;20.625;20.375;161;202;0;
8620;2025.06.08 03:25;-12;20.25;20.625;20.375;161;202;0;
8621;2025.06.08 03:26;-12;20.25;20.625;20.375;161;202;0;
8622;2025.06.08 03:27;-12;20.25;20.625;20.375;161;202;0;
8623;2025.06.08 03:28;-12;20.1875;20.625;20.375;161;202;0;
8624;2025.06.08 03:29;-12;20.1875;20.625;20.375;161;202;0;
8625;2025.06.08 03:30;-12;20.1875;20.625;20.375;161;202;0;
8626;2025.06.08 03:31;-12;20.1875;20.625;20.375;161;202;0;
8627;2025.06.08 03:32;-12;20.1875;20.625;20.3125;161;202;0;
8628;2025.06.08 03:33;-12;20.125;20.625;20.3125;161;202;0;
8629;2025.06.08 03:34;-12;20.125;20.625;20.3125;161;202;0;
8630;2025.06.08 03:35;-12;20.125;20.625;20.3125;161;202;0;
8631;2025.06.08 03:36;-12;20.125;20.625;20.3125;161;202;0;
8632;2025.06.08 03:37;-12;20.125;20.625;20.3125;161;202;0;
8633;2025.06.08 03:38;-12;20.125;20.625;20.25;161;202;0;
8634;2025.06.08 03:39;-12;20.125;20.625;20.25;161;202;0;
8635;2025.06.08 03:40;-12;20.125;20.5625;20.25;161;202;0;
8636;2025.06.08 03:41;-12;20.125;20.5625;20.25;161;202;0;
8637;2025.06.08 03:42;-12;20.125;20.5625;20.25;161;202;0;
8638;2025.06.08 03:43;-12;20.125;20.5625;20.25;161;202;0;
8639;2025.06.08 03:44;-12;20.125;20.5625;20.25;161;202;0;
8640;2025.06.08 03:45;-12;20.125;20.5625;20.25;161;202;0;
8641;2025.06.08 03:46;-12;20.125;20.5625;20.25;161;202;0;
8642;2025.06.08 03:47;-12;20.125;20.5;20.25;161;202;0;
8643;2025.06.08 03:48;-12;20.1875;20.5625;20.25;161;202;0;
8644;2025.06.08 03:49;-12;20.125;20.5625;20.25;161;202;0;
8645;2025.06.08 03:50;-12;20.125;20.5625;20.25;161;202;0;
8646;2025.06.08 03:51;-12;20.125;20.5625;20.25;161;202;0;
8647;2025.06.08 03:52;-12;20.125;20.5625;20.25;161;202;0;
8648;2025.06.08 03:53;-12;20.125;20.5;20.25;161;202;0;
8649;2025.06.08 03:54;-12;20.125;20.5;20.25;161;202;0;
8650;2025.06.08 03:55;-12;20.125;20.5;20.25;161;202;0;
8651;2025.06.08 03:56;-12;20.125;20.5;20.25;161;202;0;
8652;2025.06.08 03:57;-12;20.125;20.5;20.25;160;202;0;
8653;2025.06.08 03:58;-12;20.0625;20.5;20.25;160;202;0;
8654;2025.06.08 03:59;-12;20.0625;20.5;20.25;160;202;0;
8655;2025.06.08 04:00;-12;20.0625;20.5;20.25;160;202;0;
8656;2025.06.08 04:01;-12;20.0625;20.5;20.25;160;202;0;
8657;2025.06.08 04:02;-12;20.0625;20.5;20.25;160;202;0;
8658;2025.06.08 04:03;-12;20.0625;20.5;20.25;160;202;0;
8659;2025.06.08 04:04;-12;20.0625;20.5;20.25;160;202;0;
8660;2025.06.08 04:05;-12;20.0625;20.5;20.25;160;202;0;
8661;2025.06.08 04:06;-12;20.0625;20.5;20.25;160;202;0;
8662;2025.06.08 04:07;-12;20.0625;20.5;20.25;160;202;0;
8663;2025.06.08 04:08;-12;20.0625;20.5;20.25;160;202;0;
8664;2025.06.08 04:09;-12;20;20.5;20.25;160;202;0;
8665;2025.06.08 04:10;-12;20;20.5;20.25;160;202;0;
8666;2025.06.08 04:11;-12;20;20.5;20.25;160;202;0;
8667;2025.06.08 04:12;-12;20;20.5;20.25;160;202;0;
8668;2025.06.08 04:13;-12;20;20.5;20.25;160;202;0;
8669;2025.06.08 04:14;-12;20;20.5;20.1875;160;202;0;
8670;2025.06.08 04:15;-12;20;20.5;20.1875;160;202;0;
8671;2025.06.08 04:16;-12;20;20.5;20.1875;160;202;0;
8672;2025.06.08 04:17;-12;20;20.5;20.1875;160;202;0;
8673;2025.06.08 04:18;-12;20;20.5;20.1875;160;202;0;
8674;2025.06.08 04:19;-12;20;20.5;20.1875;160;202;0;
8675;2025.06.08 04:20;-12;20;20.5;20.1875;160;202;0;
8676;2025.06.08 04:21;-12;20;20.5;20.125;160;202;0;
8677;2025.06.08 04:22;-12;20;20.5;20.125;160;202;0;
8678;2025.06.08 04:23;-12;20;20.4375;20.125;160;202;0;
8679;2025.06.08 04:24;-12;20;20.4375;20.125;160;202;0;
8680;2025.06.08 04:25;-12;20;20.4375;20.125;160;202;0;
8681;2025.06.08 04:26;-12;19.9375;20.4375;20.125;160;202;0;
8682;2025.06.08 04:27;-12;19.9375;20.4375;20.125;160;202;0;
8683;2025.06.08 04:28;-12;19.9375;20.4375;20.125;160;202;0;
8684;2025.06.08 04:29;-12;19.9375;20.375;20.125;160;202;0;
8685;2025.06.08 04:30;-12;19.875;20.375;20.125;160;202;0;
8686;2025.06.08 04:31;-12;19.875;20.375;20.125;160;202;0;
8687;2025.06.08 04:32;-12;19.875;20.375;20.125;160;202;0;
8688;2025.06.08 04:33;-12;19.875;20.375;20.0625;160;202;0;
8689;2025.06.08 04:34;-12;19.875;20.375;20.0625;160;202;0;
8690;2025.06.08 04:35;-12;19.875;20.375;20.0625;160;202;0;
8691;2025.06.08 04:36;-12;19.875;20.375;20.0625;160;202;0;
8692;2025.06.08 04:37;-12;19.875;20.375;20.0625;160;202;0;
8693;2025.06.08 04:38;-12;19.875;20.375;20;160;202;0;
8694;2025.06.08 04:39;-12;19.875;20.375;20;160;202;0;
8695;2025.06.08 04:40;-12;19.875;20.375;20;160;202;0;
8696;2025.06.08 04:41;-12;19.875;20.375;20;160;202;0;
8697;2025.06.08 04:42;-12;19.875;20.375;20;160;202;0;
8698;2025.06.08 04:43;-12;19.875;20.375;20;160;202;0;
8699;2025.06.08 04:44;-12;19.875;20.375;20;160;202;0;
8700;2025.06.08 04:45;-12;19.875;20.3125;20;160;202;0;
8701;2025.06.08 04:46;-12;19.875;20.3125;20;160;202;0;
8702;2025.06.08 04:47;-12;19.875;20.3125;20;160;202;0;
8703;2025.06.08 04:48;-12;19.875;20.3125;20;160;202;0;
8704;2025.06.08 04:49;-12;19.875;20.3125;20;160;202;0;
8705;2025.06.08 04:50;-12;19.875;20.3125;20;160;202;0;
8706;2025.06.08 04:51;-12;19.875;20.25;20;160;202;0;
8707;2025.06.08 04:52;-12;19.875;20.25;20;160;202;0;
8708;2025.06.08 04:53;-12;19.875;20.25;20;160;202;0;
8709;2025.06.08 04:54;-12;19.8125;20.25;20;160;202;0;
8710;2025.06.08 04:55;-12;19.8125;20.25;20;159;202;0;
8711;2025.06.08 04:56;-12;19.8125;20.25;20;160;202;0;
8712;2025.06.08 04:57;-12;19.8125;20.25;20;160;202;0;
8713;2025.06.08 04:58;-12;19.8125;20.25;20;160;202;0;
8714;2025.06.08 04:59;-12;19.8125;20.25;20;160;202;0;
8715;2025.06.08 05:00;-12;19.8125;20.25;20;159;202;0;
8716;2025.06.08 05:01;-12;19.8125;20.25;20;160;202;0;
8717;2025.06.08 05:02;-12;19.8125;20.25;20;160;202;0;
8718;2025.06.08 05:03;-12;19.8125;20.25;20;160;202;0;
8719;2025.06.08 05:04;-12;19.8125;20.25;20;159;202;0;
8720;2025.06.08 05:05;-12;19.8125;20.25;19.9375;160;202;0;
8721;2025.06.08 05:06;-12;19.8125;20.25;19.9375;159;202;0;
8722;2025.06.08 05:07;-12;19.8125;20.25;19.9375;159;202;0;
8723;2025.06.08 05:08;-12;19.8125;20.25;19.9375;159;202;0;
8724;2025.06.08 05:09;-12;19.8125;20.25;19.9375;159;202;0;
8725;2025.06.08 05:10;-12;19.75;20.25;19.9375;159;202;0;
8726;2025.06.08 05:11;-12;19.75;20.25;19.9375;159;202;0;
8727;2025.06.08 05:12;-12;19.75;20.25;19.875;159;202;0;
8728;2025.06.08 05:13;-12;19.8125;20.25;19.875;159;202;0;
8729;2025.06.08 05:14;-12;19.8125;20.25;19.875;159;202;0;
8730;2025.06.08 05:15;-12;19.8125;20.25;19.875;159;202;0;
8731;2025.06.08 05:16;-12;19.8125;20.25;19.875;160;202;0;
8732;2025.06.08 05:17;-12;19.8125;20.25;19.875;160;202;0;
8733;2025.06.08 05:18;-12;19.75;20.25;19.875;160;202;0;
8734;2025.06.08 05:19;-12;19.75;20.25;19.875;159;202;0;
8735;2025.06.08 05:20;-12;19.75;20.25;19.875;160;202;0;
8736;2025.06.08 05:21;-12;19.75;20.25;19.875;159;202;0;
8737;2025.06.08 05:22;-12;19.75;20.25;19.875;159;202;0;
8738;2025.06.08 05:23;-12;19.75;20.25;19.875;159;202;0;
8739;2025.06.08 05:24;-12;19.75;20.25;19.875;159;202;0;
8740;2025.06.08 05:25;-12;19.75;20.25;19.875;159;202;0;
8741;2025.06.08 05:26;-12;19.75;20.25;19.875;159;202;0;
8742;2025.06.08 05:27;-12;19.75;20.25;19.875;159;202;0;
8743;2025.06.08 05:28;-12;19.75;20.25;19.875;159;202;0;
8744;2025.06.08 05:29;-12;19.75;20.25;19.875;159;202;0;
8745;2025.06.08 05:30;-12;19.75;20.25;19.875;159;202;0;
8746;2025.06.08 05:31;-12;19.75;20.25;19.875;159;202;0;
8747;2025.06.08 05:32;-12;19.75;20.25;19.875;159;202;0;
8748;2025.06.08 05:33;-12;19.75;20.25;19.875;159;202;0;
8749;2025.06.08 05:34;-12;19.75;20.25;19.8125;159;202;0;
8750;2025.06.08 05:35;-12;19.75;20.25;19.8125;159;202;0;
8751;2025.06.08 05:36;-12;19.75;20.1875;19.8125;159;202;0;
8752;2025.06.08 05:37;-12;19.75;20.1875;19.8125;159;202;0;
8753;2025.06.08 05:38;-12;19.75;20.1875;19.8125;159;202;0;
8754;2025.06.08 05:39;-12;19.75;20.1875;19.8125;159;202;0;
8755;2025.06.08 05:40;-12;19.75;20.1875;19.8125;159;202;0;
8756;2025.06.08 05:41;-12;19.75;20.1875;19.8125;159;202;0;
8757;2025.06.08 05:42;-12;19.6875;20.125;19.8125;159;202;0;
8758;2025.06.08 05:43;-12;19.6875;20.125;19.8125;159;202;0;
8759;2025.06.08 05:44;-12;19.6875;20.125;19.8125;159;202;0;
8760;2025.06.08 05:45;-12;19.6875;20.125;19.75;159;202;0;
8761;2025.06.08 05:46;-12;19.6875;20.125;19.75;159;202;0;
8762;2025.06.08 05:47;-12;19.625;20.125;19.75;159;202;0;
8763;2025.06.08 05:48;-12;19.625;20.125;19.75;159;202;0;
8764;2025.06.08 05:49;-12;19.625;20.125;19.75;159;202;0;
8765;2025.06.08 05:50;-12;19.625;20.125;19.75;159;202;0;
8766;2025.06.08 05:51;-12;19.625;20.125;19.75;159;202;0;
8767;2025.06.08 05:52;-12;19.625;20.125;19.8125;159;202;0;
8768;2025.06.08 05:53;-12;19.625;20.125;19.8125;159;202;0;
8769;2025.06.08 05:54;-12;19.625;20.125;19.75;159;202;0;
8770;2025.06.08 05:55;-12;19.625;20.125;19.75;159;202;0;
8771;2025.06.08 05:56;-12;19.625;20.125;19.75;159;202;0;
8772;2025.06.08 05:57;-12;19.625;20.125;19.75;159;202;0;
8773;2025.06.08 05:58;-12;19.625;20.125;19.75;159;202;0;
8774;2025.06.08 05:59;-12;19.625;20.125;19.75;159;202;0;
8775;2025.06.08 06:00;-12;19.625;20.125;19.75;159;202;0;
8776;2025.06.08 06:01;-12;19.625;20.125;19.75;159;202;0;
8777;2025.06.08 06:02;-12;19.625;20.125;19.75;159;202;0;
8778;2025.06.08 06:03;-12;19.625;20.125;19.75;159;202;0;
8779;2025.06.08 06:04;-12;19.625;20.125;19.75;159;202;0;
8780;2025.06.08 06:05;-12;19.625;20.125;19.75;159;202;0;
8781;2025.06.08 06:06;-12;19.625;20.125;19.75;159;202;0;
8782;2025.06.08 06:07;-12;19.625;20.125;19.75;159;202;0;
8783;2025.06.08 06:08;-12;19.625;20.125;19.75;159;202;0;
8784;2025.06.08 06:09;-12;19.625;20.125;19.75;159;202;0;
8785;2025.06.08 06:10;-12;19.625;20.125;19.75;159;202;0;
8786;2025.06.08 06:11;-12;19.625;20.125;19.75;159;202;0;
8787;2025.06.08 06:12;-12;19.625;20.0625;19.75;159;202;0;
8788;2025.06.08 06:13;-12;19.625;20.125;19.75;159;202;0;
8789;2025.06.08 06:14;-12;19.625;20.0625;19.6875;159;202;0;
8790;2025.06.08 06:15;-12;19.625;20.0625;19.6875;159;202;0;
8791;2025.06.08 06:16;-12;19.625;20.0625;19.6875;159;202;0;
8792;2025.06.08 06:17;-12;19.625;20.0625;19.6875;159;202;0;
8793;2025.06.08 06:18;-12;19.5625;20.0625;19.75;159;202;0;
8794;2025.06.08 06:19;-12;19.5625;20.0625;19.6875;159;202;0;
8795;2025.06.08 06:20;-12;19.5625;20.0625;19.625;159;202;0;
8796;2025.06.08 06:21;-12;19.5;20;19.625;159;202;0;
8797;2025.06.08 06:22;-12;19.5;20;19.625;159;202;0;
8798;2025.06.08 06:23;-12;19.5;20;19.6875;159;202;0;
8799;2025.06.08 06:24;-12;19.5;20;19.625;159;202;0;
8800;2025.06.08 06:25;-12;19.5;20;19.625;159;202;0;
8801;2025.06.08 06:26;-12;19.5;20;19.625;159;202;0;
8802;2025.06.08 06:27;-12;19.5;20;19.625;159;202;0;
8803;2025.06.08 06:28;-12;19.5;20;19.625;159;202;0;
8804;2025.06.08 06:29;-12;19.5;20;19.625;159;202;0;
8805;2025.06.08 06:30;-12;19.5;20;19.625;159;202;0;
8806;2025.06.08 06:31;-12;19.5;20;19.625;159;202;0;
8807;2025.06.08 06:32;-12;19.5;20;19.6875;159;202;0;
8808;2025.06.08 06:33;-12;19.5;20;19.6875;159;202;0;
8809;2025.06.08 06:34;-12;19.5;20;19.6875;158;202;0;
8810;2025.06.08 06:35;-12;19.5;20;19.75;158;202;0;
8811;2025.06.08 06:36;-12;19.5;20;19.75;158;202;0;
8812;2025.06.08 06:37;-12;19.5;20;19.6875;158;202;0;
8813;2025.06.08 06:38;-12;19.5;20;19.6875;158;202;0;
8814;2025.06.08 06:39;-12;19.5;20;19.75;158;202;0;
8815;2025.06.08 06:40;-12;19.5;20;19.6875;158;202;0;
8816;2025.06.08 06:41;-12;19.5;20;19.6875;158;202;0;
8817;2025.06.08 06:42;-12;19.5;19.9375;19.6875;158;202;0;
8818;2025.06.08 06:43;-12;19.5;19.9375;19.625;158;202;0;
8819;2025.06.08 06:44;-12;19.5;19.9375;19.625;158;202;0;
8820;2025.06.08 06:45;-12;19.4375;19.9375;19.625;158;202;0;
8821;2025.06.08 06:46;-12;19.4375;19.9375;19.625;158;202;0;
8822;2025.06.08 06:47;-12;19.375;19.875;19.625;158;202;0;
8823;2025.06.08 06:48;-12;19.375;19.875;19.625;158;202;0;
8824;2025.06.08 06:49;-12;19.375;19.875;19.625;158;202;0;
8825;2025.06.08 06:50;-12;19.375;19.875;19.625;158;202;0;
8826;2025.06.08 06:51;-12;19.375;19.875;19.625;158;202;0;
8827;2025.06.08 06:52;-12;19.375;19.875;19.625;158;202;0;
8828;2025.06.08 06:53;-12;19.375;19.875;19.625;158;202;0;
8829;2025.06.08 06:54;-12;19.375;19.875;19.625;158;202;0;
8830;2025.06.08 06:55;-12;19.375;19.875;19.625;158;202;0;
8831;2025.06.08 06:56;-12;19.375;19.875;19.625;158;202;0;
8832;2025.06.08 06:57;-12;19.3125;19.875;19.625;158;202;0;
8833;2025.06.08 06:58;-12;19.3125;19.875;19.625;158;202;0;
8834;2025.06.08 06:59;-12;19.375;19.875;19.5625;158;202;0;
8835;2025.06.08 07:00;-12;19.375;19.875;19.625;158;202;0;
8836;2025.06.08 07:01;-12;19.375;19.8125;19.5625;158;202;0;
8837;2025.06.08 07:02;-12;19.375;19.8125;19.5625;158;202;0;
8838;2025.06.08 07:03;-12;19.3125;19.8125;19.5625;158;202;0;
8839;2025.06.08 07:04;-12;19.3125;19.8125;19.5625;158;202;0;
8840;2025.06.08 07:05;-12;19.3125;19.8125;19.5;158;202;0;
8841;2025.06.08 07:06;-12;19.3125;19.8125;19.5;158;202;0;
8842;2025.06.08 07:07;-12;19.3125;19.75;19.5;158;202;0;
8843;2025.06.08 07:08;-12;19.3125;19.75;19.5;158;202;0;
8844;2025.06.08 07:09;-12;19.375;19.75;19.5;158;202;0;
8845;2025.06.08 07:10;-12;19.3125;19.75;19.5625;158;202;0;
8846;2025.06.08 07:11;-12;19.375;19.75;19.5;158;202;0;
8847;2025.06.08 07:12;-12;19.375;19.75;19.5;158;202;0;
8848;2025.06.08 07:13;-12;19.3125;19.75;19.5;158;202;0;
8849;2025.06.08 07:14;-12;19.3125;19.75;19.5;158;202;0;
8850;2025.06.08 07:15;-12;19.25;19.75;19.5;158;202;0;
8851;2025.06.08 07:16;-12;19.25;19.75;19.5;158;202;0;
8852;2025.06.08 07:17;-12;19.25;19.75;19.5;158;202;0;
8853;2025.06.08 07:18;-12;19.25;19.75;19.5;158;202;0;
8854;2025.06.08 07:19;-12;19.25;19.75;19.5;158;202;0;
8855;2025.06.08 07:20;-12;19.25;19.75;19.5;158;202;0;
8856;2025.06.08 07:21;-12;19.25;19.75;19.5;158;202;0;
8857;2025.06.08 07:22;-12;19.25;19.75;19.5;157;202;0;
8858;2025.06.08 07:23;-12;19.25;19.75;19.5;157;202;0;
8859;2025.06.08 07:24;-12;19.25;19.75;19.5;157;202;0;
8860;2025.06.08 07:25;-12;19.25;19.75;19.5;157;202;0;
8861;2025.06.08 07:26;-12;19.25;19.75;19.5;157;202;0;
8862;2025.06.08 07:27;-12;19.25;19.6875;19.5;157;202;0;
8863;2025.06.08 07:28;-12;19.25;19.6875;19.5;157;202;0;
8864;2025.06.08 07:29;-12;19.25;19.6875;19.5;157;202;0;
8865;2025.06.08 07:30;-12;19.1875;19.6875;19.5;157;202;0;
8866;2025.06.08 07:31;-12;19.1875;19.6875;19.4375;157;202;0;
8867;2025.06.08 07:32;-12;19.1875;19.6875;19.4375;157;202;0;
8868;2025.06.08 07:33;-12;19.1875;19.625;19.4375;157;202;0;
8869;2025.06.08 07:34;-12;19.1875;19.625;19.375;157;202;0;
8870;2025.06.08 07:35;-12;19.125;19.625;19.375;157;202;0;
8871;2025.06.08 07:36;-12;19.125;19.625;19.375;157;202;0;
8872;2025.06.08 07:37;-12;19.125;19.625;19.375;157;202;0;
8873;2025.06.08 07:38;-12;19.125;19.625;19.375;157;202;0;
8874;2025.06.08 07:39;-12;19.125;19.625;19.375;157;202;0;
8875;2025.06.08 07:40;-12;19.125;19.625;19.375;157;202;0;
8876;2025.06.08 07:41;-12;19.125;19.625;19.375;157;202;0;
8877;2025.06.08 07:42;-12;19.125;19.625;19.375;157;202;0;
8878;2025.06.08 07:43;-12;19.125;19.625;19.375;157;202;0;
8879;2025.06.08 07:44;-12;19.125;19.625;19.375;157;202;0;
8880;2025.06.08 07:45;-12;19.125;19.625;19.375;157;202;0;
8881;2025.06.08 07:46;-12;19.125;19.625;19.375;157;202;0;
8882;2025.06.08 07:47;-12;19.125;19.625;19.375;157;202;0;
8883;2025.06.08 07:48;-12;19.125;19.625;19.3125;157;202;0;
8884;2025.06.08 07:49;-12;19.125;19.625;19.3125;157;202;0;
8885;2025.06.08 07:50;-12;19.125;19.5625;19.3125;157;202;0;
8886;2025.06.08 07:51;-12;19.125;19.5625;19.3125;157;202;0;
8887;2025.06.08 07:52;-12;19.0625;19.5625;19.25;157;202;0;
8888;2025.06.08 07:53;-12;19.0625;19.5625;19.25;157;202;0;
8889;2025.06.08 07:54;-12;19.0625;19.5625;19.25;157;202;0;
8890;2025.06.08 07:55;-12;19.0625;19.5625;19.25;157;202;0;
8891;2025.06.08 07:56;-12;19.0625;19.5;19.25;157;202;0;
8892;2025.06.08 07:57;-12;19.0625;19.5;19.25;157;202;0;
8893;2025.06.08 07:58;-12;19.0625;19.5;19.25;157;202;0;
8894;2025.06.08 07:59;-12;19.0625;19.5;19.25;157;202;0;
8895;2025.06.08 08:00;-12;19;19.5;19.25;157;202;0;
8896;2025.06.08 08:01;-12;19;19.5;19.25;157;202;0;
8897;2025.06.08 08:02;-12;19;19.5;19.25;157;202;0;
8898;2025.06.08 08:03;-12;19;19.5;19.25;157;202;0;
8899;2025.06.08 08:04;-12;19;19.5;19.25;157;202;0;
8900;2025.06.08 08:05;-12;19;19.5;19.25;157;202;0;
8901;2025.06.08 08:06;-12;19;19.5;19.25;157;202;0;
8902;2025.06.08 08:07;-12;19;19.5;19.25;157;202;0;
8903;2025.06.08 08:08;-12;19;19.5;19.25;157;202;0;
8904;2025.06.08 08:09;-12;19;19.5;19.25;157;202;0;
8905;2025.06.08 08:10;-12;19;19.5;19.25;157;202;0;
8906;2025.06.08 08:11;-12;19;19.5;19.25;157;202;0;
8907;2025.06.08 08:12;-12;19;19.5;19.25;157;202;0;
8908;2025.06.08 08:13;-12;19;19.5;19.25;157;202;0;
8909;2025.06.08 08:14;-12;19;19.5;19.25;157;202;0;
8910;2025.06.08 08:15;-12;19;19.5;19.25;157;202;0;
8911;2025.06.08 08:16;-12;19;19.4375;19.25;157;202;0;
8912;2025.06.08 08:17;-12;19;19.4375;19.25;157;202;0;
8913;2025.06.08 08:18;-12;19;19.4375;19.25;156;202;0;
8914;2025.06.08 08:19;-12;19;19.4375;19.25;156;202;0;
8915;2025.06.08 08:20;-12;19;19.4375;19.25;156;202;0;
8916;2025.06.08 08:21;-12;19;19.4375;19.25;156;202;0;
8917;2025.06.08 08:22;-12;19;19.4375;19.25;156;202;0;
8918;2025.06.08 08:23;-12;19;19.4375;19.25;156;202;0;
8919;2025.06.08 08:24;-12;19;19.4375;19.1875;156;202;0;
8920;2025.06.08 08:25;-12;19;19.4375;19.1875;156;202;0;
8921;2025.06.08 08:26;-12;19;19.375;19.1875;156;202;0;
8922;2025.06.08 08:27;-12;19;19.375;19.1875;156;202;0;
8923;2025.06.08 08:28;-12;19;19.375;19.1875;156;202;0;
8924;2025.06.08 08:29;-12;18.9375;19.375;19.25;156;202;0;
8925;2025.06.08 08:30;-12;18.9375;19.375;19.1875;156;202;0;
8926;2025.06.08 08:31;-12;18.9375;19.375;19.1875;156;202;0;
8927;2025.06.08 08:32;-12;18.9375;19.375;19.1875;156;202;0;
8928;2025.06.08 08:33;-12;18.875;19.375;19.125;156;202;0;
8929;2025.06.08 08:34;-12;18.875;19.375;19.125;156;202;0;
8930;2025.06.08 08:35;-12;18.9375;19.375;19.125;156;202;0;
8931;2025.06.08 08:36;-12;18.9375;19.375;19.125;156;202;0;
8932;2025.06.08 08:37;-12;18.9375;19.375;19.125;156;202;0;
8933;2025.06.08 08:38;-12;18.875;19.375;19.125;156;202;0;
8934;2025.06.08 08:39;-12;18.875;19.375;19.125;156;202;0;
8935;2025.06.08 08:40;-12;18.875;19.375;19.125;156;202;0;
8936;2025.06.08 08:41;-12;18.875;19.375;19.125;156;202;0;
8937;2025.06.08 08:42;-12;18.875;19.375;19.125;156;202;0;
8938;2025.06.08 08:43;-12;18.875;19.375;19.125;156;202;0;
8939;2025.06.08 08:44;-12;18.875;19.375;19.125;156;202;0;
8940;2025.06.08 08:45;-12;18.875;19.375;19.125;156;202;0;
8941;2025.06.08 08:46;-12;18.875;19.375;19.125;156;202;0;
8942;2025.06.08 08:47;-12;18.875;19.375;19.125;156;202;0;
8943;2025.06.08 08:48;-12;18.875;19.375;19.125;156;202;0;
8944;2025.06.08 08:49;-12;18.875;19.375;19.125;156;202;0;
8945;2025.06.08 08:50;-12;18.875;19.3125;19.0625;156;202;0;
8946;2025.06.08 08:51;-12;18.875;19.3125;19.0625;156;202;0;
8947;2025.06.08 08:52;-12;18.875;19.3125;19.0625;156;202;0;
8948;2025.06.08 08:53;-12;18.875;19.3125;19.0625;156;202;0;
8949;2025.06.08 08:54;-12;18.875;19.3125;19.0625;156;202;0;
8950;2025.06.08 08:55;-12;18.875;19.3125;19.0625;156;202;0;
8951;2025.06.08 08:56;-12;18.875;19.3125;19.0625;156;202;0;
8952;2025.06.08 08:57;-12;18.875;19.25;19.0625;156;202;0;
8953;2025.06.08 08:58;-12;18.875;19.25;19.0625;156;202;0;
8954;2025.06.08 08:59;-12;18.875;19.25;19.0625;156;202;0;
8955;2025.06.08 09:00;-12;18.875;19.25;19;156;202;0;
8956;2025.06.08 09:01;-12;18.8125;19.25;19;156;202;0;
8957;2025.06.08 09:02;-12;18.875;19.25;19;156;202;0;
8958;2025.06.08 09:03;-12;18.875;19.25;19.0625;156;202;0;
8959;2025.06.08 09:04;-12;18.8125;19.25;19;156;202;0;
8960;2025.06.08 09:05;-12;18.8125;19.25;19;156;202;0;
8961;2025.06.08 09:06;-12;18.8125;19.25;19;156;202;0;
8962;2025.06.08 09:07;-12;18.75;19.25;19;156;202;0;
8963;2025.06.08 09:08;-12;18.75;19.25;19;156;202;0;
8964;2025.06.08 09:09;-12;18.75;19.25;19;156;202;0;
8965;2025.06.08 09:10;-12;18.75;19.25;19;156;202;0;
8966;2025.06.08 09:11;-12;18.75;19.25;19;156;202;0;
8967;2025.06.08 09:12;-12;18.75;19.25;19;156;202;0;
8968;2025.06.08 09:13;-12;18.75;19.25;19;156;202;0;
8969;2025.06.08 09:14;-12;18.75;19.25;19;156;202;0;
8970;2025.06.08 09:15;-12;18.75;19.25;19;156;202;0;
8971;2025.06.08 09:16;-12;18.75;19.25;19;156;202;0;
8972;2025.06.08 09:17;-12;18.75;19.25;19;156;202;0;
8973;2025.06.08 09:18;-12;18.75;19.25;19;156;202;0;
8974;2025.06.08 09:19;-12;18.75;19.1875;19;156;202;0;
8975;2025.06.08 09:20;-12;18.75;19.1875;18.9375;156;202;0;
8976;2025.06.08 09:21;-12;18.6875;19.1875;18.9375;155;202;0;
8977;2025.06.08 09:22;-12;18.75;19.1875;18.9375;155;202;0;
8978;2025.06.08 09:23;-12;18.6875;19.1875;18.875;155;202;0;
8979;2025.06.08 09:24;-12;18.6875;19.1875;18.9375;155;202;0;
8980;2025.06.08 09:25;-12;18.6875;19.1875;18.875;155;202;0;
8981;2025.06.08 09:26;-12;18.6875;19.125;18.875;155;202;0;
8982;2025.06.08 09:27;-12;18.6875;19.125;18.875;155;202;0;
8983;2025.06.08 09:28;-12;18.6875;19.125;18.875;155;202;0;
8984;2025.06.08 09:29;-12;18.625;19.125;18.875;155;202;0;
8985;2025.06.08 09:30;-12;18.625;19.125;18.875;155;202;0;
8986;2025.06.08 09:31;-12;18.625;19.125;18.875;155;202;0;
8987;2025.06.08 09:32;-12;18.625;19.125;18.875;155;202;0;
8988;2025.06.08 09:33;-12;18.625;19.125;18.875;155;202;0;
8989;2025.06.08 09:34;-12;18.625;19.125;18.875;155;202;0;
8990;2025.06.08 09:35;-12;18.625;19.125;18.875;155;202;0;
8991;2025.06.08 09:36;-12;18.625;19.125;18.875;155;202;0;
8992;2025.06.08 09:37;-12;18.625;19.125;18.875;155;202;0;
8993;2025.06.08 09:38;-12;18.625;19.125;18.875;155;202;0;
8994;2025.06.08 09:39;-12;18.625;19.125;18.875;155;202;0;
8995;2025.06.08 09:40;-12;18.625;19.125;18.875;155;202;0;
8996;2025.06.08 09:41;-12;18.625;19.125;18.875;155;202;0;
8997;2025.06.08 09:42;-12;18.625;19.125;18.875;155;202;0;
8998;2025.06.08 09:43;-12;18.625;19.125;18.875;155;202;0;
8999;2025.06.08 09:44;-12;18.625;19.125;18.875;155;202;0;
9000;2025.06.08 09:45;-12;18.625;19.125;18.875;155;202;0;
9001;2025.06.08 09:46;-12;18.625;19.125;18.875;155;202;0;
9002;2025.06.08 09:47;-12;18.625;19.125;18.875;155;202;0;
9003;2025.06.08 09:48;-12;18.625;19.0625;18.875;155;202;0;
9004;2025.06.08 09:49;-12;18.625;19.0625;18.875;155;202;0;
9005;2025.06.08 09:50;-12;18.625;19.0625;18.875;155;202;0;
9006;2025.06.08 09:51;-12;18.625;19.0625;18.8125;155;202;0;
9007;2025.06.08 09:52;-12;18.625;19.0625;18.8125;155;202;0;
9008;2025.06.08 09:53;-12;18.625;19.0625;18.8125;155;202;0;
9009;2025.06.08 09:54;-12;18.625;19.0625;18.8125;155;202;0;
9010;2025.06.08 09:55;-12;18.625;19.0625;18.8125;155;202;0;
9011;2025.06.08 09:56;-12;18.625;19.0625;18.8125;155;202;0;
9012;2025.06.08 09:57;-12;18.625;19.0625;18.8125;155;202;0;
9013;2025.06.08 09:58;-12;18.625;19.0625;18.8125;155;202;0;
9014;2025.06.08 09:59;-12;18.625;19.0625;18.8125;155;202;0;
9015;2025.06.08 10:00;-12;18.625;19.0625;18.8125;155;202;0;
9016;2025.06.08 10:01;-12;18.625;19.0625;18.8125;155;202;0;
9017;2025.06.08 10:02;-12;18.625;19;18.8125;155;202;0;
9018;2025.06.08 10:03;-12;18.625;19.0625;18.8125;155;202;0;
9019;2025.06.08 10:04;-12;18.625;19;18.8125;155;202;0;
9020;2025.06.08 10:05;-12;18.6875;19.0625;18.8125;155;202;0;
9021;2025.06.08 10:06;-12;18.6875;19.0625;18.875;155;202;0;
9022;2025.06.08 10:07;-12;18.6875;19.0625;18.875;155;202;0;
9023;2025.06.08 10:08;-12;18.6875;19.0625;18.875;155;202;0;
9024;2025.06.08 10:09;-12;18.75;19.0625;18.875;155;202;0;
9025;2025.06.08 10:10;-12;18.75;19.0625;18.875;155;202;0;
9026;2025.06.08 10:11;-12;18.75;19.0625;18.875;155;202;0;
9027;2025.06.08 10:12;-12;18.75;19.0625;18.875;155;202;0;
9028;2025.06.08 10:13;-12;18.75;19.0625;18.875;155;202;0;
9029;2025.06.08 10:14;-12;18.75;19.0625;18.875;155;202;0;
9030;2025.06.08 10:15;-12;18.75;19.125;18.875;156;202;0;
9031;2025.06.08 10:16;-12;18.8125;19.125;18.875;156;202;0;
9032;2025.06.08 10:17;-12;18.8125;19.125;18.875;156;202;0;
9033;2025.06.08 10:18;-12;18.875;19.125;18.875;156;202;0;
9034;2025.06.08 10:19;-12;18.875;19.125;18.875;156;202;0;
9035;2025.06.08 10:20;-12;18.875;19.125;18.9375;156;202;0;
9036;2025.06.08 10:21;-12;18.875;19.125;18.9375;156;202;0;
9037;2025.06.08 10:22;-12;18.875;19.125;19;156;202;0;
9038;2025.06.08 10:23;-12;18.875;19.125;19;156;202;0;
9039;2025.06.08 10:24;-12;18.9375;19.125;19;156;202;0;
9040;2025.06.08 10:25;-12;18.9375;19.125;19;156;202;0;
9041;2025.06.08 10:26;-12;19;19.125;19;156;202;0;
9042;2025.06.08 10:27;-12;19;19.1875;19;156;202;0;
9043;2025.06.08 10:28;-12;19;19.1875;19;156;202;0;
9044;2025.06.08 10:29;-12;19.0625;19.25;19.0625;156;202;0;
9045;2025.06.08 10:30;-12;19.125;19.25;19.125;156;202;0;
9046;2025.06.08 10:31;-12;19.1875;19.25;19.125;157;202;0;
9047;2025.06.08 10:32;-12;19.1875;19.25;19.25;157;202;0;
9048;2025.06.08 10:33;-12;19;19.25;19.125;156;202;0;
9049;2025.06.08 10:34;-12;18.75;19.25;19.125;156;202;0;
9050;2025.06.08 10:35;-12;18.625;19.25;19;155;202;0;
9051;2025.06.08 10:36;-12;18.5;19.1875;19;155;202;0;
9052;2025.06.08 10:37;-12;18.4375;19.125;18.875;155;202;0;
9053;2025.06.08 10:38;-12;18.375;19.125;18.8125;155;202;0;
9054;2025.06.08 10:39;-12;18.25;19.0625;18.75;154;202;0;
9055;2025.06.08 10:40;-12;18.125;19;18.625;154;202;0;
9056;2025.06.08 10:41;-12;18.125;19;18.625;154;202;0;
9057;2025.06.08 10:42;-12;18.125;19;18.5;154;202;0;
9058;2025.06.08 10:43;-12;18.0625;18.9375;18.5;154;202;0;
9059;2025.06.08 10:44;-12;18.125;18.875;18.5;154;202;0;
9060;2025.06.08 10:45;-12;18.125;18.875;18.5;154;202;0;
9061;2025.06.08 10:46;-12;18.25;18.875;18.5;154;202;0;
9062;2025.06.08 10:47;-12;18.25;18.875;18.5;154;202;0;
9063;2025.06.08 10:48;-12;18.3125;18.8125;18.5;154;202;0;
9064;2025.06.08 10:49;-12;18.375;18.8125;18.5625;154;202;0;
9065;2025.06.08 10:50;-12;18.375;18.8125;18.625;155;202;0;
9066;2025.06.08 10:51;-12;18.5;18.8125;18.625;155;202;0;
9067;2025.06.08 10:52;-12;18.5;18.875;18.625;155;202;0;
9068;2025.06.08 10:53;-12;18.625;18.875;18.625;155;202;0;
9069;2025.06.08 10:54;-12;18.625;18.875;18.6875;155;202;0;
9070;2025.06.08 10:55;-12;18.75;18.875;18.75;155;202;0;
9071;2025.06.08 10:56;-12;18.75;18.875;18.75;155;202;0;
9072;2025.06.08 10:57;-12;18.8125;18.875;18.8125;155;202;0;
9073;2025.06.08 10:58;-12;18.875;18.9375;18.875;156;202;0;
9074;2025.06.08 10:59;-12;18.875;19;18.875;156;202;0;
9075;2025.06.08 11:00;-12;18.9375;19;18.875;156;202;0;
9076;2025.06.08 11:01;-12;19;19;18.9375;156;202;0;
9077;2025.06.08 11:02;-12;19;19;19;156;202;0;
9078;2025.06.08 11:03;-12;19.0625;19.0625;19;156;202;0;
9079;2025.06.08 11:04;-12;19.125;19.125;19;156;202;0;
9080;2025.06.08 11:05;-12;19.125;19.125;19.0625;157;202;0;
9081;2025.06.08 11:06;-12;19.1875;19.125;19.125;157;202;0;
9082;2025.06.08 11:07;-12;19.25;19.125;19.125;157;202;0;
9083;2025.06.08 11:08;-12;19.25;19.1875;19.125;157;202;0;
9084;2025.06.08 11:09;-12;19.3125;19.25;19.1875;157;202;0;
9085;2025.06.08 11:10;-12;19.375;19.25;19.25;157;202;0;
9086;2025.06.08 11:11;-12;19.375;19.25;19.25;157;202;0;
9087;2025.06.08 11:12;-12;19.375;19.3125;19.25;158;202;0;
9088;2025.06.08 11:13;-12;19.375;19.375;19.3125;158;202;0;
9089;2025.06.08 11:14;-12;19.4375;19.375;19.375;158;202;0;
9090;2025.06.08 11:15;-12;19.5;19.375;19.375;158;202;0;
9091;2025.06.08 11:16;-12;19.5;19.4375;19.375;158;202;0;
9092;2025.06.08 11:17;-12;19.5;19.4375;19.375;158;202;0;
9093;2025.06.08 11:18;-12;19.5;19.5;19.4375;158;202;0;
9094;2025.06.08 11:19;-12;19.5;19.5;19.5;158;202;0;
9095;2025.06.08 11:20;-12;19.5625;19.5;19.5;158;202;0;
9096;2025.06.08 11:21;-12;19.625;19.5;19.5;158;202;0;
9097;2025.06.08 11:22;-12;19.625;19.5625;19.5;158;202;0;
9098;2025.06.08 11:23;-12;19.625;19.625;19.5625;158;202;0;
9099;2025.06.08 11:24;-12;19.625;19.625;19.625;158;202;0;
9100;2025.06.08 11:25;-12;19.6875;19.625;19.625;159;202;0;
9101;2025.06.08 11:26;-12;19.6875;19.625;19.625;159;202;0;
9102;2025.06.08 11:27;-12;19.875;19.75;20;159;202;0;
9103;2025.06.08 11:28;-12;20;19.9375;20.5;159;202;0;
9104;2025.06.08 11:29;-12;20.125;20.125;20.875;160;202;0;
9105;2025.06.08 11:30;-12;20.125;20.1875;21.0625;160;202;0;
9106;2025.06.08 11:31;-12;20.25;20.25;21.25;160;202;0;
9107;2025.06.08 11:32;-12;20.25;20.375;21.5;160;202;0;
9108;2025.06.08 11:33;-12;20.375;20.375;21.875;161;202;0;
9109;2025.06.08 11:34;-12;20.4375;20.5;22.0625;161;202;0;
9110;2025.06.08 11:35;-12;20.5;20.5;22.125;161;202;0;
9111;2025.06.08 11:36;-12;20.5;20.5625;22.25;161;202;0;
9112;2025.06.08 11:37;-12;20.5625;20.625;22.25;161;202;0;
9113;2025.06.08 11:38;-12;20.625;20.625;22.1875;161;202;0;
9114;2025.06.08 11:39;-12;20.625;20.625;22.125;162;202;0;
9115;2025.06.08 11:40;-12;20.625;20.75;22.125;162;202;0;
9116;2025.06.08 11:41;-12;20.625;20.75;22.125;162;202;0;
9117;2025.06.08 11:42;-12;20.6875;20.75;22;162;202;0;
9118;2025.06.08 11:43;-12;20.6875;20.75;22;162;202;0;
9119;2025.06.08 11:44;-12;20.75;20.8125;21.875;162;202;0;
9120;2025.06.08 11:45;-12;20.75;20.8125;21.875;162;202;0;
9121;2025.06.08 11:46;-12;20.75;20.8125;21.8125;162;202;0;
9122;2025.06.08 11:47;-12;20.75;20.875;21.75;162;202;0;
9123;2025.06.08 11:48;-12;20.75;20.875;21.6875;162;202;0;
9124;2025.06.08 11:49;-12;20.75;20.875;21.625;162;202;0;
9125;2025.06.08 11:50;-12;20.75;20.875;21.625;162;202;0;
9126;2025.06.08 11:51;-12;20.75;20.875;21.5;162;202;0;
9127;2025.06.08 11:52;-12;20.75;20.875;21.5;163;202;0;
9128;2025.06.08 11:53;-12;20.75;20.875;21.4375;163;202;0;
9129;2025.06.08 11:54;-12;20.75;20.875;21.375;163;202;0;
9130;2025.06.08 11:55;-12;20.75;20.875;21.375;163;202;0;
9131;2025.06.08 11:56;-12;20.75;20.875;21.375;163;202;0;
9132;2025.06.08 11:57;-12;20.75;20.9375;21.25;163;202;0;
9133;2025.06.08 11:58;-12;20.75;20.9375;21.25;163;202;0;
9134;2025.06.08 11:59;-12;20.75;20.9375;21.25;163;202;0;
9135;2025.06.08 12:00;-12;20.8125;20.9375;21.1875;163;202;0;
9136;2025.06.08 12:01;-12;20.8125;20.9375;21.1875;163;202;0;
9137;2025.06.08 12:02;-12;20.875;20.9375;21.125;163;202;0;
9138;2025.06.08 12:03;-12;20.875;20.9375;21.125;163;202;0;
9139;2025.06.08 12:04;-12;20.875;21;21.125;163;202;0;
9140;2025.06.08 12:05;-12;20.9375;21;21.125;163;202;0;
9141;2025.06.08 12:06;-12;21;21;21.0625;163;202;0;
9142;2025.06.08 12:07;-12;21;21;21.0625;163;202;0;
9143;2025.06.08 12:08;-12;21;21;21;163;202;0;
9144;2025.06.08 12:09;-12;21;21;21;163;202;0;
9145;2025.06.08 12:10;-12;21;21;21;163;202;0;
9146;2025.06.08 12:11;-12;21;21;21;163;202;0;
9147;2025.06.08 12:12;-12;21.0625;21;21;163;202;0;
9148;2025.06.08 12:13;-12;21.125;21;21;163;202;0;
9149;2025.06.08 12:14;-12;21.125;21;21;163;202;0;
9150;2025.06.08 12:15;-12;21;21;21;163;202;0;
9151;2025.06.08 12:16;-12;21;21;21;163;202;0;
9152;2025.06.08 12:17;-12;20.875;21;21;163;202;0;
9153;2025.06.08 12:18;-12;20.875;21;21;163;202;0;
9154;2025.06.08 12:19;-12;20.75;21;20.9375;163;202;0;
9155;2025.06.08 12:20;-12;20.75;21;20.9375;163;202;0;
9156;2025.06.08 12:21;-12;20.75;21;20.875;163;202;0;
9157;2025.06.08 12:22;-12;20.75;21;20.875;163;202;0;
9158;2025.06.08 12:23;-12;20.6875;21;20.875;163;202;0;
9159;2025.06.08 12:24;-12;20.625;21;20.875;163;202;0;
9160;2025.06.08 12:25;-12;20.625;21;20.875;162;202;0;
9161;2025.06.08 12:26;-12;20.625;21;20.875;162;202;0;
9162;2025.06.08 12:27;-12;20.625;21;20.8125;162;202;0;
9163;2025.06.08 12:28;-12;20.5625;21;20.8125;162;202;0;
9164;2025.06.08 12:29;-12;20.5625;21;20.8125;162;202;0;
9165;2025.06.08 12:30;-12;20.5625;21;20.75;162;202;0;
9166;2025.06.08 12:31;-12;20.5;20.9375;20.75;162;202;0;
9167;2025.06.08 12:32;-12;20.5;20.9375;20.75;162;202;0;
9168;2025.06.08 12:33;-12;20.5;20.9375;20.75;162;202;0;
9169;2025.06.08 12:34;-12;20.5;20.9375;20.75;162;202;0;
9170;2025.06.08 12:35;-12;20.5;20.9375;20.75;162;202;0;
9171;2025.06.08 12:36;-12;20.5;20.875;20.75;162;202;0;
9172;2025.06.08 12:37;-12;20.5;20.875;20.75;162;202;0;
9173;2025.06.08 12:38;-12;20.5;20.875;20.75;162;202;0;
9174;2025.06.08 12:39;-12;20.5;20.875;20.75;162;202;0;
9175;2025.06.08 12:40;-12;20.5;20.875;20.75;162;202;0;
9176;2025.06.08 12:41;-12;20.5;20.875;20.75;162;202;0;
9177;2025.06.08 12:42;-12;20.5;20.875;20.75;162;202;0;
9178;2025.06.08 12:43;-12;20.5;20.875;20.75;162;202;0;
9179;2025.06.08 12:44;-12;20.5;20.875;20.6875;162;202;0;
9180;2025.06.08 12:45;-12;20.5;20.875;20.6875;162;202;0;
9181;2025.06.08 12:46;-12;20.5;20.875;20.6875;162;202;0;
9182;2025.06.08 12:47;-12;20.5;20.875;20.6875;162;202;0;
9183;2025.06.08 12:48;-12;20.5;20.875;20.6875;162;202;0;
9184;2025.06.08 12:49;-12;20.5;20.875;20.6875;162;202;0;
9185;2025.06.08 12:50;-12;20.5;20.875;20.6875;162;202;0;
9186;2025.06.08 12:51;-12;20.5;20.875;20.6875;162;202;0;
9187;2025.06.08 12:52;-12;20.5;20.875;20.6875;162;202;0;
9188;2025.06.08 12:53;-12;20.5;20.875;20.6875;162;202;0;
9189;2025.06.08 12:54;-12;20.5;20.875;20.625;162;202;0;
9190;2025.06.08 12:55;-12;20.5;20.875;20.625;162;202;0;
9191;2025.06.08 12:56;-12;20.5;20.875;20.625;162;202;0;
9192;2025.06.08 12:57;-12;20.5;20.875;20.625;162;202;0;
9193;2025.06.08 12:58;-12;20.5;20.875;20.625;162;202;0;
9194;2025.06.08 12:59;-12;20.5;20.875;20.625;162;202;0;
9195;2025.06.08 13:00;-12;20.5;20.875;20.625;162;202;0;
9196;2025.06.08 13:01;-12;20.5;20.875;20.625;162;202;0;
9197;2025.06.08 13:02;-12;20.5;20.875;20.625;162;202;0;
9198;2025.06.08 13:03;-12;20.5;20.875;20.625;162;202;0;
9199;2025.06.08 13:04;-12;20.5;20.8125;20.625;162;202;0;
9200;2025.06.08 13:05;-12;20.5;20.875;20.625;162;202;0;
9201;2025.06.08 13:06;-12;20.5;20.875;20.625;162;202;0;
9202;2025.06.08 13:07;-12;20.5;20.8125;20.625;162;202;0;
9203;2025.06.08 13:08;-12;20.5;20.8125;20.625;162;202;0;
9204;2025.06.08 13:09;-12;20.5;20.8125;20.625;162;202;0;
9205;2025.06.08 13:10;-12;20.5;20.8125;20.625;162;202;0;
9206;2025.06.08 13:11;-12;20.5;20.875;20.625;162;202;0;
9207;2025.06.08 13:12;-12;20.5;20.875;20.625;162;202;0;
9208;2025.06.08 13:13;-12;20.5;20.8125;20.625;162;202;0;
9209;2025.06.08 13:14;-12;20.5;20.8125;20.625;162;202;0;
9210;2025.06.08 13:15;-12;20.5;20.8125;20.625;162;202;0;
9211;2025.06.08 13:16;-12;20.5;20.875;20.625;162;202;0;
9212;2025.06.08 13:17;-12;20.5;20.8125;20.625;162;202;0;
9213;2025.06.08 13:18;-12;20.5;20.8125;20.625;162;202;0;
9214;2025.06.08 13:19;-12;20.5;20.875;20.625;162;202;0;
9215;2025.06.08 13:20;-12;20.5;20.8125;20.625;162;202;0;
9216;2025.06.08 13:21;-12;20.5;20.875;20.625;162;202;0;
9217;2025.06.08 13:22;-12;20.5;20.875;20.625;162;202;0;
9218;2025.06.08 13:23;-12;20.5625;20.875;20.625;162;202;0;
9219;2025.06.08 13:24;-12;20.5625;20.875;20.625;162;202;0;
9220;2025.06.08 13:25;-12;20.5625;20.875;20.625;162;202;0;
9221;2025.06.08 13:26;-12;20.5625;20.875;20.625;162;202;0;
9222;2025.06.08 13:27;-12;20.5625;20.875;20.625;162;202;0;
9223;2025.06.08 13:28;-12;20.5625;20.875;20.625;162;202;0;
9224;2025.06.08 13:29;-12;20.5625;20.875;20.625;162;202;0;
9225;2025.06.08 13:30;-12;20.5625;20.875;20.625;162;202;0;
9226;2025.06.08 13:31;-12;20.5625;20.875;20.625;162;202;0;
9227;2025.06.08 13:32;-12;20.5625;20.875;20.625;162;202;0;
9228;2025.06.08 13:33;-12;20.625;20.875;20.625;162;202;0;
9229;2025.06.08 13:34;-12;20.5625;20.875;20.625;162;202;0;
9230;2025.06.08 13:35;-12;20.625;20.875;20.6875;162;202;0;
9231;2025.06.08 13:36;-12;20.625;20.875;20.6875;162;202;0;
9232;2025.06.08 13:37;-12;20.625;20.875;20.6875;162;202;0;
9233;2025.06.08 13:38;-12;20.625;20.875;20.625;162;202;0;
9234;2025.06.08 13:39;-12;20.625;20.875;20.6875;162;202;0;
9235;2025.06.08 13:40;-12;20.625;20.875;20.6875;162;202;0;
9236;2025.06.08 13:41;-12;20.625;20.875;20.6875;162;202;0;
9237;2025.06.08 13:42;-12;20.625;20.875;20.6875;162;202;0;
9238;2025.06.08 13:43;-12;20.625;20.875;20.6875;162;202;0;
9239;2025.06.08 13:44;-12;20.625;20.875;20.6875;162;202;0;
9240;2025.06.08 13:45;-12;20.625;20.875;20.6875;162;202;0;
9241;2025.06.08 13:46;-12;20.625;20.875;20.6875;162;202;0;
9242;2025.06.08 13:47;-12;20.625;20.875;20.6875;162;202;0;
9243;2025.06.08 13:48;-12;20.625;20.875;20.6875;162;202;0;
9244;2025.06.08 13:49;-12;20.625;20.875;20.6875;162;202;0;
9245;2025.06.08 13:50;-12;20.625;20.875;20.6875;162;202;0;
9246;2025.06.08 13:51;-12;20.625;20.875;20.6875;162;202;0;
9247;2025.06.08 13:52;-12;20.625;20.875;20.6875;162;202;0;
9248;2025.06.08 13:53;-12;20.625;20.875;20.6875;162;202;0;
9249;2025.06.08 13:54;-12;20.625;20.875;20.6875;162;202;0;
9250;2025.06.08 13:55;-12;20.625;20.875;20.6875;162;202;0;
9251;2025.06.08 13:56;-12;20.625;20.875;20.75;162;202;0;
9252;2025.06.08 13:57;-12;20.625;20.875;20.75;162;202;0;
9253;2025.06.08 13:58;-12;20.625;20.875;20.6875;162;202;0;
9254;2025.06.08 13:59;-12;20.625;20.875;20.6875;162;202;0;
9255;2025.06.08 14:00;-12;20.625;20.875;20.75;162;202;0;
9256;2025.06.08 14:01;-12;20.625;20.875;20.75;162;202;0;
9257;2025.06.08 14:02;-12;20.625;20.875;20.75;162;202;0;
9258;2025.06.08 14:03;-12;20.625;20.875;20.75;162;202;0;
9259;2025.06.08 14:04;-12;20.6875;20.875;20.75;162;202;0;
9260;2025.06.08 14:05;-12;20.625;20.875;20.75;162;202;0;
9261;2025.06.08 14:06;-12;20.6875;20.875;20.75;162;202;0;
9262;2025.06.08 14:07;-12;20.6875;20.875;20.75;162;202;0;
9263;2025.06.08 14:08;-12;20.6875;20.875;20.75;162;202;0;
9264;2025.06.08 14:09;-12;20.6875;20.875;20.75;162;202;0;
9265;2025.06.08 14:10;-12;20.6875;20.875;20.75;162;202;0;
9266;2025.06.08 14:11;-12;20.6875;20.875;20.75;162;202;0;
9267;2025.06.08 14:12;-12;20.6875;20.875;20.75;162;202;0;
9268;2025.06.08 14:13;-12;20.6875;20.875;20.75;162;202;0;
9269;2025.06.08 14:14;-12;20.75;20.875;20.75;162;202;0;
9270;2025.06.08 14:15;-12;20.75;20.875;20.75;162;202;0;
9271;2025.06.08 14:16;-12;20.75;20.9375;20.75;162;202;0;
9272;2025.06.08 14:17;-12;20.75;20.875;20.75;162;202;0;
9273;2025.06.08 14:18;-12;20.75;20.9375;20.75;162;202;0;
9274;2025.06.08 14:19;-12;20.75;20.9375;20.75;162;202;0;
9275;2025.06.08 14:20;-12;20.75;20.9375;20.75;162;202;0;
9276;2025.06.08 14:21;-12;20.75;20.9375;20.75;162;202;0;
9277;2025.06.08 14:22;-12;20.75;20.9375;20.75;162;202;0;
9278;2025.06.08 14:23;-12;20.75;20.9375;20.75;162;202;0;
9279;2025.06.08 14:24;-12;20.75;20.9375;20.75;162;202;0;
9280;2025.06.08 14:25;-12;20.75;20.9375;20.75;162;202;0;
9281;2025.06.08 14:26;-12;20.75;20.9375;20.75;162;202;0;
9282;2025.06.08 14:27;-12;20.75;20.9375;20.75;162;202;0;
9283;2025.06.08 14:28;-12;20.75;21;20.75;162;202;0;
9284;2025.06.08 14:29;-12;20.75;20.9375;20.75;162;202;0;
9285;2025.06.08 14:30;-12;20.75;21;20.75;162;202;0;
9286;2025.06.08 14:31;-12;20.75;21;20.75;163;202;0;
9287;2025.06.08 14:32;-12;20.75;21;20.75;163;202;0;
9288;2025.06.08 14:33;-12;20.75;21;20.75;163;202;0;
9289;2025.06.08 14:34;-12;20.75;21;20.75;163;202;0;
9290;2025.06.08 14:35;-12;20.75;21;20.75;163;202;0;
9291;2025.06.08 14:36;-12;20.75;21;20.75;163;202;0;
9292;2025.06.08 14:37;-12;20.75;21;20.75;163;202;0;
9293;2025.06.08 14:38;-12;20.75;21;20.75;163;202;0;
9294;2025.06.08 14:39;-12;20.75;21;20.75;163;202;0;
9295;2025.06.08 14:40;-12;20.75;21;20.75;163;202;0;
9296;2025.06.08 14:41;-12;20.75;21;20.75;163;202;0;
9297;2025.06.08 14:42;-12;20.75;21;20.75;163;202;0;
9298;2025.06.08 14:43;-12;20.75;21;20.75;163;202;0;
9299;2025.06.08 14:44;-12;20.75;21;20.75;163;202;0;
9300;2025.06.08 14:45;-12;20.75;21;20.75;163;202;0;
9301;2025.06.08 14:46;-12;20.8125;21;20.8125;163;202;0;
9302;2025.06.08 14:47;-12;20.8125;21;20.8125;163;202;0;
9303;2025.06.08 14:48;-12;20.8125;21;20.8125;163;202;0;
9304;2025.06.08 14:49;-12;20.8125;21;20.8125;163;202;0;
9305;2025.06.08 14:50;-12;20.8125;21;20.8125;163;202;0;
9306;2025.06.08 14:51;-12;20.8125;21;20.8125;163;202;0;
9307;2025.06.08 14:52;-12;20.8125;21;20.8125;163;202;0;
9308;2025.06.08 14:53;-12;20.8125;21;20.8125;163;202;0;
9309;2025.06.08 14:54;-12;20.8125;21;20.8125;163;202;0;
9310;2025.06.08 14:55;-12;20.8125;21;20.875;163;202;0;
9311;2025.06.08 14:56;-12;20.875;21;20.875;163;202;0;
9312;2025.06.08 14:57;-12;20.875;21;20.875;163;202;0;
9313;2025.06.08 14:58;-12;20.875;21;20.875;163;202;0;
9314;2025.06.08 14:59;-12;20.875;21;20.875;163;202;0;
9315;2025.06.08 15:00;-12;20.875;21;20.875;163;202;0;
9316;2025.06.08 15:01;-12;20.875;21;20.875;163;202;0;
9317;2025.06.08 15:02;-12;20.875;21;20.875;163;202;0;
9318;2025.06.08 15:03;-12;20.875;21;20.875;163;202;0;
9319;2025.06.08 15:04;-12;20.875;21;20.875;163;202;0;
9320;2025.06.08 15:05;-12;20.875;21.0625;20.875;163;202;0;
9321;2025.06.08 15:06;-12;20.875;21;20.875;163;202;0;
9322;2025.06.08 15:07;-12;20.875;21.0625;20.875;163;202;0;
9323;2025.06.08 15:08;-12;20.875;21.0625;20.875;163;202;0;
9324;2025.06.08 15:09;-12;20.875;21.0625;20.875;163;202;0;
9325;2025.06.08 15:10;-12;20.875;21.0625;20.875;163;202;0;
9326;2025.06.08 15:11;-12;20.875;21.0625;20.875;163;202;0;
9327;2025.06.08 15:12;-12;20.875;21.0625;20.875;163;202;0;
9328;2025.06.08 15:13;-12;20.875;21.0625;20.875;163;202;0;
9329;2025.06.08 15:14;-12;20.875;21.0625;20.875;163;202;0;
9330;2025.06.08 15:15;-12;20.9375;21.0625;20.875;163;202;0;
9331;2025.06.08 15:16;-12;21.1875;21.125;20.875;164;202;0;
9332;2025.06.08 15:17;-12;21.625;21.125;21;165;202;0;
9333;2025.06.08 15:18;-12;21.75;21.1875;21;165;202;0;
9334;2025.06.08 15:19;-12;21.75;21.25;21.0625;165;202;0;
9335;2025.06.08 15:20;-12;21.6875;21.25;21.125;165;202;0;
9336;2025.06.08 15:21;-12;21.625;21.25;21.125;164;202;0;
9337;2025.06.08 15:22;-12;21.5;21.3125;21.125;164;202;0;
9338;2025.06.08 15:23;-12;21.5;21.3125;21.125;164;202;0;
9339;2025.06.08 15:24;-12;21.375;21.3125;21.125;164;202;0;
9340;2025.06.08 15:25;-12;21.375;21.3125;21.125;164;202;0;
9341;2025.06.08 15:26;-12;21.3125;21.3125;21.125;164;202;0;
9342;2025.06.08 15:27;-12;21.25;21.3125;21.125;164;202;0;
9343;2025.06.08 15:28;-12;21.25;21.3125;21.125;164;202;0;
9344;2025.06.08 15:29;-12;21.25;21.3125;21.125;164;202;0;
9345;2025.06.08 15:30;-12;21.25;21.3125;21.125;164;202;0;
9346;2025.06.08 15:31;-12;21.1875;21.3125;21.125;164;202;0;
9347;2025.06.08 15:32;-12;21.1875;21.3125;21.125;164;202;0;
9348;2025.06.08 15:33;-12;21.1875;21.3125;21.125;164;202;0;
9349;2025.06.08 15:34;-12;21.125;21.3125;21.125;164;202;0;
9350;2025.06.08 15:35;-12;21.125;21.3125;21.125;164;202;0;
9351;2025.06.08 15:36;-12;21.125;21.3125;21.125;164;202;0;
9352;2025.06.08 15:37;-12;21.125;21.3125;21.125;164;202;0;
9353;2025.06.08 15:38;-12;21.125;21.3125;21.125;164;202;0;
9354;2025.06.08 15:39;-12;21.125;21.3125;21.125;164;202;0;
9355;2025.06.08 15:40;-12;21.125;21.3125;21.125;164;202;0;
9356;2025.06.08 15:41;-12;21.125;21.3125;21.125;164;202;0;
9357;2025.06.08 15:42;-12;21.125;21.3125;21.125;164;202;0;
9358;2025.06.08 15:43;-12;21.125;21.3125;21.125;164;202;0;
9359;2025.06.08 15:44;-12;21.125;21.3125;21.125;164;202;0;
9360;2025.06.08 15:45;-12;21.125;21.3125;21.125;164;202;0;
9361;2025.06.08 15:46;-12;21.125;21.3125;21.125;164;202;0;
9362;2025.06.08 15:47;-12;21.125;21.3125;21.125;164;202;0;
9363;2025.06.08 15:48;-12;21.125;21.3125;21.125;164;202;0;
9364;2025.06.08 15:49;-12;21.125;21.3125;21.125;164;202;0;
9365;2025.06.08 15:50;-12;21.125;21.3125;21.125;164;202;0;
9366;2025.06.08 15:51;-12;21.125;21.3125;21.125;164;202;0;
9367;2025.06.08 15:52;-12;21.125;21.3125;21.125;164;202;0;
9368;2025.06.08 15:53;-12;21.125;21.3125;21.125;164;202;0;
9369;2025.06.08 15:54;-12;21.125;21.3125;21.125;164;202;0;
9370;2025.06.08 15:55;-12;21.125;21.3125;21.125;164;202;0;
9371;2025.06.08 15:56;-12;21.125;21.3125;21.125;164;202;0;
9372;2025.06.08 15:57;-12;21.125;21.3125;21.125;164;202;0;
9373;2025.06.08 15:58;-12;21.125;21.3125;21.125;164;202;0;
9374;2025.06.08 15:59;-12;21.125;21.3125;21.125;164;202;0;
9375;2025.06.08 16:00;-12;21.125;21.3125;21.125;164;202;0;
9376;2025.06.08 16:01;-12;21.125;21.3125;21.125;164;202;0;
9377;2025.06.08 16:02;-12;21.125;21.3125;21.125;164;202;0;
9378;2025.06.08 16:03;-12;21.125;21.3125;21.125;164;202;0;
9379;2025.06.08 16:04;-12;21.125;21.3125;21.125;164;202;0;
9380;2025.06.08 16:05;-12;21.125;21.3125;21.125;164;202;0;
9381;2025.06.08 16:06;-12;21.125;21.375;21.125;164;202;0;
9382;2025.06.08 16:07;-12;21.125;21.375;21.125;164;202;0;
9383;2025.06.08 16:08;-12;21.125;21.375;21.125;164;202;0;
9384;2025.06.08 16:09;-12;21.125;21.375;21.125;164;202;0;
9385;2025.06.08 16:10;-12;21.125;21.375;21.125;164;202;0;
9386;2025.06.08 16:11;-12;21.125;21.375;21.125;164;202;0;
9387;2025.06.08 16:12;-12;21.1875;21.375;21.125;164;202;0;
9388;2025.06.08 16:13;-12;21.125;21.375;21.125;164;202;0;
9389;2025.06.08 16:14;-12;21.1875;21.375;21.125;164;202;0;
9390;2025.06.08 16:15;-12;21.1875;21.375;21.125;164;202;0;
9391;2025.06.08 16:16;-12;21.1875;21.375;21.125;164;202;0;
9392;2025.06.08 16:17;-12;21.1875;21.375;21.125;164;202;0;
9393;2025.06.08 16:18;-12;21.1875;21.375;21.125;164;202;0;
9394;2025.06.08 16:19;-12;21.1875;21.375;21.125;164;202;0;
9395;2025.06.08 16:20;-12;21.1875;21.375;21.125;164;202;0;
9396;2025.06.08 16:21;-12;21.1875;21.375;21.125;164;202;0;
9397;2025.06.08 16:22;-12;21.1875;21.375;21.125;164;202;0;
9398;2025.06.08 16:23;-12;21.25;21.375;21.1875;164;202;0;
9399;2025.06.08 16:24;-12;21.25;21.375;21.1875;164;202;0;
9400;2025.06.08 16:25;-12;21.25;21.375;21.1875;164;202;0;
9401;2025.06.08 16:26;-12;21.25;21.375;21.1875;164;202;0;
9402;2025.06.08 16:27;-12;21.25;21.375;21.1875;164;202;0;
9403;2025.06.08 16:28;-12;21.25;21.375;21.1875;164;202;0;
9404;2025.06.08 16:29;-12;21.25;21.375;21.1875;164;202;0;
9405;2025.06.08 16:30;-12;21.25;21.375;21.1875;164;202;0;
9406;2025.06.08 16:31;-12;21.25;21.375;21.1875;164;202;0;
9407;2025.06.08 16:32;-12;21.25;21.375;21.1875;164;202;0;
9408;2025.06.08 16:33;-12;21.25;21.375;21.25;164;202;0;
9409;2025.06.08 16:34;-12;21.25;21.375;21.25;164;202;0;
9410;2025.06.08 16:35;-12;21.25;21.375;21.25;164;202;0;
9411;2025.06.08 16:36;-12;21.25;21.375;21.25;164;202;0;
9412;2025.06.08 16:37;-12;21.25;21.375;21.25;164;202;0;
9413;2025.06.08 16:38;-12;21.25;21.375;21.25;164;202;0;
9414;2025.06.08 16:39;-12;21.25;21.375;21.25;164;202;0;
9415;2025.06.08 16:40;-12;21.25;21.375;21.25;164;202;0;
9416;2025.06.08 16:41;-12;21.25;21.375;21.25;164;202;0;
9417;2025.06.08 16:42;-12;21.25;21.375;21.25;164;202;0;
9418;2025.06.08 16:43;-12;21.25;21.375;21.25;164;202;0;
9419;2025.06.08 16:44;-12;21.25;21.375;21.25;164;202;0;
9420;2025.06.08 16:45;-12;21.25;21.375;21.25;164;202;0;
9421;2025.06.08 16:46;-12;21.25;21.375;21.25;164;202;0;
9422;2025.06.08 16:47;-12;21.25;21.4375;21.25;164;202;0;
9423;2025.06.08 16:48;-12;21.25;21.4375;21.25;164;202;0;
9424;2025.06.08 16:49;-12;21.25;21.4375;21.25;164;202;0;
9425;2025.06.08 16:50;-12;21.25;21.4375;21.25;164;202;0;
9426;2025.06.08 16:51;-12;21.25;21.4375;21.25;164;202;0;
9427;2025.06.08 16:52;-12;21.25;21.4375;21.25;164;202;0;
9428;2025.06.08 16:53;-12;21.25;21.4375;21.25;164;202;0;
9429;2025.06.08 16:54;-12;21.25;21.4375;21.25;164;202;0;
9430;2025.06.08 16:55;-12;21.25;21.4375;21.25;164;202;0;
9431;2025.06.08 16:56;-12;21.25;21.4375;21.25;164;202;0;
9432;2025.06.08 16:57;-12;21.25;21.4375;21.25;164;202;0;
9433;2025.06.08 16:58;-12;21.25;21.4375;21.25;164;202;0;
9434;2025.06.08 16:59;-12;21.25;21.5;21.25;164;202;0;
9435;2025.06.08 17:00;-12;21.3125;21.5;21.25;164;202;0;
9436;2025.06.08 17:01;-12;21.25;21.5;21.25;164;202;0;
9437;2025.06.08 17:02;-12;21.3125;21.5;21.25;164;202;0;
9438;2025.06.08 17:03;-12;21.3125;21.5;21.25;164;202;0;
9439;2025.06.08 17:04;-12;21.3125;21.5;21.25;164;202;0;
9440;2025.06.08 17:05;-12;21.3125;21.5;21.25;164;202;0;
9441;2025.06.08 17:06;-12;21.3125;21.5;21.25;164;202;0;
9442;2025.06.08 17:07;-12;21.3125;21.5;21.25;164;202;0;
9443;2025.06.08 17:08;-12;21.3125;21.5;21.25;164;202;0;
9444;2025.06.08 17:09;-12;21.3125;21.5;21.25;164;202;0;
9445;2025.06.08 17:10;-12;21.3125;21.5;21.25;164;202;0;
9446;2025.06.08 17:11;-12;21.3125;21.5;21.25;164;202;0;
9447;2025.06.08 17:12;-12;21.3125;21.5;21.25;164;202;0;
9448;2025.06.08 17:13;-12;21.3125;21.5;21.25;164;202;0;
9449;2025.06.08 17:14;-12;21.375;21.5;21.25;164;202;0;
9450;2025.06.08 17:15;-12;21.375;21.5;21.25;164;202;0;
9451;2025.06.08 17:16;-12;21.375;21.5;21.3125;164;202;0;
9452;2025.06.08 17:17;-12;21.375;21.5;21.3125;164;202;0;
9453;2025.06.08 17:18;-12;21.375;21.5;21.3125;164;202;0;
9454;2025.06.08 17:19;-12;21.375;21.5;21.3125;164;202;0;
9455;2025.06.08 17:20;-12;21.4375;21.5;21.3125;164;202;0;
9456;2025.06.08 17:21;-12;21.5;21.5;21.3125;165;202;0;
9457;2025.06.08 17:22;-12;21.5;21.5;21.375;165;202;0;
9458;2025.06.08 17:23;-12;21.5;21.5;21.375;165;202;0;
9459;2025.06.08 17:24;-12;21.5;21.5;21.375;165;202;0;
9460;2025.06.08 17:25;-12;21.5;21.5;21.375;165;202;0;
9461;2025.06.08 17:26;-12;21.5;21.5;21.375;165;202;0;
9462;2025.06.08 17:27;-12;21.5625;21.5625;21.375;165;202;0;
9463;2025.06.08 17:28;-12;21.5625;21.5625;21.375;165;202;0;
9464;2025.06.08 17:29;-12;21.625;21.5625;21.375;165;202;0;
9465;2025.06.08 17:30;-12;21.625;21.5625;21.375;165;202;0;
9466;2025.06.08 17:31;-12;21.625;21.625;21.375;165;202;0;
9467;2025.06.08 17:32;-12;21.625;21.625;21.375;165;202;0;
9468;2025.06.08 17:33;-12;21.625;21.625;21.375;165;202;0;
9469;2025.06.08 17:34;-12;21.625;21.625;21.375;165;202;0;
9470;2025.06.08 17:35;-12;21.75;21.625;21.375;165;202;0;
9471;2025.06.08 17:36;-12;21.75;21.625;21.4375;165;202;0;
9472;2025.06.08 17:37;-12;21.75;21.625;21.5;165;202;0;
9473;2025.06.08 17:38;-12;21.75;21.625;21.5;165;202;0;
9474;2025.06.08 17:39;-12;21.75;21.6875;21.5;165;202;0;
9475;2025.06.08 17:40;-12;21.75;21.6875;21.5;165;202;0;
9476;2025.06.08 17:41;-12;21.75;21.6875;21.5;165;202;0;
9477;2025.06.08 17:42;-12;21.75;21.6875;21.5;165;202;0;
9478;2025.06.08 17:43;-12;21.75;21.75;21.5;165;202;0;
9479;2025.06.08 17:44;-12;21.75;21.75;21.5;165;202;0;
9480;2025.06.08 17:45;-12;21.75;21.75;21.5;165;202;0;
9481;2025.06.08 17:46;-12;21.75;21.75;21.5;165;202;0;
9482;2025.06.08 17:47;-12;21.75;21.75;21.5;165;202;0;
9483;2025.06.08 17:48;-12;21.75;21.75;21.5;165;202;0;
9484;2025.06.08 17:49;-12;21.75;21.75;21.5;165;202;0;
9485;2025.06.08 17:50;-12;21.75;21.75;21.5;165;202;0;
9486;2025.06.08 17:51;-12;21.75;21.75;21.5625;165;202;0;
9487;2025.06.08 17:52;-12;21.75;21.75;21.5625;165;202;0;
9488;2025.06.08 17:53;-12;21.75;21.75;21.5625;165;202;0;
9489;2025.06.08 17:54;-12;21.75;21.75;21.625;165;202;0;
9490;2025.06.08 17:55;-12;21.875;21.75;21.625;166;202;0;
9491;2025.06.08 17:56;-12;22;21.75;21.625;166;202;0;
9492;2025.06.08 17:57;-12;22;21.8125;21.625;166;202;0;
9493;2025.06.08 17:58;-12;22;21.8125;21.625;166;202;0;
9494;2025.06.08 17:59;-12;22;21.875;21.625;166;202;0;
9495;2025.06.08 18:00;-12;22;21.875;21.625;166;202;0;
9496;2025.06.08 18:01;-12;22;21.875;21.6875;166;202;0;
9497;2025.06.08 18:02;-12;22;21.875;21.6875;166;202;0;
9498;2025.06.08 18:03;-12;22;21.875;21.6875;166;202;0;
9499;2025.06.08 18:04;-12;22;21.875;21.6875;166;202;0;
9500;2025.06.08 18:05;-12;22;21.875;21.6875;166;202;0;
9501;2025.06.08 18:06;-12;22;21.875;21.75;166;202;0;
9502;2025.06.08 18:07;-12;22;21.875;21.75;166;202;0;
9503;2025.06.08 18:08;-12;22;21.875;21.75;166;202;0;
9504;2025.06.08 18:09;-12;22;21.875;21.75;166;202;0;
9505;2025.06.08 18:10;-12;22;21.9375;21.75;166;202;0;
9506;2025.06.08 18:11;-12;22;21.9375;21.75;166;202;0;
9507;2025.06.08 18:12;-12;22;21.9375;21.75;166;202;0;
9508;2025.06.08 18:13;-12;22;21.9375;21.75;166;202;0;
9509;2025.06.08 18:14;-12;22;21.9375;21.75;166;202;0;
9510;2025.06.08 18:15;-12;22;21.9375;21.75;166;202;0;
9511;2025.06.08 18:16;-12;22;21.9375;21.75;166;202;0;
9512;2025.06.08 18:17;-12;22;22;21.75;166;202;0;
9513;2025.06.08 18:18;-12;22;22;21.8125;166;202;0;
9514;2025.06.08 18:19;-12;22;22;21.8125;166;202;0;
9515;2025.06.08 18:20;-12;22;22;21.8125;166;202;0;
9516;2025.06.08 18:21;-12;22;22;21.8125;166;202;0;
9517;2025.06.08 18:22;-12;22;22;21.8125;166;202;0;
9518;2025.06.08 18:23;-12;22;22;21.8125;166;202;0;
9519;2025.06.08 18:24;-12;22;22;21.875;166;202;0;
9520;2025.06.08 18:25;-12;22;22;21.875;166;202;0;
9521;2025.06.08 18:26;-12;22;22;21.875;166;202;0;
9522;2025.06.08 18:27;-12;22.0625;22;21.875;166;202;0;
9523;2025.06.08 18:28;-12;22.0625;22;21.875;166;202;0;
9524;2025.06.08 18:29;-12;22.0625;22;21.875;166;202;0;
9525;2025.06.08 18:30;-12;22.125;22;21.875;166;202;0;
9526;2025.06.08 18:31;-12;22.125;22;21.875;166;202;0;
9527;2025.06.08 18:32;-12;22.125;22;21.875;166;202;0;
9528;2025.06.08 18:33;-12;22.125;22.0625;21.875;166;202;0;
9529;2025.06.08 18:34;-12;22.125;22.0625;21.875;166;202;0;
9530;2025.06.08 18:35;-12;22.125;22.0625;21.875;166;202;0;
9531;2025.06.08 18:36;-12;22.125;22.0625;21.875;166;202;0;
9532;2025.06.08 18:37;-12;22.125;22.0625;21.9375;166;202;0;
9533;2025.06.08 18:38;-12;22.125;22.0625;21.9375;166;202;0;
9534;2025.06.08 18:39;-12;22.0625;22.0625;21.9375;166;202;0;
9535;2025.06.08 18:40;-12;22.0625;22.0625;21.9375;166;202;0;
9536;2025.06.08 18:41;-12;22.0625;22.0625;21.9375;166;202;0;
9537;2025.06.08 18:42;-12;22.0625;22.125;21.9375;166;202;0;
9538;2025.06.08 18:43;-12;22.0625;22.125;21.9375;166;202;0;
9539;2025.06.08 18:44;-12;22.0625;22.125;21.9375;166;202;0;
9540;2025.06.08 18:45;-12;22.0625;22.125;21.875;166;202;0;
9541;2025.06.08 18:46;-12;22.0625;22.125;21.875;166;202;0;
9542;2025.06.08 18:47;-12;22.0625;22.125;21.875;166;202;0;
9543;2025.06.08 18:48;-12;22.0625;22.125;21.875;166;202;0;
9544;2025.06.08 18:49;-12;22.0625;22.125;21.875;166;202;0;
9545;2025.06.08 18:50;-12;22.0625;22.125;21.875;166;202;0;
9546;2025.06.08 18:51;-12;22.0625;22.125;21.875;166;202;0;
9547;2025.06.08 18:52;-12;22.0625;22.125;21.875;166;202;0;
9548;2025.06.08 18:53;-12;22.0625;22.125;21.875;166;202;0;
9549;2025.06.08 18:54;-12;22.0625;22.125;21.9375;166;202;0;
9550;2025.06.08 18:55;-12;22.0625;22.125;21.9375;166;202;0;
9551;2025.06.08 18:56;-12;22.0625;22.125;21.9375;166;202;0;
9552;2025.06.08 18:57;-12;22.125;22.125;21.9375;166;202;0;
9553;2025.06.08 18:58;-12;22.125;22.125;21.9375;166;202;0;
9554;2025.06.08 18:59;-12;22.125;22.125;21.9375;166;202;0;
9555;2025.06.08 19:00;-12;22.125;22.125;21.9375;166;202;0;
9556;2025.06.08 19:01;-12;22.125;22.125;21.9375;166;202;0;
9557;2025.06.08 19:02;-12;22.125;22.125;21.9375;166;202;0;
9558;2025.06.08 19:03;-12;22.125;22.125;21.9375;166;202;0;
9559;2025.06.08 19:04;-12;22.125;22.125;21.9375;166;202;0;
9560;2025.06.08 19:05;-12;22.125;22.125;22;167;202;0;
9561;2025.06.08 19:06;-12;22.125;22.125;22;166;202;0;
9562;2025.06.08 19:07;-12;22.125;22.125;22;166;202;0;
9563;2025.06.08 19:08;-12;22.125;22.125;22;166;202;0;
9564;2025.06.08 19:09;-12;22.125;22.125;22;167;202;0;
9565;2025.06.08 19:10;-12;22.125;22.125;22;167;202;0;
9566;2025.06.08 19:11;-12;22.125;22.125;22;167;202;0;
9567;2025.06.08 19:12;-12;22.125;22.125;22;167;202;0;
9568;2025.06.08 19:13;-12;22.125;22.125;22;167;202;0;
9569;2025.06.08 19:14;-12;22.125;22.125;22;167;202;0;
9570;2025.06.08 19:15;-12;22.125;22.125;22;167;202;0;
9571;2025.06.08 19:16;-12;22.125;22.125;22;167;202;0;
9572;2025.06.08 19:17;-12;22.0625;22.125;22;167;202;0;
9573;2025.06.08 19:18;-12;22.0625;22.125;22;166;202;0;
9574;2025.06.08 19:19;-12;22.0625;22.125;22;166;202;0;
9575;2025.06.08 19:20;-12;22;22.125;22;167;202;0;
9576;2025.06.08 19:21;-12;22;22.125;22;166;202;0;
9577;2025.06.08 19:22;-12;22;22.125;22;166;202;0;
9578;2025.06.08 19:23;-12;22;22.125;22;166;202;0;
9579;2025.06.08 19:24;-12;22;22.125;22;166;202;0;
9580;2025.06.08 19:25;-12;22;22.125;22;166;202;0;
9581;2025.06.08 19:26;-12;22;22.125;22;166;202;0;
9582;2025.06.08 19:27;-12;22;22.125;22;166;202;0;
9583;2025.06.08 19:28;-12;22;22.125;22;166;202;0;
9584;2025.06.08 19:29;-12;22;22.125;22;166;202;0;
9585;2025.06.08 19:30;-12;22;22.125;22;166;202;0;
9586;2025.06.08 19:31;-12;22;22.125;22;166;202;0;
9587;2025.06.08 19:32;-12;22;22.125;22;166;202;0;
9588;2025.06.08 19:33;-12;22;22.125;22;166;202;0;
9589;2025.06.08 19:34;-12;22;22.125;22;166;202;0;
9590;2025.06.08 19:35;-12;22;22.125;22;166;202;0;
9591;2025.06.08 19:36;-12;22;22.125;22;166;202;0;
9592;2025.06.08 19:37;-12;22;22.125;22;166;202;0;
9593;2025.06.08 19:38;-12;22;22.125;22;166;202;0;
9594;2025.06.08 19:39;-12;22;22.125;22;166;202;0;
9595;2025.06.08 19:40;-12;22;22.125;22;166;202;0;
9596;2025.06.08 19:41;-12;22;22.125;22;166;202;0;
9597;2025.06.08 19:42;-12;22;22.125;22;166;202;0;
9598;2025.06.08 19:43;-12;22;22.125;22;166;202;0;
9599;2025.06.08 19:44;-12;22;22.125;22;166;202;0;
9600;2025.06.08 19:45;-12;22;22.125;22;166;202;0;
9601;2025.06.08 19:46;-12;22;22.125;22;166;202;0;
9602;2025.06.08 19:47;-12;22;22.125;22;166;202;0;
9603;2025.06.08 19:48;-12;22;22.125;22;166;202;0;
9604;2025.06.08 19:49;-12;22;22.125;22;166;202;0;
9605;2025.06.08 19:50;-12;22;22.125;22;166;202;0;
9606;2025.06.08 19:51;-12;22;22.125;22;166;202;0;
9607;2025.06.08 19:52;-12;22;22.125;22;166;202;0;
9608;2025.06.08 19:53;-12;22;22.125;22;166;202;0;
9609;2025.06.08 19:54;-12;22;22.125;21.9375;166;202;0;
9610;2025.06.08 19:55;-12;22;22.125;22;166;202;0;
9611;2025.06.08 19:56;-12;22;22.125;22;166;202;0;
9612;2025.06.08 19:57;-12;22;22.125;22;166;202;0;
9613;2025.06.08 19:58;-12;22;22.125;22;166;202;0;
9614;2025.06.08 19:59;-12;22;22.125;22;166;202;0;
9615;2025.06.08 20:00;-12;22;22.125;22;166;202;0;
9616;2025.06.08 20:01;-12;22;22.125;22;166;202;0;
9617;2025.06.08 20:02;-12;22;22.125;22;166;202;0;
9618;2025.06.08 20:03;-12;22;22.125;22;166;202;0;
9619;2025.06.08 20:04;-12;22;22.125;21.9375;166;202;0;
9620;2025.06.08 20:05;-12;22;22.125;21.9375;166;202;0;
9621;2025.06.08 20:06;-12;22;22.125;22;166;202;0;
9622;2025.06.08 20:07;-12;22;22.125;22;166;202;0;
9623;2025.06.08 20:08;-12;22;22.125;22;166;202;0;
9624;2025.06.08 20:09;-12;22;22.125;22;166;202;0;
9625;2025.06.08 20:10;-12;22;22.125;22;166;202;0;
9626;2025.06.08 20:11;-12;22;22.125;22;166;202;0;
9627;2025.06.08 20:12;-12;22;22.125;22;166;202;0;
9628;2025.06.08 20:13;-12;22;22.125;22;166;202;0;
9629;2025.06.08 20:14;-12;22;22.125;22;166;202;0;
9630;2025.06.08 20:15;-12;22;22.125;22;166;202;0;
9631;2025.06.08 20:16;-12;22;22.125;22;166;202;0;
9632;2025.06.08 20:17;-12;22;22.125;22;166;202;0;
9633;2025.06.08 20:18;-12;22;22.125;22;166;202;0;
9634;2025.06.08 20:19;-12;22;22.125;22;166;202;0;
9635;2025.06.08 20:20;-12;22;22.125;22;166;202;0;
9636;2025.06.08 20:21;-12;22;22.125;22;166;202;0;
9637;2025.06.08 20:22;-12;22;22.125;22;166;202;0;
9638;2025.06.08 20:23;-12;22;22.125;22;166;202;0;
9639;2025.06.08 20:24;-12;22;22.125;22;166;202;0;
9640;2025.06.08 20:25;-12;22;22.125;22;166;202;0;
9641;2025.06.08 20:26;-12;22;22.125;22;166;202;0;
9642;2025.06.08 20:27;-12;22;22.125;22;166;202;0;
9643;2025.06.08 20:28;-12;22;22.125;22;166;202;0;
9644;2025.06.08 20:29;-12;22;22.125;22;166;202;0;
9645;2025.06.08 20:30;-12;22;22.125;22;166;202;0;
9646;2025.06.08 20:31;-12;22;22.125;22;167;202;0;
9647;2025.06.08 20:32;-12;22;22.125;22;166;202;0;
9648;2025.06.08 20:33;-12;22;22.125;22;167;202;0;
9649;2025.06.08 20:34;-12;22;22.125;22;166;202;0;
9650;2025.06.08 20:35;-12;22;22.125;22;167;202;0;
9651;2025.06.08 20:36;-12;22;22.125;22;167;202;0;
9652;2025.06.08 20:37;-12;22;22.125;22;167;202;0;
9653;2025.06.08 20:38;-12;22;22.125;22;167;202;0;
9654;2025.06.08 20:39;-12;22;22.125;22;167;202;0;
9655;2025.06.08 20:40;-12;22;22.125;22;167;202;0;
9656;2025.06.08 20:41;-12;22;22.125;22;167;202;0;
9657;2025.06.08 20:42;-12;22;22.125;22;167;202;0;
9658;2025.06.08 20:43;-12;22;22.125;22;167;202;0;
9659;2025.06.08 20:44;-12;22;22.125;22;166;202;0;
9660;2025.06.08 20:45;-12;22;22.125;22;166;202;0;
9661;2025.06.08 20:46;-12;21.9375;22.125;22;166;202;0;
9662;2025.06.08 20:47;-12;21.9375;22.125;22;166;202;0;
9663;2025.06.08 20:48;-12;21.9375;22.125;22;166;202;0;
9664;2025.06.08 20:49;-12;21.9375;22.125;22;166;202;0;
9665;2025.06.08 20:50;-12;21.9375;22.125;22;166;202;0;
9666;2025.06.08 20:51;-12;21.9375;22.125;21.9375;166;202;0;
9667;2025.06.08 20:52;-12;21.9375;22.125;22;166;202;0;
9668;2025.06.08 20:53;-12;21.9375;22.125;22;166;202;0;
9669;2025.06.08 20:54;-12;21.875;22.125;22;166;202;0;
9670;2025.06.08 20:55;-12;21.875;22.125;22;166;202;0;
9671;2025.06.08 20:56;-12;21.875;22.125;21.9375;166;202;0;
9672;2025.06.08 20:57;-12;21.875;22.125;21.9375;166;202;0;
9673;2025.06.08 20:58;-12;21.875;22.125;21.9375;166;202;0;
9674;2025.06.08 20:59;-12;21.9375;22.125;21.9375;166;202;0;
9675;2025.06.08 21:00;-12;21.9375;22.125;22;167;202;0;
9676;2025.06.08 21:01;-12;22;22.125;22;167;202;0;
9677;2025.06.08 21:02;-12;22;22.125;22;167;202;0;
9678;2025.06.08 21:03;-12;22;22.125;22;167;202;0;
9679;2025.06.08 21:04;-12;22;22.125;22;167;202;0;
9680;2025.06.08 21:05;-12;22;22.125;22;167;202;0;
9681;2025.06.08 21:06;-12;22;22.125;22;167;202;0;
9682;2025.06.08 21:07;-12;22;22.125;22;167;202;0;
9683;2025.06.08 21:08;-12;22;22.125;22;167;202;0;
9684;2025.06.08 21:09;-12;22;22.125;22;167;202;0;
9685;2025.06.08 21:10;-12;22;22.125;22;167;202;0;
9686;2025.06.08 21:11;-12;22;22.125;22;167;202;0;
9687;2025.06.08 21:12;-12;22;22.125;22;167;202;0;
9688;2025.06.08 21:13;-12;22;22.125;22;167;202;0;
9689;2025.06.08 21:14;-12;22;22.125;22;167;202;0;
9690;2025.06.08 21:15;-12;22;22.125;22;167;202;0;
9691;2025.06.08 21:16;-12;22;22.125;22;167;202;0;
9692;2025.06.08 21:17;-12;22;22.125;22;167;202;0;
9693;2025.06.08 21:18;-12;22;22.125;22;167;202;0;
9694;2025.06.08 21:19;-12;22;22.125;22;167;202;0;
9695;2025.06.08 21:20;-12;22;22.125;22;167;202;0;
9696;2025.06.08 21:21;-12;22;22.125;22;167;202;0;
9697;2025.06.08 21:22;-12;22;22.125;22;167;202;0;
9698;2025.06.08 21:23;-12;22;22.125;22;167;202;0;
9699;2025.06.08 21:24;-12;22;22.125;22;167;202;0;
9700;2025.06.08 21:25;-12;22;22.125;22;167;202;0;
9701;2025.06.08 21:26;-12;22;22.125;22;167;202;0;
9702;2025.06.08 21:27;-12;22;22.125;22;167;202;0;
9703;2025.06.08 21:28;-12;22;22.125;22;167;202;0;
9704;2025.06.08 21:29;-12;22;22.125;22;167;202;0;
9705;2025.06.08 21:30;-12;22;22.125;22;167;202;0;
9706;2025.06.08 21:31;-12;22;22.125;22;167;202;0;
9707;2025.06.08 21:32;-12;22;22.125;22;167;202;0;
9708;2025.06.08 21:33;-12;22;22.125;22;167;202;0;
9709;2025.06.08 21:34;-12;22;22.125;22;167;202;0;
9710;2025.06.08 21:35;-12;22;22.125;22;167;202;0;
9711;2025.06.08 21:36;-12;22;22.125;22;167;202;0;
9712;2025.06.08 21:37;-12;22;22.125;22;167;202;0;
9713;2025.06.08 21:38;-12;22;22.125;22;167;202;0;
9714;2025.06.08 21:39;-12;21.9375;22.125;22;167;202;0;
9715;2025.06.08 21:40;-12;22;22.125;22;167;202;0;
9716;2025.06.08 21:41;-12;21.9375;22.125;22;167;202;0;
9717;2025.06.08 21:42;-12;22;22.125;22;167;202;0;
9718;2025.06.08 21:43;-12;21.9375;22.125;22;167;202;0;
9719;2025.06.08 21:44;-12;22;22.125;22;167;202;0;
9720;2025.06.08 21:45;-12;21.9375;22.125;22;167;202;0;
9721;2025.06.08 21:46;-12;21.9375;22.125;22;167;202;0;
9722;2025.06.08 21:47;-12;21.9375;22.125;22;167;202;0;
9723;2025.06.08 21:48;-12;21.9375;22.125;22;167;202;0;
9724;2025.06.08 21:49;-12;21.9375;22.125;22;167;202;0;
9725;2025.06.08 21:50;-12;21.9375;22.125;22;167;202;0;
9726;2025.06.08 21:51;-12;21.9375;22.125;22;167;202;0;
9727;2025.06.08 21:52;-12;21.9375;22.125;22;167;202;0;
9728;2025.06.08 21:53;-12;21.9375;22.125;22;167;202;0;
9729;2025.06.08 21:54;-12;21.9375;22.125;22;167;202;0;
9730;2025.06.08 21:55;-12;21.9375;22.125;22;167;202;0;
9731;2025.06.08 21:56;-12;21.9375;22.125;22;167;202;0;
9732;2025.06.08 21:57;-12;21.9375;22.125;22;167;202;0;
9733;2025.06.08 21:58;-12;21.9375;22.125;22;167;202;0;
9734;2025.06.08 21:59;-12;21.9375;22.125;22;167;202;0;
9735;2025.06.08 22:00;-12;21.9375;22.125;22;167;202;0;
9736;2025.06.08 22:01;-12;21.9375;22.125;22;167;202;0;
9737;2025.06.08 22:02;-12;21.9375;22.125;22;167;202;0;
9738;2025.06.08 22:03;-12;21.9375;22.125;22;167;202;0;
9739;2025.06.08 22:04;-12;21.875;22.125;22;167;202;0;
9740;2025.06.08 22:05;-12;21.875;22.125;22;167;202;0;
9741;2025.06.08 22:06;-12;21.875;22.125;22;167;202;0;
9742;2025.06.08 22:07;-12;21.875;22.125;22;167;202;0;
9743;2025.06.08 22:08;-12;21.875;22.125;22;167;202;0;
9744;2025.06.08 22:09;-12;21.875;22.125;22;167;202;0;
9745;2025.06.08 22:10;-12;21.875;22.125;22;167;202;0;
9746;2025.06.08 22:11;-12;21.875;22.125;22;167;202;0;
9747;2025.06.08 22:12;-12;21.875;22.125;22;166;202;0;
9748;2025.06.08 22:13;-12;21.875;22.125;22;167;202;0;
9749;2025.06.08 22:14;-12;21.875;22.125;22;167;202;0;
9750;2025.06.08 22:15;-12;21.875;22.125;22;166;202;0;
9751;2025.06.08 22:16;-12;21.875;22.125;21.9375;166;202;0;
9752;2025.06.08 22:17;-12;21.875;22.125;21.9375;166;202;0;
9753;2025.06.08 22:18;-12;21.875;22.125;21.9375;167;202;0;
9754;2025.06.08 22:19;-12;21.875;22.125;21.9375;166;202;0;
9755;2025.06.08 22:20;-12;21.875;22.125;21.9375;166;202;0;
9756;2025.06.08 22:21;-12;21.875;22.125;21.9375;166;202;0;
9757;2025.06.08 22:22;-12;21.875;22.125;21.9375;167;202;0;
9758;2025.06.08 22:23;-12;21.875;22.125;21.9375;166;202;0;
9759;2025.06.08 22:24;-12;21.875;22.125;21.9375;166;202;0;
9760;2025.06.08 22:25;-12;21.875;22.125;21.9375;167;202;0;
9761;2025.06.08 22:26;-12;21.875;22.125;21.9375;166;202;0;
9762;2025.06.08 22:27;-12;21.875;22.125;21.9375;166;202;0;
9763;2025.06.08 22:28;-12;21.875;22.125;21.9375;166;202;0;
9764;2025.06.08 22:29;-12;21.875;22.125;21.9375;166;202;0;
9765;2025.06.08 22:30;-12;21.875;22.125;21.9375;166;202;0;
9766;2025.06.08 22:31;-12;21.875;22.125;21.9375;166;202;0;
9767;2025.06.08 22:32;-12;21.875;22.125;21.9375;166;202;0;
9768;2025.06.08 22:33;-12;21.875;22.125;21.9375;166;202;0;
9769;2025.06.08 22:34;-12;21.875;22.125;21.875;166;202;0;
9770;2025.06.08 22:35;-12;21.875;22.125;21.9375;166;202;0;
9771;2025.06.08 22:36;-12;21.875;22.125;21.875;166;202;0;
9772;2025.06.08 22:37;-12;21.875;22.125;21.875;166;202;0;
9773;2025.06.08 22:38;-12;21.875;22.125;21.875;166;202;0;
9774;2025.06.08 22:39;-12;21.875;22.125;21.875;166;202;0;
9775;2025.06.08 22:40;-12;21.875;22.125;21.875;166;202;0;
9776;2025.06.08 22:41;-12;21.875;22.125;21.875;166;202;0;
9777;2025.06.08 22:42;-12;21.875;22.125;21.875;166;202;0;
9778;2025.06.08 22:43;-12;21.875;22.0625;21.875;166;202;0;
9779;2025.06.08 22:44;-12;21.875;22.125;21.875;166;202;0;
9780;2025.06.08 22:45;-12;21.875;22.0625;21.875;166;202;0;
9781;2025.06.08 22:46;-12;21.875;22.0625;21.875;166;202;0;
9782;2025.06.08 22:47;-12;21.8125;22.0625;21.875;166;202;0;
9783;2025.06.08 22:48;-12;21.8125;22.0625;21.875;166;202;0;
9784;2025.06.08 22:49;-12;21.8125;22.0625;21.875;166;202;0;
9785;2025.06.08 22:50;-12;21.8125;22.0625;21.875;166;202;0;
9786;2025.06.08 22:51;-12;21.8125;22.0625;21.875;166;202;0;
9787;2025.06.08 22:52;-12;21.8125;22.0625;21.875;166;202;0;
9788;2025.06.08 22:53;-12;21.75;22.0625;21.875;166;202;0;
9789;2025.06.08 22:54;-12;21.8125;22.0625;21.875;166;202;0;
9790;2025.06.08 22:55;-12;21.75;22.0625;21.875;166;202;0;
9791;2025.06.08 22:56;-12;21.75;22.0625;21.875;166;202;0;
9792;2025.06.08 22:57;-12;21.75;22.0625;21.875;166;202;0;
9793;2025.06.08 22:58;-12;21.75;22.0625;21.875;166;202;0;
9794;2025.06.08 22:59;-12;21.75;22.0625;21.875;166;202;0;
9795;2025.06.08 23:00;-12;21.75;22;21.875;166;202;0;
9796;2025.06.08 23:01;-12;21.75;22;21.875;166;202;0;
9797;2025.06.08 23:02;-12;21.75;22;21.875;166;202;0;
9798;2025.06.08 23:03;-12;21.75;22;21.875;166;202;0;
9799;2025.06.08 23:04;-12;21.75;22;21.875;166;202;0;
9800;2025.06.08 23:05;-12;21.75;22;21.875;166;202;0;
9801;2025.06.08 23:06;-12;21.75;22;21.875;166;202;0;
9802;2025.06.08 23:07;-12;21.75;22;21.875;166;202;0;
9803;2025.06.08 23:08;-12;21.75;22;21.875;166;202;0;
9804;2025.06.08 23:09;-12;21.75;22;21.875;166;202;0;
9805;2025.06.08 23:10;-12;21.5;22;21.8125;165;202;0;
9806;2025.06.08 23:11;-12;21.375;22;21.75;165;202;0;
9807;2025.06.08 23:12;-12;21.375;21.9375;21.625;165;202;0;
9808;2025.06.08 23:13;-12;21.375;21.875;21.625;165;202;0;
9809;2025.06.08 23:14;-12;21.375;21.875;21.625;165;202;0;
9810;2025.06.08 23:15;-12;21.375;21.875;21.625;165;202;0;
9811;2025.06.08 23:16;-12;21.4375;21.875;21.625;165;202;0;
9812;2025.06.08 23:17;-12;21.5;21.875;21.625;165;202;0;
9813;2025.06.08 23:18;-12;21.5;21.875;21.625;165;202;0;
9814;2025.06.08 23:19;-12;21.5;21.875;21.625;165;202;0;
9815;2025.06.08 23:20;-12;21.4375;21.875;21.625;165;202;0;
9816;2025.06.08 23:21;-12;21.5;21.875;21.625;165;202;0;
9817;2025.06.08 23:22;-12;21.5;21.875;21.625;165;202;0;
9818;2025.06.08 23:23;-12;21.5;21.875;21.625;165;202;0;
9819;2025.06.08 23:24;-12;21.5;21.875;21.625;165;202;0;
9820;2025.06.08 23:25;-12;21.5;21.875;21.625;165;202;0;
9821;2025.06.08 23:26;-12;21.5;21.875;21.625;165;202;0;
9822;2025.06.08 23:27;-12;21.5625;21.875;21.625;165;202;0;
9823;2025.06.08 23:28;-12;21.5625;21.875;21.625;165;202;0;
9824;2025.06.08 23:29;-12;21.5625;21.875;21.625;165;202;0;
9825;2025.06.08 23:30;-12;21.5625;21.875;21.625;165;202;0;
9826;2025.06.08 23:31;-12;21.625;21.875;21.6875;165;202;0;
9827;2025.06.08 23:32;-12;21.625;21.875;21.6875;165;202;0;
9828;2025.06.08 23:33;-12;21.625;21.875;21.6875;165;202;0;
9829;2025.06.08 23:34;-12;21.625;21.875;21.6875;165;202;0;
9830;2025.06.08 23:35;-12;21.625;21.875;21.6875;165;202;0;
9831;2025.06.08 23:36;-12;21.625;21.875;21.6875;165;202;0;
9832;2025.06.08 23:37;-12;21.625;21.875;21.6875;165;202;0;
9833;2025.06.08 23:38;-12;21.625;21.875;21.6875;165;202;0;
9834;2025.06.08 23:39;-12;21.625;21.875;21.6875;165;202;0;
9835;2025.06.08 23:40;-12;21.625;21.875;21.75;165;202;0;
9836;2025.06.08 23:41;-12;21.625;21.875;21.75;165;202;0;
9837;2025.06.08 23:42;-12;21.625;21.875;21.75;165;202;0;
9838;2025.06.08 23:43;-12;21.625;21.875;21.6875;165;202;0;
9839;2025.06.08 23:44;-12;21.5625;21.875;21.75;165;202;0;
9840;2025.06.08 23:45;-12;21.5625;21.875;21.6875;165;202;0;
9841;2025.06.08 23:46;-12;21.5625;21.875;21.6875;165;202;0;
9842;2025.06.08 23:47;-12;21.5625;21.875;21.75;165;202;0;
9843;2025.06.08 23:48;-12;21.5625;21.875;21.75;165;202;0;
9844;2025.06.08 23:49;-12;21.5625;21.875;21.75;165;202;0;
9845;2025.06.08 23:50;-12;21.5625;21.875;21.75;165;202;0;
9846;2025.06.08 23:51;-12;21.5625;21.875;21.75;165;202;0;
9847;2025.06.08 23:52;-12;21.5625;21.875;21.6875;165;202;0;
9848;2025.06.08 23:53;-12;21.5625;21.875;21.75;165;202;0;
9849;2025.06.08 23:54;-12;21.5625;21.875;21.75;165;202;0;
9850;2025.06.08 23:55;-12;21.5;21.875;21.75;165;202;0;
9851;2025.06.08 23:56;-12;21.5;21.875;21.6875;165;202;0;
9852;2025.06.08 23:57;-12;21.5;21.875;21.6875;165;202;0;
9853;2025.06.08 23:58;-12;21.5;21.875;21.75;165;202;0;
9854;2025.06.08 23:59;-12;21.5;21.875;21.6875;165;202;0;
9855;2025.06.09 00:00;-12;21.5;21.875;21.6875;165;202;0;
9856;2025.06.09 00:01;-12;21.5;21.875;21.6875;165;202;0;
9857;2025.06.09 00:02;-12;21.5;21.875;21.6875;165;202;0;
9858;2025.06.09 00:03;-12;21.5;21.875;21.6875;165;202;0;
9859;2025.06.09 00:04;-12;21.5;21.8125;21.6875;165;202;0;
9860;2025.06.09 00:05;-12;21.5;21.8125;21.6875;165;202;0;
9861;2025.06.09 00:06;-12;21.5;21.8125;21.6875;165;202;0;
9862;2025.06.09 00:07;-12;21.5;21.8125;21.6875;165;202;0;
9863;2025.06.09 00:08;-12;21.5;21.8125;21.6875;165;202;0;
9864;2025.06.09 00:09;-12;21.5;21.8125;21.6875;165;202;0;
9865;2025.06.09 00:10;-12;21.5;21.8125;21.6875;165;202;0;
9866;2025.06.09 00:11;-12;21.5;21.8125;21.6875;165;202;0;
9867;2025.06.09 00:12;-12;21.5;21.8125;21.6875;165;202;0;
9868;2025.06.09 00:13;-12;21.5;21.8125;21.6875;165;202;0;
9869;2025.06.09 00:14;-12;21.5;21.8125;21.6875;165;202;0;
9870;2025.06.09 00:15;-12;21.5;21.8125;21.6875;165;202;0;
9871;2025.06.09 00:16;-12;21.5;21.8125;21.6875;165;202;0;
9872;2025.06.09 00:17;-12;21.5;21.8125;21.6875;165;202;0;
9873;2025.06.09 00:18;-12;21.5;21.8125;21.625;165;202;0;
9874;2025.06.09 00:19;-12;21.5;21.8125;21.625;165;202;0;
9875;2025.06.09 00:20;-12;21.5;21.8125;21.625;165;202;0;
9876;2025.06.09 00:21;-12;21.4375;21.8125;21.625;165;202;0;
9877;2025.06.09 00:22;-12;21.4375;21.8125;21.625;165;202;0;
9878;2025.06.09 00:23;-12;21.4375;21.75;21.625;165;202;0;
9879;2025.06.09 00:24;-12;21.5;21.75;21.625;165;202;0;
9880;2025.06.09 00:25;-12;21.4375;21.75;21.625;165;202;0;
9881;2025.06.09 00:26;-12;21.4375;21.75;21.625;165;202;0;
9882;2025.06.09 00:27;-12;21.4375;21.75;21.625;165;202;0;
9883;2025.06.09 00:28;-12;21.375;21.75;21.625;165;202;0;
9884;2025.06.09 00:29;-12;21.375;21.75;21.625;165;202;0;
9885;2025.06.09 00:30;-12;21.375;21.75;21.625;165;202;0;
9886;2025.06.09 00:31;-12;21.375;21.75;21.625;165;202;0;
9887;2025.06.09 00:32;-12;21.375;21.75;21.625;165;202;0;
9888;2025.06.09 00:33;-12;21.375;21.75;21.625;165;202;0;
9889;2025.06.09 00:34;-12;21.375;21.75;21.625;165;202;0;
9890;2025.06.09 00:35;-12;21.375;21.75;21.625;165;202;0;
9891;2025.06.09 00:36;-12;21.375;21.75;21.625;165;202;0;
9892;2025.06.09 00:37;-12;21.375;21.75;21.625;165;202;0;
9893;2025.06.09 00:38;-12;21.375;21.75;21.625;165;202;0;
9894;2025.06.09 00:39;-12;21.375;21.75;21.625;165;202;0;
9895;2025.06.09 00:40;-12;21.375;21.75;21.625;165;202;0;
9896;2025.06.09 00:41;-12;21.375;21.75;21.625;165;202;0;
9897;2025.06.09 00:42;-12;21.375;21.75;21.625;165;202;0;
9898;2025.06.09 00:43;-12;21.375;21.75;21.5625;165;202;0;
9899;2025.06.09 00:44;-12;21.375;21.75;21.5625;165;202;0;
9900;2025.06.09 00:45;-12;21.375;21.75;21.5625;165;202;0;
9901;2025.06.09 00:46;-12;21.375;21.75;21.5625;165;202;0;
9902;2025.06.09 00:47;-12;21.3125;21.75;21.5625;165;202;0;
9903;2025.06.09 00:48;-12;21.3125;21.75;21.5625;165;202;0;
9904;2025.06.09 00:49;-12;21.3125;21.75;21.5;165;202;0;
9905;2025.06.09 00:50;-12;21.3125;21.75;21.5;165;202;0;
9906;2025.06.09 00:51;-12;21.25;21.6875;21.5;165;202;0;
9907;2025.06.09 00:52;-12;21.25;21.6875;21.5;165;202;0;
9908;2025.06.09 00:53;-12;21.25;21.6875;21.5;165;202;0;
9909;2025.06.09 00:54;-12;21.25;21.6875;21.5;165;202;0;
9910;2025.06.09 00:55;-12;21.25;21.6875;21.5;165;202;0;
9911;2025.06.09 00:56;-12;21.25;21.6875;21.5;165;202;0;
9912;2025.06.09 00:57;-12;21.25;21.625;21.5;165;202;0;
9913;2025.06.09 00:58;-12;21.25;21.625;21.5;165;202;0;
9914;2025.06.09 00:59;-12;21.25;21.625;21.5;165;202;0;
9915;2025.06.09 01:00;-12;21.25;21.625;21.5;165;202;0;
9916;2025.06.09 01:01;-12;21.25;21.625;21.5;165;202;0;
9917;2025.06.09 01:02;-12;21.25;21.625;21.5;164;202;0;
9918;2025.06.09 01:03;-12;21.25;21.625;21.5;164;202;0;
9919;2025.06.09 01:04;-12;21.25;21.625;21.5;165;202;0;
9920;2025.06.09 01:05;-12;21.25;21.625;21.5;164;202;0;
9921;2025.06.09 01:06;-12;21.25;21.625;21.5;164;202;0;
9922;2025.06.09 01:07;-12;21.25;21.625;21.5;164;202;0;
9923;2025.06.09 01:08;-12;21.25;21.625;21.4375;164;202;0;
9924;2025.06.09 01:09;-12;21.25;21.625;21.4375;164;202;0;
9925;2025.06.09 01:10;-12;21.25;21.625;21.4375;164;202;0;
9926;2025.06.09 01:11;-12;21.25;21.625;21.4375;164;202;0;
9927;2025.06.09 01:12;-12;21.1875;21.625;21.4375;164;202;0;
9928;2025.06.09 01:13;-12;21.1875;21.625;21.4375;164;202;0;
9929;2025.06.09 01:14;-12;21.1875;21.625;21.4375;164;202;0;
9930;2025.06.09 01:15;-12;21.1875;21.625;21.375;164;202;0;
9931;2025.06.09 01:16;-12;21.1875;21.625;21.375;164;202;0;
9932;2025.06.09 01:17;-12;21.1875;21.625;21.375;164;202;0;
9933;2025.06.09 01:18;-12;21.125;21.625;21.375;164;202;0;
9934;2025.06.09 01:19;-12;21.125;21.625;21.375;164;202;0;
9935;2025.06.09 01:20;-12;21.125;21.625;21.375;164;202;0;
9936;2025.06.09 01:21;-12;21.125;21.625;21.375;164;202;0;
9937;2025.06.09 01:22;-12;21.125;21.5625;21.375;164;202;0;
9938;2025.06.09 01:23;-12;21.125;21.625;21.375;164;202;0;
9939;2025.06.09 01:24;-12;21.125;21.5625;21.375;164;202;0;
9940;2025.06.09 01:25;-12;21.125;21.5625;21.375;164;202;0;
9941;2025.06.09 01:26;-12;21.125;21.5625;21.375;164;202;0;
9942;2025.06.09 01:27;-12;21.125;21.5625;21.375;164;202;0;
9943;2025.06.09 01:28;-12;21.125;21.5625;21.375;164;202;0;
9944;2025.06.09 01:29;-12;21.125;21.5625;21.375;164;202;0;
9945;2025.06.09 01:30;-12;21.125;21.5625;21.375;164;202;0;
9946;2025.06.09 01:31;-12;21.125;21.5625;21.375;164;202;0;
9947;2025.06.09 01:32;-12;21.125;21.5;21.3125;164;202;0;
9948;2025.06.09 01:33;-12;21.125;21.5;21.3125;164;202;0;
9949;2025.06.09 01:34;-12;21.125;21.5;21.3125;164;202;0;
9950;2025.06.09 01:35;-12;21.125;21.5;21.3125;164;202;0;
9951;2025.06.09 01:36;-12;21.125;21.5;21.3125;164;202;0;
9952;2025.06.09 01:37;-12;21.0625;21.5;21.3125;164;202;0;
9953;2025.06.09 01:38;-12;21.0625;21.5;21.3125;164;202;0;
9954;2025.06.09 01:39;-12;21.0625;21.5;21.25;164;202;0;
9955;2025.06.09 01:40;-12;21.0625;21.5;21.25;164;202;0;
9956;2025.06.09 01:41;-12;21.0625;21.5;21.25;164;202;0;
9957;2025.06.09 01:42;-12;21.0625;21.5;21.25;164;202;0;
9958;2025.06.09 01:43;-12;21.0625;21.5;21.25;164;202;0;
9959;2025.06.09 01:44;-12;21.0625;21.5;21.25;164;202;0;
9960;2025.06.09 01:45;-12;21;21.5;21.25;164;202;0;
9961;2025.06.09 01:46;-12;21;21.5;21.25;164;202;0;
9962;2025.06.09 01:47;-12;21;21.5;21.25;164;202;0;
9963;2025.06.09 01:48;-12;21;21.5;21.25;164;202;0;
9964;2025.06.09 01:49;-12;21;21.5;21.25;164;202;0;
9965;2025.06.09 01:50;-12;21;21.5;21.25;164;202;0;
9966;2025.06.09 01:51;-12;21;21.5;21.25;164;202;0;
9967;2025.06.09 01:52;-12;21;21.4375;21.25;164;202;0;
9968;2025.06.09 01:53;-12;21;21.4375;21.25;164;202;0;
9969;2025.06.09 01:54;-12;21;21.4375;21.25;164;202;0;
9970;2025.06.09 01:55;-12;21;21.4375;21.1875;164;202;0;
9971;2025.06.09 01:56;-12;20.9375;21.4375;21.1875;164;202;0;
9972;2025.06.09 01:57;-12;20.9375;21.375;21.1875;164;202;0;
9973;2025.06.09 01:58;-12;20.9375;21.375;21.1875;164;202;0;
9974;2025.06.09 01:59;-12;20.9375;21.375;21.1875;164;202;0;
9975;2025.06.09 02:00;-12;20.875;21.375;21.1875;163;202;0;
9976;2025.06.09 02:01;-12;20.875;21.375;21.125;163;202;0;
9977;2025.06.09 02:02;-12;20.875;21.375;21.1875;163;202;0;
9978;2025.06.09 02:03;-12;20.875;21.375;21.125;163;202;0;
9979;2025.06.09 02:04;-12;20.875;21.375;21.125;163;202;0;
9980;2025.06.09 02:05;-12;20.875;21.375;21.125;163;202;0;
9981;2025.06.09 02:06;-12;20.875;21.375;21.125;163;202;0;
9982;2025.06.09 02:07;-12;20.875;21.375;21.125;163;202;0;
9983;2025.06.09 02:08;-12;20.875;21.375;21.125;163;202;0;
9984;2025.06.09 02:09;-12;20.875;21.375;21.125;163;202;0;
9985;2025.06.09 02:10;-12;20.875;21.375;21.125;163;202;0;
9986;2025.06.09 02:11;-12;20.875;21.375;21.125;163;202;0;
9987;2025.06.09 02:12;-12;20.875;21.375;21.125;163;202;0;
9988;2025.06.09 02:13;-12;20.875;21.375;21.125;163;202;0;
9989;2025.06.09 02:14;-12;20.875;21.375;21.125;163;202;0;
9990;2025.06.09 02:15;-12;20.875;21.3125;21.125;163;202;0;
9991;2025.06.09 02:16;-12;20.8125;21.3125;21.125;163;202;0;
9992;2025.06.09 02:17;-12;20.8125;21.3125;21.125;163;202;0;
9993;2025.06.09 02:18;-12;20.8125;21.3125;21.125;163;202;0;
9994;2025.06.09 02:19;-12;20.8125;21.3125;21.125;163;202;0;
9995;2025.06.09 02:20;-12;20.8125;21.3125;21.125;163;202;0;
9996;2025.06.09 02:21;-12;20.8125;21.3125;21.125;163;202;0;
9997;2025.06.09 02:22;-12;20.8125;21.3125;21.125;163;202;0;
9998;2025.06.09 02:23;-12;20.75;21.25;21.125;163;202;0;
9999;2025.06.09 02:24;-12;20.8125;21.25;21.125;163;202;0;
10000;2025.06.09 02:25;-12;20.8125;21.25;21.125;163;202;0;
10001;2025.06.09 02:26;-12;20.75;21.25;21.125;163;202;0;
10002;2025.06.09 02:27;-12;20.75;21.25;21.125;163;202;0;
10003;2025.06.09 02:28;-12;20.75;21.25;21.125;163;202;0;
10004;2025.06.09 02:29;-12;20.75;21.25;21.125;163;202;0;
10005;2025.06.09 02:30;-12;20.75;21.25;21.125;163;202;0;
10006;2025.06.09 02:31;-12;20.75;21.25;21.125;163;202;0;
10007;2025.06.09 02:32;-12;20.75;21.25;21.125;163;202;0;
10008;2025.06.09 02:33;-12;20.75;21.25;21.125;163;202;0;
10009;2025.06.09 02:34;-12;20.75;21.25;21.0625;163;202;0;
10010;2025.06.09 02:35;-12;20.75;21.25;21.0625;163;202;0;
10011;2025.06.09 02:36;-12;20.75;21.25;21.0625;163;202;0;
10012;2025.06.09 02:37;-12;20.75;21.25;21.0625;163;202;0;
10013;2025.06.09 02:38;-12;20.75;21.25;21.0625;163;202;0;
10014;2025.06.09 02:39;-12;20.75;21.25;21;163;202;0;
10015;2025.06.09 02:40;-12;20.75;21.25;21;163;202;0;
10016;2025.06.09 02:41;-12;20.75;21.25;21;163;202;0;
10017;2025.06.09 02:42;-12;20.75;21.25;21;163;202;0;
10018;2025.06.09 02:43;-12;20.75;21.25;21;163;202;0;
10019;2025.06.09 02:44;-12;20.75;21.25;21;163;202;0;
10020;2025.06.09 02:45;-12;20.75;21.25;21;163;202;0;
10021;2025.06.09 02:46;-12;20.75;21.25;21;163;202;0;
10022;2025.06.09 02:47;-12;20.6875;21.25;21;163;202;0;
10023;2025.06.09 02:48;-12;20.6875;21.25;21;163;202;0;
10024;2025.06.09 02:49;-12;20.6875;21.1875;21;163;202;0;
10025;2025.06.09 02:50;-12;20.6875;21.1875;21;163;202;0;
10026;2025.06.09 02:51;-12;20.6875;21.1875;21;163;202;0;
10027;2025.06.09 02:52;-12;20.6875;21.1875;21;163;202;0;
10028;2025.06.09 02:53;-12;20.625;21.1875;21;163;202;0;
10029;2025.06.09 02:54;-12;20.625;21.1875;21;163;202;0;
10030;2025.06.09 02:55;-12;20.625;21.125;21;163;202;0;
10031;2025.06.09 02:56;-12;20.625;21.125;21;163;202;0;
10032;2025.06.09 02:57;-12;20.625;21.125;21;163;202;0;
10033;2025.06.09 02:58;-12;20.625;21.125;21;163;202;0;
10034;2025.06.09 02:59;-12;20.625;21.125;21;163;202;0;
10035;2025.06.09 03:00;-12;20.625;21.125;20.9375;162;202;0;
10036;2025.06.09 03:01;-12;20.625;21.125;20.9375;162;202;0;
10037;2025.06.09 03:02;-12;20.625;21.125;20.9375;162;202;0;
10038;2025.06.09 03:03;-12;20.625;21.125;20.9375;162;202;0;
10039;2025.06.09 03:04;-12;20.625;21.125;20.9375;163;202;0;
10040;2025.06.09 03:05;-12;20.625;21.125;20.9375;163;202;0;
10041;2025.06.09 03:06;-12;20.625;21.125;20.9375;162;202;0;
10042;2025.06.09 03:07;-12;20.625;21.125;20.875;162;202;0;
10043;2025.06.09 03:08;-12;20.625;21.125;20.875;162;202;0;
10044;2025.06.09 03:09;-12;20.625;21.125;20.875;162;202;0;
10045;2025.06.09 03:10;-12;20.625;21.125;20.875;162;202;0;
10046;2025.06.09 03:11;-12;20.625;21.125;20.875;162;202;0;
10047;2025.06.09 03:12;-12;20.625;21.125;20.875;162;202;0;
10048;2025.06.09 03:13;-12;20.625;21.125;20.875;162;202;0;
10049;2025.06.09 03:14;-12;20.625;21.125;20.875;162;202;0;
10050;2025.06.09 03:15;-12;20.625;21.125;20.875;162;202;0;
10051;2025.06.09 03:16;-12;20.625;21.125;20.875;162;202;0;
10052;2025.06.09 03:17;-12;20.625;21.125;20.875;162;202;0;
10053;2025.06.09 03:18;-12;20.625;21.125;20.875;162;202;0;
10054;2025.06.09 03:19;-12;20.625;21.125;20.875;162;202;0;
10055;2025.06.09 03:20;-12;20.625;21.125;20.875;162;202;0;
10056;2025.06.09 03:21;-12;20.625;21.125;20.875;162;202;0;
10057;2025.06.09 03:22;-12;20.625;21.0625;20.875;162;202;0;
10058;2025.06.09 03:23;-12;20.625;21.0625;20.875;162;202;0;
10059;2025.06.09 03:24;-12;20.625;21.0625;20.875;162;202;0;
10060;2025.06.09 03:25;-12;20.625;21.0625;20.875;162;202;0;
10061;2025.06.09 03:26;-12;20.5625;21.0625;20.875;162;202;0;
10062;2025.06.09 03:27;-12;20.5625;21.0625;20.8125;162;202;0;
10063;2025.06.09 03:28;-12;20.5;21;20.8125;162;202;0;
10064;2025.06.09 03:29;-12;20.5;21;20.8125;162;202;0;
10065;2025.06.09 03:30;-12;20.5;21;20.8125;162;202;0;
10066;2025.06.09 03:31;-12;20.5;21;20.75;162;202;0;
10067;2025.06.09 03:32;-12;20.5;21;20.75;162;202;0;
10068;2025.06.09 03:33;-12;20.5;21;20.75;162;202;0;
10069;2025.06.09 03:34;-12;20.5;21;20.75;162;202;0;
10070;2025.06.09 03:35;-12;20.4375;21;20.75;162;202;0;
10071;2025.06.09 03:36;-12;20.5;21;20.75;162;202;0;
10072;2025.06.09 03:37;-12;20.4375;21;20.75;162;202;0;
10073;2025.06.09 03:38;-12;20.4375;21;20.75;162;202;0;
10074;2025.06.09 03:39;-12;20.4375;21;20.75;162;202;0;
10075;2025.06.09 03:40;-12;20.375;21;20.75;162;202;0;
10076;2025.06.09 03:41;-12;20.375;21;20.75;162;202;0;
10077;2025.06.09 03:42;-12;20.375;21;20.75;162;202;0;
10078;2025.06.09 03:43;-12;20.375;21;20.75;162;202;0;
10079;2025.06.09 03:44;-12;20.375;20.9375;20.75;162;202;0;
10080;2025.06.09 03:45;-12;20.375;20.9375;20.75;162;202;0;
10081;2025.06.09 03:46;-12;20.375;20.9375;20.75;162;202;0;
10082;2025.06.09 03:47;-12;20.375;20.9375;20.75;162;202;0;
10083;2025.06.09 03:48;-12;20.375;20.9375;20.75;162;202;0;
10084;2025.06.09 03:49;-12;20.4375;20.9375;20.75;162;202;0;
10085;2025.06.09 03:50;-12;20.375;20.875;20.6875;162;202;0;
10086;2025.06.09 03:51;-12;20.375;20.875;20.6875;162;202;0;
10087;2025.06.09 03:52;-12;20.375;20.875;20.6875;162;202;0;
10088;2025.06.09 03:53;-12;20.375;20.875;20.6875;162;202;0;
10089;2025.06.09 03:54;-12;20.375;20.875;20.6875;162;202;0;
10090;2025.06.09 03:55;-12;20.375;20.875;20.625;162;202;0;
10091;2025.06.09 03:56;-12;20.375;20.875;20.625;161;202;0;
10092;2025.06.09 03:57;-12;20.375;20.875;20.625;161;202;0;
10093;2025.06.09 03:58;-12;20.375;20.875;20.625;162;202;0;
10094;2025.06.09 03:59;-12;20.375;20.875;20.625;161;202;0;
10095;2025.06.09 04:00;-12;20.375;20.875;20.625;161;202;0;
10096;2025.06.09 04:01;-12;20.375;20.875;20.625;161;202;0;
10097;2025.06.09 04:02;-12;20.375;20.875;20.625;161;202;0;
10098;2025.06.09 04:03;-12;20.375;20.875;20.625;161;202;0;
10099;2025.06.09 04:04;-12;20.375;20.875;20.625;161;202;0;
10100;2025.06.09 04:05;-12;20.375;20.875;20.625;161;202;0;
10101;2025.06.09 04:06;-12;20.375;20.875;20.625;161;202;0;
10102;2025.06.09 04:07;-12;20.3125;20.8125;20.625;161;202;0;
10103;2025.06.09 04:08;-12;20.25;20.8125;20.625;161;202;0;
10104;2025.06.09 04:09;-12;20.25;20.8125;20.625;161;202;0;
10105;2025.06.09 04:10;-12;20.25;20.8125;20.625;161;202;0;
10106;2025.06.09 04:11;-12;20.25;20.75;20.625;161;202;0;
10107;2025.06.09 04:12;-12;20.25;20.75;20.5625;161;202;0;
10108;2025.06.09 04:13;-12;20.25;20.75;20.5625;161;202;0;
10109;2025.06.09 04:14;-12;20.25;20.75;20.5625;161;202;0;
10110;2025.06.09 04:15;-12;20.25;20.75;20.5625;161;202;0;
10111;2025.06.09 04:16;-12;20.25;20.75;20.5;161;202;0;
10112;2025.06.09 04:17;-12;20.25;20.75;20.5;161;202;0;
10113;2025.06.09 04:18;-12;20.25;20.75;20.5;161;202;0;
10114;2025.06.09 04:19;-12;20.25;20.75;20.5;161;202;0;
10115;2025.06.09 04:20;-12;20.25;20.75;20.5;161;202;0;
10116;2025.06.09 04:21;-12;20.1875;20.75;20.5;161;202;0;
10117;2025.06.09 04:22;-12;20.1875;20.75;20.5;161;202;0;
10118;2025.06.09 04:23;-12;20.1875;20.75;20.5;161;202;0;
10119;2025.06.09 04:24;-12;20.1875;20.75;20.5;161;202;0;
10120;2025.06.09 04:25;-12;20.1875;20.75;20.5;161;202;0;
10121;2025.06.09 04:26;-12;20.1875;20.75;20.5;161;202;0;
10122;2025.06.09 04:27;-12;20.1875;20.75;20.5;161;202;0;
10123;2025.06.09 04:28;-12;20.1875;20.75;20.5;161;202;0;
10124;2025.06.09 04:29;-12;20.125;20.6875;20.5;161;202;0;
10125;2025.06.09 04:30;-12;20.125;20.6875;20.5;161;202;0;
10126;2025.06.09 04:31;-12;20.125;20.6875;20.5;161;202;0;
10127;2025.06.09 04:32;-12;20.125;20.6875;20.5;161;202;0;
10128;2025.06.09 04:33;-12;20.125;20.6875;20.5;161;202;0;
10129;2025.06.09 04:34;-12;20.125;20.6875;20.5;161;202;0;
10130;2025.06.09 04:35;-12;20.125;20.6875;20.5;161;202;0;
10131;2025.06.09 04:36;-12;20.125;20.6875;20.5;161;202;0;
10132;2025.06.09 04:37;-12;20.125;20.625;20.5;161;202;0;
10133;2025.06.09 04:38;-12;20.125;20.625;20.5;161;202;0;
10134;2025.06.09 04:39;-12;20.125;20.625;20.5;161;202;0;
10135;2025.06.09 04:40;-12;20.125;20.625;20.5;161;202;0;
10136;2025.06.09 04:41;-12;20.125;20.625;20.5;161;202;0;
10137;2025.06.09 04:42;-12;20.125;20.625;20.5;161;202;0;
10138;2025.06.09 04:43;-12;20.125;20.625;20.4375;161;202;0;
10139;2025.06.09 04:44;-12;20.125;20.625;20.4375;161;202;0;
10140;2025.06.09 04:45;-12;20.125;20.625;20.4375;161;202;0;
10141;2025.06.09 04:46;-12;20.125;20.625;20.4375;161;202;0;
10142;2025.06.09 04:47;-12;20.125;20.625;20.4375;161;202;0;
10143;2025.06.09 04:48;-12;20.125;20.625;20.4375;161;202;0;
10144;2025.06.09 04:49;-12;20.125;20.625;20.4375;161;202;0;
10145;2025.06.09 04:50;-12;20.125;20.625;20.375;161;202;0;
10146;2025.06.09 04:51;-12;20.125;20.625;20.375;161;202;0;
10147;2025.06.09 04:52;-12;20.125;20.625;20.375;160;202;0;
10148;2025.06.09 04:53;-12;20.125;20.625;20.375;161;202;0;
10149;2025.06.09 04:54;-12;20.125;20.625;20.375;160;202;0;
10150;2025.06.09 04:55;-12;20.0625;20.625;20.375;160;202;0;
10151;2025.06.09 04:56;-12;20.0625;20.625;20.375;160;202;0;
10152;2025.06.09 04:57;-12;20.0625;20.625;20.375;160;202;0;
10153;2025.06.09 04:58;-12;20.0625;20.5625;20.375;160;202;0;
10154;2025.06.09 04:59;-12;20.0625;20.5625;20.375;160;202;0;
10155;2025.06.09 05:00;-12;20;20.5625;20.375;160;202;0;
10156;2025.06.09 05:01;-12;20;20.5625;20.375;160;202;0;
10157;2025.06.09 05:02;-12;20;20.5625;20.375;160;202;0;
10158;2025.06.09 05:03;-12;20;20.5625;20.375;160;202;0;
10159;2025.06.09 05:04;-12;20;20.5;20.3125;160;202;0;
10160;2025.06.09 05:05;-12;20;20.5;20.3125;160;202;0;
10161;2025.06.09 05:06;-12;20;20.5;20.3125;160;202;0;
10162;2025.06.09 05:07;-12;20;20.5;20.3125;160;202;0;
10163;2025.06.09 05:08;-12;20;20.5;20.25;160;202;0;
10164;2025.06.09 05:09;-12;20;20.5;20.25;160;202;0;
10165;2025.06.09 05:10;-12;20;20.5;20.25;160;202;0;
10166;2025.06.09 05:11;-12;20;20.5;20.25;160;202;0;
10167;2025.06.09 05:12;-12;20;20.5;20.25;160;202;0;
10168;2025.06.09 05:13;-12;20;20.5;20.25;160;202;0;
10169;2025.06.09 05:14;-12;20;20.5;20.25;160;202;0;
10170;2025.06.09 05:15;-12;20;20.5;20.25;160;202;0;
10171;2025.06.09 05:16;-12;20;20.5;20.25;160;202;0;
10172;2025.06.09 05:17;-12;20;20.5;20.25;160;202;0;
10173;2025.06.09 05:18;-12;20;20.5;20.25;160;202;0;
10174;2025.06.09 05:19;-12;19.9375;20.5;20.25;160;202;0;
10175;2025.06.09 05:20;-12;19.9375;20.4375;20.25;160;202;0;
10176;2025.06.09 05:21;-12;19.9375;20.4375;20.25;160;202;0;
10177;2025.06.09 05:22;-12;19.9375;20.4375;20.25;160;202;0;
10178;2025.06.09 05:23;-12;19.9375;20.4375;20.25;160;202;0;
10179;2025.06.09 05:24;-12;19.9375;20.4375;20.25;160;202;0;
10180;2025.06.09 05:25;-12;19.9375;20.4375;20.25;160;202;0;
10181;2025.06.09 05:26;-12;19.9375;20.375;20.1875;160;202;0;
10182;2025.06.09 05:27;-12;19.9375;20.375;20.1875;160;202;0;
10183;2025.06.09 05:28;-12;19.9375;20.375;20.1875;160;202;0;
10184;2025.06.09 05:29;-12;19.875;20.375;20.1875;160;202;0;
10185;2025.06.09 05:30;-12;19.875;20.375;20.1875;160;202;0;
10186;2025.06.09 05:31;-12;19.875;20.375;20.125;160;202;0;
10187;2025.06.09 05:32;-12;19.875;20.375;20.125;160;202;0;
10188;2025.06.09 05:33;-12;19.875;20.375;20.125;160;202;0;
10189;2025.06.09 05:34;-12;19.875;20.375;20.125;160;202;0;
10190;2025.06.09 05:35;-12;19.875;20.375;20.125;160;202;0;
10191;2025.06.09 05:36;-12;19.875;20.375;20.125;160;202;0;
10192;2025.06.09 05:37;-12;19.875;20.375;20.125;160;202;0;
10193;2025.06.09 05:38;-12;19.875;20.375;20.125;160;202;0;
10194;2025.06.09 05:39;-12;19.875;20.375;20.125;160;202;0;
10195;2025.06.09 05:40;-12;19.875;20.375;20.125;160;202;0;
10196;2025.06.09 05:41;-12;19.875;20.375;20.125;160;202;0;
10197;2025.06.09 05:42;-12;19.875;20.375;20.125;160;202;0;
10198;2025.06.09 05:43;-12;19.8125;20.375;20.125;160;202;0;
10199;2025.06.09 05:44;-12;19.8125;20.375;20.125;160;202;0;
10200;2025.06.09 05:45;-12;19.8125;20.375;20.125;160;202;0;
10201;2025.06.09 05:46;-12;19.8125;20.375;20.125;160;202;0;
10202;2025.06.09 05:47;-12;19.75;20.375;20.125;159;202;0;
10203;2025.06.09 05:48;-12;19.75;20.3125;20.125;159;202;0;
10204;2025.06.09 05:49;-12;19.75;20.3125;20.125;159;202;0;
10205;2025.06.09 05:50;-12;19.75;20.3125;20.125;159;202;0;
10206;2025.06.09 05:51;-12;19.75;20.3125;20.125;159;202;0;
10207;2025.06.09 05:52;-12;19.75;20.3125;20.125;159;202;0;
10208;2025.06.09 05:53;-12;19.75;20.3125;20.125;159;202;0;
10209;2025.06.09 05:54;-12;19.75;20.3125;20.125;159;202;0;
10210;2025.06.09 05:55;-12;19.75;20.3125;20.125;159;202;0;
10211;2025.06.09 05:56;-12;19.75;20.3125;20.125;159;202;0;
10212;2025.06.09 05:57;-12;19.75;20.3125;20.125;159;202;0;
10213;2025.06.09 05:58;-12;19.75;20.3125;20.125;159;202;0;
10214;2025.06.09 05:59;-12;19.75;20.3125;20.125;159;202;0;
10215;2025.06.09 06:00;-12;19.75;20.3125;20.125;159;202;0;
10216;2025.06.09 06:01;-12;19.75;20.25;20.125;159;202;0;
10217;2025.06.09 06:02;-12;19.75;20.25;20.0625;159;202;0;
10218;2025.06.09 06:03;-12;19.75;20.25;20.125;159;202;0;
10219;2025.06.09 06:04;-12;19.75;20.25;20.0625;159;202;0;
10220;2025.06.09 06:05;-12;19.75;20.25;20.0625;159;202;0;
10221;2025.06.09 06:06;-12;19.75;20.25;20.0625;159;202;0;
10222;2025.06.09 06:07;-12;19.75;20.25;20;159;202;0;
10223;2025.06.09 06:08;-12;19.6875;20.25;20;159;202;0;
10224;2025.06.09 06:09;-12;19.75;20.25;20;159;202;0;
10225;2025.06.09 06:10;-12;19.6875;20.25;20;159;202;0;
10226;2025.06.09 06:11;-12;19.6875;20.25;20;159;202;0;
10227;2025.06.09 06:12;-12;19.75;20.25;20;159;202;0;
10228;2025.06.09 06:13;-12;19.6875;20.25;20;159;202;0;
10229;2025.06.09 06:14;-12;19.6875;20.25;20;159;202;0;
10230;2025.06.09 06:15;-12;19.6875;20.25;20;159;202;0;
10231;2025.06.09 06:16;-12;19.6875;20.25;20;159;202;0;
10232;2025.06.09 06:17;-12;19.6875;20.25;20;159;202;0;
10233;2025.06.09 06:18;-12;19.6875;20.25;20;159;202;0;
10234;2025.06.09 06:19;-12;19.6875;20.25;20;159;202;0;
10235;2025.06.09 06:20;-12;19.6875;20.25;20;159;202;0;
10236;2025.06.09 06:21;-12;19.625;20.25;20;159;202;0;
10237;2025.06.09 06:22;-12;19.625;20.1875;20;159;202;0;
10238;2025.06.09 06:23;-12;19.625;20.1875;20;159;202;0;
10239;2025.06.09 06:24;-12;19.625;20.1875;20;159;202;0;
10240;2025.06.09 06:25;-12;19.625;20.1875;20;159;202;0;
10241;2025.06.09 06:26;-12;19.625;20.1875;20;159;202;0;
10242;2025.06.09 06:27;-12;19.625;20.1875;19.9375;159;202;0;
10243;2025.06.09 06:28;-12;19.625;20.1875;19.9375;159;202;0;
10244;2025.06.09 06:29;-12;19.625;20.125;19.9375;159;202;0;
10245;2025.06.09 06:30;-12;19.625;20.125;19.9375;159;202;0;
10246;2025.06.09 06:31;-12;19.625;20.125;19.875;159;202;0;
10247;2025.06.09 06:32;-12;19.625;20.125;19.875;159;202;0;
10248;2025.06.09 06:33;-12;19.625;20.125;19.875;159;202;0;
10249;2025.06.09 06:34;-12;19.5625;20.125;19.875;159;202;0;
10250;2025.06.09 06:35;-12;19.5625;20.125;19.875;159;202;0;
10251;2025.06.09 06:36;-12;19.5625;20.125;19.875;159;202;0;
10252;2025.06.09 06:37;-12;19.5625;20.125;19.875;159;202;0;
10253;2025.06.09 06:38;-12;19.5625;20.125;19.875;159;202;0;
10254;2025.06.09 06:39;-12;19.5;20.125;19.875;159;202;0;
10255;2025.06.09 06:40;-12;19.5;20.125;19.875;159;202;0;
10256;2025.06.09 06:41;-12;19.5;20.125;19.875;159;202;0;
10257;2025.06.09 06:42;-12;19.5;20.125;19.875;159;202;0;
10258;2025.06.09 06:43;-12;19.5;20.125;19.875;159;202;0;
10259;2025.06.09 06:44;-12;19.5;20.125;19.875;159;202;0;
10260;2025.06.09 06:45;-12;19.5;20.125;19.875;159;202;0;
10261;2025.06.09 06:46;-12;19.5;20.125;19.875;159;202;0;
10262;2025.06.09 06:47;-12;19.5;20.125;19.875;159;202;0;
10263;2025.06.09 06:48;-12;19.5;20.125;19.875;159;202;0;
10264;2025.06.09 06:49;-12;19.5;20.125;19.875;159;202;0;
10265;2025.06.09 06:50;-12;19.5;20.0625;19.8125;159;202;0;
10266;2025.06.09 06:51;-12;19.5;20.0625;19.8125;158;202;0;
10267;2025.06.09 06:52;-12;19.5;20.0625;19.8125;159;202;0;
10268;2025.06.09 06:53;-12;19.5;20.0625;19.8125;159;202;0;
10269;2025.06.09 06:54;-12;19.5;20.0625;19.8125;159;202;0;
10270;2025.06.09 06:55;-12;19.5625;20;19.8125;159;202;0;
10271;2025.06.09 06:56;-12;19.5;20;19.8125;158;202;0;
10272;2025.06.09 06:57;-12;19.5;20;19.8125;158;202;0;
10273;2025.06.09 06:58;-12;19.5;20;19.8125;158;202;0;
10274;2025.06.09 06:59;-12;19.5;20;19.8125;158;202;0;
10275;2025.06.09 07:00;-12;19.5;20;19.8125;158;202;0;
10276;2025.06.09 07:01;-12;19.5;20;19.75;159;202;0;
10277;2025.06.09 07:02;-12;19.5625;20;19.75;158;202;0;
10278;2025.06.09 07:03;-12;19.5625;20;19.75;158;202;0;
10279;2025.06.09 07:04;-12;19.5625;20;19.75;158;202;0;
10280;2025.06.09 07:05;-12;19.5625;20;19.75;158;202;0;
10281;2025.06.09 07:06;-12;19.5625;20;19.75;158;202;0;
10282;2025.06.09 07:07;-12;19.5625;20;19.75;158;202;0;
10283;2025.06.09 07:08;-12;19.5625;20;19.75;158;202;0;
10284;2025.06.09 07:09;-12;19.5625;20;19.75;158;202;0;
10285;2025.06.09 07:10;-12;19.5;20;19.75;158;202;0;
10286;2025.06.09 07:11;-12;19.5;20;19.75;158;202;0;
10287;2025.06.09 07:12;-12;19.5;20;19.75;158;202;0;
10288;2025.06.09 07:13;-12;19.5;20;19.75;158;202;0;
10289;2025.06.09 07:14;-12;19.5;20;19.6875;158;202;0;
10290;2025.06.09 07:15;-12;19.5;20;19.6875;158;202;0;
10291;2025.06.09 07:16;-12;19.5;20;19.6875;158;202;0;
10292;2025.06.09 07:17;-12;19.5;19.9375;19.6875;158;202;0;
10293;2025.06.09 07:18;-12;19.5;19.9375;19.625;158;202;0;
10294;2025.06.09 07:19;-12;19.5;19.9375;19.625;158;202;0;
10295;2025.06.09 07:20;-12;19.5;19.9375;19.625;158;202;0;
10296;2025.06.09 07:21;-12;19.5;19.9375;19.625;158;202;0;
10297;2025.06.09 07:22;-12;19.5;19.9375;19.625;158;202;0;
10298;2025.06.09 07:23;-12;19.5;19.875;19.625;158;202;0;
10299;2025.06.09 07:24;-12;19.5;19.875;19.625;158;202;0;
10300;2025.06.09 07:25;-12;19.4375;19.875;19.625;158;202;0;
10301;2025.06.09 07:26;-12;19.4375;19.875;19.625;158;202;0;
10302;2025.06.09 07:27;-12;19.375;19.875;19.625;158;202;0;
10303;2025.06.09 07:28;-12;19.375;19.875;19.625;158;202;0;
10304;2025.06.09 07:29;-12;19.375;19.875;19.625;158;202;0;
10305;2025.06.09 07:30;-12;19.375;19.875;19.625;158;202;0;
10306;2025.06.09 07:31;-12;19.375;19.875;19.625;158;202;0;
10307;2025.06.09 07:32;-12;19.375;19.875;19.625;158;202;0;
10308;2025.06.09 07:33;-12;19.375;19.875;19.625;158;202;0;
10309;2025.06.09 07:34;-12;19.375;19.875;19.625;158;202;0;
10310;2025.06.09 07:35;-12;19.375;19.875;19.625;158;202;0;
10311;2025.06.09 07:36;-12;19.375;19.875;19.625;158;202;0;
10312;2025.06.09 07:37;-12;19.375;19.875;19.625;158;202;0;
10313;2025.06.09 07:38;-12;19.375;19.875;19.625;158;202;0;
10314;2025.06.09 07:39;-12;19.375;19.875;19.625;158;202;0;
10315;2025.06.09 07:40;-12;19.375;19.875;19.625;158;202;0;
10316;2025.06.09 07:41;-12;19.375;19.875;19.625;158;202;0;
10317;2025.06.09 07:42;-12;19.375;19.875;19.625;158;202;0;
10318;2025.06.09 07:43;-12;19.375;19.875;19.625;158;202;0;
10319;2025.06.09 07:44;-12;19.375;19.875;19.625;158;202;0;
10320;2025.06.09 07:45;-12;19.3125;19.875;19.625;158;202;0;
10321;2025.06.09 07:46;-12;19.3125;19.875;19.625;158;202;0;
10322;2025.06.09 07:47;-12;19.3125;19.875;19.625;158;202;0;
10323;2025.06.09 07:48;-12;19.3125;19.875;19.625;158;202;0;
10324;2025.06.09 07:49;-12;19.3125;19.875;19.625;158;202;0;
10325;2025.06.09 07:50;-12;19.3125;19.875;19.625;158;202;0;
10326;2025.06.09 07:51;-12;19.3125;19.875;19.625;158;202;0;
10327;2025.06.09 07:52;-12;19.3125;19.875;19.625;158;202;0;
10328;2025.06.09 07:53;-12;19.3125;19.875;19.625;158;202;0;
10329;2025.06.09 07:54;-12;19.3125;19.875;19.625;158;202;0;
10330;2025.06.09 07:55;-12;19.3125;19.875;19.625;158;202;0;
10331;2025.06.09 07:56;-12;19.3125;19.875;19.625;158;202;0;
10332;2025.06.09 07:57;-12;19.3125;19.875;19.625;158;202;0;
10333;2025.06.09 07:58;-12;19.3125;19.875;19.625;158;202;0;
10334;2025.06.09 07:59;-12;19.3125;19.875;19.625;158;202;0;
10335;2025.06.09 08:00;-12;19.3125;19.8125;19.625;158;202;0;
10336;2025.06.09 08:01;-12;19.3125;19.8125;19.625;158;202;0;
10337;2025.06.09 08:02;-12;19.25;19.8125;19.625;158;202;0;
10338;2025.06.09 08:03;-12;19.25;19.8125;19.625;158;202;0;
10339;2025.06.09 08:04;-12;19.25;19.8125;19.625;158;202;0;
10340;2025.06.09 08:05;-12;19.25;19.8125;19.625;158;202;0;
10341;2025.06.09 08:06;-12;19.25;19.8125;19.625;158;202;0;
10342;2025.06.09 08:07;-12;19.25;19.8125;19.625;158;202;0;
10343;2025.06.09 08:08;-12;19.25;19.8125;19.625;158;202;0;
10344;2025.06.09 08:09;-12;19.25;19.75;19.625;157;202;0;
10345;2025.06.09 08:10;-12;19.25;19.75;19.625;157;202;0;
10346;2025.06.09 08:11;-12;19.25;19.75;19.625;157;202;0;
10347;2025.06.09 08:12;-12;19.25;19.75;19.625;157;202;0;
10348;2025.06.09 08:13;-12;19.25;19.75;19.625;157;202;0;
10349;2025.06.09 08:14;-12;19.25;19.75;19.625;157;202;0;
10350;2025.06.09 08:15;-12;19.25;19.75;19.625;157;202;0;
10351;2025.06.09 08:16;-12;19.25;19.75;19.625;157;202;0;
10352;2025.06.09 08:17;-12;19.1875;19.75;19.625;157;202;0;
10353;2025.06.09 08:18;-12;19.25;19.75;19.625;157;202;0;
10354;2025.06.09 08:19;-12;19.25;19.75;19.625;157;202;0;
10355;2025.06.09 08:20;-12;19.1875;19.75;19.625;157;202;0;
10356;2025.06.09 08:21;-12;19.1875;19.75;19.625;157;202;0;
10357;2025.06.09 08:22;-12;19.1875;19.75;19.5625;157;202;0;
10358;2025.06.09 08:23;-12;19.1875;19.75;19.5625;157;202;0;
10359;2025.06.09 08:24;-12;19.1875;19.75;19.5625;157;202;0;
10360;2025.06.09 08:25;-12;19.1875;19.75;19.5625;157;202;0;
10361;2025.06.09 08:26;-12;19.1875;19.75;19.5625;157;202;0;
10362;2025.06.09 08:27;-12;19.1875;19.75;19.5625;157;202;0;
10363;2025.06.09 08:28;-12;19.25;19.75;19.5625;157;202;0;
10364;2025.06.09 08:29;-12;19.1875;19.75;19.5625;157;202;0;
10365;2025.06.09 08:30;-12;19.1875;19.75;19.5625;157;202;0;
10366;2025.06.09 08:31;-12;19.1875;19.75;19.5625;157;202;0;
10367;2025.06.09 08:32;-12;19.25;19.75;19.5625;157;202;0;
10368;2025.06.09 08:33;-12;19.25;19.75;19.5625;157;202;0;
10369;2025.06.09 08:34;-12;19.25;19.75;19.5625;157;202;0;
10370;2025.06.09 08:35;-12;19.25;19.75;19.5625;157;202;0;
10371;2025.06.09 08:36;-12;19.25;19.75;19.5625;157;202;0;
10372;2025.06.09 08:37;-12;19.1875;19.75;19.5625;157;202;0;
10373;2025.06.09 08:38;-12;19.1875;19.75;19.5625;157;202;0;
10374;2025.06.09 08:39;-12;19.125;19.75;19.5;157;202;0;
10375;2025.06.09 08:40;-12;19.125;19.6875;19.5;157;202;0;
10376;2025.06.09 08:41;-12;19.1875;19.6875;19.5;157;202;0;
10377;2025.06.09 08:42;-12;19.125;19.6875;19.5;157;202;0;
10378;2025.06.09 08:43;-12;19.125;19.6875;19.5;157;202;0;
10379;2025.06.09 08:44;-12;19.125;19.6875;19.5;157;202;0;
10380;2025.06.09 08:45;-12;19.125;19.6875;19.5;157;202;0;
10381;2025.06.09 08:46;-12;19.125;19.625;19.5;157;202;0;
10382;2025.06.09 08:47;-12;19.125;19.625;19.5;157;202;0;
10383;2025.06.09 08:48;-12;19.125;19.625;19.5;157;202;0;
10384;2025.06.09 08:49;-12;19.125;19.625;19.5;157;202;0;
10385;2025.06.09 08:50;-12;19.125;19.625;19.5;157;202;0;
10386;2025.06.09 08:51;-12;19.125;19.625;19.5;157;202;0;
10387;2025.06.09 08:52;-12;19.125;19.625;19.5;157;202;0;
10388;2025.06.09 08:53;-12;19.125;19.625;19.5;157;202;0;
10389;2025.06.09 08:54;-12;19.125;19.625;19.5;157;202;0;
10390;2025.06.09 08:55;-12;19.125;19.625;19.5;157;202;0;
10391;2025.06.09 08:56;-12;19.125;19.625;19.5;157;202;0;
10392;2025.06.09 08:57;-12;19.125;19.625;19.5;157;202;0;
10393;2025.06.09 08:58;-12;19.125;19.625;19.5;157;202;0;
10394;2025.06.09 08:59;-12;19.125;19.625;19.4375;157;202;0;
10395;2025.06.09 09:00;-12;19.125;19.625;19.4375;157;202;0;
10396;2025.06.09 09:01;-12;19.125;19.625;19.4375;157;202;0;
10397;2025.06.09 09:02;-12;19.125;19.625;19.4375;157;202;0;
10398;2025.06.09 09:03;-12;19.125;19.625;19.4375;157;202;0;
10399;2025.06.09 09:04;-12;19.125;19.625;19.4375;157;202;0;
10400;2025.06.09 09:05;-12;19.125;19.625;19.5;157;202;0;
10401;2025.06.09 09:06;-12;19.125;19.625;19.4375;157;202;0;
10402;2025.06.09 09:07;-12;19.125;19.625;19.5;157;202;0;
10403;2025.06.09 09:08;-12;19.125;19.625;19.4375;157;202;0;
10404;2025.06.09 09:09;-12;19.125;19.625;19.5;157;202;0;
10405;2025.06.09 09:10;-12;19.125;19.625;19.4375;157;202;0;
10406;2025.06.09 09:11;-12;19.125;19.625;19.5;157;202;0;
10407;2025.06.09 09:12;-12;19.125;19.625;19.5;157;202;0;
10408;2025.06.09 09:13;-12;19.125;19.625;19.4375;157;202;0;
10409;2025.06.09 09:14;-12;19.125;19.625;19.4375;157;202;0;
10410;2025.06.09 09:15;-12;19.125;19.625;19.4375;157;202;0;
10411;2025.06.09 09:16;-12;19.125;19.625;19.4375;157;202;0;
10412;2025.06.09 09:17;-12;19.125;19.625;19.4375;157;202;0;
10413;2025.06.09 09:18;-12;19.125;19.625;19.4375;157;202;0;
10414;2025.06.09 09:19;-12;19.125;19.625;19.4375;157;202;0;
10415;2025.06.09 09:20;-12;19.125;19.625;19.4375;157;202;0;
10416;2025.06.09 09:21;-12;19.0625;19.625;19.4375;157;202;0;
10417;2025.06.09 09:22;-12;19.0625;19.5625;19.4375;157;202;0;
10418;2025.06.09 09:23;-12;19.0625;19.5625;19.375;157;202;0;
10419;2025.06.09 09:24;-12;19.0625;19.5625;19.375;157;202;0;
10420;2025.06.09 09:25;-12;19.0625;19.5625;19.375;157;202;0;
10421;2025.06.09 09:26;-12;19;19.5625;19.375;157;202;0;
10422;2025.06.09 09:27;-12;19;19.5625;19.375;157;202;0;
10423;2025.06.09 09:28;-12;19;19.5625;19.375;157;202;0;
10424;2025.06.09 09:29;-12;19;19.5;19.375;157;202;0;
10425;2025.06.09 09:30;-12;19;19.5;19.375;157;202;0;
10426;2025.06.09 09:31;-12;19;19.5;19.375;157;202;0;
10427;2025.06.09 09:32;-12;19;19.5;19.375;157;202;0;
10428;2025.06.09 09:33;-12;19;19.5;19.375;157;202;0;
10429;2025.06.09 09:34;-12;19;19.5;19.375;157;202;0;
10430;2025.06.09 09:35;-12;19;19.5;19.375;157;202;0;
10431;2025.06.09 09:36;-12;19;19.5;19.375;157;202;0;
10432;2025.06.09 09:37;-12;19;19.5;19.375;157;202;0;
10433;2025.06.09 09:38;-12;19;19.5;19.3125;157;202;0;
10434;2025.06.09 09:39;-12;19;19.5;19.3125;156;202;0;
10435;2025.06.09 09:40;-12;18.9375;19.5;19.3125;156;202;0;
10436;2025.06.09 09:41;-12;19;19.5;19.3125;156;202;0;
10437;2025.06.09 09:42;-12;18.9375;19.5;19.25;156;202;0;
10438;2025.06.09 09:43;-12;19;19.5;19.25;156;202;0;
10439;2025.06.09 09:44;-12;19;19.5;19.25;156;202;0;
10440;2025.06.09 09:45;-12;19;19.5;19.25;156;202;0;
10441;2025.06.09 09:46;-12;18.9375;19.5;19.25;156;202;0;
10442;2025.06.09 09:47;-12;19;19.5;19.25;156;202;0;
10443;2025.06.09 09:48;-12;19;19.5;19.25;156;202;0;
10444;2025.06.09 09:49;-12;19;19.5;19.25;156;202;0;
10445;2025.06.09 09:50;-12;19;19.5;19.25;156;202;0;
10446;2025.06.09 09:51;-12;19;19.5;19.25;156;202;0;
10447;2025.06.09 09:52;-12;19;19.5;19.25;156;202;0;
10448;2025.06.09 09:53;-12;19;19.4375;19.25;156;202;0;
10449;2025.06.09 09:54;-12;19;19.4375;19.25;156;202;0;
10450;2025.06.09 09:55;-12;19;19.4375;19.25;156;202;0;
10451;2025.06.09 09:56;-12;19;19.4375;19.25;156;202;0;
10452;2025.06.09 09:57;-12;19;19.4375;19.25;156;202;0;
10453;2025.06.09 09:58;-12;19;19.4375;19.25;156;202;0;
10454;2025.06.09 09:59;-12;19;19.4375;19.25;156;202;0;
10455;2025.06.09 10:00;-12;19;19.4375;19.25;156;202;0;
10456;2025.06.09 10:01;-12;19;19.4375;19.25;156;202;0;
10457;2025.06.09 10:02;-12;19;19.4375;19.25;156;202;0;
10458;2025.06.09 10:03;-12;19;19.4375;19.25;156;202;0;
10459;2025.06.09 10:04;-12;19;19.4375;19.25;157;202;0;
10460;2025.06.09 10:05;-12;19;19.4375;19.25;157;202;0;
10461;2025.06.09 10:06;-12;19;19.4375;19.25;157;202;0;
10462;2025.06.09 10:07;-12;19;19.4375;19.25;157;202;0;
10463;2025.06.09 10:08;-12;19;19.4375;19.25;157;202;0;
10464;2025.06.09 10:09;-12;19;19.4375;19.25;157;202;0;
10465;2025.06.09 10:10;-12;19;19.4375;19.25;157;202;0;
10466;2025.06.09 10:11;-12;19;19.4375;19.25;157;202;0;
10467;2025.06.09 10:12;-12;19;19.4375;19.25;157;202;0;
10468;2025.06.09 10:13;-12;19;19.4375;19.25;157;202;0;
10469;2025.06.09 10:14;-12;19.0625;19.4375;19.25;157;202;0;
10470;2025.06.09 10:15;-12;19.0625;19.4375;19.25;157;202;0;
10471;2025.06.09 10:16;-12;19.0625;19.4375;19.25;157;202;0;
10472;2025.06.09 10:17;-12;19.0625;19.4375;19.25;157;202;0;
10473;2025.06.09 10:18;-12;19.125;19.4375;19.25;157;202;0;
10474;2025.06.09 10:19;-12;19.125;19.5;19.3125;157;202;0;
10475;2025.06.09 10:20;-12;19.125;19.5;19.3125;157;202;0;
10476;2025.06.09 10:21;-12;19.125;19.5;19.3125;157;202;0;
10477;2025.06.09 10:22;-12;19.125;19.5;19.3125;157;202;0;
10478;2025.06.09 10:23;-12;19.125;19.5;19.3125;157;202;0;
10479;2025.06.09 10:24;-12;19.125;19.5;19.375;157;202;0;
10480;2025.06.09 10:25;-12;19.125;19.5;19.375;157;202;0;
10481;2025.06.09 10:26;-12;19.125;19.5;19.375;157;202;0;
10482;2025.06.09 10:27;-12;19.1875;19.5;19.375;157;202;0;
10483;2025.06.09 10:28;-12;19.1875;19.5;19.375;157;202;0;
10484;2025.06.09 10:29;-12;19.25;19.5;19.375;157;202;0;
10485;2025.06.09 10:30;-12;19.25;19.5;19.375;157;202;0;
10486;2025.06.09 10:31;-12;19.25;19.5;19.375;157;202;0;
10487;2025.06.09 10:32;-12;19.25;19.5;19.375;157;202;0;
10488;2025.06.09 10:33;-12;19.25;19.5;19.375;157;202;0;
10489;2025.06.09 10:34;-12;19.3125;19.5;19.375;157;202;0;
10490;2025.06.09 10:35;-12;19.3125;19.5625;19.375;157;202;0;
10491;2025.06.09 10:36;-12;19.375;19.5625;19.375;157;202;0;
10492;2025.06.09 10:37;-12;19.375;19.5625;19.4375;158;202;0;
10493;2025.06.09 10:38;-12;19.5;19.625;19.5;158;202;0;
10494;2025.06.09 10:39;-12;19.5;19.625;19.5;158;202;0;
10495;2025.06.09 10:40;-12;19.3125;19.625;19.5625;157;202;0;
10496;2025.06.09 10:41;-12;18.875;19.625;19.5;157;202;0;
10497;2025.06.09 10:42;-12;18.625;19.5;19.4375;156;202;0;
10498;2025.06.09 10:43;-12;18.375;19.4375;19.375;155;202;0;
10499;2025.06.09 10:44;-12;18.1875;19.375;19.25;155;202;0;
10500;2025.06.09 10:45;-12;18.0625;19.25;19.25;155;202;0;
10501;2025.06.09 10:46;-12;18.0625;19.25;19.1875;155;202;0;
10502;2025.06.09 10:47;-12;18.125;19.125;19.25;155;202;0;
10503;2025.06.09 10:48;-12;18.125;19.125;19.625;155;202;0;
10504;2025.06.09 10:49;-12;18.25;19.125;20.125;155;202;0;
10505;2025.06.09 10:50;-12;18.25;19.0625;20.8125;155;202;0;
10506;2025.06.09 10:51;-12;18.25;19;21.5;155;202;0;
10507;2025.06.09 10:52;-12;18.375;19;22.25;155;202;0;
10508;2025.06.09 10:53;-12;18.375;19;22.875;155;202;0;
10509;2025.06.09 10:54;-12;18.4375;19;23.375;155;202;0;
10510;2025.06.09 10:55;-12;18.4375;19;23.75;155;202;0;
10511;2025.06.09 10:56;-12;18.375;19;23.875;155;202;0;
10512;2025.06.09 10:57;-12;18.375;19;23.875;155;202;0;
10513;2025.06.09 10:58;-12;18.4375;19;23.625;155;202;0;
10514;2025.06.09 10:59;-12;18.5;19;23.3125;155;202;0;
10515;2025.06.09 11:00;-12;18.5;19;22.9375;155;202;0;
10516;2025.06.09 11:01;-12;18.5625;19;22.625;155;202;0;
10517;2025.06.09 11:02;-12;18.625;19;22.25;155;202;0;
10518;2025.06.09 11:03;-12;18.625;19;22;155;202;0;
10519;2025.06.09 11:04;-12;18.625;19;21.75;156;202;0;
10520;2025.06.09 11:05;-12;18.6875;19.0625;21.5;156;202;0;
10521;2025.06.09 11:06;-12;18.75;19.0625;21.25;156;202;0;
10522;2025.06.09 11:07;-12;18.875;19.125;21.125;156;202;0;
10523;2025.06.09 11:08;-12;18.875;19.125;21;156;202;0;
10524;2025.06.09 11:09;-12;19;19.125;20.875;156;202;0;
10525;2025.06.09 11:10;-12;19;19.1875;20.75;157;202;0;
10526;2025.06.09 11:11;-12;19.125;19.25;20.6875;157;202;0;
10527;2025.06.09 11:12;-12;19.25;19.25;20.625;157;202;0;
10528;2025.06.09 11:13;-12;19.375;19.3125;20.625;158;202;0;
10529;2025.06.09 11:14;-12;19.5;19.375;20.625;158;202;0;
10530;2025.06.09 11:15;-12;19.5;19.375;20.625;158;202;0;
10531;2025.06.09 11:16;-12;19.5625;19.4375;20.6875;158;202;0;
10532;2025.06.09 11:17;-12;19.5;19.5;20.8125;158;202;0;
10533;2025.06.09 11:18;-12;19.5;19.5;21.125;158;202;0;
10534;2025.06.09 11:19;-12;19.5625;19.5625;21.5625;158;202;0;
10535;2025.06.09 11:20;-12;19.5625;19.625;22.125;159;202;0;
10536;2025.06.09 11:21;-12;19.625;19.625;22.75;159;202;0;
10537;2025.06.09 11:22;-12;19.625;19.625;23.1875;159;202;0;
10538;2025.06.09 11:23;-12;19.75;19.75;23.5625;159;202;0;
10539;2025.06.09 11:24;-12;19.75;19.75;23.625;159;202;0;
10540;2025.06.09 11:25;-12;19.875;19.75;23.625;159;202;0;
10541;2025.06.09 11:26;-12;19.9375;19.875;23.5625;160;202;0;
10542;2025.06.09 11:27;-12;20;19.875;23.375;160;202;0;
10543;2025.06.09 11:28;-12;20.0625;19.9375;23.25;160;202;0;
10544;2025.06.09 11:29;-12;20.125;20;23.125;160;202;0;
10545;2025.06.09 11:30;-12;20.125;20;23;160;202;0;
10546;2025.06.09 11:31;-12;20.25;20;22.875;161;202;0;
10547;2025.06.09 11:32;-12;20.25;20.125;22.75;161;202;0;
10548;2025.06.09 11:33;-12;20.25;20.125;22.625;161;202;0;
10549;2025.06.09 11:34;-12;20.25;20.125;22.5;161;202;0;
10550;2025.06.09 11:35;-12;20.3125;20.25;22.375;161;202;0;
10551;2025.06.09 11:36;-12;20.375;20.25;22.25;161;202;0;
10552;2025.06.09 11:37;-12;20.375;20.25;22.25;161;202;0;
10553;2025.06.09 11:38;-12;20.375;20.3125;22.125;161;202;0;
10554;2025.06.09 11:39;-12;20.375;20.375;22;161;202;0;
10555;2025.06.09 11:40;-12;20.375;20.375;22;161;202;0;
10556;2025.06.09 11:41;-12;20.375;20.375;21.875;162;202;0;
10557;2025.06.09 11:42;-12;20.4375;20.375;21.875;162;202;0;
10558;2025.06.09 11:43;-12;20.5;20.4375;21.75;162;202;0;
10559;2025.06.09 11:44;-12;20.5;20.5;21.75;162;202;0;
10560;2025.06.09 11:45;-12;20.5;20.5;21.6875;162;202;0;
10561;2025.06.09 11:46;-12;20.5;20.5;21.625;162;202;0;
10562;2025.06.09 11:47;-12;20.5;20.5;21.625;162;202;0;
10563;2025.06.09 11:48;-12;20.5;20.5625;21.5625;162;202;0;
10564;2025.06.09 11:49;-12;20.5;20.5625;21.5;162;202;0;
10565;2025.06.09 11:50;-12;20.5;20.625;21.5;162;202;0;
10566;2025.06.09 11:51;-12;20.5625;20.625;21.5;162;202;0;
10567;2025.06.09 11:52;-12;20.5625;20.625;21.4375;162;202;0;
10568;2025.06.09 11:53;-12;20.5625;20.625;21.375;162;202;0;
10569;2025.06.09 11:54;-12;20.5625;20.625;21.3125;162;202;0;
10570;2025.06.09 11:55;-12;20.5;20.6875;21.25;162;202;0;
10571;2025.06.09 11:56;-12;20.5;20.6875;21.25;162;202;0;
10572;2025.06.09 11:57;-12;20.5;20.75;21.125;162;202;0;
10573;2025.06.09 11:58;-12;20.5;20.75;21.125;162;202;0;
10574;2025.06.09 11:59;-12;20.5;20.75;21.125;162;202;0;
10575;2025.06.09 12:00;-12;20.5;20.75;21.0625;162;202;0;
10576;2025.06.09 12:01;-12;20.5;20.75;21.0625;162;202;0;
10577;2025.06.09 12:02;-12;20.5;20.75;21;162;202;0;
10578;2025.06.09 12:03;-12;20.5;20.75;21;162;202;0;
10579;2025.06.09 12:04;-12;20.5;20.75;21;162;202;0;
10580;2025.06.09 12:05;-12;20.4375;20.75;21;162;202;0;
10581;2025.06.09 12:06;-12;20.4375;20.75;21;162;202;0;
10582;2025.06.09 12:07;-12;20.4375;20.75;21;162;202;0;
10583;2025.06.09 12:08;-12;20.4375;20.75;20.9375;162;202;0;
10584;2025.06.09 12:09;-12;20.4375;20.75;20.9375;162;202;0;
10585;2025.06.09 12:10;-12;20.4375;20.75;20.9375;162;202;0;
10586;2025.06.09 12:11;-12;20.4375;20.75;20.875;162;202;0;
10587;2025.06.09 12:12;-12;20.4375;20.8125;20.875;162;202;0;
10588;2025.06.09 12:13;-12;20.5;20.8125;20.875;162;202;0;
10589;2025.06.09 12:14;-12;20.4375;20.8125;20.875;163;202;0;
10590;2025.06.09 12:15;-12;20.5;20.8125;20.875;162;202;0;
10591;2025.06.09 12:16;-12;20.5;20.8125;20.875;162;202;0;
10592;2025.06.09 12:17;-12;20.5;20.875;20.875;163;202;0;
10593;2025.06.09 12:18;-12;20.5;20.8125;20.875;163;202;0;
10594;2025.06.09 12:19;-12;20.5;20.875;20.875;163;202;0;
10595;2025.06.09 12:20;-12;20.5;20.875;20.875;163;202;0;
10596;2025.06.09 12:21;-12;20.5;20.875;20.875;163;202;0;
10597;2025.06.09 12:22;-12;20.5;20.875;20.875;163;202;0;
10598;2025.06.09 12:23;-12;20.5;20.875;20.875;163;202;0;
10599;2025.06.09 12:24;-12;20.5;20.875;20.875;163;202;0;
10600;2025.06.09 12:25;-12;20.5;20.875;20.875;163;202;0;
10601;2025.06.09 12:26;-12;20.5;20.875;20.875;163;202;0;
10602;2025.06.09 12:27;-12;20.5;20.875;20.875;163;202;0;
10603;2025.06.09 12:28;-12;20.5;20.875;20.875;163;202;0;
10604;2025.06.09 12:29;-12;20.5;20.875;20.875;163;202;0;
10605;2025.06.09 12:30;-12;20.5;20.875;20.875;163;202;0;
10606;2025.06.09 12:31;-12;20.5;20.875;20.875;163;202;0;
10607;2025.06.09 12:32;-12;20.5;20.875;20.875;163;202;0;
10608;2025.06.09 12:33;-12;20.5;20.875;20.875;163;202;0;
10609;2025.06.09 12:34;-12;20.5;20.875;20.875;163;202;0;
10610;2025.06.09 12:35;-12;20.5;20.875;20.875;163;202;0;
10611;2025.06.09 12:36;-12;20.5625;20.875;20.875;163;202;0;
10612;2025.06.09 12:37;-12;20.625;20.875;20.875;163;202;0;
10613;2025.06.09 12:38;-12;20.625;20.875;20.875;163;202;0;
10614;2025.06.09 12:39;-12;20.6875;20.9375;20.9375;163;202;0;
10615;2025.06.09 12:40;-12;20.75;20.9375;20.9375;163;202;0;
10616;2025.06.09 12:41;-12;20.75;21;21;163;202;0;
10617;2025.06.09 12:42;-12;20.8125;21;21;163;202;0;
10618;2025.06.09 12:43;-12;20.8125;21;21;163;202;0;
10619;2025.06.09 12:44;-12;20.8125;21;21;163;202;0;
10620;2025.06.09 12:45;-12;20.875;21;21;164;202;0;
10621;2025.06.09 12:46;-12;20.875;21;21;164;202;0;
10622;2025.06.09 12:47;-12;20.875;21;21;164;202;0;
10623;2025.06.09 12:48;-12;20.9375;21;21.0625;164;202;0;
10624;2025.06.09 12:49;-12;21;21;21.0625;164;202;0;
10625;2025.06.09 12:50;-12;21;21.0625;21.125;164;202;0;
10626;2025.06.09 12:51;-12;20.9375;21.0625;21.125;164;202;0;
10627;2025.06.09 12:52;-12;20.875;21.0625;21.125;164;202;0;
10628;2025.06.09 12:53;-12;20.875;21.125;21.125;164;202;0;
10629;2025.06.09 12:54;-12;20.875;21.125;21.125;164;202;0;
10630;2025.06.09 12:55;-12;20.875;21.125;21.125;164;202;0;
10631;2025.06.09 12:56;-12;20.875;21.125;21.125;164;202;0;
10632;2025.06.09 12:57;-12;20.875;21.125;21.125;164;202;0;
10633;2025.06.09 12:58;-12;20.8125;21.125;21.125;164;202;0;
10634;2025.06.09 12:59;-12;20.8125;21.125;21.125;164;202;0;
10635;2025.06.09 13:00;-12;20.8125;21.125;21.125;164;202;0;
10636;2025.06.09 13:01;-12;20.8125;21.125;21.125;164;202;0;
10637;2025.06.09 13:02;-12;20.75;21.125;21.125;164;202;0;
10638;2025.06.09 13:03;-12;20.75;21.125;21.125;164;202;0;
10639;2025.06.09 13:04;-12;20.75;21.125;21.125;164;202;0;
10640;2025.06.09 13:05;-12;20.75;21.125;21.125;164;202;0;
10641;2025.06.09 13:06;-12;20.75;21.125;21.125;164;202;0;
10642;2025.06.09 13:07;-12;20.75;21.125;21.125;164;202;0;
10643;2025.06.09 13:08;-12;20.75;21.125;21.125;164;202;0;
10644;2025.06.09 13:09;-12;20.75;21.125;21.125;164;202;0;
10645;2025.06.09 13:10;-12;20.75;21.125;21.125;164;202;0;
10646;2025.06.09 13:11;-12;20.75;21.125;21.125;164;202;0;
10647;2025.06.09 13:12;-12;20.75;21.125;21.125;164;202;0;
10648;2025.06.09 13:13;-12;20.75;21.125;21.125;164;202;0;
10649;2025.06.09 13:14;-12;20.75;21.125;21.125;164;202;0;
10650;2025.06.09 13:15;-12;20.8125;21.125;21.125;164;202;0;
10651;2025.06.09 13:16;-12;20.8125;21.125;21.125;164;202;0;
10652;2025.06.09 13:17;-12;20.75;21.125;21.125;164;202;0;
10653;2025.06.09 13:18;-12;20.8125;21.125;21.125;164;202;0;
10654;2025.06.09 13:19;-12;20.8125;21.125;21.125;164;202;0;
10655;2025.06.09 13:20;-12;20.8125;21.125;21.125;164;202;0;
10656;2025.06.09 13:21;-12;20.8125;21.125;21.125;164;202;0;
10657;2025.06.09 13:22;-12;20.8125;21.125;21.125;164;202;0;
10658;2025.06.09 13:23;-12;20.8125;21.125;21.125;164;202;0;
10659;2025.06.09 13:24;-12;20.8125;21.125;21.125;164;202;0;
10660;2025.06.09 13:25;-12;20.8125;21.125;21.125;164;202;0;
10661;2025.06.09 13:26;-12;20.8125;21.125;21.125;164;202;0;
10662;2025.06.09 13:27;-12;20.875;21.125;21.125;164;202;0;
10663;2025.06.09 13:28;-12;20.875;21.125;21.125;164;202;0;
10664;2025.06.09 13:29;-12;20.875;21.125;21.125;164;202;0;
10665;2025.06.09 13:30;-12;20.875;21.125;21.125;164;202;0;
10666;2025.06.09 13:31;-12;20.875;21.125;21.125;164;202;0;
10667;2025.06.09 13:32;-12;20.875;21.125;21.125;164;202;0;
10668;2025.06.09 13:33;-12;20.875;21.1875;21.125;164;202;0;
10669;2025.06.09 13:34;-12;20.875;21.125;21.125;164;202;0;
10670;2025.06.09 13:35;-12;20.875;21.125;21.125;164;202;0;
10671;2025.06.09 13:36;-12;20.875;21.1875;21.125;164;202;0;
10672;2025.06.09 13:37;-12;20.875;21.125;21.125;164;202;0;
10673;2025.06.09 13:38;-12;20.875;21.1875;21.125;164;202;0;
10674;2025.06.09 13:39;-12;20.875;21.1875;21.125;164;202;0;
10675;2025.06.09 13:40;-12;20.875;21.1875;21.125;164;202;0;
10676;2025.06.09 13:41;-12;20.875;21.1875;21.125;164;202;0;
10677;2025.06.09 13:42;-12;20.875;21.1875;21.125;164;202;0;
10678;2025.06.09 13:43;-12;20.875;21.1875;21.125;164;202;0;
10679;2025.06.09 13:44;-12;20.875;21.1875;21.125;164;202;0;
10680;2025.06.09 13:45;-12;20.875;21.25;21.1875;164;202;0;
10681;2025.06.09 13:46;-12;20.9375;21.25;21.1875;164;202;0;
10682;2025.06.09 13:47;-12;20.9375;21.25;21.1875;164;202;0;
10683;2025.06.09 13:48;-12;20.9375;21.25;21.1875;164;202;0;
10684;2025.06.09 13:49;-12;20.9375;21.25;21.1875;164;202;0;
10685;2025.06.09 13:50;-12;20.9375;21.25;21.1875;164;202;0;
10686;2025.06.09 13:51;-12;20.9375;21.25;21.1875;164;202;0;
10687;2025.06.09 13:52;-12;20.9375;21.25;21.25;164;202;0;
10688;2025.06.09 13:53;-12;21;21.25;21.25;164;202;0;
10689;2025.06.09 13:54;-12;21;21.25;21.25;164;202;0;
10690;2025.06.09 13:55;-12;21;21.25;21.25;164;202;0;
10691;2025.06.09 13:56;-12;21;21.25;21.25;164;202;0;
10692;2025.06.09 13:57;-12;21;21.25;21.25;164;202;0;
10693;2025.06.09 13:58;-12;21;21.25;21.25;164;202;0;
10694;2025.06.09 13:59;-12;21;21.25;21.25;164;202;0;
10695;2025.06.09 14:00;-12;21;21.25;21.25;164;202;0;
10696;2025.06.09 14:01;-12;21;21.25;21.25;164;202;0;
10697;2025.06.09 14:02;-12;21;21.25;21.25;164;202;0;
10698;2025.06.09 14:03;-12;21;21.25;21.25;164;202;0;
10699;2025.06.09 14:04;-12;21;21.25;21.25;164;202;0;
10700;2025.06.09 14:05;-12;21;21.25;21.25;164;202;0;
10701;2025.06.09 14:06;-12;21;21.25;21.25;164;202;0;
10702;2025.06.09 14:07;-12;21;21.25;21.25;164;202;0;
10703;2025.06.09 14:08;-12;21;21.25;21.25;164;202;0;
10704;2025.06.09 14:09;-12;21;21.25;21.25;164;202;0;
10705;2025.06.09 14:10;-12;21;21.25;21.25;164;202;0;
10706;2025.06.09 14:11;-12;21;21.25;21.25;164;202;0;
10707;2025.06.09 14:12;-12;21;21.25;21.25;164;202;0;
10708;2025.06.09 14:13;-12;21;21.3125;21.25;164;202;0;
10709;2025.06.09 14:14;-12;21;21.3125;21.25;164;202;0;
10710;2025.06.09 14:15;-12;21;21.3125;21.25;164;202;0;
10711;2025.06.09 14:16;-12;21;21.3125;21.25;164;202;0;
10712;2025.06.09 14:17;-12;21;21.3125;21.25;164;202;0;
10713;2025.06.09 14:18;-12;21;21.3125;21.25;164;202;0;
10714;2025.06.09 14:19;-12;21;21.3125;21.25;164;202;0;
10715;2025.06.09 14:20;-12;21;21.3125;21.25;164;202;0;
10716;2025.06.09 14:21;-12;21;21.3125;21.25;164;202;0;
10717;2025.06.09 14:22;-12;21;21.3125;21.25;164;202;0;
10718;2025.06.09 14:23;-12;21;21.3125;21.25;164;202;0;
10719;2025.06.09 14:24;-12;21;21.3125;21.25;164;202;0;
10720;2025.06.09 14:25;-12;21.0625;21.375;21.25;164;202;0;
10721;2025.06.09 14:26;-12;21;21.3125;21.25;164;202;0;
10722;2025.06.09 14:27;-12;21.0625;21.375;21.25;164;202;0;
10723;2025.06.09 14:28;-12;21.0625;21.375;21.25;164;202;0;
10724;2025.06.09 14:29;-12;21.0625;21.375;21.25;164;202;0;
10725;2025.06.09 14:30;-12;21.0625;21.375;21.25;164;202;0;
10726;2025.06.09 14:31;-12;21.0625;21.375;21.25;164;202;0;
10727;2025.06.09 14:32;-12;21.0625;21.375;21.25;165;202;0;
10728;2025.06.09 14:33;-12;21.0625;21.375;21.25;165;202;0;
10729;2025.06.09 14:34;-12;21.125;21.375;21.3125;165;202;0;
10730;2025.06.09 14:35;-12;21.125;21.375;21.3125;165;202;0;
10731;2025.06.09 14:36;-12;21.125;21.375;21.3125;165;202;0;
10732;2025.06.09 14:37;-12;21.125;21.375;21.3125;165;202;0;
10733;2025.06.09 14:38;-12;21.125;21.375;21.3125;165;202;0;
10734;2025.06.09 14:39;-12;21.125;21.375;21.3125;165;202;0;
10735;2025.06.09 14:40;-12;21.125;21.375;21.3125;165;202;0;
10736;2025.06.09 14:41;-12;21.125;21.375;21.375;165;202;0;
10737;2025.06.09 14:42;-12;21.125;21.375;21.375;165;202;0;
10738;2025.06.09 14:43;-12;21.125;21.375;21.375;165;202;0;
10739;2025.06.09 14:44;-12;21.125;21.375;21.375;165;202;0;
10740;2025.06.09 14:45;-12;21.125;21.375;21.375;165;202;0;
10741;2025.06.09 14:46;-12;21.125;21.375;21.375;165;202;0;
10742;2025.06.09 14:47;-12;21.125;21.375;21.375;165;202;0;
10743;2025.06.09 14:48;-12;21.125;21.375;21.375;165;202;0;
10744;2025.06.09 14:49;-12;21.125;21.375;21.375;165;202;0;
10745;2025.06.09 14:50;-12;21.125;21.375;21.375;165;202;0;
10746;2025.06.09 14:51;-12;21.125;21.375;21.375;165;202;0;
10747;2025.06.09 14:52;-12;21.125;21.375;21.375;165;202;0;
10748;2025.06.09 14:53;-12;21.125;21.375;21.375;165;202;0;
10749;2025.06.09 14:54;-12;21.1875;21.375;21.375;165;202;0;
10750;2025.06.09 14:55;-12;21.1875;21.375;21.375;165;202;0;
10751;2025.06.09 14:56;-12;21.1875;21.375;21.375;165;202;0;
10752;2025.06.09 14:57;-12;21.1875;21.4375;21.375;165;202;0;
10753;2025.06.09 14:58;-12;21.1875;21.4375;21.375;165;202;0;
10754;2025.06.09 14:59;-12;21.1875;21.4375;21.375;165;202;0;
10755;2025.06.09 15:00;-12;21.1875;21.4375;21.375;165;202;0;
10756;2025.06.09 15:01;-12;21.25;21.4375;21.375;165;202;0;
10757;2025.06.09 15:02;-12;21.25;21.4375;21.375;165;202;0;
10758;2025.06.09 15:03;-12;21.25;21.4375;21.375;165;202;0;
10759;2025.06.09 15:04;-12;21.25;21.4375;21.4375;165;202;0;
10760;2025.06.09 15:05;-12;21.25;21.5;21.4375;165;202;0;
10761;2025.06.09 15:06;-12;21.25;21.5;21.4375;165;202;0;
10762;2025.06.09 15:07;-12;21.25;21.5;21.4375;165;202;0;
10763;2025.06.09 15:08;-12;21.25;21.5;21.4375;165;202;0;
10764;2025.06.09 15:09;-12;21.25;21.5;21.4375;165;202;0;
10765;2025.06.09 15:10;-12;21.25;21.5;21.4375;165;202;0;
10766;2025.06.09 15:11;-12;21.25;21.5;21.4375;165;202;0;
10767;2025.06.09 15:12;-12;21.25;21.5;21.5;165;202;0;
10768;2025.06.09 15:13;-12;21.25;21.5;21.5;165;202;0;
10769;2025.06.09 15:14;-12;21.25;21.5;21.5;165;202;0;
10770;2025.06.09 15:15;-12;21.25;21.5;21.5;165;202;0;
10771;2025.06.09 15:16;-12;21.25;21.5;21.5;165;202;0;
10772;2025.06.09 15:17;-12;21.25;21.5;21.5;165;202;0;
10773;2025.06.09 15:18;-12;21.25;21.5;21.5;165;202;0;
10774;2025.06.09 15:19;-12;21.25;21.5;21.5;165;202;0;
10775;2025.06.09 15:20;-12;21.25;21.5;21.5;165;202;0;
10776;2025.06.09 15:21;-12;21.25;21.5;21.5;165;202;0;
10777;2025.06.09 15:22;-12;21.3125;21.5;21.5;165;202;0;
10778;2025.06.09 15:23;-12;21.3125;21.5;21.5;165;202;0;
10779;2025.06.09 15:24;-12;21.3125;21.5;21.5;165;202;0;
10780;2025.06.09 15:25;-12;21.3125;21.5;21.5;165;202;0;
10781;2025.06.09 15:26;-12;21.3125;21.5;21.5;165;202;0;
10782;2025.06.09 15:27;-12;21.3125;21.5;21.5;165;202;0;
10783;2025.06.09 15:28;-12;21.3125;21.5625;21.5;165;202;0;
10784;2025.06.09 15:29;-12;21.3125;21.5625;21.5;165;202;0;
10785;2025.06.09 15:30;-12;21.3125;21.5625;21.5;165;202;0;
10786;2025.06.09 15:31;-12;21.375;21.5625;21.5;165;202;0;
10787;2025.06.09 15:32;-12;21.375;21.5625;21.5;165;202;0;
10788;2025.06.09 15:33;-12;21.375;21.5625;21.5;165;202;0;
10789;2025.06.09 15:34;-12;21.375;21.5625;21.5;165;202;0;
10790;2025.06.09 15:35;-12;21.375;21.5625;21.5;165;202;0;
10791;2025.06.09 15:36;-12;21.375;21.5625;21.5;165;202;0;
10792;2025.06.09 15:37;-12;21.375;21.5625;21.5;165;202;0;
10793;2025.06.09 15:38;-12;21.375;21.625;21.5;166;202;0;
10794;2025.06.09 15:39;-12;21.375;21.625;21.5625;166;202;0;
10795;2025.06.09 15:40;-12;21.375;21.625;21.5625;166;202;0;
10796;2025.06.09 15:41;-12;21.375;21.625;21.5625;166;202;0;
10797;2025.06.09 15:42;-12;21.375;21.625;21.5625;166;202;0;
10798;2025.06.09 15:43;-12;21.375;21.625;21.5625;166;202;0;
10799;2025.06.09 15:44;-12;21.375;21.625;21.5625;166;202;0;
10800;2025.06.09 15:45;-12;21.375;21.625;21.5625;166;202;0;
10801;2025.06.09 15:46;-12;21.375;21.625;21.5625;166;202;0;
10802;2025.06.09 15:47;-12;21.375;21.625;21.5625;166;202;0;
10803;2025.06.09 15:48;-12;21.375;21.625;21.5625;166;202;0;
10804;2025.06.09 15:49;-12;21.375;21.625;21.625;166;202;0;
10805;2025.06.09 15:50;-12;21.375;21.625;21.625;166;202;0;
10806;2025.06.09 15:51;-12;21.375;21.625;21.625;166;202;0;
10807;2025.06.09 15:52;-12;21.375;21.625;21.625;166;202;0;
10808;2025.06.09 15:53;-12;21.375;21.625;21.625;166;202;0;
10809;2025.06.09 15:54;-12;21.375;21.625;21.625;166;202;0;
10810;2025.06.09 15:55;-12;21.4375;21.625;21.625;166;202;0;
10811;2025.06.09 15:56;-12;21.4375;21.625;21.625;166;202;0;
10812;2025.06.09 15:57;-12;21.4375;21.625;21.625;166;202;0;
10813;2025.06.09 15:58;-12;21.4375;21.625;21.625;166;202;0;
10814;2025.06.09 15:59;-12;21.4375;21.625;21.625;166;202;0;
10815;2025.06.09 16:00;-12;21.4375;21.625;21.625;166;202;0;
10816;2025.06.09 16:01;-12;21.4375;21.625;21.625;166;202;0;
10817;2025.06.09 16:02;-12;21.4375;21.625;21.625;166;202;0;
10818;2025.06.09 16:03;-12;21.4375;21.625;21.625;166;202;0;
10819;2025.06.09 16:04;-12;21.5;21.625;21.625;166;202;0;
10820;2025.06.09 16:05;-12;21.5;21.625;21.625;166;202;0;
10821;2025.06.09 16:06;-12;21.5;21.625;21.625;166;202;0;
10822;2025.06.09 16:07;-12;21.5;21.6875;21.625;166;202;0;
10823;2025.06.09 16:08;-12;21.5;21.6875;21.625;166;202;0;
10824;2025.06.09 16:09;-12;21.5;21.6875;21.625;166;202;0;
10825;2025.06.09 16:10;-12;21.5;21.6875;21.625;166;202;0;
10826;2025.06.09 16:11;-12;21.5;21.6875;21.625;166;202;0;
10827;2025.06.09 16:12;-12;21.5;21.6875;21.625;166;202;0;
10828;2025.06.09 16:13;-12;21.5;21.6875;21.625;166;202;0;
10829;2025.06.09 16:14;-12;21.5;21.6875;21.625;166;202;0;
10830;2025.06.09 16:15;-12;21.5;21.6875;21.625;166;202;0;
10831;2025.06.09 16:16;-12;21.5;21.6875;21.625;166;202;0;
10832;2025.06.09 16:17;-12;21.5;21.6875;21.625;166;202;0;
10833;2025.06.09 16:18;-12;21.5;21.75;21.625;166;202;0;
10834;2025.06.09 16:19;-12;21.5;21.75;21.625;166;202;0;
10835;2025.06.09 16:20;-12;21.5;21.75;21.625;166;202;0;
10836;2025.06.09 16:21;-12;21.5;21.75;21.625;166;202;0;
10837;2025.06.09 16:22;-12;21.5;21.75;21.6875;166;202;0;
10838;2025.06.09 16:23;-12;21.5;21.75;21.6875;166;202;0;
10839;2025.06.09 16:24;-12;21.5;21.75;21.6875;166;202;0;
10840;2025.06.09 16:25;-12;21.5;21.75;21.6875;166;202;0;
10841;2025.06.09 16:26;-12;21.5;21.75;21.6875;166;202;0;
10842;2025.06.09 16:27;-12;21.5;21.75;21.6875;166;202;0;
10843;2025.06.09 16:28;-12;21.5;21.75;21.6875;166;202;0;
10844;2025.06.09 16:29;-12;21.5;21.75;21.6875;166;202;0;
10845;2025.06.09 16:30;-12;21.5;21.75;21.75;166;202;0;
10846;2025.06.09 16:31;-12;21.5;21.75;21.75;166;202;0;
10847;2025.06.09 16:32;-12;21.5;21.75;21.6875;166;202;0;
10848;2025.06.09 16:33;-12;21.5;21.75;21.75;166;202;0;
10849;2025.06.09 16:34;-12;21.5625;21.75;21.75;166;202;0;
10850;2025.06.09 16:35;-12;21.5625;21.75;21.75;166;202;0;
10851;2025.06.09 16:36;-12;21.5625;21.75;21.75;166;202;0;
10852;2025.06.09 16:37;-12;21.5625;21.75;21.75;166;202;0;
10853;2025.06.09 16:38;-12;21.5625;21.75;21.75;166;202;0;
10854;2025.06.09 16:39;-12;21.5625;21.75;21.75;166;202;0;
10855;2025.06.09 16:40;-12;21.5625;21.75;21.75;166;202;0;
10856;2025.06.09 16:41;-12;21.5625;21.75;21.75;166;202;0;
10857;2025.06.09 16:42;-12;21.625;21.75;21.75;166;202;0;
10858;2025.06.09 16:43;-12;21.625;21.75;21.75;166;202;0;
10859;2025.06.09 16:44;-12;21.625;21.75;21.75;166;202;0;
10860;2025.06.09 16:45;-12;21.625;21.75;21.75;166;202;0;
10861;2025.06.09 16:46;-12;21.625;21.75;21.75;166;202;0;
10862;2025.06.09 16:47;-12;21.625;21.75;21.75;166;202;0;
10863;2025.06.09 16:48;-12;21.625;21.75;21.75;166;202;0;
10864;2025.06.09 16:49;-12;21.625;21.75;21.75;166;202;0;
10865;2025.06.09 16:50;-12;21.625;21.8125;21.75;166;202;0;
10866;2025.06.09 16:51;-12;21.625;21.8125;21.75;166;202;0;
10867;2025.06.09 16:52;-12;21.625;21.8125;21.75;166;202;0;
10868;2025.06.09 16:53;-12;21.625;21.8125;21.75;166;202;0;
10869;2025.06.09 16:54;-12;21.625;21.8125;21.75;166;202;0;
10870;2025.06.09 16:55;-12;21.625;21.8125;21.75;166;202;0;
10871;2025.06.09 16:56;-12;21.625;21.8125;21.75;166;202;0;
10872;2025.06.09 16:57;-12;21.625;21.8125;21.75;166;202;0;
10873;2025.06.09 16:58;-12;21.625;21.8125;21.75;166;202;0;
10874;2025.06.09 16:59;-12;21.625;21.8125;21.75;166;202;0;
10875;2025.06.09 17:00;-12;21.625;21.875;21.75;166;202;0;
10876;2025.06.09 17:01;-12;21.625;21.875;21.75;166;202;0;
10877;2025.06.09 17:02;-12;21.625;21.875;21.75;166;202;0;
10878;2025.06.09 17:03;-12;21.625;21.875;21.75;166;202;0;
10879;2025.06.09 17:04;-12;21.625;21.875;21.75;166;202;0;
10880;2025.06.09 17:05;-12;21.625;21.875;21.75;166;202;0;
10881;2025.06.09 17:06;-12;21.625;21.875;21.75;166;202;0;
10882;2025.06.09 17:07;-12;21.625;21.875;21.75;166;202;0;
10883;2025.06.09 17:08;-12;21.625;21.875;21.75;166;202;0;
10884;2025.06.09 17:09;-12;21.625;21.875;21.8125;166;202;0;
10885;2025.06.09 17:10;-12;21.625;21.875;21.75;166;202;0;
10886;2025.06.09 17:11;-12;21.625;21.875;21.8125;166;202;0;
10887;2025.06.09 17:12;-12;21.625;21.875;21.8125;166;202;0;
10888;2025.06.09 17:13;-12;21.625;21.875;21.8125;166;202;0;
10889;2025.06.09 17:14;-12;21.625;21.875;21.8125;166;202;0;
10890;2025.06.09 17:15;-12;21.625;21.875;21.8125;167;202;0;
10891;2025.06.09 17:16;-12;21.625;21.875;21.8125;167;202;0;
10892;2025.06.09 17:17;-12;21.625;21.875;21.8125;167;202;0;
10893;2025.06.09 17:18;-12;21.625;21.875;21.8125;167;202;0;
10894;2025.06.09 17:19;-12;21.625;21.875;21.8125;167;202;0;
10895;2025.06.09 17:20;-12;21.625;21.875;21.8125;167;202;0;
10896;2025.06.09 17:21;-12;21.6875;21.875;21.8125;167;202;0;
10897;2025.06.09 17:22;-12;21.6875;21.875;21.8125;167;202;0;
10898;2025.06.09 17:23;-12;21.6875;21.875;21.8125;167;202;0;
10899;2025.06.09 17:24;-12;21.6875;21.875;21.8125;167;202;0;
10900;2025.06.09 17:25;-12;21.6875;21.875;21.875;167;202;0;
10901;2025.06.09 17:26;-12;21.6875;21.875;21.8125;167;202;0;
10902;2025.06.09 17:27;-12;21.6875;21.875;21.8125;167;202;0;
10903;2025.06.09 17:28;-12;21.6875;21.875;21.875;167;202;0;
10904;2025.06.09 17:29;-12;21.6875;21.875;21.875;167;202;0;
10905;2025.06.09 17:30;-12;21.6875;21.875;21.875;167;202;0;
10906;2025.06.09 17:31;-12;21.75;21.875;21.875;167;202;0;
10907;2025.06.09 17:32;-12;21.75;21.875;21.875;167;202;0;
10908;2025.06.09 17:33;-12;21.75;21.875;21.875;167;202;0;
10909;2025.06.09 17:34;-12;21.6875;21.875;21.875;167;202;0;
10910;2025.06.09 17:35;-12;21.75;21.875;21.875;167;202;0;
10911;2025.06.09 17:36;-12;21.75;21.875;21.875;167;202;0;
10912;2025.06.09 17:37;-12;21.75;21.875;21.875;167;202;0;
10913;2025.06.09 17:38;-12;21.75;21.9375;21.875;167;202;0;
10914;2025.06.09 17:39;-12;21.75;21.875;21.875;167;202;0;
10915;2025.06.09 17:40;-12;21.75;21.875;21.875;167;202;0;
10916;2025.06.09 17:41;-12;21.75;21.9375;21.875;167;202;0;
10917;2025.06.09 17:42;-12;21.75;21.9375;21.875;167;202;0;
10918;2025.06.09 17:43;-12;21.75;21.9375;21.875;167;202;0;
10919;2025.06.09 17:44;-12;21.75;21.9375;21.875;167;202;0;
10920;2025.06.09 17:45;-12;21.75;21.9375;21.875;167;202;0;
10921;2025.06.09 17:46;-12;21.75;21.9375;21.875;167;202;0;
10922;2025.06.09 17:47;-12;21.75;21.9375;21.875;167;202;0;
10923;2025.06.09 17:48;-12;21.75;21.9375;21.875;167;202;0;
10924;2025.06.09 17:49;-12;21.75;21.9375;21.875;167;202;0;
10925;2025.06.09 17:50;-12;21.75;21.9375;21.875;167;202;0;
10926;2025.06.09 17:51;-12;21.75;21.9375;21.875;167;202;0;
10927;2025.06.09 17:52;-12;21.75;21.9375;21.875;167;202;0;
10928;2025.06.09 17:53;-12;21.75;21.9375;21.875;167;202;0;
10929;2025.06.09 17:54;-12;21.75;22;21.875;167;202;0;
10930;2025.06.09 17:55;-12;21.75;21.9375;21.875;167;202;0;
10931;2025.06.09 17:56;-12;21.75;22;21.875;167;202;0;
10932;2025.06.09 17:57;-12;21.75;22;21.875;167;202;0;
10933;2025.06.09 17:58;-12;21.75;22;21.875;167;202;0;
10934;2025.06.09 17:59;-12;21.75;22;21.875;167;202;0;
10935;2025.06.09 18:00;-12;21.75;22;21.875;167;202;0;
10936;2025.06.09 18:01;-12;21.75;22;21.875;167;202;0;
10937;2025.06.09 18:02;-12;21.75;22;21.875;167;202;0;
10938;2025.06.09 18:03;-12;21.75;22;21.875;167;202;0;
10939;2025.06.09 18:04;-12;21.75;22;21.875;167;202;0;
10940;2025.06.09 18:05;-12;21.75;22;21.875;167;202;0;
10941;2025.06.09 18:06;-12;21.75;22;21.875;167;202;0;
10942;2025.06.09 18:07;-12;21.75;22;21.875;167;202;0;
10943;2025.06.09 18:08;-12;21.75;22;21.875;167;202;0;
10944;2025.06.09 18:09;-12;21.75;22;21.875;167;202;0;
10945;2025.06.09 18:10;-12;21.75;22;21.875;167;202;0;
10946;2025.06.09 18:11;-12;21.75;22;21.875;167;202;0;
10947;2025.06.09 18:12;-12;21.75;22;21.875;167;202;0;
10948;2025.06.09 18:13;-12;21.75;22;21.875;167;202;0;
10949;2025.06.09 18:14;-12;21.75;22;21.875;167;202;0;
10950;2025.06.09 18:15;-12;21.75;22;21.875;167;202;0;
10951;2025.06.09 18:16;-12;21.75;22;21.875;167;202;0;
10952;2025.06.09 18:17;-12;21.75;22;21.875;167;202;0;
10953;2025.06.09 18:18;-12;21.75;22;21.875;167;202;0;
10954;2025.06.09 18:19;-12;21.75;22;21.875;167;202;0;
10955;2025.06.09 18:20;-12;21.75;22;21.875;167;202;0;
10956;2025.06.09 18:21;-12;21.75;22;21.875;167;202;0;
10957;2025.06.09 18:22;-12;21.75;22;21.875;167;202;0;
10958;2025.06.09 18:23;-12;21.75;22;21.875;167;202;0;
10959;2025.06.09 18:24;-12;21.75;22;21.875;167;202;0;
10960;2025.06.09 18:25;-12;21.75;22;21.875;167;202;0;
10961;2025.06.09 18:26;-12;21.75;22;21.875;167;202;0;
10962;2025.06.09 18:27;-12;21.75;22;21.875;167;202;0;
10963;2025.06.09 18:28;-12;21.75;22;21.875;167;202;0;
10964;2025.06.09 18:29;-12;21.75;22;21.875;167;202;0;
10965;2025.06.09 18:30;-12;21.75;22;21.875;167;202;0;
10966;2025.06.09 18:31;-12;21.75;22;21.875;167;202;0;
10967;2025.06.09 18:32;-12;21.75;22;21.875;167;202;0;
10968;2025.06.09 18:33;-12;21.8125;22;21.875;167;202;0;
10969;2025.06.09 18:34;-12;21.75;22;21.875;167;202;0;
10970;2025.06.09 18:35;-12;21.8125;22;21.875;167;202;0;
10971;2025.06.09 18:36;-12;21.75;22;21.875;167;202;0;
10972;2025.06.09 18:37;-12;21.8125;22;21.875;167;202;0;
10973;2025.06.09 18:38;-12;21.8125;22;21.875;167;202;0;
10974;2025.06.09 18:39;-12;21.8125;22;21.875;167;202;0;
10975;2025.06.09 18:40;-12;21.8125;22;21.9375;167;202;0;
10976;2025.06.09 18:41;-12;21.8125;22;21.875;167;202;0;
10977;2025.06.09 18:42;-12;21.8125;22;21.875;167;202;0;
10978;2025.06.09 18:43;-12;21.8125;22;21.9375;167;202;0;
10979;2025.06.09 18:44;-12;21.8125;22;21.9375;167;202;0;
10980;2025.06.09 18:45;-12;21.8125;22;21.9375;167;202;0;
10981;2025.06.09 18:46;-12;21.8125;22;21.9375;167;202;0;
10982;2025.06.09 18:47;-12;21.8125;22;21.9375;167;202;0;
10983;2025.06.09 18:48;-12;21.8125;22;21.9375;167;202;0;
10984;2025.06.09 18:49;-12;21.8125;22;21.9375;167;202;0;
10985;2025.06.09 18:50;-12;21.8125;22;21.9375;167;202;0;
10986;2025.06.09 18:51;-12;21.8125;22;21.9375;167;202;0;
10987;2025.06.09 18:52;-12;21.8125;22;21.9375;167;202;0;
10988;2025.06.09 18:53;-12;21.8125;22;21.9375;167;202;0;
10989;2025.06.09 18:54;-12;21.8125;22;21.9375;167;202;0;
10990;2025.06.09 18:55;-12;21.8125;22;21.9375;167;202;0;
10991;2025.06.09 18:56;-12;21.8125;22;21.9375;167;202;0;
10992;2025.06.09 18:57;-12;21.8125;22;21.9375;167;202;0;
10993;2025.06.09 18:58;-12;21.8125;22;21.9375;167;202;0;
10994;2025.06.09 18:59;-12;21.8125;22;21.9375;167;202;0;
10995;2025.06.09 19:00;-12;21.875;22;21.9375;167;202;0;
10996;2025.06.09 19:01;-12;21.875;22;21.9375;167;202;0;
10997;2025.06.09 19:02;-12;21.875;22;21.9375;167;202;0;
10998;2025.06.09 19:03;-12;21.875;22.0625;21.9375;167;202;0;
10999;2025.06.09 19:04;-12;21.875;22.0625;22;167;202;0;
11000;2025.06.09 19:05;-12;21.875;22.0625;21.9375;167;202;0;
11001;2025.06.09 19:06;-12;21.875;22.0625;22;167;202;0;
11002;2025.06.09 19:07;-12;21.875;22.0625;22;167;202;0;
11003;2025.06.09 19:08;-12;21.875;22.0625;22;167;202;0;
11004;2025.06.09 19:09;-12;21.875;22.0625;22;167;202;0;
11005;2025.06.09 19:10;-12;21.875;22.0625;22;167;202;0;
11006;2025.06.09 19:11;-12;21.875;22.0625;22;167;202;0;
11007;2025.06.09 19:12;-12;21.875;22.0625;22;167;202;0;
11008;2025.06.09 19:13;-12;21.9375;22.0625;22;167;202;0;
11009;2025.06.09 19:14;-12;21.9375;22.0625;22;167;202;0;
11010;2025.06.09 19:15;-12;21.9375;22.125;22;167;202;0;
11011;2025.06.09 19:16;-12;21.9375;22.125;22;167;202;0;
11012;2025.06.09 19:17;-12;21.9375;22.125;22;167;202;0;
11013;2025.06.09 19:18;-12;21.9375;22.125;22;167;202;0;
11014;2025.06.09 19:19;-12;22;22.125;22;167;202;0;
11015;2025.06.09 19:20;-12;22;22.125;22;167;202;0;
11016;2025.06.09 19:21;-12;22;22.125;22;167;202;0;
11017;2025.06.09 19:22;-12;22;22.125;22.0625;168;202;0;
11018;2025.06.09 19:23;-12;22;22.125;22.0625;167;202;0;
11019;2025.06.09 19:24;-12;22;22.125;22.0625;167;202;0;
11020;2025.06.09 19:25;-12;22;22.125;22.0625;167;202;0;
11021;2025.06.09 19:26;-12;22;22.125;22.0625;168;202;0;
11022;2025.06.09 19:27;-12;22;22.125;22.0625;168;202;0;
11023;2025.06.09 19:28;-12;22.25;22.1875;22.125;161;202;0;
11024;2025.06.09 19:29;-12;35.25;22.5625;23.625;644;202;0;
11025;2025.06.09 19:30;-12;39.875;23.0625;24.25;663;202;0;
11026;2025.06.09 19:31;-12;41.625;23.5;24.5;666;202;0;
11027;2025.06.09 19:32;-12;42.5;23.9375;24.75;667;202;0;
11028;2025.06.09 19:33;-12;42.9375;24.3125;24.875;667;202;0;
11029;2025.06.09 19:34;-12;43.125;24.625;25;667;202;0;
11030;2025.06.09 19:35;-12;43.0625;24.9375;25.125;667;202;0;
11031;2025.06.09 19:36;-12;42.875;25.125;25.125;667;202;0;
11032;2025.06.09 19:37;-12;42.625;25.375;25.125;666;202;0;
11033;2025.06.09 19:38;-12;42.25;25.5;25.125;665;202;0;
11034;2025.06.09 19:39;-12;41.875;25.625;25.125;665;202;0;
11035;2025.06.09 19:40;-12;41.375;25.75;25.125;665;202;0;
11036;2025.06.09 19:41;-12;41;25.875;25.1875;792;202;0;
11037;2025.06.09 19:42;-12;40.5;26;25.1875;793;202;0;
11038;2025.06.09 19:43;-12;40.125;26.0625;25.25;946;202;0;
11039;2025.06.09 19:44;-12;39.6875;26;25.25;1221;202;0;
11040;2025.06.09 19:45;-12;39.25;26.125;25.375;1371;202;0;
11041;2025.06.09 19:46;-12;39.125;26.125;25.375;1547;202;0;
11042;2025.06.09 19:47;-12;39.125;26.125;25.4375;1763;202;0;
11043;2025.06.09 19:48;-12;38.125;26.25;25.5625;1942;202;0;
11044;2025.06.09 19:49;-12;35.75;26.375;25.625;2096;202;0;
11045;2025.06.09 19:50;-12;34.25;26.5;25.875;2328;202;0;
11046;2025.06.09 19:51;-12;33.125;26.625;26.0625;2395;202;0;
11047;2025.06.09 19:52;-12;32.125;26.75;26.25;2542;202;0;
11048;2025.06.09 19:53;-12;31.375;26.875;26.4375;2668;202;0;
11049;2025.06.09 19:54;-12;30.625;27.0625;26.75;2860;202;0;
11050;2025.06.09 19:55;-12;30;27.25;27.125;3011;202;0;
11051;2025.06.09 19:56;-12;29.5;27.4375;27.5;3053;202;0;
11052;2025.06.09 19:57;-12;29.125;27.5625;27.6875;3085;202;0;
11053;2025.06.09 19:58;-12;28.6875;27.75;27.875;3158;202;0;
11054;2025.06.09 19:59;-12;28.375;27.8125;28;3183;202;0;
11055;2025.06.09 20:00;-12;26;27.875;28.0625;193;202;0;
11056;2025.06.09 20:01;-12;25.5625;27.75;27.875;191;202;0;
11057;2025.06.09 20:02;-12;25.375;27.5625;27.75;357;202;0;
11058;2025.06.09 20:03;-12;25.4375;27.4375;27.375;457;202;0;
11059;2025.06.09 20:04;-12;25.4375;27.3125;27.25;454;202;0;
11060;2025.06.09 20:05;-12;25.4375;27.25;27;449;202;0;
11061;2025.06.09 20:06;-12;25.375;27.125;26.75;444;202;0;
11062;2025.06.09 20:07;-12;25.375;27;26.625;438;202;0;
11063;2025.06.09 20:08;-12;45.4375;27.0625;26.375;770;202;0;
11064;2025.06.09 20:09;-12;48.875;27.125;26.125;812;202;0;
11065;2025.06.09 20:10;-12;50.375;27.1875;25.875;815;202;0;
11066;2025.06.09 20:11;-12;51.0625;27.1875;25.625;816;202;0;
11067;2025.06.09 20:12;-12;51.375;27.1875;25.375;1002;202;0;
11068;2025.06.09 20:13;-12;51.375;27.125;25.125;1103;202;0;
11069;2025.06.09 20:14;-12;51.125;27;24.875;1283;202;0;
11070;2025.06.09 20:15;-12;50.75;26.875;24.75;1398;202;0;
11071;2025.06.09 20:16;-12;50.375;26.75;24.5625;1558;202;0;
11072;2025.06.09 20:17;-12;49.875;26.5;24.375;1705;202;0;
11073;2025.06.09 20:18;-12;49.5;26.3125;24.25;1850;202;0;
11074;2025.06.09 20:19;-12;49;26.125;24.125;2029;202;0;
11075;2025.06.09 20:20;-12;46.25;25.9375;24;2201;202;0;
11076;2025.06.09 20:21;-12;43.8125;25.75;23.875;2505;202;0;
11077;2025.06.09 20:22;-12;41.75;25.5;23.75;2490;202;0;
11078;2025.06.09 20:23;-12;40.0625;25.3125;23.6875;2627;202;0;
11079;2025.06.09 20:24;-12;38.6875;25.125;23.625;2714;202;0;
11080;2025.06.09 20:25;-12;37.5;25;23.5;2821;202;0;
11081;2025.06.09 20:26;-12;36.4375;24.75;23.375;2945;202;0;
11082;2025.06.09 20:27;-12;35.375;24.625;23.25;3111;202;0;
11083;2025.06.09 20:28;-12;34.625;24.375;23.125;3179;202;0;
11084;2025.06.09 20:29;-12;34.125;24.25;23;3226;202;0;
11085;2025.06.09 20:30;-12;28.875;24.125;23.0625;224;202;0;
11086;2025.06.09 20:31;-12;26.625;24.125;23.1875;212;202;0;
11087;2025.06.09 20:32;-12;25.625;24.125;23.25;208;202;0;
11088;2025.06.09 20:33;-12;25.0625;24.125;23.25;206;202;0;
11089;2025.06.09 20:34;-12;24.75;24.125;23.25;206;202;0;
11090;2025.06.09 20:35;-12;24.75;24.1875;23.375;207;202;0;
11091;2025.06.09 20:36;-12;29;24.25;23.625;852;202;0;
11092;2025.06.09 20:37;-12;31.5;24.25;23.6875;1036;202;0;
11093;2025.06.09 20:38;-12;31.875;24.125;23.5;1035;202;0;
11094;2025.06.09 20:39;-12;32;24;23.3125;1033;202;0;
11095;2025.06.09 20:40;-12;31.875;23.875;23.1875;1233;202;0;
11096;2025.06.09 20:41;-12;31.625;23.75;23.0625;1278;202;0;
11097;2025.06.09 20:42;-12;31.375;23.625;22.9375;1401;202;0;
11098;2025.06.09 20:43;-12;31;23.5;22.875;1559;202;0;
11099;2025.06.09 20:44;-12;30.5;23.375;22.75;1689;202;0;
11100;2025.06.09 20:45;-12;29.875;23.25;22.625;1813;202;0;
11101;2025.06.09 20:46;-12;29.125;23.0625;22.5625;1935;202;0;
11102;2025.06.09 20:47;-12;28.375;22.875;22.5;2037;202;0;
11103;2025.06.09 20:48;-12;27.75;22.75;22.5;2138;202;0;
11104;2025.06.09 20:49;-12;27.125;22.625;22.4375;2255;202;0;
11105;2025.06.09 20:50;-12;26.5;22.625;22.375;2397;202;0;
11106;2025.06.09 20:51;-12;26;22.5;22.375;2556;202;0;
11107;2025.06.09 20:52;-12;25.625;22.4375;22.3125;2696;202;0;
11108;2025.06.09 20:53;-12;25.25;22.375;22.25;2835;202;0;
11109;2025.06.09 20:54;-12;25;22.25;22.1875;3028;202;0;
11110;2025.06.09 20:55;-12;24.75;22.25;22.125;3138;202;0;
11111;2025.06.09 20:56;-12;24.5;22.125;22.0625;3140;202;0;
11112;2025.06.09 20:57;-12;24.25;22.0625;21.9375;3172;202;0;
11113;2025.06.09 20:58;-12;24;22;21.875;3170;202;0;
11114;2025.06.09 20:59;-12;22.75;22.25;22.125;184;202;0;
11115;2025.06.09 21:00;-12;22.6875;22.4375;22.5;183;202;0;
11116;2025.06.09 21:01;-12;22.75;22.625;22.8125;183;202;0;
11117;2025.06.09 21:02;-12;22.875;22.75;23;184;202;0;
11118;2025.06.09 21:03;-12;23;22.875;23.25;184;202;0;
11119;2025.06.09 21:04;-12;23.125;23;23.5;185;202;0;
11120;2025.06.09 21:05;-12;24.125;23.125;24.1875;1664;202;0;
11121;2025.06.09 21:06;-12;27.5625;22.875;24.625;1677;202;0;
11122;2025.06.09 21:07;-12;28;22.6875;23.9375;1685;202;0;
11123;2025.06.09 21:08;-12;28.1875;22.5;23.375;1977;202;0;
11124;2025.06.09 21:09;-12;28.125;22.375;23;2085;202;0;
11125;2025.06.09 21:10;-12;27.875;22.25;22.625;2229;202;0;
11126;2025.06.09 21:11;-12;27.4375;22.125;22.3125;2417;202;0;
11127;2025.06.09 21:12;-12;27.25;22.125;22.125;2519;202;0;
11128;2025.06.09 21:13;-12;26.875;22;21.9375;2668;202;0;
11129;2025.06.09 21:14;-12;26.25;21.875;21.75;2884;202;0;
11130;2025.06.09 21:15;-12;26;21.875;21.625;2982;202;0;
11131;2025.06.09 21:16;-12;25.9375;21.75;21.5625;3086;202;0;
11132;2025.06.09 21:17;-12;25.9375;21.75;21.5;3181;202;0;
11133;2025.06.09 21:18;-12;25.8125;21.625;21.375;3307;202;0;
11134;2025.06.09 21:19;-12;25.75;21.5;21.25;3385;202;0;
11135;2025.06.09 21:20;-12;25.75;21.4375;21.125;3420;202;0;
11136;2025.06.09 21:21;-12;25.625;21.3125;21;3434;202;0;
11137;2025.06.09 21:22;-12;25.625;21.25;20.875;3443;202;0;
11138;2025.06.09 21:23;-12;25.5;21.125;20.875;3486;202;0;
11139;2025.06.09 21:24;-12;25.4375;21.0625;20.75;3529;202;0;
11140;2025.06.09 21:25;-12;25.375;21;20.6875;3563;202;0;
11141;2025.06.09 21:26;-12;25.25;21;20.625;837;202;0;
11142;2025.06.09 21:27;-12;21.75;21.25;23.125;1138;202;0;
11143;2025.06.09 21:28;-12;22.875;21.5;23.125;194;202;0;
11144;2025.06.09 21:29;-12;22.875;21.6875;23.125;194;202;0;
11145;2025.06.09 21:30;-12;22.75;21.875;23;194;202;0;
11146;2025.06.09 21:31;-12;22.625;22;22.875;194;202;0;
11147;2025.06.09 21:32;-12;22.5;22.125;22.75;194;202;0;
11148;2025.06.09 21:33;-12;22.5;22.25;22.75;194;202;0;
11149;2025.06.09 21:34;-12;22.4375;22.3125;22.625;194;202;0;
11150;2025.06.09 21:35;-12;22.375;22.375;22.625;194;202;0;
11151;2025.06.09 21:36;-12;22.375;22.4375;22.5;202;202;0;
11152;2025.06.09 21:37;-12;22.375;22.5;22.4375;201;202;0;
11153;2025.06.09 21:38;-12;22.375;22.5;22.375;201;202;0;
11154;2025.06.09 21:39;-12;22.375;22.5;22.3125;201;202;0;
11155;2025.06.09 21:40;-12;22.375;22.5;22.25;201;202;0;
11156;2025.06.09 21:41;-12;22.375;22.5;22.125;201;202;0;
11157;2025.06.09 21:42;-12;22.375;22.5;22.125;201;202;0;
11158;2025.06.09 21:43;-12;22.375;22.5;22;201;202;0;
11159;2025.06.09 21:44;-12;22.375;22.5;21.9375;201;202;0;
11160;2025.06.09 21:45;-12;22.375;22.5;21.875;201;202;0;
11161;2025.06.09 21:46;-12;22.375;22.5;21.75;201;202;0;
11162;2025.06.09 21:47;-12;22.375;22.5;21.75;201;202;0;
11163;2025.06.09 21:48;-12;22.3125;22.4375;21.6875;200;202;0;
11164;2025.06.09 21:49;-12;22.3125;22.375;21.625;200;202;0;
11165;2025.06.09 21:50;-12;22.25;22.375;21.625;200;202;0;
11166;2025.06.09 21:51;-12;22.25;22.375;21.625;200;202;0;
11167;2025.06.09 21:52;-12;22.25;22.375;21.5;200;202;0;
11168;2025.06.09 21:53;-12;22.25;22.375;21.5;200;202;0;
11169;2025.06.09 21:54;-12;22.1875;22.3125;21.4375;200;202;0;
11170;2025.06.09 21:55;-12;22.125;22.25;21.375;200;202;0;
11171;2025.06.09 21:56;-12;22.125;22.25;21.375;200;202;0;
11172;2025.06.09 21:57;-12;22.125;22.25;21.25;199;202;0;
11173;2025.06.09 21:58;-12;22;22.1875;21.125;199;202;0;
11174;2025.06.09 21:59;-12;22;22.125;21;199;202;0;
11175;2025.06.09 22:00;-12;22;22.125;21.0625;199;202;0;
11176;2025.06.09 22:01;-12;22;22.125;21.125;199;202;0;
11177;2025.06.09 22:02;-12;21.9375;22.125;21.125;199;202;0;
11178;2025.06.09 22:03;-12;21.9375;22.0625;21.125;199;202;0;
11179;2025.06.09 22:04;-12;21.875;22.0625;21.0625;199;202;0;
11180;2025.06.09 22:05;-12;21.875;22;21;199;202;0;
11181;2025.06.09 22:06;-12;21.875;22;21;199;202;0;
11182;2025.06.09 22:07;-12;21.875;22;20.9375;198;202;0;
11183;2025.06.09 22:08;-12;21.875;22;21;198;202;0;
11184;2025.06.09 22:09;-12;21.875;22;20.9375;198;202;0;
11185;2025.06.09 22:10;-12;21.75;21.9375;20.875;198;202;0;
11186;2025.06.09 22:11;-12;21.75;21.875;20.75;198;202;0;
11187;2025.06.09 22:12;-12;21.75;21.875;20.6875;198;202;0;
11188;2025.06.09 22:13;-12;21.75;21.8125;20.6875;197;202;0;
11189;2025.06.09 22:14;-12;21.75;21.8125;20.6875;197;202;0;
11190;2025.06.09 22:15;-12;21.6875;21.75;20.625;197;202;0;
11191;2025.06.09 22:16;-12;21.625;21.75;20.625;197;202;0;
11192;2025.06.09 22:17;-12;21.625;21.75;20.4375;187;202;0;
11193;2025.06.09 22:18;-12;21.625;21.6875;20.375;187;202;0;
11194;2025.06.09 22:19;-12;21.5625;21.625;20.25;187;202;0;
11195;2025.06.09 22:20;-12;21.5;21.625;20.1875;187;202;0;
11196;2025.06.09 22:21;-12;21.5;21.625;20.25;186;202;0;
11197;2025.06.09 22:22;-12;21.5;21.625;20.25;186;202;0;
11198;2025.06.09 22:23;-12;21.5625;21.625;20.25;186;202;0;
11199;2025.06.09 22:24;-12;21.625;21.625;20.25;186;202;0;
11200;2025.06.09 22:25;-12;22.25;22.625;20.875;195;202;0;
11201;2025.06.09 22:26;-12;22.6875;22.6875;21.5;178;202;0;
