0;2025.05.12 13:15;4;23.0625;23.375;23.5625;225;202;0;
1;2025.05.12 13:30;4;23;23.3125;23.5625;226;202;0;
2;2025.05.12 13:45;4;22.875;23.375;23.5;225;202;0;
3;2025.05.12 14:00;4;22.9375;23.3125;23.5625;224;202;0;
4;2025.05.12 14:15;4;22.875;23.25;23.5;223;202;0;
5;2025.05.12 14:30;4;22.75;23.125;23.375;223;202;0;
6;2025.05.12 14:45;4;22.8125;23.125;23.25;224;202;0;
7;2025.05.12 15:00;4;23;23.125;23.25;224;202;0;
8;2025.05.12 15:15;4;22.875;23.125;23.1875;224;202;0;
9;2025.05.12 15:30;4;22.625;22.9375;22.9375;223;202;0;
10;2025.05.12 15:45;4;22.4375;22.8125;22.75;222;202;0;
11;2025.05.12 16:00;4;22.375;22.6875;22.625;222;202;0;
12;2025.05.12 16:15;4;22.25;22.625;22.5625;222;202;0;
13;2025.05.12 16:30;4;22.25;22.5;22.5;222;202;0;
14;2025.05.12 16:45;4;22.25;22.5;22.4375;221;202;0;
15;2025.05.12 17:00;4;22.125;22.375;22.375;221;202;0;
16;2025.05.12 17:15;4;22.125;22.375;22.375;221;202;0;
17;2025.05.12 17:30;4;22.125;22.375;22.3125;221;202;0;
18;2025.05.12 17:45;4;22.125;22.3125;22.25;221;202;0;
19;2025.05.12 18:00;4;22.0625;22.25;22.25;221;202;0;
20;2025.05.12 18:15;4;22;22.25;22.25;221;202;0;
21;2025.05.12 18:30;4;22;22.25;22.1875;221;202;0;
22;2025.05.12 18:45;4;22;22.1875;22.125;221;202;0;
23;2025.05.12 19:00;4;22;22.125;22.125;221;202;0;
24;2025.05.12 19:15;4;21.9375;22.125;22.125;221;202;0;
25;2025.05.12 19:30;4;21.875;22.125;22.125;221;202;0;
26;2025.05.12 19:45;4;21.875;22.125;22.0625;221;202;0;
27;2025.05.12 20:00;4;21.875;22.0625;22.0625;221;202;0;
28;2025.05.12 20:15;4;21.875;22.0625;22;221;202;0;
29;2025.05.12 20:30;4;21.875;22;22;221;202;0;
30;2025.05.12 20:45;4;21.8125;22;22;221;202;0;
31;2025.05.12 21:00;4;21.75;22;22;220;202;0;
32;2025.05.12 21:15;4;21.75;22;22;220;202;0;
33;2025.05.12 21:30;4;21.75;22;22;220;202;0;
34;2025.05.12 21:45;4;21.75;22;21.9375;220;202;0;
35;2025.05.12 22:00;4;21.75;21.9375;21.9375;220;202;0;
36;2025.05.12 22:15;4;21.6875;21.875;21.875;220;202;0;
37;2025.05.12 22:30;4;21.6875;21.875;21.875;220;202;0;
38;2025.05.12 22:45;4;21.625;21.875;21.875;220;202;0;
39;2025.05.12 23:00;4;21.625;21.875;21.875;220;202;0;
40;2025.05.12 23:15;4;21.625;21.875;21.875;220;202;0;
41;2025.05.12 23:30;4;21.625;21.875;21.875;220;202;0;
42;2025.05.12 23:45;4;21.625;21.875;21.8125;220;202;0;
43;2025.05.13 00:00;4;21.625;21.8125;21.8125;220;202;0;
44;2025.05.13 00:15;4;21.5625;21.75;21.8125;220;202;0;
45;2025.05.13 00:30;4;21.5625;21.75;21.75;220;202;0;
46;2025.05.13 00:45;4;21.5;21.75;21.75;220;202;0;
47;2025.05.13 01:00;4;21.5;21.75;21.75;220;202;0;
48;2025.05.13 01:15;4;21.5;21.75;21.75;220;202;0;
49;2025.05.13 01:30;4;21.5;21.75;21.75;220;202;0;
50;2025.05.13 01:45;4;21.5;21.75;21.75;220;202;0;
51;2025.05.13 02:00;4;21.5;21.6875;21.6875;220;202;0;
52;2025.05.13 02:15;4;21.4375;21.6875;21.6875;220;202;0;
53;2025.05.13 02:30;4;21.4375;21.6875;21.6875;220;202;0;
54;2025.05.13 02:45;4;21.375;21.625;21.625;220;202;0;
55;2025.05.13 03:00;4;21.375;21.625;21.625;220;202;0;
56;2025.05.13 03:15;4;21.375;21.625;21.625;220;202;0;
57;2025.05.13 03:30;4;21.375;21.625;21.625;220;202;0;
58;2025.05.13 03:45;4;21.375;21.625;21.625;220;202;0;
59;2025.05.13 04:00;4;21.375;21.625;21.625;220;202;0;
60;2025.05.13 04:15;4;21.375;21.625;21.625;220;202;0;
61;2025.05.13 04:30;4;21.375;21.625;21.625;220;202;0;
62;2025.05.13 04:45;4;21.3125;21.5625;21.625;220;202;0;
63;2025.05.13 05:00;4;21.3125;21.625;21.625;220;202;0;
64;2025.05.13 05:15;4;21.3125;21.5625;21.625;220;202;0;
65;2025.05.13 05:30;4;21.25;21.5625;21.5625;220;202;0;
66;2025.05.13 05:45;4;21.25;21.5625;21.5625;220;202;0;
67;2025.05.13 06:00;4;21.25;21.5;21.5625;220;202;0;
68;2025.05.13 06:15;4;21.3125;21.625;21.6875;220;202;0;
69;2025.05.13 06:30;4;21.375;21.625;21.6875;220;202;0;
70;2025.05.13 06:45;4;21.1875;21.625;21.625;220;202;0;
71;2025.05.13 07:00;4;20.75;21.375;21.5625;219;202;0;
72;2025.05.13 07:15;4;20.875;21.25;21.5;219;202;0;
73;2025.05.13 07:30;4;20.875;21.3125;21.5;219;202;0;
74;2025.05.13 07:45;4;20.6875;21.25;21.5;219;202;0;
75;2025.05.13 08:00;4;20.625;21.125;21.5;218;202;0;
76;2025.05.13 08:15;4;20.625;21.125;21.5;218;202;0;
77;2025.05.13 08:30;4;20.625;21.125;21.5;218;202;0;
78;2025.05.13 08:45;4;20.625;21.125;21.5;218;202;0;
79;2025.05.13 09:00;4;20.625;21.125;21.5;218;202;0;
80;2025.05.13 09:15;4;20.875;21.3125;21.625;217;202;0;
81;2025.05.13 09:30;4;20.875;21.3125;21.5;217;202;0;
82;2025.05.13 09:45;4;20.75;21.25;21.375;217;202;0;
83;2025.05.13 10:00;4;20.875;21.25;21.5;217;202;0;
84;2025.05.13 10:15;4;20.875;21.25;21.375;217;202;0;
85;2025.05.13 10:30;4;21;21.375;21.5;218;202;0;
86;2025.05.13 10:45;4;21.25;21.5;21.625;218;202;0;
87;2025.05.13 11:00;4;21.375;21.625;21.75;218;202;0;
88;2025.05.13 11:15;4;21.25;21.75;21.75;358;202;0;
89;2025.05.13 11:30;4;21.25;21.6875;21.5;355;202;0;
90;2025.05.13 11:45;4;21.25;21.625;21.4375;354;202;0;
91;2025.05.13 12:00;4;21.25;21.625;21.4375;354;202;0;
92;2025.05.13 12:15;4;21.3125;21.625;21.5;353;202;0;
93;2025.05.13 12:30;4;21.375;21.625;21.5625;353;202;0;
94;2025.05.13 12:45;4;21.375;21.6875;21.625;353;202;0;
95;2025.05.13 13:00;4;21.375;21.6875;21.625;353;202;0;
96;2025.05.13 13:15;4;21.4375;21.75;21.75;353;202;0;
97;2025.05.13 13:30;4;21.5;21.75;21.75;353;202;0;
98;2025.05.13 13:45;4;21.5;21.75;21.75;353;202;0;
99;2025.05.13 14:00;4;21.5;21.8125;21.75;353;202;0;
100;2025.05.13 14:15;4;21.5625;21.875;21.875;353;202;0;
101;2025.05.13 14:30;4;21.625;21.875;21.875;353;202;0;
102;2025.05.13 14:45;4;21.625;21.9375;21.9375;353;202;0;
103;2025.05.13 15:00;4;21.6875;22;22;353;202;0;
104;2025.05.13 15:15;4;21.75;22;22;353;202;0;
105;2025.05.13 15:30;4;21.75;22.0625;22;353;202;0;
106;2025.05.13 15:45;4;21.75;22.0625;22.0625;353;202;0;
107;2025.05.13 16:00;4;21.8125;22.125;22.0625;353;202;0;
108;2025.05.13 16:15;4;21.8125;22.125;22.0625;353;202;0;
109;2025.05.13 16:30;4;21.875;22.125;22.125;353;202;0;
110;2025.05.13 16:45;4;21.875;22.125;22.125;353;202;0;
111;2025.05.13 17:00;4;21.875;22.125;22.125;353;202;0;
112;2025.05.13 17:15;4;21.875;22.125;22.125;353;202;0;
113;2025.05.13 17:30;4;21.875;22.125;22.125;353;202;0;
114;2025.05.13 17:45;4;21.875;22.1875;22.125;353;202;0;
115;2025.05.13 18:00;4;21.875;22.125;22.125;353;202;0;
116;2025.05.13 18:15;4;21.875;22.125;22.125;353;202;0;
117;2025.05.13 18:30;4;21.8125;22.125;22.125;353;202;0;
118;2025.05.13 18:45;4;21.8125;22.125;22.125;353;202;0;
119;2025.05.13 19:00;4;21.8125;22.125;22.0625;353;202;0;
120;2025.05.13 19:15;4;21.75;22.125;22.0625;353;202;0;
121;2025.05.13 19:30;4;21.75;22.125;22.0625;353;202;0;
122;2025.05.13 19:45;4;21.75;22.125;22;353;202;0;
123;2025.05.13 20:00;4;21.75;22.125;22;353;202;0;
124;2025.05.13 20:15;4;21.75;22.125;22;352;202;0;
125;2025.05.13 20:30;4;21.75;22.125;22;352;202;0;
126;2025.05.13 20:45;4;21.75;22.125;22;352;202;0;
127;2025.05.13 21:00;4;21.75;22.0625;22;352;202;0;
128;2025.05.13 21:15;4;21.75;22.0625;22;352;202;0;
129;2025.05.13 21:30;4;21.6875;22.0625;22;352;202;0;
130;2025.05.13 21:45;4;21.6875;22;21.9375;352;202;0;
131;2025.05.13 22:00;4;21.6875;22;21.9375;352;202;0;
132;2025.05.13 22:15;4;21.625;22;21.9375;352;202;0;
133;2025.05.13 22:30;4;21.625;22;21.875;352;202;0;
134;2025.05.13 22:45;4;21.625;22;21.875;352;202;0;
135;2025.05.13 23:00;4;21.625;22;21.875;352;202;0;
136;2025.05.13 23:15;4;21.625;22;21.875;352;202;0;
137;2025.05.13 23:30;4;21.625;22;21.875;352;202;0;
138;2025.05.13 23:45;4;21.625;22;21.875;352;202;0;
139;2025.05.14 00:00;4;21.625;21.9375;21.875;352;202;0;
140;2025.05.14 00:15;4;21.625;21.9375;21.875;352;202;0;
141;2025.05.14 00:30;4;21.5625;21.9375;21.875;352;202;0;
142;2025.05.14 00:45;4;21.5625;21.875;21.8125;352;202;0;
143;2025.05.14 01:00;4;21.5625;21.875;21.8125;352;202;0;
144;2025.05.14 01:15;4;21.5;21.875;21.8125;352;202;0;
145;2025.05.14 01:30;4;21.5;21.875;21.75;352;202;0;
146;2025.05.14 01:45;4;21.5;21.875;21.75;352;202;0;
147;2025.05.14 02:00;4;21.5;21.875;21.75;352;202;0;
148;2025.05.14 02:15;4;21.5;21.875;21.75;352;202;0;
149;2025.05.14 02:30;4;21.5;21.875;21.75;352;202;0;
150;2025.05.14 02:45;4;21.5;21.8125;21.75;352;202;0;
151;2025.05.14 03:00;4;21.5;21.875;21.75;352;202;0;
152;2025.05.14 03:15;4;21.4375;21.8125;21.75;352;202;0;
153;2025.05.14 03:30;4;21.4375;21.8125;21.75;352;202;0;
154;2025.05.14 03:45;4;21.4375;21.75;21.6875;352;202;0;
155;2025.05.14 04:00;4;21.4375;21.75;21.6875;352;202;0;
156;2025.05.14 04:15;4;21.375;21.75;21.6875;352;202;0;
157;2025.05.14 04:30;4;21.375;21.75;21.625;352;202;0;
158;2025.05.14 04:45;4;21.375;21.75;21.625;352;202;0;
159;2025.05.14 05:00;4;21.375;21.75;21.625;352;202;0;
160;2025.05.14 05:15;4;21.375;21.75;21.625;352;202;0;
161;2025.05.14 05:30;4;21.375;21.75;21.625;352;202;0;
162;2025.05.14 05:45;4;21.375;21.75;21.625;352;202;0;
163;2025.05.14 06:00;4;21.375;21.6875;21.625;352;202;0;
164;2025.05.14 06:15;4;21.25;21.6875;21.5625;352;202;0;
165;2025.05.14 06:30;4;21.25;21.625;21.5;351;202;0;
166;2025.05.14 06:45;4;21.25;21.625;21.5;351;202;0;
167;2025.05.14 07:00;4;21.25;21.5625;21.5;355;202;0;
168;2025.05.14 07:15;4;21.1875;21.5;21.375;355;202;0;
169;2025.05.14 07:30;4;21.125;21.5;21.375;355;202;0;
170;2025.05.14 07:45;4;21.125;21.5;21.375;355;202;0;
171;2025.05.14 08:00;4;21.125;21.5;21.375;355;202;0;
172;2025.05.14 08:15;4;21.1875;21.5;21.375;355;202;0;
173;2025.05.14 08:30;4;21.1875;21.5;21.4375;355;202;0;
174;2025.05.14 08:45;4;21.25;21.5;21.5;355;202;0;
175;2025.05.14 09:00;4;21.25;21.5;21.5;355;202;0;
176;2025.05.14 09:15;4;21.25;21.5;21.5;355;202;0;
177;2025.05.14 09:30;4;21.25;21.5;21.5;355;202;0;
178;2025.05.14 09:45;4;21.3125;21.5625;21.5;355;202;0;
179;2025.05.14 10:00;4;21.3125;21.5625;21.5;356;202;0;
180;2025.05.14 10:15;4;21.3125;21.625;21.5;356;202;0;
181;2025.05.14 10:30;4;21.375;21.625;21.5;356;202;0;
182;2025.05.14 10:45;4;21.375;21.625;21.5625;356;202;0;
183;2025.05.14 11:00;4;21.375;21.625;21.625;355;202;0;
184;2025.05.14 11:15;4;21.4375;21.6875;21.625;356;202;0;
185;2025.05.14 11:30;4;21.5;21.75;21.6875;356;202;0;
186;2025.05.14 11:45;4;21.5;21.75;21.75;356;202;0;
187;2025.05.14 12:00;4;21.5625;21.8125;21.75;357;202;0;
188;2025.05.14 12:15;4;21.625;21.875;21.8125;357;202;0;
189;2025.05.14 12:30;4;21.6875;21.875;21.875;357;202;0;
190;2025.05.14 12:45;4;21.75;21.9375;21.9375;358;202;0;
191;2025.05.14 13:00;4;21.75;22;21.9375;358;202;0;
192;2025.05.14 13:15;4;21.8125;22;22;358;202;0;
193;2025.05.14 13:30;4;21.875;22.0625;22.0625;358;202;0;
194;2025.05.14 13:45;4;21.875;22.125;22.125;359;202;0;
195;2025.05.14 14:00;4;22;22.1875;22.125;359;202;0;
196;2025.05.14 14:15;4;22;22.25;22.1875;359;202;0;
197;2025.05.14 14:30;4;22.125;22.25;22.25;359;202;0;
198;2025.05.14 14:45;4;22.125;22.3125;22.25;360;202;0;
199;2025.05.14 15:00;4;22.125;22.375;22.25;360;202;0;
200;2025.05.14 15:15;4;22.125;22.375;22.3125;360;202;0;
201;2025.05.14 15:30;4;22.125;22.375;22.3125;360;202;0;
202;2025.05.14 15:45;4;22.125;22.375;22.3125;360;202;0;
203;2025.05.14 16:00;4;22.125;22.375;22.375;360;202;0;
204;2025.05.14 16:15;4;22.125;22.375;22.375;360;202;0;
205;2025.05.14 16:30;4;22.125;22.375;22.375;360;202;0;
206;2025.05.14 16:45;4;22.125;22.375;22.375;359;202;0;
207;2025.05.14 17:00;4;22.125;22.375;22.3125;359;202;0;
208;2025.05.14 17:15;4;22.125;22.375;22.3125;359;202;0;
209;2025.05.14 17:30;4;22.0625;22.375;22.3125;359;202;0;
210;2025.05.14 17:45;4;22;22.375;22.25;359;202;0;
211;2025.05.14 18:00;4;22;22.375;22.25;359;202;0;
212;2025.05.14 18:15;4;22;22.375;22.25;359;202;0;
213;2025.05.14 18:30;4;22;22.3125;22.25;359;202;0;
214;2025.05.14 18:45;4;22;22.3125;22.25;359;202;0;
215;2025.05.14 19:00;4;21.9375;22.25;22.25;359;202;0;
216;2025.05.14 19:15;4;21.875;22.25;22.1875;359;202;0;
217;2025.05.14 19:30;4;21.875;22.25;22.125;359;202;0;
218;2025.05.14 19:45;4;21.875;22.25;22.125;359;202;0;
219;2025.05.14 20:00;4;21.875;22.25;22.125;358;202;0;
220;2025.05.14 20:15;4;21.875;22.1875;22.125;358;202;0;
221;2025.05.14 20:30;4;21.8125;22.125;22.125;358;202;0;
222;2025.05.14 20:45;4;21.8125;22.125;22.125;358;202;0;
223;2025.05.14 21:00;4;21.75;22.125;22.0625;358;202;0;
224;2025.05.14 21:15;4;21.75;22.125;22.0625;358;202;0;
225;2025.05.14 21:30;4;21.75;22.125;22;358;202;0;
226;2025.05.14 21:45;4;21.75;22.125;22;358;202;0;
227;2025.05.14 22:00;4;21.75;22.0625;22;358;202;0;
228;2025.05.14 22:15;4;21.75;22.0625;22;358;202;0;
229;2025.05.14 22:30;4;21.6875;22;22;358;202;0;
230;2025.05.14 22:45;4;21.6875;22;22;358;202;0;
231;2025.05.14 23:00;4;21.625;22;22;358;202;0;
232;2025.05.14 23:15;4;21.625;22;21.9375;358;202;0;
233;2025.05.14 23:30;4;21.625;22;21.9375;358;202;0;
234;2025.05.14 23:45;4;21.625;22;21.875;358;202;0;
235;2025.05.15 00:00;4;21.625;21.9375;21.875;358;202;0;
236;2025.05.15 00:15;4;21.625;21.9375;21.875;358;202;0;
237;2025.05.15 00:30;4;21.625;21.875;21.875;358;202;0;
238;2025.05.15 00:45;4;21.5625;21.875;21.875;357;202;0;
239;2025.05.15 01:00;4;21.5625;21.875;21.875;357;202;0;
240;2025.05.15 01:15;4;21.5;21.875;21.875;357;202;0;
241;2025.05.15 01:30;4;21.5;21.875;21.875;357;202;0;
242;2025.05.15 01:45;4;21.5;21.875;21.8125;357;202;0;
243;2025.05.15 02:00;4;21.5;21.875;21.8125;357;202;0;
244;2025.05.15 02:15;4;21.5;21.875;21.8125;357;202;0;
245;2025.05.15 02:30;4;21.5;21.875;21.8125;357;202;0;
246;2025.05.15 02:45;4;21.5;21.8125;21.75;357;202;0;
247;2025.05.15 03:00;4;21.5;21.8125;21.75;357;202;0;
248;2025.05.15 03:15;4;21.5;21.8125;21.75;357;202;0;
249;2025.05.15 03:30;4;21.4375;21.8125;21.75;357;202;0;
250;2025.05.15 03:45;4;21.4375;21.75;21.75;357;202;0;
251;2025.05.15 04:00;4;21.4375;21.75;21.75;357;202;0;
252;2025.05.15 04:15;4;21.375;21.75;21.75;357;202;0;
253;2025.05.15 04:30;4;21.375;21.75;21.75;357;202;0;
254;2025.05.15 04:45;4;21.375;21.75;21.75;357;202;0;
255;2025.05.15 05:00;4;21.375;21.75;21.75;357;202;0;
256;2025.05.15 05:15;4;21.375;21.75;21.6875;357;202;0;
257;2025.05.15 05:30;4;21.375;21.75;21.6875;357;202;0;
258;2025.05.15 05:45;4;21.375;21.75;21.6875;357;202;0;
259;2025.05.15 06:00;4;21.375;21.6875;21.625;357;202;0;
260;2025.05.15 06:15;4;21.375;21.6875;21.625;357;202;0;
261;2025.05.15 06:30;4;21.375;21.6875;21.625;357;202;0;
262;2025.05.15 06:45;4;21.375;21.6875;21.625;357;202;0;
263;2025.05.15 07:00;4;21.375;21.6875;21.625;357;202;0;
264;2025.05.15 07:15;4;21.3125;21.625;21.625;357;202;0;
265;2025.05.15 07:30;4;21.3125;21.625;21.625;357;202;0;
266;2025.05.15 07:45;4;21.3125;21.625;21.625;357;202;0;
267;2025.05.15 08:00;4;21.25;21.625;21.625;357;202;0;
268;2025.05.15 08:15;4;21.3125;21.625;21.625;357;202;0;
269;2025.05.15 08:30;4;21.3125;21.625;21.625;357;202;0;
270;2025.05.15 08:45;4;21.3125;21.625;21.625;357;202;0;
271;2025.05.15 09:00;4;21.375;21.625;21.625;357;202;0;
272;2025.05.15 09:15;4;21.375;21.625;21.625;357;202;0;
273;2025.05.15 09:30;4;21.375;21.625;21.625;357;202;0;
274;2025.05.15 09:45;4;21.375;21.625;21.625;357;202;0;
275;2025.05.15 10:00;4;21.375;21.6875;21.625;357;202;0;
276;2025.05.15 10:15;4;21.375;21.6875;21.625;357;202;0;
277;2025.05.15 10:30;4;21.375;21.6875;21.625;357;202;0;
278;2025.05.15 10:45;4;21.6875;21.875;22.25;360;202;0;
279;2025.05.15 11:00;4;21.875;22.125;22.5;361;202;0;
280;2025.05.15 11:15;4;22;22.25;22.9375;360;202;0;
281;2025.05.15 11:30;4;22.125;22.375;23;360;202;0;
282;2025.05.15 11:45;4;22.25;22.5;23;360;202;0;
283;2025.05.15 12:00;4;22.375;22.625;23.25;361;202;0;
284;2025.05.15 12:15;4;22.5;22.6875;23.375;361;202;0;
285;2025.05.15 12:30;4;22.625;22.8125;23.5;362;202;0;
286;2025.05.15 12:45;4;22.75;22.9375;23.5;362;202;0;
287;2025.05.15 13:00;4;22.8125;23;23.5;363;202;0;
288;2025.05.15 13:15;4;22.875;23.125;23.5;363;202;0;
289;2025.05.15 13:30;4;23;23.25;23.5;363;202;0;
290;2025.05.15 13:45;4;23;23.25;23.375;363;202;0;
291;2025.05.15 14:00;4;23;23.375;23.375;363;202;0;
292;2025.05.15 14:15;4;23;23.375;23.375;363;202;0;
293;2025.05.15 14:30;4;23;23.375;23.375;364;202;0;
294;2025.05.15 14:45;4;23.125;23.375;23.625;365;202;0;
295;2025.05.15 15:00;4;23.125;23.375;23.5;365;202;0;
296;2025.05.15 15:15;4;23.125;23.375;23.375;365;202;0;
297;2025.05.15 15:30;4;23.125;23.375;23.25;365;202;0;
298;2025.05.15 15:45;4;22.25;22.9375;21.5;379;202;0;
299;2025.05.15 16:00;4;21.375;22.125;20.0625;376;202;0;
300;2025.05.15 16:15;4;20.875;21.4375;19.5;379;202;0;
301;2025.05.15 16:30;4;20.3125;20.875;19;375;202;0;
302;2025.05.15 16:45;4;19.875;20.375;18.75;373;202;0;
303;2025.05.15 17:00;4;19.5;20;18.0625;370;202;0;
304;2025.05.15 17:15;4;18.875;19.5;17.8125;367;202;0;
305;2025.05.15 17:30;4;18.5;19.0625;17.8125;365;202;0;
306;2025.05.15 17:45;4;18.25;18.75;18.0625;365;202;0;
307;2025.05.15 18:00;4;18.1875;18.625;18.25;365;202;0;
308;2025.05.15 18:15;4;18.125;18.5;18.25;363;202;0;
309;2025.05.15 18:30;4;18.125;18.5;18.375;371;202;0;
310;2025.05.15 18:45;4;18.125;18.5;18.5;371;202;0;
311;2025.05.15 19:00;4;18.125;18.4375;18.625;372;202;0;
312;2025.05.15 19:15;4;18.25;18.4375;18.625;372;202;0;
313;2025.05.15 19:30;4;18.25;18.5;18.6875;372;202;0;
314;2025.05.15 19:45;4;18.3125;18.5;18.6875;372;202;0;
315;2025.05.15 20:00;4;18.375;18.5;18.5;373;202;0;
316;2025.05.15 20:15;4;18.375;18.5625;18.125;373;202;0;
317;2025.05.15 20:30;4;18.25;18.5;17.75;373;202;0;
318;2025.05.15 20:45;4;18.25;18.5;17.3125;372;202;0;
319;2025.05.15 21:00;4;18.125;18.375;17;372;202;0;
320;2025.05.15 21:15;4;18;18.25;16.625;371;202;0;
321;2025.05.15 21:30;4;17.8125;18.0625;16.375;370;202;0;
322;2025.05.15 21:45;4;17.625;17.875;16.1875;370;202;0;
323;2025.05.15 22:00;4;17.4375;17.6875;16;369;202;0;
324;2025.05.15 22:15;4;17.25;17.5;15.8125;368;202;0;
325;2025.05.15 22:30;4;17.0625;17.3125;15.625;367;202;0;
326;2025.05.15 22:45;4;16.875;17.125;15.5;366;202;0;
327;2025.05.15 23:00;4;16.6875;16.875;15.3125;365;202;0;
328;2025.05.15 23:15;4;16.5;16.75;15.125;364;202;0;
329;2025.05.15 23:30;4;16.3125;16.5;15;364;202;0;
330;2025.05.15 23:45;4;16.125;16.375;14.875;363;202;0;
331;2025.05.16 00:00;4;15.9375;16.1875;14.75;362;202;0;
332;2025.05.16 00:15;4;15.75;16;14.5;361;202;0;
333;2025.05.16 00:30;4;15.625;15.8125;14.375;361;202;0;
334;2025.05.16 00:45;4;15.4375;15.625;14.25;360;202;0;
335;2025.05.16 01:00;4;15.25;15.5;14.125;359;202;0;
336;2025.05.16 01:15;4;15.125;15.3125;13.9375;358;202;0;
337;2025.05.16 01:30;4;14.9375;15.125;13.75;358;202;0;
338;2025.05.16 01:45;4;14.75;15;13.6875;357;202;0;
339;2025.05.16 02:00;4;14.625;14.875;13.625;356;202;0;
340;2025.05.16 02:15;4;14.5;14.6875;13.5;356;202;0;
341;2025.05.16 02:30;4;14.3125;14.5625;13.4375;355;202;0;
342;2025.05.16 02:45;4;14.1875;14.375;13.3125;354;202;0;
343;2025.05.16 03:00;4;14.0625;14.25;13.1875;354;202;0;
344;2025.05.16 03:15;4;13.9375;14.125;13.0625;353;202;0;
345;2025.05.16 03:30;4;13.8125;14;13;353;202;0;
346;2025.05.16 03:45;4;13.625;13.875;12.875;352;202;0;
347;2025.05.16 04:00;4;13.5625;13.75;12.8125;352;202;0;
348;2025.05.16 04:15;4;13.4375;13.6875;12.75;351;202;0;
349;2025.05.16 04:30;4;13.3125;13.5625;12.625;351;202;0;
350;2025.05.16 04:45;4;13.25;13.5;12.625;350;202;0;
351;2025.05.16 05:00;4;13.125;13.375;12.625;350;202;0;
352;2025.05.16 05:15;4;13;13.25;12.5;350;202;0;
353;2025.05.16 05:30;4;12.875;13.1875;12.5;349;202;0;
354;2025.05.16 05:45;4;12.875;13.125;12.5;349;202;0;
355;2025.05.16 06:00;4;12.75;13;12.5;349;202;0;
356;2025.05.16 06:15;4;12.75;13;12.5625;348;202;0;
357;2025.05.16 06:30;4;12.625;12.875;12.625;348;202;0;
358;2025.05.16 06:45;4;12.625;12.875;12.75;348;202;0;
359;2025.05.16 07:00;4;12.5625;12.875;12.875;348;202;0;
360;2025.05.16 07:15;4;12.5;12.8125;12.875;348;202;0;
361;2025.05.16 07:30;4;12.5;12.8125;13;348;202;0;
362;2025.05.16 07:45;4;12.5;12.8125;13;348;202;0;
363;2025.05.16 08:00;4;12.5;12.8125;13.0625;348;202;0;
364;2025.05.16 08:15;4;12.5;12.875;13.125;348;202;0;
365;2025.05.16 08:30;4;12.5;12.875;13.25;348;202;0;
366;2025.05.16 08:45;4;12.5625;12.875;13.3125;348;202;0;
367;2025.05.16 09:00;4;12.625;12.9375;13.4375;348;202;0;
368;2025.05.16 09:15;4;12.625;13;13.625;348;202;0;
369;2025.05.16 09:30;4;12.75;13;13.75;349;202;0;
370;2025.05.16 09:45;4;12.8125;13.125;13.875;349;202;0;
371;2025.05.16 10:00;4;12.875;13.1875;14.125;349;202;0;
372;2025.05.16 10:15;4;13;13.25;14.25;350;202;0;
373;2025.05.16 10:30;4;13.125;13.375;14.5;350;202;0;
374;2025.05.16 10:45;4;13.25;13.5;14.6875;351;202;0;
375;2025.05.16 11:00;4;13.375;13.625;14.875;352;202;0;
376;2025.05.16 11:15;4;13.5;13.75;15.125;352;202;0;
377;2025.05.16 11:30;4;13.6875;13.9375;15.25;353;202;0;
378;2025.05.16 11:45;4;13.875;14.125;15.5;354;202;0;
379;2025.05.16 12:00;4;14;14.25;15.6875;355;202;0;
380;2025.05.16 12:15;4;14.1875;14.4375;15.875;355;202;0;
381;2025.05.16 12:30;4;14.375;14.625;16;356;202;0;
382;2025.05.16 12:45;4;14.5625;14.75;16.25;357;202;0;
383;2025.05.16 13:00;4;14.75;15;16.375;358;202;0;
384;2025.05.16 13:15;4;14.875;15.125;16.625;359;202;0;
385;2025.05.16 13:30;4;15.125;15.375;16.9375;359;202;0;
386;2025.05.16 13:45;4;15.375;15.5;17.25;360;202;0;
387;2025.05.16 14:00;4;15.625;15.75;17.625;361;202;0;
388;2025.05.16 14:15;4;15.875;16;17.875;362;202;0;
389;2025.05.16 14:30;4;16.125;16.25;18.125;364;202;0;
390;2025.05.16 14:45;4;16.375;16.5;18.375;365;202;0;
391;2025.05.16 15:00;4;16.625;16.75;18.5625;366;202;0;
392;2025.05.16 15:15;4;16.875;17;18.75;367;202;0;
393;2025.05.16 15:30;4;17.125;17.25;19;368;202;0;
394;2025.05.16 15:45;4;17.375;17.5;19.125;369;202;0;
395;2025.05.16 16:00;4;17.625;17.75;19.3125;371;202;0;
396;2025.05.16 16:15;4;17.875;18;19.5;372;202;0;
397;2025.05.16 16:30;4;18.125;18.25;19.625;373;202;0;
398;2025.05.16 16:45;4;18.3125;18.4375;19.75;374;202;0;
399;2025.05.16 17:00;4;18.5;18.625;20;375;202;0;
400;2025.05.16 17:15;4;18.875;18.875;20.125;371;202;0;
401;2025.05.16 17:30;4;19.125;19.125;20.25;373;202;0;
402;2025.05.16 17:45;4;19.375;19.375;20.5;373;202;0;
403;2025.05.16 18:00;4;19.5625;19.625;20.625;374;202;0;
404;2025.05.16 18:15;4;19.75;19.875;20.5625;375;202;0;
405;2025.05.16 18:30;4;19.875;20;20.5;376;202;0;
406;2025.05.16 18:45;4;20;20.1875;20.5625;376;202;0;
407;2025.05.16 19:00;4;20.125;20.3125;20.5625;377;202;0;
408;2025.05.16 19:15;4;20.25;20.375;20.625;377;202;0;
409;2025.05.16 19:30;4;20.375;20.5;20.625;377;202;0;
410;2025.05.16 19:45;4;20.4375;20.5625;20.625;378;202;0;
411;2025.05.16 20:00;4;20.5;20.625;20.625;378;202;0;
412;2025.05.16 20:15;4;20.5;20.6875;20.6875;378;202;0;
413;2025.05.16 20:30;4;20.625;20.75;20.6875;378;202;0;
414;2025.05.16 20:45;4;20.625;20.75;20.75;378;202;0;
415;2025.05.16 21:00;4;20.625;20.8125;20.75;378;202;0;
416;2025.05.16 21:15;4;20.6875;20.875;20.75;378;202;0;
417;2025.05.16 21:30;4;20.6875;20.875;20.75;378;202;0;
418;2025.05.16 21:45;4;20.75;20.875;20.75;378;202;0;
419;2025.05.16 22:00;4;20.75;20.875;20.75;378;202;0;
420;2025.05.16 22:15;4;20.6875;20.875;20.75;378;202;0;
421;2025.05.16 22:30;4;20.6875;20.875;20.75;378;202;0;
422;2025.05.16 22:45;4;20.6875;20.875;20.75;378;202;0;
423;2025.05.16 23:00;4;20.625;20.875;20.75;378;202;0;
424;2025.05.16 23:15;4;20.625;20.875;20.75;378;202;0;
425;2025.05.16 23:30;4;20.625;20.875;20.75;378;202;0;
426;2025.05.16 23:45;4;20.625;20.875;20.75;378;202;0;
427;2025.05.17 00:00;4;20.625;20.875;20.75;378;202;0;
428;2025.05.17 00:15;4;20.5625;20.875;20.75;378;202;0;
429;2025.05.17 00:30;4;20.5625;20.875;20.75;378;202;0;
430;2025.05.17 00:45;4;20.5;20.8125;20.75;378;202;0;
431;2025.05.17 01:00;4;20.5;20.8125;20.6875;378;202;0;
432;2025.05.17 01:15;4;20.5;20.75;20.625;378;202;0;
433;2025.05.17 01:30;4;20.375;20.75;20.625;378;202;0;
434;2025.05.17 01:45;4;20.375;20.6875;20.5625;377;202;0;
435;2025.05.17 02:00;4;20.25;20.625;20.5;377;202;0;
436;2025.05.17 02:15;4;20.1875;20.5;20.4375;376;202;0;
437;2025.05.17 02:30;4;20.125;20.5;20.375;376;202;0;
438;2025.05.17 02:45;4;20;20.375;20.3125;376;202;0;
439;2025.05.17 03:00;4;19.875;20.3125;20.25;375;202;0;
440;2025.05.17 03:15;4;19.75;20.1875;20.125;375;202;0;
441;2025.05.17 03:30;4;19.625;20.125;20.0625;374;202;0;
442;2025.05.17 03:45;4;19.5;20;20;373;202;0;
443;2025.05.17 04:00;4;19.375;19.875;19.875;373;202;0;
444;2025.05.17 04:15;4;19.25;19.75;19.75;372;202;0;
445;2025.05.17 04:30;4;19.125;19.625;19.6875;372;202;0;
446;2025.05.17 04:45;4;19;19.5;19.625;371;202;0;
447;2025.05.17 05:00;4;18.8125;19.375;19.5;371;202;0;
448;2025.05.17 05:15;4;18.6875;19.25;19.375;370;202;0;
449;2025.05.17 05:30;4;18.5625;19.125;19.25;369;202;0;
450;2025.05.17 05:45;4;18.4375;19;19.1875;369;202;0;
451;2025.05.17 06:00;4;18.3125;18.9375;19.125;368;202;0;
452;2025.05.17 06:15;4;18.1875;18.8125;19;368;202;0;
453;2025.05.17 06:30;4;18.125;18.75;18.9375;367;202;0;
454;2025.05.17 06:45;4;18;18.625;18.875;367;202;0;
455;2025.05.17 07:00;4;17.875;18.5;18.8125;367;202;0;
456;2025.05.17 07:15;4;17.875;18.5;18.75;366;202;0;
457;2025.05.17 07:30;4;17.75;18.375;18.75;366;202;0;
458;2025.05.17 07:45;4;17.75;18.375;18.75;366;202;0;
459;2025.05.17 08:00;4;17.75;18.3125;18.6875;366;202;0;
460;2025.05.17 08:15;4;17.6875;18.25;18.625;365;202;0;
461;2025.05.17 08:30;4;17.6875;18.25;18.625;365;202;0;
462;2025.05.17 08:45;4;17.625;18.25;18.625;365;202;0;
463;2025.05.17 09:00;4;17.625;18.25;18.625;365;202;0;
464;2025.05.17 09:15;4;17.625;18.25;18.625;365;202;0;
465;2025.05.17 09:30;4;17.625;18.25;18.625;365;202;0;
466;2025.05.17 09:45;4;17.6875;18.25;18.625;365;202;0;
467;2025.05.17 10:00;4;17.75;18.25;18.625;365;202;0;
468;2025.05.17 10:15;4;17.75;18.25;18.625;366;202;0;
469;2025.05.17 10:30;4;17.75;18.25;18.6875;366;202;0;
470;2025.05.17 10:45;4;17.8125;18.25;18.6875;366;202;0;
471;2025.05.17 11:00;4;17.875;18.375;18.75;366;202;0;
472;2025.05.17 11:15;4;17.875;18.375;18.8125;366;202;0;
473;2025.05.17 11:30;4;18;18.4375;18.875;367;202;0;
474;2025.05.17 11:45;4;18;18.5;19;367;202;0;
475;2025.05.17 12:00;4;18.125;18.5625;19;367;202;0;
476;2025.05.17 12:15;4;18.25;18.625;19.125;368;202;0;
477;2025.05.17 12:30;4;18.3125;18.75;19.125;368;202;0;
478;2025.05.17 12:45;4;18.375;18.8125;19.25;368;202;0;
479;2025.05.17 13:00;4;18.5;18.875;19.25;369;202;0;
480;2025.05.17 13:15;4;18.5625;19;19.375;369;202;0;
481;2025.05.17 13:30;4;18.625;19.0625;19.375;370;202;0;
482;2025.05.17 13:45;4;18.75;19.125;19.5;370;202;0;
483;2025.05.17 14:00;4;18.875;19.25;19.5;370;202;0;
484;2025.05.17 14:15;4;18.9375;19.3125;19.625;371;202;0;
485;2025.05.17 14:30;4;19;19.375;19.625;371;202;0;
486;2025.05.17 14:45;4;19.125;19.5;19.75;372;202;0;
487;2025.05.17 15:00;4;19.1875;19.5;19.75;372;202;0;
488;2025.05.17 15:15;4;19.25;19.625;19.875;372;202;0;
489;2025.05.17 15:30;4;19.375;19.6875;19.875;373;202;0;
490;2025.05.17 15:45;4;19.375;19.75;19.9375;373;202;0;
491;2025.05.17 16:00;4;19.5;19.875;20;373;202;0;
492;2025.05.17 16:15;4;19.5;19.875;20.0625;373;202;0;
493;2025.05.17 16:30;4;19.625;20;20.125;374;202;0;
494;2025.05.17 16:45;4;19.625;20;20.125;375;202;0;
495;2025.05.17 17:00;4;19.75;20.0625;20.1875;375;202;0;
496;2025.05.17 17:15;4;19.75;20.125;20.25;375;202;0;
497;2025.05.17 17:30;4;19.8125;20.125;20.25;376;202;0;
498;2025.05.17 17:45;4;19.875;20.1875;20.25;376;202;0;
499;2025.05.17 18:00;4;19.875;20.25;20.3125;376;202;0;
500;2025.05.17 18:15;4;19.9375;20.25;20.375;376;202;0;
501;2025.05.17 18:30;4;20;20.3125;20.375;376;202;0;
502;2025.05.17 18:45;4;20;20.375;20.375;376;202;0;
503;2025.05.17 19:00;4;20;20.375;20.4375;377;202;0;
504;2025.05.17 19:15;4;20.0625;20.4375;20.5;377;202;0;
505;2025.05.17 19:30;4;20.125;20.5;20.5;377;202;0;
506;2025.05.17 19:45;4;20.125;20.5;20.5;377;202;0;
507;2025.05.17 20:00;4;20.125;20.5;20.5625;377;202;0;
508;2025.05.17 20:15;4;20.1875;20.5;20.5625;377;202;0;
509;2025.05.17 20:30;4;20.1875;20.5625;20.625;377;202;0;
510;2025.05.17 20:45;4;20.25;20.5625;20.625;377;202;0;
511;2025.05.17 21:00;4;20.1875;20.5625;20.5625;378;202;0;
512;2025.05.17 21:15;4;20.1875;20.5625;20.5625;378;202;0;
513;2025.05.17 21:30;4;20.1875;20.5625;20.625;378;202;0;
514;2025.05.17 21:45;4;20.1875;20.5625;20.625;378;202;0;
515;2025.05.17 22:00;4;20.1875;20.5625;20.625;378;202;0;
516;2025.05.17 22:15;4;20.125;20.5625;20.625;378;202;0;
517;2025.05.17 22:30;4;20.125;20.5625;20.625;378;202;0;
518;2025.05.17 22:45;4;20.125;20.5625;20.625;377;202;0;
519;2025.05.17 23:00;4;20.0625;20.5;20.5625;377;202;0;
520;2025.05.17 23:15;4;20;20.5;20.5625;377;202;0;
521;2025.05.17 23:30;4;20;20.5;20.5;377;202;0;
522;2025.05.17 23:45;4;19.875;20.4375;20.5;377;202;0;
523;2025.05.18 00:00;4;19.8125;20.375;20.4375;376;202;0;
524;2025.05.18 00:15;4;19.75;20.3125;20.375;376;202;0;
525;2025.05.18 00:30;4;19.625;20.25;20.375;376;202;0;
526;2025.05.18 00:45;4;19.5;20.1875;20.3125;375;202;0;
527;2025.05.18 01:00;4;19.4375;20.125;20.25;375;202;0;
528;2025.05.18 01:15;4;19.3125;20;20.1875;374;202;0;
529;2025.05.18 01:30;4;19.25;19.9375;20.125;374;202;0;
530;2025.05.18 01:45;4;19.125;19.875;20;373;202;0;
531;2025.05.18 02:00;4;19;19.75;20;373;202;0;
532;2025.05.18 02:15;4;18.875;19.625;19.875;372;202;0;
533;2025.05.18 02:30;4;18.75;19.5625;19.8125;372;202;0;
534;2025.05.18 02:45;4;18.625;19.4375;19.75;371;202;0;
535;2025.05.18 03:00;4;18.5;19.375;19.625;371;202;0;
536;2025.05.18 03:15;4;18.375;19.25;19.5625;370;202;0;
537;2025.05.18 03:30;4;18.25;19.125;19.5;370;202;0;
538;2025.05.18 03:45;4;18.125;19;19.375;369;202;0;
539;2025.05.18 04:00;4;18;18.875;19.25;369;202;0;
540;2025.05.18 04:15;4;17.875;18.75;19.1875;368;202;0;
541;2025.05.18 04:30;4;17.75;18.6875;19.125;367;202;0;
542;2025.05.18 04:45;4;17.625;18.5625;19;367;202;0;
543;2025.05.18 05:00;4;17.5;18.4375;18.875;366;202;0;
544;2025.05.18 05:15;4;17.375;18.375;18.8125;366;202;0;
545;2025.05.18 05:30;4;17.25;18.25;18.75;365;202;0;
546;2025.05.18 05:45;4;17.1875;18.125;18.6875;364;202;0;
547;2025.05.18 06:00;4;17.125;18;18.625;364;202;0;
548;2025.05.18 06:15;4;17;18;18.5625;363;202;0;
549;2025.05.18 06:30;4;16.875;17.875;18.5;363;202;0;
550;2025.05.18 06:45;4;16.8125;17.75;18.375;363;202;0;
551;2025.05.18 07:00;4;16.75;17.75;18.375;363;202;0;
552;2025.05.18 07:15;4;16.75;17.625;18.3125;363;202;0;
553;2025.05.18 07:30;4;16.75;17.625;18.3125;363;202;0;
554;2025.05.18 07:45;4;16.75;17.625;18.3125;363;202;0;
555;2025.05.18 08:00;4;16.75;17.625;18.3125;363;202;0;
556;2025.05.18 08:15;4;16.875;17.625;18.3125;363;202;0;
557;2025.05.18 08:30;4;16.875;17.625;18.3125;363;202;0;
558;2025.05.18 08:45;4;17;17.625;18.375;364;202;0;
559;2025.05.18 09:00;4;17;17.6875;18.375;364;202;0;
560;2025.05.18 09:15;4;17.125;17.75;18.375;364;202;0;
561;2025.05.18 09:30;4;17.25;17.75;18.375;365;202;0;
562;2025.05.18 09:45;4;17.25;17.875;18.375;365;202;0;
563;2025.05.18 10:00;4;17.375;17.875;18.4375;365;202;0;
564;2025.05.18 10:15;4;17.4375;18;18.4375;366;202;0;
565;2025.05.18 10:30;4;17.5;18;18.5;366;202;0;
566;2025.05.18 10:45;4;17.625;18.0625;18.5;366;202;0;
567;2025.05.18 11:00;4;17.625;18.125;18.5;366;202;0;
568;2025.05.18 11:15;4;17.75;18.125;18.5625;367;202;0;
569;2025.05.18 11:30;4;17.75;18.25;18.625;367;202;0;
570;2025.05.18 11:45;4;17.875;18.25;18.625;367;202;0;
571;2025.05.18 12:00;4;17.875;18.3125;18.625;368;202;0;
572;2025.05.18 12:15;4;18;18.375;18.625;368;202;0;
573;2025.05.18 12:30;4;18;18.375;18.6875;368;202;0;
574;2025.05.18 12:45;4;18.125;18.5;18.75;368;202;0;
575;2025.05.18 13:00;4;18.125;18.5;18.75;369;202;0;
576;2025.05.18 13:15;4;18.25;18.5625;18.8125;369;202;0;
577;2025.05.18 13:30;4;18.25;18.625;18.875;369;202;0;
578;2025.05.18 13:45;4;18.5;18.75;19.875;371;202;0;
579;2025.05.18 14:00;4;18.75;19;20.5;372;202;0;
580;2025.05.18 14:15;4;19;19.25;20.875;378;202;0;
581;2025.05.18 14:30;4;19.25;19.5;21;379;202;0;
582;2025.05.18 14:45;4;19.375;19.75;21;380;202;0;
583;2025.05.18 15:00;4;19.5;19.9375;21.125;381;202;0;
584;2025.05.18 15:15;4;19.625;20.125;21.125;382;202;0;
585;2025.05.18 15:30;4;19.75;20.1875;21.125;381;202;0;
586;2025.05.18 15:45;4;19.875;20.3125;21.125;382;202;0;
587;2025.05.18 16:00;4;20;20.375;21.125;383;202;0;
588;2025.05.18 16:15;4;20.0625;20.5;21.125;383;202;0;
589;2025.05.18 16:30;4;20.125;20.5;21.0625;383;202;0;
590;2025.05.18 16:45;4;20.1875;20.625;21.125;383;202;0;
591;2025.05.18 17:00;4;20.25;20.625;21.125;384;202;0;
592;2025.05.18 17:15;4;20.3125;20.6875;21.125;384;202;0;
593;2025.05.18 17:30;4;20.375;20.75;21.125;384;202;0;
594;2025.05.18 17:45;4;20.4375;20.8125;21.25;385;202;0;
595;2025.05.18 18:00;4;20.625;21;21.5;384;202;0;
596;2025.05.18 18:15;4;20.8125;21.125;21.75;385;202;0;
597;2025.05.18 18:30;4;21;21.375;22;387;202;0;
598;2025.05.18 18:45;4;21.25;21.5;22.125;387;202;0;
599;2025.05.18 19:00;4;22.125;22.0625;23.9375;384;202;0;
600;2025.05.18 19:15;4;22.75;22.875;24.5;396;202;0;
601;2025.05.18 19:30;4;23;23.25;24.25;397;202;0;
602;2025.05.18 19:45;4;23.25;23.5;24.125;398;202;0;
603;2025.05.18 20:00;4;23.375;23.625;24.0625;399;202;0;
604;2025.05.18 20:15;4;23.5;23.75;24.0625;399;202;0;
605;2025.05.18 20:30;4;23.5;23.875;24;400;202;0;
606;2025.05.18 20:45;4;23.625;23.875;24.0625;400;202;0;
607;2025.05.18 21:00;4;23.625;24;24.0625;400;202;0;
608;2025.05.18 21:15;4;23.6875;24;24.0625;401;202;0;
609;2025.05.18 21:30;4;23.75;24.0625;24.0625;401;202;0;
610;2025.05.18 21:45;4;23.75;24.125;24.0625;401;202;0;
611;2025.05.18 22:00;4;23.8125;24.125;24.0625;401;202;0;
612;2025.05.18 22:15;4;23.8125;24.125;24.125;401;202;0;
613;2025.05.18 22:30;4;23.875;24.125;24.125;401;202;0;
614;2025.05.18 22:45;4;23.875;24.1875;24.1875;404;202;0;
615;2025.05.18 23:00;4;24;24.25;24.25;404;202;0;
616;2025.05.18 23:15;4;24.125;24.375;24.375;404;202;0;
617;2025.05.18 23:30;4;24.1875;24.5;24.5625;405;202;0;
618;2025.05.18 23:45;4;24.25;24.625;24.6875;405;202;0;
619;2025.05.19 00:00;4;24.375;24.75;24.8125;406;202;0;
620;2025.05.19 00:15;4;24.5;24.875;24.9375;407;202;0;
621;2025.05.19 00:30;4;24.625;24.9375;25;407;202;0;
622;2025.05.19 00:45;4;24.75;25;25.125;407;202;0;
623;2025.05.19 01:00;4;24.8125;25.125;25.1875;408;202;0;
624;2025.05.19 01:15;4;24.875;25.25;25.25;408;202;0;
625;2025.05.19 01:30;4;25;25.3125;25.375;408;202;0;
626;2025.05.19 01:45;4;25.125;25.375;25.4375;409;202;0;
627;2025.05.19 02:00;4;25.125;25.5;25.5;409;202;0;
628;2025.05.19 02:15;4;25.25;25.5;25.625;409;202;0;
629;2025.05.19 02:30;4;25.3125;25.625;25.625;410;202;0;
630;2025.05.19 02:45;4;25.375;25.625;25.75;410;202;0;
631;2025.05.19 03:00;4;25.4375;25.75;25.75;410;202;0;
632;2025.05.19 03:15;4;25.5;25.75;25.8125;410;202;0;
633;2025.05.19 03:30;4;25.5;25.8125;25.875;411;202;0;
634;2025.05.19 03:45;4;25.5625;25.875;25.875;411;202;0;
635;2025.05.19 04:00;4;25.625;25.875;25.875;411;202;0;
636;2025.05.19 04:15;4;25.625;25.9375;25.9375;411;202;0;
637;2025.05.19 04:30;4;25.625;25.9375;26;411;202;0;
638;2025.05.19 04:45;4;25.625;26;26;411;202;0;
639;2025.05.19 05:00;4;25.625;25.9375;25.875;411;202;0;
640;2025.05.19 05:15;4;25.625;25.875;25.75;410;202;0;
641;2025.05.19 05:30;4;25.5;25.75;25.625;410;202;0;
642;2025.05.19 05:45;4;25.5;25.75;25.5;410;202;0;
643;2025.05.19 06:00;4;25.375;25.625;25.375;410;202;0;
644;2025.05.19 06:15;4;25.375;25.625;25.3125;409;202;0;
645;2025.05.19 06:30;4;25.3125;25.5;25.25;409;202;0;
646;2025.05.19 06:45;4;25.25;25.5;25.125;409;202;0;
647;2025.05.19 07:00;4;25.25;25.375;25.0625;409;202;0;
648;2025.05.19 07:15;4;25.125;25.375;24.9375;408;202;0;
649;2025.05.19 07:30;4;25.125;25.25;24.8125;408;202;0;
650;2025.05.19 07:45;4;25;25.1875;24.625;408;202;0;
651;2025.05.19 08:00;4;24.9375;25.125;24.5;407;202;0;
652;2025.05.19 08:15;4;24.875;25;24.375;407;202;0;
653;2025.05.19 08:30;4;24.875;25;24.375;407;202;0;
654;2025.05.19 08:45;4;24.75;24.875;24.375;406;202;0;
655;2025.05.19 09:00;4;24.75;24.8125;24.3125;406;202;0;
656;2025.05.19 09:15;4;24.625;24.75;24.25;406;202;0;
657;2025.05.19 09:30;4;24.625;24.75;24.25;406;202;0;
658;2025.05.19 09:45;4;24.5625;24.625;24.25;405;202;0;
659;2025.05.19 10:00;4;24.5;24.625;24.1875;405;202;0;
660;2025.05.19 10:15;4;24.375;24.5;24.0625;404;202;0;
661;2025.05.19 10:30;4;24.375;24.5;24;404;202;0;
662;2025.05.19 10:45;4;24.3125;24.4375;24;404;202;0;
663;2025.05.19 11:00;4;24.25;24.375;23.875;404;202;0;
664;2025.05.19 11:15;4;24.1875;24.3125;23.875;404;202;0;
665;2025.05.19 11:30;4;24.125;24.25;23.75;403;202;0;
666;2025.05.19 11:45;4;24.125;24.25;23.75;403;202;0;
667;2025.05.19 12:00;4;24;24.125;23.625;403;202;0;
668;2025.05.19 12:15;4;24;24.125;23.5625;403;202;0;
669;2025.05.19 12:30;4;23.9375;24;23.5;402;202;0;
670;2025.05.19 12:45;4;23.875;24;23.4375;402;202;0;
671;2025.05.19 13:00;4;23.8125;23.875;23.375;402;202;0;
672;2025.05.19 13:15;4;23.75;23.875;23.3125;402;202;0;
673;2025.05.19 13:30;4;23.75;23.8125;23.25;401;202;0;
674;2025.05.19 13:45;4;23.625;23.75;23.125;401;202;0;
675;2025.05.19 14:00;4;23.625;23.6875;23.125;401;202;0;
676;2025.05.19 14:15;4;23.5;23.625;23;401;202;0;
677;2025.05.19 14:30;4;23.5;23.5625;22.9375;400;202;0;
678;2025.05.19 14:45;4;23.4375;23.5;22.875;400;202;0;
679;2025.05.19 15:00;4;23.375;23.4375;22.8125;400;202;0;
680;2025.05.19 15:15;4;23.3125;23.375;22.75;400;202;0;
681;2025.05.19 15:30;4;23.25;23.3125;22.625;399;202;0;
682;2025.05.19 15:45;4;23.25;23.25;22.625;399;202;0;
683;2025.05.19 16:00;4;23.1875;23.25;22.625;399;202;0;
684;2025.05.19 16:15;4;23.125;23.1875;22.625;399;202;0;
685;2025.05.19 16:30;4;23.125;23.125;22.625;399;202;0;
686;2025.05.19 16:45;4;23.0625;23.125;22.625;399;202;0;
687;2025.05.19 17:00;4;23.125;23.1875;22.75;400;202;0;
688;2025.05.19 17:15;4;23.25;23.25;22.9375;400;202;0;
689;2025.05.19 17:30;4;23.3125;23.375;23.125;400;202;0;
690;2025.05.19 17:45;4;23.375;23.5;23.25;401;202;0;
691;2025.05.19 18:00;4;23.5;23.625;23.375;401;202;0;
692;2025.05.19 18:15;4;23.625;23.6875;23.5;402;202;0;
693;2025.05.19 18:30;4;23.625;23.75;23.625;402;202;0;
694;2025.05.19 18:45;4;23.75;23.875;23.75;403;202;0;
695;2025.05.19 19:00;4;23.875;24;23.8125;403;202;0;
696;2025.05.19 19:15;4;23.9375;24.0625;23.875;403;202;0;
697;2025.05.19 19:30;4;24;24.125;24;404;202;0;
698;2025.05.19 19:45;4;24.0625;24.1875;24;404;202;0;
699;2025.05.19 20:00;4;24.125;24.25;24.125;404;202;0;
700;2025.05.19 20:15;4;24.125;24.3125;24.125;404;202;0;
701;2025.05.19 20:30;4;24.1875;24.375;24.25;405;202;0;
702;2025.05.19 20:45;4;24.25;24.375;24.25;405;202;0;
703;2025.05.19 21:00;4;24.25;24.4375;24.25;405;202;0;
704;2025.05.19 21:15;4;24.25;24.5;24.3125;405;202;0;
705;2025.05.19 21:30;4;24.3125;24.5;24.375;405;202;0;
706;2025.05.19 21:45;4;24.3125;24.5;24.375;405;202;0;
707;2025.05.19 22:00;4;24.375;24.5;24.375;405;202;0;
708;2025.05.19 22:15;4;24.375;24.5625;24.375;405;202;0;
709;2025.05.19 22:30;4;24.375;24.5625;24.375;405;202;0;
710;2025.05.19 22:45;4;24.3125;24.5;24.375;405;202;0;
711;2025.05.19 23:00;4;24.3125;24.5;24.375;405;202;0;
712;2025.05.19 23:15;4;24.25;24.5;24.375;405;202;0;
713;2025.05.19 23:30;4;24.25;24.5;24.3125;405;202;0;
714;2025.05.19 23:45;4;24.25;24.5;24.25;405;202;0;
715;2025.05.20 00:00;4;24.1875;24.375;24.25;404;202;0;
716;2025.05.20 00:15;4;24.125;24.375;24.1875;404;202;0;
717;2025.05.20 00:30;4;24.125;24.375;24.125;404;202;0;
718;2025.05.20 00:45;4;24;24.25;24.125;404;202;0;
719;2025.05.20 01:00;4;24;24.25;24;403;202;0;
720;2025.05.20 01:15;4;23.9375;24.125;24;403;202;0;
721;2025.05.20 01:30;4;23.875;24.125;23.875;403;202;0;
722;2025.05.20 01:45;4;23.8125;24;23.875;403;202;0;
723;2025.05.20 02:00;4;23.75;24;23.8125;403;202;0;
724;2025.05.20 02:15;4;23.6875;23.875;23.75;402;202;0;
725;2025.05.20 02:30;4;23.625;23.875;23.6875;402;202;0;
726;2025.05.20 02:45;4;23.5625;23.75;23.625;402;202;0;
727;2025.05.20 03:00;4;23.5;23.75;23.5625;401;202;0;
728;2025.05.20 03:15;4;23.4375;23.625;23.5;401;202;0;
729;2025.05.20 03:30;4;23.375;23.625;23.4375;401;202;0;
730;2025.05.20 03:45;4;23.25;23.5;23.375;401;202;0;
731;2025.05.20 04:00;4;23.125;23.4375;23.125;392;202;0;
732;2025.05.20 04:15;4;22.8125;23.25;22.75;394;202;0;
733;2025.05.20 04:30;4;22.5625;23.0625;22.625;396;202;0;
734;2025.05.20 04:45;4;22.375;22.875;22.5;394;202;0;
735;2025.05.20 05:00;4;22.1875;22.75;22.375;394;202;0;
736;2025.05.20 05:15;4;22;22.5625;22.125;393;202;0;
737;2025.05.20 05:30;4;21.8125;22.375;22;392;202;0;
738;2025.05.20 05:45;4;21.625;22.25;21.8125;391;202;0;
739;2025.05.20 06:00;4;21.5;22.0625;21.6875;391;202;0;
740;2025.05.20 06:15;4;21.3125;21.875;21.5;390;202;0;
741;2025.05.20 06:30;4;21.125;21.75;21.375;389;202;0;
742;2025.05.20 06:45;4;21;21.625;21.25;389;202;0;
743;2025.05.20 07:00;4;20.875;21.5;21.125;388;202;0;
744;2025.05.20 07:15;4;20.75;21.375;21;388;202;0;
745;2025.05.20 07:30;4;20.625;21.1875;20.875;387;202;0;
746;2025.05.20 07:45;4;20.5;21.0625;20.75;387;202;0;
747;2025.05.20 08:00;4;20.375;20.9375;20.625;386;202;0;
748;2025.05.20 08:15;4;20.25;20.8125;20.5;386;202;0;
749;2025.05.20 08:30;4;20.1875;20.75;20.375;385;202;0;
750;2025.05.20 08:45;4;20.0625;20.625;20.3125;385;202;0;
751;2025.05.20 09:00;4;20;20.5;20.25;384;202;0;
752;2025.05.20 09:15;4;19.875;20.375;20.125;384;202;0;
753;2025.05.20 09:30;4;19.75;20.25;20;383;202;0;
754;2025.05.20 09:45;4;19.75;20.1875;20;383;202;0;
755;2025.05.20 10:00;4;19.625;20.125;19.875;383;202;0;
756;2025.05.20 10:15;4;19.625;20;19.875;383;202;0;
757;2025.05.20 10:30;4;19.625;20;20;383;202;0;
758;2025.05.20 10:45;4;19.875;20.125;20.375;384;202;0;
759;2025.05.20 11:00;4;20.375;20.375;21.125;386;202;0;
760;2025.05.20 11:15;4;21.375;20.9375;22.375;390;202;0;
761;2025.05.20 11:30;4;22.75;21.875;23.9375;396;202;0;
762;2025.05.20 11:45;4;24.5;23.125;25.75;404;202;0;
763;2025.05.20 12:00;4;26.5;24.6875;27.8125;412;202;0;
764;2025.05.20 12:15;4;28.625;26.4375;29.9375;422;202;0;
765;2025.05.20 12:30;4;30.875;28.375;32.125;432;202;0;
766;2025.05.20 12:45;4;33.0625;30.375;34.25;442;202;0;
767;2025.05.20 13:00;4;35.125;32.375;36.375;451;202;0;
768;2025.05.20 13:15;4;37.125;34.375;38.4375;461;202;0;
769;2025.05.20 13:30;4;39.125;36.125;40.5;470;202;0;
770;2025.05.20 13:45;4;41;37.8125;42.375;480;202;0;
771;2025.05.20 14:00;4;43.0625;39.75;44.25;490;202;0;
772;2025.05.20 14:15;4;44.9375;41.75;46;500;202;0;
773;2025.05.20 14:30;4;46.75;43.75;47.625;508;202;0;
774;2025.05.20 14:45;4;48.5;45.625;49.25;516;202;0;
775;2025.05.20 15:00;4;50.1875;47.375;50.75;524;202;0;
776;2025.05.20 15:15;4;51.8125;49.125;52.25;531;202;0;
777;2025.05.20 15:30;4;53.3125;50.75;53.5625;537;202;0;
778;2025.05.20 15:45;4;54.625;52.25;54.75;543;202;0;
779;2025.05.20 16:00;4;55.875;53.625;55.875;547;202;0;
780;2025.05.20 16:15;4;57;54.875;56.875;552;202;0;
781;2025.05.20 16:30;4;58;56.125;57.75;555;202;0;
782;2025.05.20 16:45;4;58.75;57.125;58.5;558;202;0;
783;2025.05.20 17:00;4;59.5;58.0625;59.1875;561;202;0;
784;2025.05.20 17:15;4;60.125;58.875;59.75;563;202;0;
785;2025.05.20 17:30;4;60.625;59.5625;60.125;565;202;0;
786;2025.05.20 17:45;4;60.875;60.125;60.5;566;202;0;
787;2025.05.20 18:00;4;61;60.5;60.5;566;202;0;
788;2025.05.20 18:15;4;60.625;60.75;60.25;564;202;0;
789;2025.05.20 18:30;4;59.8125;60.5;59.375;560;202;0;
790;2025.05.20 18:45;4;58.5;60;57.8125;554;202;0;
791;2025.05.20 19:00;4;57;59.125;56;548;202;0;
792;2025.05.20 19:15;4;55.4375;57.9375;54.375;541;202;0;
793;2025.05.20 19:30;4;53.875;56.6875;52.8125;534;202;0;
794;2025.05.20 19:45;4;52.375;55.375;51.375;528;202;0;
795;2025.05.20 20:00;4;51;54;50;521;202;0;
796;2025.05.20 20:15;4;49.5;52.625;48.75;515;202;0;
797;2025.05.20 20:30;4;48.1875;51.375;47.375;509;202;0;
798;2025.05.20 20:45;4;46.875;50;46.125;503;202;0;
799;2025.05.20 21:00;4;45.5;48.6875;44.875;497;202;0;
800;2025.05.20 21:15;4;44.3125;47.375;43.75;491;202;0;
801;2025.05.20 21:30;4;43.125;46.125;42.6875;486;202;0;
802;2025.05.20 21:45;4;42;45;41.625;481;202;0;
803;2025.05.20 22:00;4;41;43.875;40.75;476;202;0;
804;2025.05.20 22:15;4;40;42.75;39.875;472;202;0;
805;2025.05.20 22:30;4;39.0625;41.75;39;468;202;0;
806;2025.05.20 22:45;4;38.1875;40.75;38.125;464;202;0;
807;2025.05.20 23:00;4;37.375;39.875;37.375;460;202;0;
808;2025.05.20 23:15;4;36.625;39;36.6875;456;202;0;
809;2025.05.20 23:30;4;35.875;38.125;36;453;202;0;
810;2025.05.20 23:45;4;35.125;37.375;35.375;450;202;0;
811;2025.05.21 00:00;4;34.5;36.625;34.75;447;202;0;
812;2025.05.21 00:15;4;33.875;35.875;34.125;444;202;0;
813;2025.05.21 00:30;4;33.3125;35.25;33.625;442;202;0;
814;2025.05.21 00:45;4;32.75;34.625;33;439;202;0;
815;2025.05.21 01:00;4;32.1875;34;32.5;437;202;0;
816;2025.05.21 01:15;4;31.75;33.5;32;435;202;0;
817;2025.05.21 01:30;4;31.25;32.9375;31.5625;433;202;0;
818;2025.05.21 01:45;4;30.8125;32.375;31.125;431;202;0;
819;2025.05.21 02:00;4;30.375;31.9375;30.75;429;202;0;
820;2025.05.21 02:15;4;30;31.5;30.375;428;202;0;
821;2025.05.21 02:30;4;29.625;31.0625;30;426;202;0;
822;2025.05.21 02:45;4;29.25;30.625;29.625;425;202;0;
823;2025.05.21 03:00;4;28.875;30.25;29.3125;423;202;0;
824;2025.05.21 03:15;4;28.5625;29.875;29;422;202;0;
825;2025.05.21 03:30;4;28.25;29.5;28.75;420;202;0;
826;2025.05.21 03:45;4;27.9375;29.1875;28.4375;419;202;0;
827;2025.05.21 04:00;4;27.625;28.875;28.125;418;202;0;
828;2025.05.21 04:15;4;27.375;28.5;27.875;417;202;0;
829;2025.05.21 04:30;4;27.125;28.25;27.625;416;202;0;
830;2025.05.21 04:45;4;26.875;28;27.375;415;202;0;
831;2025.05.21 05:00;4;26.625;27.6875;27.125;414;202;0;
832;2025.05.21 05:15;4;26.375;27.375;26.875;413;202;0;
833;2025.05.21 05:30;4;26.125;27.125;26.625;412;202;0;
834;2025.05.21 05:45;4;25.875;26.875;26.375;411;202;0;
835;2025.05.21 06:00;4;25.625;26.625;26.1875;410;202;0;
836;2025.05.21 06:15;4;25.375;26.375;26;410;202;0;
837;2025.05.21 06:30;4;25.25;26.1875;25.75;409;202;0;
838;2025.05.21 06:45;4;25;26;25.5;408;202;0;
839;2025.05.21 07:00;4;24.8125;25.75;25.3125;407;202;0;
840;2025.05.21 07:15;4;24.625;25.5;25.125;406;202;0;
841;2025.05.21 07:30;4;24.375;25.3125;24.9375;406;202;0;
842;2025.05.21 07:45;4;24.25;25.125;24.75;405;202;0;
843;2025.05.21 08:00;4;24.0625;24.9375;24.625;404;202;0;
844;2025.05.21 08:15;4;23.875;24.75;24.375;403;202;0;
845;2025.05.21 08:30;4;23.75;24.5625;24.25;403;202;0;
846;2025.05.21 08:45;4;23.5;24.375;24.0625;402;202;0;
847;2025.05.21 09:00;4;23.375;24.25;23.875;401;202;0;
848;2025.05.21 09:15;4;23.25;24;23.75;401;202;0;
849;2025.05.21 09:30;4;23.0625;23.875;23.625;400;202;0;
850;2025.05.21 09:45;4;22.875;23.75;23.4375;399;202;0;
851;2025.05.21 10:00;4;22.75;23.5625;23.3125;399;202;0;
852;2025.05.21 10:15;4;22.6875;23.4375;23.25;398;202;0;
853;2025.05.21 10:30;4;22.6875;23.375;23.25;398;202;0;
854;2025.05.21 10:45;4;23;23.375;23.75;399;202;0;
855;2025.05.21 11:00;4;23.6875;23.75;24.6875;402;202;0;
856;2025.05.21 11:15;4;24.75;24.375;25.875;406;202;0;
857;2025.05.21 11:30;4;26;25.25;27.375;411;202;0;
858;2025.05.21 11:45;4;27.5;26.375;28.875;417;202;0;
859;2025.05.21 12:00;4;29.125;27.75;30.5;424;202;0;
860;2025.05.21 12:15;4;30.6875;29.125;32.125;431;202;0;
861;2025.05.21 12:30;4;32.5;30.625;33.875;439;202;0;
862;2025.05.21 12:45;4;34.375;32.25;35.75;447;202;0;
863;2025.05.21 13:00;4;36.375;34.0625;37.75;456;202;0;
864;2025.05.21 13:15;4;38.25;35.875;39.6875;465;202;0;
865;2025.05.21 13:30;4;40.125;37.625;41.5;473;202;0;
866;2025.05.21 13:45;4;41.75;39.375;43.1875;481;202;0;
867;2025.05.21 14:00;4;43.5;41;44.875;489;202;0;
868;2025.05.21 14:15;4;45;42.625;46.25;495;202;0;
869;2025.05.21 14:30;4;46.5;44.125;47.8125;503;202;0;
870;2025.05.21 14:45;4;48.125;45.75;49.375;510;202;0;
871;2025.05.21 15:00;4;49.625;47.25;50.875;516;202;0;
872;2025.05.21 15:15;4;51;48.75;52.125;522;202;0;
873;2025.05.21 15:30;4;52.25;50.125;53.25;527;202;0;
874;2025.05.21 15:45;4;53.25;51.375;54.125;531;202;0;
875;2025.05.21 16:00;4;53.625;52.25;54.125;532;202;0;
876;2025.05.21 16:15;4;54.375;53;54.8125;536;202;0;
877;2025.05.21 16:30;4;55.375;54;55.875;540;202;0;
878;2025.05.21 16:45;4;56.125;54.875;56.75;543;202;0;
879;2025.05.21 17:00;4;56.875;55.75;57.5;546;202;0;
880;2025.05.21 17:15;4;57.5;56.5;58;548;202;0;
881;2025.05.21 17:30;4;58;57.125;58.375;550;202;0;
882;2025.05.21 17:45;4;58.375;57.625;58.75;551;202;0;
883;2025.05.21 18:00;4;58.5;58.0625;58.8125;552;202;0;
884;2025.05.21 18:15;4;58.25;58.25;58.5625;551;202;0;
885;2025.05.21 18:30;4;57.625;58.1875;57.875;548;202;0;
886;2025.05.21 18:45;4;56.5;57.75;56.5;543;202;0;
887;2025.05.21 19:00;4;55.3125;57.0625;55;538;202;0;
888;2025.05.21 19:15;4;54;56.125;53.5;533;202;0;
889;2025.05.21 19:30;4;52.625;55;52;527;202;0;
890;2025.05.21 19:45;4;51.25;53.875;50.625;521;202;0;
891;2025.05.21 20:00;4;49.9375;52.6875;49.375;515;202;0;
892;2025.05.21 20:15;4;48.625;51.5;48.125;509;202;0;
893;2025.05.21 20:30;4;47.375;50.25;46.875;504;202;0;
894;2025.05.21 20:45;4;46.125;49;45.6875;498;202;0;
895;2025.05.21 21:00;4;44.875;47.8125;44.5;492;202;0;
896;2025.05.21 21:15;4;43.6875;46.625;43.375;487;202;0;
897;2025.05.21 21:30;4;42.5625;45.5;42.375;482;202;0;
898;2025.05.21 21:45;4;41.5;44.375;41.375;477;202;0;
899;2025.05.21 22:00;4;40.5;43.25;40.5;473;202;0;
900;2025.05.21 22:15;4;39.625;42.25;39.625;468;202;0;
901;2025.05.21 22:30;4;38.75;41.25;38.8125;465;202;0;
902;2025.05.21 22:45;4;37.875;40.375;38.125;461;202;0;
903;2025.05.21 23:00;4;37.125;39.5;37.375;457;202;0;
904;2025.05.21 23:15;4;36.4375;38.75;36.75;454;202;0;
905;2025.05.21 23:30;4;35.75;38;36.125;451;202;0;
906;2025.05.21 23:45;4;35.125;37.25;35.4375;448;202;0;
907;2025.05.22 00:00;4;34.5;36.5;34.875;446;202;0;
908;2025.05.22 00:15;4;33.875;35.875;34.25;443;202;0;
909;2025.05.22 00:30;4;33.25;35.25;33.6875;440;202;0;
910;2025.05.22 00:45;4;32.75;34.625;33.125;438;202;0;
911;2025.05.22 01:00;4;32.25;34;32.6875;436;202;0;
912;2025.05.22 01:15;4;31.75;33.5;32.25;434;202;0;
913;2025.05.22 01:30;4;31.375;33;31.75;432;202;0;
914;2025.05.22 01:45;4;30.9375;32.5;31.375;431;202;0;
915;2025.05.22 02:00;4;30.5;32;30.875;429;202;0;
916;2025.05.22 02:15;4;30.125;31.625;30.5;427;202;0;
917;2025.05.22 02:30;4;29.75;31.125;30.1875;426;202;0;
918;2025.05.22 02:45;4;29.375;30.75;29.875;424;202;0;
919;2025.05.22 03:00;4;29;30.375;29.5;423;202;0;
920;2025.05.22 03:15;4;28.6875;30;29.25;422;202;0;
921;2025.05.22 03:30;4;28.375;29.625;28.9375;421;202;0;
922;2025.05.22 03:45;4;28.125;29.375;28.6875;420;202;0;
923;2025.05.22 04:00;4;27.8125;29;28.375;419;202;0;
924;2025.05.22 04:15;4;27.5;28.75;28.125;418;202;0;
925;2025.05.22 04:30;4;27.25;28.4375;27.875;417;202;0;
926;2025.05.22 04:45;4;27.0625;28.125;27.625;416;202;0;
927;2025.05.22 05:00;4;26.8125;27.875;27.4375;415;202;0;
928;2025.05.22 05:15;4;26.5625;27.625;27.1875;414;202;0;
929;2025.05.22 05:30;4;26.375;27.375;27;413;202;0;
930;2025.05.22 05:45;4;26.125;27.125;26.75;412;202;0;
931;2025.05.22 06:00;4;25.9375;26.9375;26.5625;412;202;0;
932;2025.05.22 06:15;4;25.75;26.75;26.375;411;202;0;
933;2025.05.22 06:30;4;25.5;26.5;26.125;410;202;0;
934;2025.05.22 06:45;4;25.375;26.3125;26;409;202;0;
935;2025.05.22 07:00;4;25.1875;26.125;25.75;409;202;0;
936;2025.05.22 07:15;4;25;25.9375;25.625;408;202;0;
937;2025.05.22 07:30;4;24.875;25.75;25.5625;407;202;0;
938;2025.05.22 07:45;4;24.75;25.625;25.375;407;202;0;
939;2025.05.22 08:00;4;24.625;25.5;25.25;406;202;0;
940;2025.05.22 08:15;4;24.5;25.3125;25.125;406;202;0;
941;2025.05.22 08:30;4;24.375;25.1875;24.9375;405;202;0;
942;2025.05.22 08:45;4;24.1875;25;24.75;404;202;0;
943;2025.05.22 09:00;4;24;24.875;24.625;404;202;0;
944;2025.05.22 09:15;4;23.875;24.75;24.5;403;202;0;
945;2025.05.22 09:30;4;23.75;24.625;24.375;402;202;0;
946;2025.05.22 09:45;4;23.625;24.4375;24.25;402;202;0;
947;2025.05.22 10:00;4;23.5;24.3125;24.125;401;202;0;
948;2025.05.22 10:15;4;23.5;24.1875;24.125;401;202;0;
949;2025.05.22 10:30;4;23.5;24.125;24.125;401;202;0;
950;2025.05.22 10:45;4;23.625;24.125;24.3125;401;202;0;
951;2025.05.22 11:00;4;23.875;24.25;24.625;402;202;0;
952;2025.05.22 11:15;4;24.5;24.5;25.375;405;202;0;
953;2025.05.22 11:30;4;25.5;25.125;26.5625;408;202;0;
954;2025.05.22 11:45;4;26.75;26;27.875;413;202;0;
955;2025.05.22 12:00;4;28.1875;27;29.375;419;202;0;
956;2025.05.22 12:15;4;29.75;28.3125;31;425;202;0;
957;2025.05.22 12:30;4;31.5;29.75;32.75;433;202;0;
958;2025.05.22 12:45;4;33.375;31.375;34.6875;441;202;0;
959;2025.05.22 13:00;4;35.25;33.125;36.625;449;202;0;
960;2025.05.22 13:15;4;37.25;34.875;38.625;458;202;0;
961;2025.05.22 13:30;4;39.25;36.75;40.5625;466;202;0;
962;2025.05.22 13:45;4;41.125;38.625;42.5;475;202;0;
963;2025.05.22 14:00;4;43;40.375;44.375;483;202;0;
964;2025.05.22 14:15;4;44.8125;42.1875;46.125;491;202;0;
965;2025.05.22 14:30;4;46.5;43.875;47.875;499;202;0;
966;2025.05.22 14:45;4;48.1875;45.5625;49.375;506;202;0;
967;2025.05.22 15:00;4;49.875;47.1875;51;513;202;0;
968;2025.05.22 15:15;4;51.125;48.6875;52.125;519;202;0;
969;2025.05.22 15:30;4;52.4375;50.125;53.375;524;202;0;
970;2025.05.22 15:45;4;53.8125;51.5;54.625;530;202;0;
971;2025.05.22 16:00;4;54.875;52.8125;55.625;534;202;0;
972;2025.05.22 16:15;4;55.875;54;56.5;539;202;0;
973;2025.05.22 16:30;4;56.625;55;57.25;542;202;0;
974;2025.05.22 16:45;4;57.25;55.875;57.75;544;202;0;
975;2025.05.22 17:00;4;57.625;56.625;58.125;546;202;0;
976;2025.05.22 17:15;4;58;57.125;58.25;547;202;0;
977;2025.05.22 17:30;4;58.375;57.6875;58.75;549;202;0;
978;2025.05.22 17:45;4;58.125;57.9375;58.375;547;202;0;
979;2025.05.22 18:00;4;57.5;57.875;57.625;545;202;0;
980;2025.05.22 18:15;4;56.75;57.625;56.75;542;202;0;
981;2025.05.22 18:30;4;56;57.25;56;539;202;0;
982;2025.05.22 18:45;4;55.0625;56.625;55;535;202;0;
983;2025.05.22 19:00;4;54;55.875;53.875;530;202;0;
984;2025.05.22 19:15;4;52.875;55;52.625;526;202;0;
985;2025.05.22 19:30;4;51.75;54;51.375;521;202;0;
986;2025.05.22 19:45;4;50.5;53;50;515;202;0;
987;2025.05.22 20:00;4;49.25;51.875;48.6875;510;202;0;
988;2025.05.22 20:15;4;48;50.6875;47.4375;504;202;0;
989;2025.05.22 20:30;4;46.8125;49.5;46.25;499;202;0;
990;2025.05.22 20:45;4;45.625;48.375;45.125;494;202;0;
991;2025.05.22 21:00;4;44.5625;47.25;44.125;489;202;0;
992;2025.05.22 21:15;4;43.5;46.125;43.125;484;202;0;
993;2025.05.22 21:30;4;42.4375;45.0625;42.125;479;202;0;
994;2025.05.22 21:45;4;41.5;44;41.1875;475;202;0;
995;2025.05.22 22:00;4;40.5;43;40.375;471;202;0;
996;2025.05.22 22:15;4;39.625;42.125;39.5;467;202;0;
997;2025.05.22 22:30;4;38.875;41.1875;38.75;463;202;0;
998;2025.05.22 22:45;4;38.0625;40.3125;38.125;460;202;0;
999;2025.05.22 23:00;4;37.375;39.5;37.375;456;202;0;
1000;2025.05.22 23:15;4;36.625;38.75;36.75;453;202;0;
1001;2025.05.22 23:30;4;36;38;36.1875;451;202;0;
1002;2025.05.22 23:45;4;35.375;37.375;35.625;448;202;0;
1003;2025.05.23 00:00;4;34.8125;36.75;35.125;446;202;0;
1004;2025.05.23 00:15;4;34.25;36.125;34.625;443;202;0;
1005;2025.05.23 00:30;4;33.75;35.5;34.125;441;202;0;
1006;2025.05.23 00:45;4;33.3125;35;33.6875;439;202;0;
1007;2025.05.23 01:00;4;32.875;34.5;33.25;438;202;0;
1008;2025.05.23 01:15;4;32.4375;34;32.875;436;202;0;
1009;2025.05.23 01:30;4;32.0625;33.5625;32.5;435;202;0;
1010;2025.05.23 01:45;4;31.6875;33.125;32.125;433;202;0;
1011;2025.05.23 02:00;4;31.375;32.75;31.8125;432;202;0;
1012;2025.05.23 02:15;4;31;32.375;31.5;431;202;0;
1013;2025.05.23 02:30;4;30.6875;32;31.125;429;202;0;
1014;2025.05.23 02:45;4;30.375;31.625;30.8125;428;202;0;
1015;2025.05.23 03:00;4;30.0625;31.25;30.5;427;202;0;
1016;2025.05.23 03:15;4;29.75;31;30.1875;426;202;0;
1017;2025.05.23 03:30;4;29.4375;30.625;29.875;425;202;0;
1018;2025.05.23 03:45;4;29.125;30.3125;29.625;424;202;0;
1019;2025.05.23 04:00;4;28.875;30;29.375;423;202;0;
1020;2025.05.23 04:15;4;28.5625;29.75;29.0625;422;202;0;
1021;2025.05.23 04:30;4;28.3125;29.4375;28.75;421;202;0;
1022;2025.05.23 04:45;4;28;29.125;28.5;420;202;0;
1023;2025.05.23 05:00;4;27.75;28.875;28.3125;419;202;0;
1024;2025.05.23 05:15;4;27.5625;28.625;28.0625;418;202;0;
1025;2025.05.23 05:30;4;27.3125;28.375;27.875;417;202;0;
1026;2025.05.23 05:45;4;27.125;28.125;27.625;416;202;0;
1027;2025.05.23 06:00;4;26.875;27.875;27.375;415;202;0;
1028;2025.05.23 06:15;4;26.625;27.625;27.125;414;202;0;
1029;2025.05.23 06:30;4;26.4375;27.4375;26.875;413;202;0;
1030;2025.05.23 06:45;4;26.1875;27.1875;26.625;412;202;0;
1031;2025.05.23 07:00;4;25.9375;27;26.375;411;202;0;
1032;2025.05.23 07:15;4;25.75;26.75;26.125;410;202;0;
1033;2025.05.23 07:30;4;25.5;26.5;25.9375;409;202;0;
1034;2025.05.23 07:45;4;25.25;26.25;25.75;408;202;0;
1035;2025.05.23 08:00;4;25.125;26;25.625;407;202;0;
1036;2025.05.23 08:15;4;24.9375;25.875;25.5;407;202;0;
1037;2025.05.23 08:30;4;24.75;25.625;25.375;406;202;0;
1038;2025.05.23 08:45;4;24.625;25.5;25.1875;405;202;0;
1039;2025.05.23 09:00;4;24.5;25.375;25.0625;404;202;0;
1040;2025.05.23 09:15;4;24.375;25.1875;24.875;404;202;0;
1041;2025.05.23 09:30;4;24.25;25;24.75;403;202;0;
1042;2025.05.23 09:45;4;24.0625;24.875;24.625;402;202;0;
1043;2025.05.23 10:00;4;24;24.75;24.5;402;202;0;
1044;2025.05.23 10:15;4;23.875;24.625;24.5;401;202;0;
1045;2025.05.23 10:30;4;23.875;24.5;24.5;401;202;0;
1046;2025.05.23 10:45;4;24.0625;24.5625;24.75;402;202;0;
1047;2025.05.23 11:00;4;24.625;24.75;25.5625;404;202;0;
1048;2025.05.23 11:15;4;25.1875;25.125;26.375;406;202;0;
1049;2025.05.23 11:30;4;25.75;25.625;26.9375;407;202;0;
1050;2025.05.23 11:45;4;26.75;26.25;28.125;412;202;0;
1051;2025.05.23 12:00;4;28.125;27.25;29.875;417;202;0;
1052;2025.05.23 12:15;4;29.75;28.4375;31.8125;423;202;0;
1053;2025.05.23 12:30;4;30.875;29.75;33;428;202;0;
1054;2025.05.23 12:45;4;32.25;30.9375;34.375;434;202;0;
1055;2025.05.23 13:00;4;33.9375;32.375;36.25;441;202;0;
1056;2025.05.23 13:15;4;35.75;34;38.25;449;202;0;
1057;2025.05.23 13:30;4;37.5;35.625;40.0625;457;202;0;
1058;2025.05.23 13:45;4;39;37.25;41.5;463;202;0;
1059;2025.05.23 14:00;4;40.375;38.6875;42.75;470;202;0;
1060;2025.05.23 14:15;4;41.875;40.125;44.25;476;202;0;
1061;2025.05.23 14:30;4;43.25;41.5625;45.625;482;202;0;
1062;2025.05.23 14:45;4;44.75;43;47;489;202;0;
1063;2025.05.23 15:00;4;45.8125;44.25;47.875;493;202;0;
1064;2025.05.23 15:15;4;46.375;45.1875;48;495;202;0;
1065;2025.05.23 15:30;4;46.875;45.9375;48.125;498;202;0;
1066;2025.05.23 15:45;4;47.3125;46.5;48.375;500;202;0;
1067;2025.05.23 16:00;4;48;47.25;49.25;503;202;0;
1068;2025.05.23 16:15;4;48.625;47.875;50;506;202;0;
1069;2025.05.23 16:30;4;49.125;48.5;50.3125;508;202;0;
1070;2025.05.23 16:45;4;49.125;48.875;50.125;507;202;0;
1071;2025.05.23 17:00;4;48.5625;48.875;49;505;202;0;
1072;2025.05.23 17:15;4;48.125;48.75;48.25;504;202;0;
1073;2025.05.23 17:30;4;48.375;48.75;48.875;505;202;0;
1074;2025.05.23 17:45;4;48.625;48.875;49.5;506;202;0;
1075;2025.05.23 18:00;4;48.625;49;49.5625;506;202;0;
1076;2025.05.23 18:15;4;48.25;49;49.0625;504;202;0;
1077;2025.05.23 18:30;4;47.625;48.75;48.125;501;202;0;
1078;2025.05.23 18:45;4;46.875;48.25;47;498;202;0;
1079;2025.05.23 19:00;4;46;47.625;46;494;202;0;
1080;2025.05.23 19:15;4;45.125;46.875;45.0625;491;202;0;
1081;2025.05.23 19:30;4;44.0625;46.125;43.875;486;202;0;
1082;2025.05.23 19:45;4;42.875;45.125;42.375;481;202;0;
1083;2025.05.23 20:00;4;41.625;44;41.125;475;202;0;
1084;2025.05.23 20:15;4;40.375;42.875;39.8125;470;202;0;
1085;2025.05.23 20:30;4;39.1875;41.75;38.625;465;202;0;
1086;2025.05.23 20:45;4;38;40.625;37.5;460;202;0;
1087;2025.05.23 21:00;4;36.9375;39.5;36.5625;455;202;0;
1088;2025.05.23 21:15;4;35.9375;38.5;35.625;451;202;0;
1089;2025.05.23 21:30;4;35;37.4375;34.75;447;202;0;
1090;2025.05.23 21:45;4;34.125;36.5;34;443;202;0;
1091;2025.05.23 22:00;4;33.25;35.5625;33.25;440;202;0;
1092;2025.05.23 22:15;4;32.5625;34.75;32.625;437;202;0;
1093;2025.05.23 22:30;4;31.875;33.9375;32;434;202;0;
1094;2025.05.23 22:45;4;31.25;33.1875;31.375;431;202;0;
1095;2025.05.23 23:00;4;30.625;32.5;30.875;429;202;0;
1096;2025.05.23 23:15;4;30.0625;31.875;30.25;427;202;0;
1097;2025.05.23 23:30;4;29.5625;31.25;29.75;425;202;0;
1098;2025.05.23 23:45;4;29.125;30.75;29.375;423;202;0;
1099;2025.05.24 00:00;4;28.75;30.25;29;421;202;0;
1100;2025.05.24 00:15;4;28.375;29.75;28.625;419;202;0;
1101;2025.05.24 00:30;4;28;29.375;28.3125;418;202;0;
1102;2025.05.24 00:45;4;27.625;29;28;417;202;0;
1103;2025.05.24 01:00;4;27.375;28.625;27.625;415;202;0;
1104;2025.05.24 01:15;4;27.0625;28.25;27.375;414;202;0;
1105;2025.05.24 01:30;4;26.75;27.9375;27.125;413;202;0;
1106;2025.05.24 01:45;4;26.5;27.625;26.875;412;202;0;
1107;2025.05.24 02:00;4;26.25;27.375;26.625;411;202;0;
1108;2025.05.24 02:15;4;26;27.0625;26.375;410;202;0;
1109;2025.05.24 02:30;4;25.8125;26.8125;26.125;409;202;0;
1110;2025.05.24 02:45;4;25.625;26.5625;25.9375;408;202;0;
1111;2025.05.24 03:00;4;25.375;26.375;25.75;407;202;0;
1112;2025.05.24 03:15;4;25.125;26.125;25.5;406;202;0;
1113;2025.05.24 03:30;4;25;25.875;25.3125;405;202;0;
1114;2025.05.24 03:45;4;24.75;25.625;25.125;404;202;0;
1115;2025.05.24 04:00;4;24.625;25.5;24.875;403;202;0;
1116;2025.05.24 04:15;4;24.375;25.25;24.75;402;202;0;
1117;2025.05.24 04:30;4;24.25;25.125;24.5625;402;202;0;
1118;2025.05.24 04:45;4;24.0625;24.875;24.375;401;202;0;
1119;2025.05.24 05:00;4;23.875;24.75;24.25;400;202;0;
1120;2025.05.24 05:15;4;23.75;24.5;24.125;399;202;0;
1121;2025.05.24 05:30;4;23.625;24.375;23.9375;399;202;0;
1122;2025.05.24 05:45;4;23.4375;24.25;23.75;398;202;0;
1123;2025.05.24 06:00;4;23.3125;24.0625;23.625;397;202;0;
1124;2025.05.24 06:15;4;23.125;23.875;23.5;397;202;0;
1125;2025.05.24 06:30;4;23;23.75;23.375;396;202;0;
1126;2025.05.24 06:45;4;22.875;23.625;23.25;395;202;0;
1127;2025.05.24 07:00;4;22.75;23.5;23.125;395;202;0;
1128;2025.05.24 07:15;4;22.625;23.3125;22.9375;394;202;0;
1129;2025.05.24 07:30;4;22.5;23.1875;22.8125;394;202;0;
1130;2025.05.24 07:45;4;22.375;23.0625;22.6875;393;202;0;
1131;2025.05.24 08:00;4;22.25;22.875;22.5625;392;202;0;
1132;2025.05.24 08:15;4;22.125;22.75;22.4375;392;202;0;
1133;2025.05.24 08:30;4;22;22.625;22.375;391;202;0;
1134;2025.05.24 08:45;4;21.875;22.5;22.25;391;202;0;
1135;2025.05.24 09:00;4;21.75;22.4375;22.125;390;202;0;
1136;2025.05.24 09:15;4;21.6875;22.3125;22;390;202;0;
1137;2025.05.24 09:30;4;21.5625;22.1875;21.875;389;202;0;
1138;2025.05.24 09:45;4;21.5;22.0625;21.75;389;202;0;
1139;2025.05.24 10:00;4;21.375;22;21.6875;388;202;0;
1140;2025.05.24 10:15;4;21.3125;21.875;21.625;388;202;0;
1141;2025.05.24 10:30;4;21.25;21.8125;21.625;388;202;0;
1142;2025.05.24 10:45;4;21.25;21.75;21.6875;388;202;0;
1143;2025.05.24 11:00;4;21.3125;21.75;21.75;388;202;0;
1144;2025.05.24 11:15;4;21.375;21.75;21.875;388;202;0;
1145;2025.05.24 11:30;4;21.375;21.75;21.875;388;202;0;
1146;2025.05.24 11:45;4;21.5;21.8125;22;389;202;0;
1147;2025.05.24 12:00;4;21.5625;21.875;22.125;389;202;0;
1148;2025.05.24 12:15;4;21.625;21.9375;22.1875;389;202;0;
1149;2025.05.24 12:30;4;21.75;22;22.3125;390;202;0;
1150;2025.05.24 12:45;4;21.875;22.125;22.4375;390;202;0;
1151;2025.05.24 13:00;4;22;22.25;22.5625;390;202;0;
1152;2025.05.24 13:15;4;22.125;22.375;22.6875;391;202;0;
1153;2025.05.24 13:30;4;22.25;22.5;22.875;391;202;0;
1154;2025.05.24 13:45;4;22.4375;22.625;23;392;202;0;
1155;2025.05.24 14:00;4;22.625;22.75;23.25;393;202;0;
1156;2025.05.24 14:15;4;22.8125;22.875;23.4375;394;202;0;
1157;2025.05.24 14:30;4;23;23.125;23.6875;395;202;0;
1158;2025.05.24 14:45;4;23.25;23.3125;23.875;395;202;0;
1159;2025.05.24 15:00;4;23.5;23.5;24.125;396;202;0;
1160;2025.05.24 15:15;4;23.625;23.75;24.25;397;202;0;
1161;2025.05.24 15:30;4;23.875;23.9375;24.5625;398;202;0;
1162;2025.05.24 15:45;4;24.1875;24.1875;24.875;399;202;0;
1163;2025.05.24 16:00;4;24.5;24.4375;25.25;401;202;0;
1164;2025.05.24 16:15;4;24.875;24.75;25.625;402;202;0;
1165;2025.05.24 16:30;4;25.125;25;25.875;403;202;0;
1166;2025.05.24 16:45;4;25.375;25.3125;26.125;404;202;0;
1167;2025.05.24 17:00;4;25.75;25.625;26.4375;406;202;0;
1168;2025.05.24 17:15;4;26.0625;25.9375;26.875;407;202;0;
1169;2025.05.24 17:30;4;26.5;26.25;27.25;409;202;0;
1170;2025.05.24 17:45;4;26.8125;26.625;27.625;410;202;0;
1171;2025.05.24 18:00;4;27.125;27;27.875;412;202;0;
1172;2025.05.24 18:15;4;27.3125;27.25;28;412;202;0;
1173;2025.05.24 18:30;4;27.375;27.375;27.875;413;202;0;
1174;2025.05.24 18:45;4;27.3125;27.5;27.75;413;202;0;
1175;2025.05.24 19:00;4;27.25;27.5;27.5;412;202;0;
1176;2025.05.24 19:15;4;27.125;27.5;27.375;412;202;0;
1177;2025.05.24 19:30;4;27;27.375;27.25;411;202;0;
1178;2025.05.24 19:45;4;26.75;27.3125;27;411;202;0;
1179;2025.05.24 20:00;4;26.5625;27.125;26.75;410;202;0;
1180;2025.05.24 20:15;4;26.375;26.9375;26.4375;409;202;0;
1181;2025.05.24 20:30;4;26.0625;26.75;26.125;408;202;0;
1182;2025.05.24 20:45;4;25.75;26.5;25.75;406;202;0;
1183;2025.05.24 21:00;4;25.5;26.25;25.4375;405;202;0;
1184;2025.05.24 21:15;4;25.125;25.9375;25.125;404;202;0;
1185;2025.05.24 21:30;4;24.875;25.625;24.875;403;202;0;
1186;2025.05.24 21:45;4;24.625;25.375;24.625;401;202;0;
1187;2025.05.24 22:00;4;24.3125;25.125;24.375;400;202;0;
1188;2025.05.24 22:15;4;24.0625;24.875;24.125;399;202;0;
1189;2025.05.24 22:30;4;23.875;24.5625;23.875;398;202;0;
1190;2025.05.24 22:45;4;23.625;24.375;23.625;397;202;0;
1191;2025.05.24 23:00;4;23.375;24.125;23.5;396;202;0;
1192;2025.05.24 23:15;4;23.1875;23.875;23.25;395;202;0;
1193;2025.05.24 23:30;4;23;23.6875;23.125;395;202;0;
1194;2025.05.24 23:45;4;22.8125;23.5;23;394;202;0;
1195;2025.05.25 00:00;4;22.625;23.3125;22.75;393;202;0;
1196;2025.05.25 00:15;4;22.5;23.125;22.625;392;202;0;
1197;2025.05.25 00:30;4;22.3125;23;22.5;392;202;0;
1198;2025.05.25 00:45;4;22.125;22.75;22.375;391;202;0;
1199;2025.05.25 01:00;4;22;22.625;22.25;390;202;0;
1200;2025.05.25 01:15;4;21.875;22.5;22.0625;390;202;0;
1201;2025.05.25 01:30;4;21.75;22.375;21.9375;389;202;0;
1202;2025.05.25 01:45;4;21.625;22.1875;21.8125;389;202;0;
1203;2025.05.25 02:00;4;21.5;22.0625;21.6875;388;202;0;
1204;2025.05.25 02:15;4;21.375;21.875;21.5;387;202;0;
1205;2025.05.25 02:30;4;21.25;21.75;21.25;387;202;0;
1206;2025.05.25 02:45;4;21.0625;21.625;21.125;386;202;0;
1207;2025.05.25 03:00;4;20.875;21.5;20.9375;386;202;0;
1208;2025.05.25 03:15;4;20.75;21.375;20.75;385;202;0;
1209;2025.05.25 03:30;4;20.625;21.1875;20.625;384;202;0;
1210;2025.05.25 03:45;4;20.5;21;20.5;384;202;0;
1211;2025.05.25 04:00;4;20.375;20.875;20.375;383;202;0;
1212;2025.05.25 04:15;4;20.25;20.75;20.25;383;202;0;
1213;2025.05.25 04:30;4;20.125;20.625;20.125;382;202;0;
1214;2025.05.25 04:45;4;20;20.5;20;382;202;0;
1215;2025.05.25 05:00;4;19.875;20.375;19.875;381;202;0;
1216;2025.05.25 05:15;4;19.75;20.25;19.75;381;202;0;
1217;2025.05.25 05:30;4;19.625;20.125;19.625;380;202;0;
1218;2025.05.25 05:45;4;19.5;20;19.5;380;202;0;
1219;2025.05.25 06:00;4;19.4375;19.875;19.4375;379;202;0;
1220;2025.05.25 06:15;4;19.375;19.75;19.375;379;202;0;
1221;2025.05.25 06:30;4;19.25;19.6875;19.25;378;202;0;
1222;2025.05.25 06:45;4;19.125;19.625;19.125;378;202;0;
1223;2025.05.25 07:00;4;19;19.5;19.0625;378;202;0;
1224;2025.05.25 07:15;4;19;19.375;19;377;202;0;
1225;2025.05.25 07:30;4;18.875;19.25;18.875;377;202;0;
1226;2025.05.25 07:45;4;18.75;19.1875;18.75;377;202;0;
1227;2025.05.25 08:00;4;18.6875;19.125;18.75;376;202;0;
1228;2025.05.25 08:15;4;18.625;19;18.625;376;202;0;
1229;2025.05.25 08:30;4;18.5;18.9375;18.5625;375;202;0;
1230;2025.05.25 08:45;4;18.4375;18.875;18.5;375;202;0;
1231;2025.05.25 09:00;4;18.375;18.75;18.375;375;202;0;
1232;2025.05.25 09:15;4;18.25;18.6875;18.3125;374;202;0;
1233;2025.05.25 09:30;4;18.1875;18.625;18.25;374;202;0;
1234;2025.05.25 09:45;4;18.125;18.5;18.125;374;202;0;
1235;2025.05.25 10:00;4;18.0625;18.4375;18.125;373;202;0;
1236;2025.05.25 10:15;4;18;18.375;18.125;373;202;0;
1237;2025.05.25 10:30;4;18.125;18.375;18.375;374;202;0;
1238;2025.05.25 10:45;4;18.375;18.5;19.0625;375;202;0;
1239;2025.05.25 11:00;4;19.0625;18.875;20.25;377;202;0;
1240;2025.05.25 11:15;4;20;19.5;21.75;381;202;0;
1241;2025.05.25 11:30;4;21.25;20.375;23.5;386;202;0;
1242;2025.05.25 11:45;4;22.8125;21.5625;25.5;393;202;0;
1243;2025.05.25 12:00;4;24.5625;23;27.625;400;202;0;
1244;2025.05.25 12:15;4;26.4375;24.625;29.75;408;202;0;
1245;2025.05.25 12:30;4;28.375;26.375;31.8125;417;202;0;
1246;2025.05.25 12:45;4;30.25;28.25;33.75;425;202;0;
1247;2025.05.25 13:00;4;32.125;30;35.5625;433;202;0;
1248;2025.05.25 13:15;4;34;31.875;37.3125;442;202;0;
1249;2025.05.25 13:30;4;35.6875;33.625;38.875;449;202;0;
1250;2025.05.25 13:45;4;37.375;35.25;40.375;456;202;0;
1251;2025.05.25 14:00;4;38.875;36.875;41.875;463;202;0;
1252;2025.05.25 14:15;4;40.375;38.4375;43.25;470;202;0;
1253;2025.05.25 14:30;4;41.75;39.875;44.5;476;202;0;
1254;2025.05.25 14:45;4;43;41.25;45.5;481;202;0;
1255;2025.05.25 15:00;4;44.25;42.5625;46.75;487;202;0;
1256;2025.05.25 15:15;4;45.5;43.875;48;492;202;0;
1257;2025.05.25 15:30;4;46.625;45.125;49;497;202;0;
1258;2025.05.25 15:45;4;47.625;46.25;50;501;202;0;
1259;2025.05.25 16:00;4;48.5625;47.25;50.8125;505;202;0;
1260;2025.05.25 16:15;4;49.25;48.25;51.375;508;202;0;
1261;2025.05.25 16:30;4;49.75;49;51.5;510;202;0;
1262;2025.05.25 16:45;4;49.875;49.5;51.3125;511;202;0;
1263;2025.05.25 17:00;4;49.8125;49.8125;50.875;511;202;0;
1264;2025.05.25 17:15;4;49.375;49.875;50.125;509;202;0;
1265;2025.05.25 17:30;4;48.625;49.625;49.125;506;202;0;
1266;2025.05.25 17:45;4;47.625;49.0625;47.6875;502;202;0;
1267;2025.05.25 18:00;4;46.625;48.375;46.3125;498;202;0;
1268;2025.05.25 18:15;4;45.625;47.5;45.125;493;202;0;
1269;2025.05.25 18:30;4;44.6875;46.625;44.125;489;202;0;
1270;2025.05.25 18:45;4;43.75;45.75;43.125;485;202;0;
1271;2025.05.25 19:00;4;42.75;44.875;42.25;481;202;0;
1272;2025.05.25 19:15;4;41.875;43.9375;41.25;476;202;0;
1273;2025.05.25 19:30;4;40.875;43;40.375;472;202;0;
1274;2025.05.25 19:45;4;40;42.125;39.375;468;202;0;
1275;2025.05.25 20:00;4;39.0625;41.1875;38.5;464;202;0;
1276;2025.05.25 20:15;4;38.125;40.25;37.5625;460;202;0;
1277;2025.05.25 20:30;4;37.125;39.3125;36.625;455;202;0;
1278;2025.05.25 20:45;4;36.25;38.375;35.625;451;202;0;
1279;2025.05.25 21:00;4;35.25;37.4375;34.625;447;202;0;
1280;2025.05.25 21:15;4;34.375;36.5;33.75;444;202;0;
1281;2025.05.25 21:30;4;33.5625;35.625;33;440;202;0;
1282;2025.05.25 21:45;4;32.75;34.8125;32.25;437;202;0;
1283;2025.05.25 22:00;4;32.125;34;31.625;433;202;0;
1284;2025.05.25 22:15;4;31.375;33.25;31;431;202;0;
1285;2025.05.25 22:30;4;30.75;32.5;30.375;428;202;0;
1286;2025.05.25 22:45;4;30.1875;31.875;29.875;425;202;0;
1287;2025.05.25 23:00;4;29.625;31.25;29.3125;423;202;0;
1288;2025.05.25 23:15;4;29.125;30.625;28.875;421;202;0;
1289;2025.05.25 23:30;4;28.625;30.125;28.375;418;202;0;
1290;2025.05.25 23:45;4;28.125;29.625;28;416;202;0;
1291;2025.05.26 00:00;4;27.6875;29.125;27.5625;415;202;0;
1292;2025.05.26 00:15;4;27.25;28.625;27.125;413;202;0;
1293;2025.05.26 00:30;4;26.875;28.1875;26.75;411;202;0;
1294;2025.05.26 00:45;4;26.5;27.75;26.4375;409;202;0;
1295;2025.05.26 01:00;4;26.125;27.375;26.125;408;202;0;
1296;2025.05.26 01:15;4;25.8125;27;25.75;406;202;0;
1297;2025.05.26 01:30;4;25.5;26.625;25.5;405;202;0;
1298;2025.05.26 01:45;4;25.25;26.25;25.1875;404;202;0;
1299;2025.05.26 02:00;4;24.9375;26;24.9375;403;202;0;
1300;2025.05.26 02:15;4;24.6875;25.625;24.6875;401;202;0;
1301;2025.05.26 02:30;4;24.4375;25.375;24.4375;400;202;0;
1302;2025.05.26 02:45;4;24.1875;25.125;24.1875;399;202;0;
1303;2025.05.26 03:00;4;24;24.875;24;398;202;0;
1304;2025.05.26 03:15;4;23.75;24.625;23.75;397;202;0;
1305;2025.05.26 03:30;4;23.5;24.375;23.5;397;202;0;
1306;2025.05.26 03:45;4;23.375;24.125;23.375;396;202;0;
1307;2025.05.26 04:00;4;23.125;23.9375;23.125;395;202;0;
1308;2025.05.26 04:15;4;22.9375;23.75;23;394;202;0;
1309;2025.05.26 04:30;4;22.75;23.5;22.75;393;202;0;
1310;2025.05.26 04:45;4;22.5625;23.3125;22.5625;392;202;0;
1311;2025.05.26 05:00;4;22.375;23.125;22.375;392;202;0;
1312;2025.05.26 05:15;4;22.25;22.9375;22.25;391;202;0;
1313;2025.05.26 05:30;4;22;22.75;22.0625;390;202;0;
1314;2025.05.26 05:45;4;21.875;22.5625;21.875;389;202;0;
1315;2025.05.26 06:00;4;21.75;22.375;21.75;389;202;0;
1316;2025.05.26 06:15;4;21.5625;22.25;21.625;388;202;0;
1317;2025.05.26 06:30;4;21.375;22.0625;21.5;388;202;0;
1318;2025.05.26 06:45;4;21.25;21.875;21.375;387;202;0;
1319;2025.05.26 07:00;4;21.125;21.75;21.1875;386;202;0;
1320;2025.05.26 07:15;4;21;21.625;21.0625;386;202;0;
1321;2025.05.26 07:30;4;20.875;21.5;20.875;385;202;0;
1322;2025.05.26 07:45;4;20.75;21.375;20.75;385;202;0;
1323;2025.05.26 08:00;4;20.625;21.1875;20.625;384;202;0;
1324;2025.05.26 08:15;4;20.5;21.0625;20.5;384;202;0;
1325;2025.05.26 08:30;4;20.375;20.875;20.375;383;202;0;
1326;2025.05.26 08:45;4;20.25;20.75;20.25;383;202;0;
1327;2025.05.26 09:00;4;20.125;20.625;20.125;382;202;0;
1328;2025.05.26 09:15;4;20;20.5;20;381;202;0;
1329;2025.05.26 09:30;4;19.875;20.375;19.875;381;202;0;
1330;2025.05.26 09:45;4;19.75;20.25;19.75;380;202;0;
1331;2025.05.26 10:00;4;19.625;20.125;19.6875;380;202;0;
1332;2025.05.26 10:15;4;19.5625;20.0625;19.6875;380;202;0;
1333;2025.05.26 10:30;4;19.625;20;19.875;380;202;0;
1334;2025.05.26 10:45;4;19.875;20.125;20.5625;381;202;0;
1335;2025.05.26 11:00;4;20.5;20.375;21.75;383;202;0;
1336;2025.05.26 11:15;4;21.5;21;23.25;387;202;0;
1337;2025.05.26 11:30;4;22.75;21.9375;25.125;393;202;0;
1338;2025.05.26 11:45;4;24.25;23.125;27;399;202;0;
1339;2025.05.26 12:00;4;26;24.5;29.0625;406;202;0;
1340;2025.05.26 12:15;4;27.75;26.125;30.875;413;202;0;
1341;2025.05.26 12:30;4;29.5;27.6875;32.75;421;202;0;
1342;2025.05.26 12:45;4;31.0625;29.3125;34.25;428;202;0;
1343;2025.05.26 13:00;4;32.375;30.75;35.25;434;202;0;
1344;2025.05.26 13:15;4;33.8125;32.1875;36.625;440;202;0;
1345;2025.05.26 13:30;4;35.375;33.6875;38.25;448;202;0;
1346;2025.05.26 13:45;4;37;35.25;39.875;454;202;0;
1347;2025.05.26 14:00;4;38.625;36.75;41.5;461;202;0;
1348;2025.05.26 14:15;4;40.25;38.375;43.25;469;202;0;
1349;2025.05.26 14:30;4;41.875;39.9375;44.875;476;202;0;
1350;2025.05.26 14:45;4;43.375;41.5;46.25;482;202;0;
1351;2025.05.26 15:00;4;44.75;42.875;47.5;488;202;0;
1352;2025.05.26 15:15;4;46.125;44.3125;48.75;494;202;0;
1353;2025.05.26 15:30;4;47.25;45.625;49.875;499;202;0;
1354;2025.05.26 15:45;4;48.0625;46.75;50.375;502;202;0;
1355;2025.05.26 16:00;4;48.75;47.625;50.75;505;202;0;
1356;2025.05.26 16:15;4;49.5625;48.5;51.5;509;202;0;
1357;2025.05.26 16:30;4;49.875;49.25;51.5;510;202;0;
1358;2025.05.26 16:45;4;49.875;49.625;51.1875;510;202;0;
1359;2025.05.26 17:00;4;49.75;49.875;50.75;510;202;0;
1360;2025.05.26 17:15;4;49.5;49.9375;50.375;509;202;0;
1361;2025.05.26 17:30;4;48.9375;49.8125;49.625;507;202;0;
1362;2025.05.26 17:45;4;48;49.375;48.25;503;202;0;
1363;2025.05.26 18:00;4;47;48.625;46.8125;499;202;0;
1364;2025.05.26 18:15;4;45.9375;47.875;45.375;494;202;0;
1365;2025.05.26 18:30;4;44.875;46.875;44.125;489;202;0;
1366;2025.05.26 18:45;4;43.75;45.875;42.9375;484;202;0;
1367;2025.05.26 19:00;4;42.625;44.875;41.75;479;202;0;
1368;2025.05.26 19:15;4;41.625;43.875;40.75;475;202;0;
1369;2025.05.26 19:30;4;40.625;42.875;39.8125;470;202;0;
1370;2025.05.26 19:45;4;39.625;41.875;38.875;466;202;0;
1371;2025.05.26 20:00;4;38.75;40.875;38.0625;462;202;0;
1372;2025.05.26 20:15;4;37.875;40;37.1875;458;202;0;
1373;2025.05.26 20:30;4;36.9375;39;36.25;454;202;0;
1374;2025.05.26 20:45;4;36;38.125;35.375;450;202;0;
1375;2025.05.26 21:00;4;35.125;37.25;34.5;446;202;0;
1376;2025.05.26 21:15;4;34.375;36.375;33.75;443;202;0;
1377;2025.05.26 21:30;4;33.5625;35.5;33;439;202;0;
1378;2025.05.26 21:45;4;32.8125;34.75;32.25;436;202;0;
1379;2025.05.26 22:00;4;32.125;34;31.625;433;202;0;
1380;2025.05.26 22:15;4;31.4375;33.25;31;430;202;0;
1381;2025.05.26 22:30;4;30.875;32.5625;30.5;428;202;0;
1382;2025.05.26 22:45;4;30.25;31.9375;30;425;202;0;
1383;2025.05.26 23:00;4;29.75;31.375;29.5;423;202;0;
1384;2025.05.26 23:15;4;29.25;30.75;29.0625;421;202;0;
1385;2025.05.26 23:30;4;28.8125;30.25;28.625;419;202;0;
1386;2025.05.26 23:45;4;28.375;29.75;28.25;417;202;0;
1387;2025.05.27 00:00;4;28;29.3125;27.875;415;202;0;
1388;2025.05.27 00:15;4;27.625;28.875;27.625;414;202;0;
1389;2025.05.27 00:30;4;27.25;28.5;27.3125;412;202;0;
1390;2025.05.27 00:45;4;27;28.125;27;411;202;0;
1391;2025.05.27 01:00;4;26.75;27.875;26.8125;410;202;0;
1392;2025.05.27 01:15;4;26.625;27.5625;26.6875;409;202;0;
1393;2025.05.27 01:30;4;25.875;27;25.375;396;202;0;
1394;2025.05.27 01:45;4;24.875;26;23.625;400;202;0;
1395;2025.05.27 02:00;4;24.25;25.125;22.875;395;202;0;
1396;2025.05.27 02:15;4;23.5;24.375;22.3125;392;202;0;
1397;2025.05.27 02:30;4;23;23.75;22;389;202;0;
1398;2025.05.27 02:45;4;22.5625;23.1875;21.8125;388;202;0;
1399;2025.05.27 03:00;4;22.25;22.75;21.625;386;202;0;
1400;2025.05.27 03:15;4;22;22.5;21.5;385;202;0;
1401;2025.05.27 03:30;4;21.75;22.1875;21.3125;384;202;0;
1402;2025.05.27 03:45;4;21.5;21.9375;21.0625;381;202;0;
1403;2025.05.27 04:00;4;21.25;21.625;20.75;380;202;0;
1404;2025.05.27 04:15;4;21;21.375;20.5625;379;202;0;
1405;2025.05.27 04:30;4;20.75;21.1875;20.375;378;202;0;
1406;2025.05.27 04:45;4;20.625;21;20.25;378;202;0;
1407;2025.05.27 05:00;4;20.5;20.875;20.125;377;202;0;
1408;2025.05.27 05:15;4;20.375;20.6875;20;377;202;0;
1409;2025.05.27 05:30;4;20.25;20.5625;19.875;376;202;0;
1410;2025.05.27 05:45;4;20.125;20.4375;19.8125;376;202;0;
1411;2025.05.27 06:00;4;20;20.3125;19.6875;375;202;0;
1412;2025.05.27 06:15;4;19.875;20.1875;19.625;375;202;0;
1413;2025.05.27 06:30;4;19.8125;20.125;19.75;371;202;0;
1414;2025.05.27 06:45;4;19.75;20.0625;19.8125;371;202;0;
1415;2025.05.27 07:00;4;19.6875;20;19.8125;371;202;0;
1416;2025.05.27 07:15;4;19.625;19.9375;19.75;371;202;0;
1417;2025.05.27 07:30;4;19.625;19.875;19.75;371;202;0;
1418;2025.05.27 07:45;4;19.5;19.8125;19.625;370;202;0;
1419;2025.05.27 08:00;4;19.4375;19.75;19.5625;370;202;0;
1420;2025.05.27 08:15;4;19.375;19.6875;19.5;370;202;0;
1421;2025.05.27 08:30;4;19.3125;19.625;19.375;369;202;0;
1422;2025.05.27 08:45;4;19.25;19.5;19.375;369;202;0;
1423;2025.05.27 09:00;4;19.125;19.5;19.25;369;202;0;
1424;2025.05.27 09:15;4;19.125;19.375;19.1875;369;202;0;
1425;2025.05.27 09:30;4;19;19.3125;19.125;368;202;0;
1426;2025.05.27 09:45;4;19;19.25;19.0625;368;202;0;
1427;2025.05.27 10:00;4;18.875;19.1875;19;371;202;0;
1428;2025.05.27 10:15;4;18.75;19.125;18.875;370;202;0;
1429;2025.05.27 10:30;4;18.625;19;18.8125;370;202;0;
1430;2025.05.27 10:45;4;18.625;18.9375;18.75;370;202;0;
1431;2025.05.27 11:00;4;18.625;18.875;18.8125;369;202;0;
1432;2025.05.27 11:15;4;18.875;18.875;18.8125;370;202;0;
1433;2025.05.27 11:30;4;18.9375;19;19.125;372;202;0;
1434;2025.05.27 11:45;4;19.125;19.125;19.5;371;202;0;
1435;2025.05.27 12:00;4;19.25;19.3125;19.875;371;202;0;
1436;2025.05.27 12:15;4;19.4375;19.5;20.125;362;202;0;
1437;2025.05.27 12:30;4;19.75;19.75;20.375;378;202;0;
1438;2025.05.27 12:45;4;20.625;20.25;21.5;382;202;0;
1439;2025.05.27 13:00;4;21.125;20.8125;22.5;383;202;0;
1440;2025.05.27 13:15;4;21.75;21.375;23.1875;385;202;0;
1441;2025.05.27 13:30;4;23.0625;22.4375;25.0625;393;202;0;
1442;2025.05.27 13:45;4;24.125;23.625;27.5;397;202;0;
1443;2025.05.27 14:00;4;24.25;24.25;25.9375;392;202;0;
1444;2025.05.27 14:15;4;23.5;24;24;357;202;0;
1445;2025.05.27 14:30;-12;21.375;22.625;22.25;214;202;0;
1446;2025.05.27 14:45;-12;21.875;22.3125;21.875;276;202;0;
1447;2025.05.27 15:00;-12;21.875;22.25;21.8125;276;202;0;
1448;2025.05.27 15:15;-12;21.875;22.125;21.75;276;202;0;
1449;2025.05.27 15:30;-12;21.75;22;21.8125;275;202;0;
1450;2025.05.27 15:45;-12;21.75;22;21.75;275;202;0;
1451;2025.05.27 16:00;-12;21.75;22;21.75;275;202;0;
1452;2025.05.27 16:15;-12;21.75;21.9375;21.8125;275;202;0;
1453;2025.05.27 16:30;-12;21.8125;22;21.875;275;202;0;
1454;2025.05.27 16:45;-12;21.875;22.0625;21.9375;276;202;0;
1455;2025.05.27 17:00;-12;21.875;22.125;22.0625;276;202;0;
1456;2025.05.27 17:15;-12;22;22.125;22.125;276;202;0;
1457;2025.05.27 17:30;-12;21.875;22.0625;22.125;276;202;0;
1458;2025.05.27 17:45;-12;21.75;22;22.125;276;202;0;
1459;2025.05.27 18:00;-12;21.75;22;22.125;275;202;0;
1460;2025.05.27 18:15;-12;21.75;21.9375;22;275;202;0;
1461;2025.05.27 18:30;-12;21.6875;21.875;22;275;202;0;
1462;2025.05.27 18:45;-12;21.625;21.875;22;275;202;0;
1463;2025.05.27 19:00;-12;21.5625;21.875;21.875;275;202;0;
1464;2025.05.27 19:15;-12;21.625;21.875;22;275;202;0;
1465;2025.05.27 19:30;-12;21.75;21.875;22.125;276;202;0;
1466;2025.05.27 19:45;-12;21.875;22;22.375;276;202;0;
1467;2025.05.27 20:00;-12;22;22.125;22.5;277;202;0;
1468;2025.05.27 20:15;-12;22.0625;22.25;22.625;277;202;0;
1469;2025.05.27 20:30;-12;22.25;22.375;23;277;202;0;
1470;2025.05.27 20:45;-12;22.375;22.5;23.1875;278;202;0;
1471;2025.05.27 21:00;-12;22.375;22.625;23.125;278;202;0;
1472;2025.05.27 21:15;-12;22.4375;22.75;23.125;278;202;0;
1473;2025.05.27 21:30;-12;22.5;22.75;23.125;279;202;0;
1474;2025.05.27 21:45;-12;22.5;22.8125;23.0625;279;202;0;
1475;2025.05.27 22:00;-12;22.5;22.875;23;279;202;0;
1476;2025.05.27 22:15;-12;22.5625;22.875;23;279;202;0;
1477;2025.05.27 22:30;-12;22.5625;22.875;23;279;202;0;
1478;2025.05.27 22:45;-12;22.5625;22.875;23;279;202;0;
1479;2025.05.27 23:00;-12;22.625;22.875;23;279;202;0;
1480;2025.05.27 23:15;-12;22.625;22.875;23;279;202;0;
1481;2025.05.27 23:30;-12;22.625;22.875;23;279;202;0;
1482;2025.05.27 23:45;-12;22.625;22.875;23;279;202;0;
1483;2025.05.28 00:00;-12;22.625;22.875;23;280;202;0;
1484;2025.05.28 00:15;-12;22.625;22.875;23;280;202;0;
1485;2025.05.28 00:30;-12;22.625;22.875;23;280;202;0;
1486;2025.05.28 00:45;-12;22.625;22.875;23;280;202;0;
1487;2025.05.28 01:00;-12;22.625;22.9375;23;280;202;0;
1488;2025.05.28 01:15;-12;22.625;22.9375;23;280;202;0;
1489;2025.05.28 01:30;-12;22.625;22.9375;23;280;202;0;
1490;2025.05.28 01:45;-12;22.625;22.9375;23;280;202;0;
1491;2025.05.28 02:00;-12;22.625;22.9375;23;280;202;0;
1492;2025.05.28 02:15;-12;22.6875;23;23;280;202;0;
1493;2025.05.28 02:30;-12;22.625;23;23;280;202;0;
1494;2025.05.28 02:45;-12;22.6875;23;23;280;202;0;
1495;2025.05.28 03:00;-12;22.6875;23;23;280;202;0;
1496;2025.05.28 03:15;-12;22.6875;23;23;280;202;0;
1497;2025.05.28 03:30;-12;22.6875;23;23;280;202;0;
1498;2025.05.28 03:45;-12;22.6875;23;23;280;202;0;
1499;2025.05.28 04:00;-12;22.6875;23;23;280;202;0;
1500;2025.05.28 04:15;-12;22.6875;23;23;280;202;0;
1501;2025.05.28 04:30;-12;22.6875;23;23;281;202;0;
1502;2025.05.28 04:45;-12;22.6875;23;23;281;202;0;
1503;2025.05.28 05:00;-12;22.6875;23;23;281;202;0;
1504;2025.05.28 05:15;-12;22.6875;23;23;281;202;0;
1505;2025.05.28 05:30;-12;22.6875;23;23;281;202;0;
1506;2025.05.28 05:45;-12;22.6875;23;23;281;202;0;
1507;2025.05.28 06:00;-12;22.6875;23;23;281;202;0;
1508;2025.05.28 06:15;-12;22.625;23;23;281;202;0;
1509;2025.05.28 06:30;-12;22.625;23;23;281;202;0;
1510;2025.05.28 06:45;-12;22.625;23;23;281;202;0;
1511;2025.05.28 07:00;-12;22.625;23;23;281;202;0;
1512;2025.05.28 07:15;-12;22.625;23;23;281;202;0;
1513;2025.05.28 07:30;-12;22.625;22.9375;23;281;202;0;
1514;2025.05.28 07:45;-12;22.625;22.9375;23;281;202;0;
1515;2025.05.28 08:00;-12;22.625;22.9375;23;281;202;0;
1516;2025.05.28 08:15;-12;22.625;22.9375;23;281;202;0;
1517;2025.05.28 08:30;-12;22.625;22.9375;23;281;202;0;
1518;2025.05.28 08:45;-12;22.625;22.9375;23;281;202;0;
1519;2025.05.28 09:00;-12;22.625;22.875;22.9375;281;202;0;
1520;2025.05.28 09:15;-12;22.625;22.875;22.9375;281;202;0;
1521;2025.05.28 09:30;-12;22.625;22.875;22.9375;281;202;0;
1522;2025.05.28 09:45;-12;22.5625;22.875;22.875;281;202;0;
1523;2025.05.28 10:00;-12;22.5625;22.875;22.875;281;202;0;
1524;2025.05.28 10:15;-12;22.5625;22.875;22.875;281;202;0;
1525;2025.05.28 10:30;-12;22.5625;22.875;22.875;281;202;0;
1526;2025.05.28 10:45;-12;22.5;22.875;22.875;281;202;0;
1527;2025.05.28 11:00;-12;22.5;22.875;22.875;281;202;0;
1528;2025.05.28 11:15;-12;22.5;22.875;22.875;281;202;0;
1529;2025.05.28 11:30;-12;22.5;22.875;22.875;281;202;0;
1530;2025.05.28 11:45;-12;22.5;22.875;22.9375;281;202;0;
1531;2025.05.28 12:00;-12;22.5625;22.875;23;281;202;0;
1532;2025.05.28 12:15;-12;22.625;22.875;23;281;202;0;
1533;2025.05.28 12:30;-12;22.625;22.875;23.0625;281;202;0;
1534;2025.05.28 12:45;-12;22.625;22.9375;23.125;281;202;0;
1535;2025.05.28 13:00;-12;22.6875;22.9375;23.0625;282;202;0;
1536;2025.05.28 13:15;-12;22.6875;23;23.125;282;202;0;
1537;2025.05.28 13:30;-12;22.6875;23;23.0625;282;202;0;
1538;2025.05.28 13:45;-12;22.625;23;23;282;202;0;
1539;2025.05.28 14:00;-12;22.625;22.9375;23;282;202;0;
1540;2025.05.28 14:15;-12;22.625;23;23.0625;282;202;0;
1541;2025.05.28 14:30;-12;22.6875;23;23.125;282;202;0;
1542;2025.05.28 14:45;-12;22.75;23;23.125;282;202;0;
1543;2025.05.28 15:00;-12;22.75;23;23.25;282;202;0;
1544;2025.05.28 15:15;-12;22.8125;23.0625;23.25;282;202;0;
1545;2025.05.28 15:30;-12;22.8125;23.0625;23.25;282;202;0;
1546;2025.05.28 15:45;-12;22.75;23.125;23.125;282;202;0;
1547;2025.05.28 16:00;-12;22.75;23.0625;23.125;282;202;0;
1548;2025.05.28 16:15;-12;22.75;23.125;23.125;282;202;0;
1549;2025.05.28 16:30;-12;22.75;23.0625;23.125;282;202;0;
1550;2025.05.28 16:45;-12;22.75;23.0625;23.125;282;202;0;
1551;2025.05.28 17:00;-12;22.75;23;23.125;283;202;0;
1552;2025.05.28 17:15;-12;22.75;23;23.125;283;202;0;
1553;2025.05.28 17:30;-12;22.75;23.0625;23.3125;283;202;0;
1554;2025.05.28 17:45;-12;22.875;23.125;23.5;283;202;0;
1555;2025.05.28 18:00;-12;22.9375;23.25;23.625;283;202;0;
1556;2025.05.28 18:15;-12;23;23.25;23.75;284;202;0;
1557;2025.05.28 18:30;-12;23.125;23.375;23.875;284;202;0;
1558;2025.05.28 18:45;-12;23.125;23.4375;23.9375;285;202;0;
1559;2025.05.28 19:00;-12;23.25;23.5;24;285;202;0;
1560;2025.05.28 19:15;-12;23.25;23.5625;24.1875;285;202;0;
1561;2025.05.28 19:30;-12;23.25;23.625;24.5;285;202;0;
1562;2025.05.28 19:45;-12;23.3125;23.6875;24.6875;285;202;0;
1563;2025.05.28 20:00;-12;23.375;23.75;24.8125;285;202;0;
1564;2025.05.28 20:15;-12;23.375;23.9375;24.875;286;202;0;
1565;2025.05.28 20:30;-12;23.4375;24.125;24.9375;286;202;0;
1566;2025.05.28 20:45;-12;23.5;24.1875;24.9375;287;202;0;
1567;2025.05.28 21:00;-12;23.5;24.25;25;288;202;0;
1568;2025.05.28 21:15;-12;23.5;24.1875;24.9375;288;202;0;
1569;2025.05.28 21:30;-12;23.5625;24.125;24.9375;287;202;0;
1570;2025.05.28 21:45;-12;23.5625;24.125;25;287;202;0;
1571;2025.05.28 22:00;-12;23.5625;24.125;24.9375;287;202;0;
1572;2025.05.28 22:15;-12;23.625;24.125;24.875;288;202;0;
1573;2025.05.28 22:30;-12;23.625;24.125;24.875;281;202;0;
1574;2025.05.28 22:45;-12;24.4375;24.625;24.75;294;202;0;
1575;2025.05.28 23:00;-12;24.6875;25.125;25.1875;293;202;0;
1576;2025.05.28 23:15;-12;24.4375;25.125;24.5;293;202;0;
1577;2025.05.28 23:30;-12;24.25;25.125;24.125;293;202;0;
1578;2025.05.28 23:45;-12;24;24.875;23.625;292;202;0;
1579;2025.05.29 00:00;-12;23.625;24.625;23.1875;276;202;0;
1580;2025.05.29 00:15;-12;23.1875;24.1875;23.125;274;202;0;
1581;2025.05.29 00:30;-12;22.875;23.75;23;289;202;0;
1582;2025.05.29 00:45;-12;22.8125;23.5625;23;289;202;0;
1583;2025.05.29 01:00;-12;22.75;23.375;22.8125;288;202;0;
1584;2025.05.29 01:15;-12;22.625;23.125;22.6875;288;202;0;
1585;2025.05.29 01:30;-12;22.5;23;22.5625;287;202;0;
1586;2025.05.29 01:45;-12;22.5;22.9375;22.5;288;202;0;
1587;2025.05.29 02:00;-12;22.5;22.9375;22.625;288;202;0;
1588;2025.05.29 02:15;-12;22.5625;23;22.6875;288;202;0;
1589;2025.05.29 02:30;-12;22.5625;22.9375;22.6875;288;202;0;
1590;2025.05.29 02:45;-12;22.5;22.875;22.625;288;202;0;
1591;2025.05.29 03:00;-12;22.5;22.875;22.625;288;202;0;
1592;2025.05.29 03:15;-12;22.5;22.8125;22.625;288;202;0;
1593;2025.05.29 03:30;-12;22.4375;22.75;22.5625;287;202;0;
1594;2025.05.29 03:45;-12;22.375;22.6875;22.5;287;202;0;
1595;2025.05.29 04:00;-12;22.375;22.625;22.5;287;202;0;
1596;2025.05.29 04:15;-12;22.3125;22.625;22.5;287;202;0;
1597;2025.05.29 04:30;-12;22.25;22.5625;22.4375;287;202;0;
1598;2025.05.29 04:45;-12;22.25;22.5;22.375;287;202;0;
1599;2025.05.29 05:00;-12;22.25;22.5;22.375;287;202;0;
1600;2025.05.29 05:15;-12;22.1875;22.5;22.375;286;202;0;
1601;2025.05.29 05:30;-12;22.125;22.4375;22.3125;286;202;0;
1602;2025.05.29 05:45;-12;22.125;22.375;22.25;286;202;0;
1603;2025.05.29 06:00;-12;22.0625;22.375;22.25;286;202;0;
1604;2025.05.29 06:15;-12;22;22.3125;22.125;286;202;0;
1605;2025.05.29 06:30;-12;21.9375;22.25;22;286;202;0;
1606;2025.05.29 06:45;-12;21.875;22.25;22;286;202;0;
1607;2025.05.29 07:00;-12;21.8125;22.125;21.875;285;202;0;
1608;2025.05.29 07:15;-12;21.75;22.0625;21.8125;285;202;0;
1609;2025.05.29 07:30;-12;21.6875;22;21.75;285;202;0;
1610;2025.05.29 07:45;-12;21.625;21.9375;21.625;284;202;0;
1611;2025.05.29 08:00;-12;21.5;21.875;21.5625;284;202;0;
1612;2025.05.29 08:15;-12;21.4375;21.75;21.5;284;202;0;
1613;2025.05.29 08:30;-12;21.375;21.6875;21.375;284;202;0;
1614;2025.05.29 08:45;-12;21.25;21.625;21.25;283;202;0;
1615;2025.05.29 09:00;-12;21.1875;21.5;21.1875;283;202;0;
1616;2025.05.29 09:15;-12;21.125;21.4375;21.125;282;202;0;
1617;2025.05.29 09:30;-12;21;21.375;21;283;202;0;
1618;2025.05.29 09:45;-12;20.9375;21.25;21;283;202;0;
1619;2025.05.29 10:00;-12;20.875;21.1875;20.875;282;202;0;
1620;2025.05.29 10:15;-12;20.75;21.125;20.75;282;202;0;
1621;2025.05.29 10:30;-12;20.75;21;20.75;282;202;0;
1622;2025.05.29 10:45;-12;20.625;21;20.625;282;202;0;
1623;2025.05.29 11:00;-12;20.5625;20.875;20.625;281;202;0;
1624;2025.05.29 11:15;-12;20.5;20.8125;20.5;281;202;0;
1625;2025.05.29 11:30;-12;20.5;20.75;20.5;280;202;0;
1626;2025.05.29 11:45;-12;20.375;20.6875;20.375;280;202;0;
1627;2025.05.29 12:00;-12;20.25;20.625;20.25;280;202;0;
1628;2025.05.29 12:15;-12;20.125;20.5;20.0625;279;202;0;
1629;2025.05.29 12:30;-12;20;20.375;19.875;278;202;0;
1630;2025.05.29 12:45;-12;19.875;20.25;19.8125;278;202;0;
1631;2025.05.29 13:00;-12;19.75;20.125;19.75;278;202;0;
1632;2025.05.29 13:15;-12;19.75;20;19.75;277;202;0;
1633;2025.05.29 13:30;-12;19.75;20;19.8125;277;202;0;
1634;2025.05.29 13:45;-12;20.0625;20.25;20.625;277;202;0;
1635;2025.05.29 14:00;-12;20;20.375;20.375;277;202;0;
1636;2025.05.29 14:15;-12;20;20.375;20.25;276;202;0;
1637;2025.05.29 14:30;-12;19.875;20.25;20.125;276;202;0;
1638;2025.05.29 14:45;-12;19.75;20.25;20;276;202;0;
1639;2025.05.29 15:00;-12;19.6875;20.125;19.875;276;202;0;
1640;2025.05.29 15:15;-12;19.6875;20.125;19.9375;275;202;0;
1641;2025.05.29 15:30;-12;19.6875;20.0625;20;275;202;0;
1642;2025.05.29 15:45;-12;19.6875;20;20;285;202;0;
1643;2025.05.29 16:00;-12;20;20.125;20.375;287;202;0;
1644;2025.05.29 16:15;-12;20.1875;20.375;20.625;287;202;0;
1645;2025.05.29 16:30;-12;20.375;20.5;20.8125;285;202;0;
1646;2025.05.29 16:45;-12;20.5;20.625;21;285;202;0;
1647;2025.05.29 17:00;-12;20.625;20.875;21.125;286;202;0;
1648;2025.05.29 17:15;-12;20.75;20.9375;21.25;287;202;0;
1649;2025.05.29 17:30;-12;20.875;21.0625;21.3125;287;202;0;
1650;2025.05.29 17:45;-12;20.9375;21.125;21.375;287;202;0;
1651;2025.05.29 18:00;-12;21;21.25;21.4375;287;202;0;
1652;2025.05.29 18:15;-12;21.125;21.375;21.5;288;202;0;
1653;2025.05.29 18:30;-12;21.125;21.375;21.5;288;202;0;
1654;2025.05.29 18:45;-12;21.1875;21.5;21.5625;288;202;0;
1655;2025.05.29 19:00;-12;21.25;21.5;21.625;286;202;0;
1656;2025.05.29 19:15;-12;21.25;21.5;21.625;286;202;0;
1657;2025.05.29 19:30;-12;21.25;21.5625;21.5625;286;202;0;
1658;2025.05.29 19:45;-12;21.25;21.625;21.5;286;202;0;
1659;2025.05.29 20:00;-12;21.25;21.625;21.5;286;202;0;
1660;2025.05.29 20:15;-12;21.25;21.625;21.5;286;202;0;
1661;2025.05.29 20:30;-12;21.3125;21.625;21.5;286;202;0;
1662;2025.05.29 20:45;-12;21.375;21.625;21.5625;287;202;0;
1663;2025.05.29 21:00;-12;21.375;21.625;21.625;287;202;0;
1664;2025.05.29 21:15;-12;21.4375;21.6875;21.625;286;202;0;
1665;2025.05.29 21:30;-12;21.5;21.75;21.6875;290;202;0;
1666;2025.05.29 21:45;-12;21.625;21.75;21.75;285;202;0;
1667;2025.05.29 22:00;-12;21.6875;21.75;21.75;291;202;0;
1668;2025.05.29 22:15;-12;21.6875;21.8125;21.625;291;202;0;
1669;2025.05.29 22:30;-12;21.6875;21.8125;21.5;291;202;0;
1670;2025.05.29 22:45;-12;21.625;21.75;21.5;291;202;0;
1671;2025.05.29 23:00;-12;21.375;21.625;21;284;202;0;
1672;2025.05.29 23:15;-12;21.3125;21.625;21.1875;283;202;0;
1673;2025.05.29 23:30;-12;20.9375;21.4375;20.6875;283;202;0;
1674;2025.05.29 23:45;-12;20.6875;21.1875;20.1875;285;202;0;
1675;2025.05.30 00:00;-12;20.625;21;20.125;285;202;0;
1676;2025.05.30 00:15;-12;20.5625;20.9375;20.0625;287;202;0;
1677;2025.05.30 00:30;-12;20.375;20.8125;19.875;270;202;0;
1678;2025.05.30 00:45;-12;20.3125;20.6875;20;269;202;0;
1679;2025.05.30 01:00;-12;20.25;20.625;20;269;202;0;
1680;2025.05.30 01:15;-12;20.25;20.5;20.125;269;202;0;
1681;2025.05.30 01:30;-12;20.125;20.5;20.125;269;202;0;
1682;2025.05.30 01:45;-12;20.0625;20.375;20;269;202;0;
1683;2025.05.30 02:00;-12;20;20.3125;19.875;267;202;0;
1684;2025.05.30 02:15;-12;20;20.25;19.875;267;202;0;
1685;2025.05.30 02:30;-12;20;20.25;20;267;202;0;
1686;2025.05.30 02:45;-12;20.0625;20.25;20.125;267;202;0;
1687;2025.05.30 03:00;-12;20;20.25;20.0625;266;202;0;
1688;2025.05.30 03:15;-12;19.875;20.1875;19.875;266;202;0;
1689;2025.05.30 03:30;-12;19.75;20.0625;19.625;265;202;0;
1690;2025.05.30 03:45;-12;19.5625;19.9375;19.375;264;202;0;
1691;2025.05.30 04:00;-12;19.5;19.875;19.25;264;202;0;
1692;2025.05.30 04:15;-12;19.4375;19.75;19.25;264;202;0;
1693;2025.05.30 04:30;-12;19.5;19.75;19.375;264;202;0;
1694;2025.05.30 04:45;-12;19.5;19.75;19.375;264;202;0;
1695;2025.05.30 05:00;-12;19.5;19.6875;19.375;263;202;0;
1696;2025.05.30 05:15;-12;19.5;19.75;19.5;263;202;0;
1697;2025.05.30 05:30;-12;19.625;19.75;19.625;263;202;0;
1698;2025.05.30 05:45;-12;19.75;19.8125;19.8125;263;202;0;
1699;2025.05.30 06:00;-12;19.875;19.9375;20;263;202;0;
1700;2025.05.30 06:15;-12;20;20;20.25;271;202;0;
1701;2025.05.30 06:30;-12;20.125;20.125;20.375;271;202;0;
1702;2025.05.30 06:45;-12;20.25;20.25;20.5;272;202;0;
1703;2025.05.30 07:00;-12;20.3125;20.375;20.5;272;202;0;
1704;2025.05.30 07:15;-12;20.25;20.375;20.375;272;202;0;
1705;2025.05.30 07:30;-12;20.3125;20.4375;20.25;272;202;0;
1706;2025.05.30 07:45;-12;20.4375;20.5;20.375;273;202;0;
1707;2025.05.30 08:00;-12;20.5625;20.5625;20.625;274;202;0;
1708;2025.05.30 08:15;-12;20.75;20.6875;20.875;274;202;0;
1709;2025.05.30 08:30;-12;20.875;20.875;21.125;275;202;0;
1710;2025.05.30 08:45;-12;21.0625;21;21.3125;276;202;0;
1711;2025.05.30 09:00;-12;21.125;21.125;21.375;276;202;0;
1712;2025.05.30 09:15;-12;21.25;21.1875;21.375;276;202;0;
1713;2025.05.30 09:30;-12;21.375;21.25;21.4375;277;202;0;
1714;2025.05.30 09:45;-12;21.5;21.375;21.625;277;202;0;
1715;2025.05.30 10:00;-12;21.5625;21.5;21.75;278;202;0;
1716;2025.05.30 10:15;-12;21.625;21.625;21.75;278;202;0;
1717;2025.05.30 10:30;-12;21.625;21.625;21.5625;279;202;0;
1718;2025.05.30 10:45;-12;21.625;21.625;21.5;279;202;0;
1719;2025.05.30 11:00;-12;21.6875;21.6875;21.625;279;202;0;
1720;2025.05.30 11:15;-12;21.8125;21.75;21.75;280;202;0;
1721;2025.05.30 11:30;-12;21.875;21.875;21.875;280;202;0;
1722;2025.05.30 11:45;-12;22;21.9375;22.0625;281;202;0;
1723;2025.05.30 12:00;-12;22;22;22;299;202;0;
1724;2025.05.30 12:15;-12;21.8125;21.9375;21.5;290;202;0;
1725;2025.05.30 12:30;-12;21.75;21.9375;21.625;290;202;0;
1726;2025.05.30 12:45;-12;21.375;21.6875;21.125;289;202;0;
1727;2025.05.30 13:00;-12;21.25;21.5;20.875;288;202;0;
1728;2025.05.30 13:15;-12;21.125;21.375;20.75;289;202;0;
1729;2025.05.30 13:30;-12;21;21.25;20.75;292;202;0;
1730;2025.05.30 13:45;-12;20.875;21.125;20.6875;291;202;0;
1731;2025.05.30 14:00;-12;20.75;21;20.625;291;202;0;
1732;2025.05.30 14:15;-12;20.6875;20.9375;20.5625;291;202;0;
1733;2025.05.30 14:30;-12;20.625;20.875;20.5;290;202;0;
1734;2025.05.30 14:45;-12;20.5;20.75;20.5;290;202;0;
1735;2025.05.30 15:00;-12;20.5;20.75;20.4375;290;202;0;
1736;2025.05.30 15:15;-12;20.4375;20.6875;20.4375;290;202;0;
1737;2025.05.30 15:30;-12;20.375;20.625;20.375;290;202;0;
1738;2025.05.30 15:45;-12;20.375;20.625;20.375;289;202;0;
1739;2025.05.30 16:00;-12;20.3125;20.5;20.375;289;202;0;
1740;2025.05.30 16:15;-12;20.25;20.5;20.375;289;202;0;
1741;2025.05.30 16:30;-12;20.25;20.5;20.375;289;202;0;
1742;2025.05.30 16:45;-12;20.25;20.5;20.375;289;202;0;
1743;2025.05.30 17:00;-12;20.25;20.5;20.375;289;202;0;
1744;2025.05.30 17:15;-12;20.25;20.4375;20.375;289;202;0;
1745;2025.05.30 17:30;-12;20.25;20.4375;20.375;289;202;0;
1746;2025.05.30 17:45;-12;20.25;20.4375;20.375;289;202;0;
1747;2025.05.30 18:00;-12;20.25;20.4375;20.4375;288;202;0;
1748;2025.05.30 18:15;-12;20.25;20.4375;20.5;289;202;0;
1749;2025.05.30 18:30;-12;20.25;20.5;20.5;289;202;0;
1750;2025.05.30 18:45;-12;20.3125;20.5;20.5625;289;202;0;
1751;2025.05.30 19:00;-12;20.375;20.5;20.625;289;202;0;
1752;2025.05.30 19:15;-12;20.375;20.5625;20.6875;290;202;0;
1753;2025.05.30 19:30;-12;20.4375;20.625;20.75;290;202;0;
1754;2025.05.30 19:45;-12;20.5;20.625;20.75;290;202;0;
1755;2025.05.30 20:00;-12;20.5;20.6875;20.875;290;202;0;
1756;2025.05.30 20:15;-12;20.5625;20.75;20.875;290;202;0;
1757;2025.05.30 20:30;-12;20.625;20.75;20.9375;290;202;0;
1758;2025.05.30 20:45;-12;20.625;20.8125;21;291;202;0;
1759;2025.05.30 21:00;-12;20.75;20.875;21;291;202;0;
1760;2025.05.30 21:15;-12;20.75;20.875;21.125;291;202;0;
1761;2025.05.30 21:30;-12;20.8125;21;21.125;291;202;0;
1762;2025.05.30 21:45;-12;20.875;21;21.25;285;202;0;
1763;2025.05.30 22:00;-12;21.0625;21.125;21.4375;287;202;0;
1764;2025.05.30 22:15;-12;21.1875;21.25;21.5;287;202;0;
1765;2025.05.30 22:30;-12;21.25;21.375;21.5625;288;202;0;
1766;2025.05.30 22:45;-12;21.375;21.375;21.625;288;202;0;
1767;2025.05.30 23:00;-12;21.375;21.5;21.625;288;202;0;
1768;2025.05.30 23:15;-12;21.5;21.5625;21.625;289;202;0;
1769;2025.05.30 23:30;-12;21.5;21.625;21.6875;289;202;0;
1770;2025.05.30 23:45;-12;21.5;21.625;21.75;289;202;0;
1771;2025.05.31 00:00;-12;21.5625;21.6875;21.75;289;202;0;
1772;2025.05.31 00:15;-12;21.625;21.75;21.75;289;202;0;
1773;2025.05.31 00:30;-12;21.625;21.75;21.75;289;202;0;
1774;2025.05.31 00:45;-12;21.625;21.75;21.8125;290;202;0;
1775;2025.05.31 01:00;-12;21.625;21.8125;21.8125;290;202;0;
1776;2025.05.31 01:15;-12;21.625;21.8125;21.8125;290;202;0;
1777;2025.05.31 01:30;-12;21.625;21.875;21.875;291;202;0;
1778;2025.05.31 01:45;-12;21.625;21.875;21.875;291;202;0;
1779;2025.05.31 02:00;-12;21.625;21.875;21.875;291;202;0;
1780;2025.05.31 02:15;-12;21.625;21.875;22;291;202;0;
1781;2025.05.31 02:30;-12;21.6875;21.875;22;291;202;0;
1782;2025.05.31 02:45;-12;21.75;21.9375;22;291;202;0;
1783;2025.05.31 03:00;-12;21.75;21.9375;22;291;202;0;
1784;2025.05.31 03:15;-12;21.75;22;22.0625;292;202;0;
1785;2025.05.31 03:30;-12;21.75;22;22.125;292;202;0;
1786;2025.05.31 03:45;-12;21.75;22;22.125;292;202;0;
1787;2025.05.31 04:00;-12;21.75;22;22.125;292;202;0;
1788;2025.05.31 04:15;-12;21.75;22;22.125;292;202;0;
1789;2025.05.31 04:30;-12;21.8125;22.0625;22.125;292;202;0;
1790;2025.05.31 04:45;-12;21.8125;22.125;22.125;292;202;0;
1791;2025.05.31 05:00;-12;21.8125;22.125;22.1875;292;202;0;
1792;2025.05.31 05:15;-12;21.8125;22.125;22.1875;292;202;0;
1793;2025.05.31 05:30;-12;21.875;22.125;22.25;292;202;0;
1794;2025.05.31 05:45;-12;21.875;22.125;22.25;292;202;0;
1795;2025.05.31 06:00;-12;21.875;22.125;22.25;292;202;0;
1796;2025.05.31 06:15;-12;21.875;22.125;22.25;293;202;0;
1797;2025.05.31 06:30;-12;21.875;22.125;22.25;293;202;0;
1798;2025.05.31 06:45;-12;21.875;22.1875;22.25;293;202;0;
1799;2025.05.31 07:00;-12;21.875;22.1875;22.25;293;202;0;
1800;2025.05.31 07:15;-12;21.875;22.1875;22.25;293;202;0;
1801;2025.05.31 07:30;-12;21.875;22.1875;22.25;293;202;0;
1802;2025.05.31 07:45;-12;21.875;22.1875;22.25;293;202;0;
1803;2025.05.31 08:00;-12;21.875;22.1875;22.25;293;202;0;
1804;2025.05.31 08:15;-12;21.875;22.1875;22.25;293;202;0;
1805;2025.05.31 08:30;-12;21.875;22.1875;22.25;293;202;0;
1806;2025.05.31 08:45;-12;21.875;22.1875;22.25;293;202;0;
1807;2025.05.31 09:00;-12;21.875;22.1875;22.1875;293;202;0;
1808;2025.05.31 09:15;-12;21.8125;22.1875;22.1875;293;202;0;
1809;2025.05.31 09:30;-12;21.8125;22.125;22.125;293;202;0;
1810;2025.05.31 09:45;-12;21.75;22.125;22.125;293;202;0;
1811;2025.05.31 10:00;-12;21.75;22.125;22.125;293;202;0;
1812;2025.05.31 10:15;-12;21.75;22.125;22.125;293;202;0;
1813;2025.05.31 10:30;-12;21.75;22.125;22.125;293;202;0;
1814;2025.05.31 10:45;-12;21.75;22.125;22.0625;293;202;0;
1815;2025.05.31 11:00;-12;21.75;22.0625;22.0625;296;202;0;
1816;2025.05.31 11:15;-12;21.6875;22.0625;22;295;202;0;
1817;2025.05.31 11:30;-12;21.6875;22;22;295;202;0;
1818;2025.05.31 11:45;-12;21.625;22;22;296;202;0;
1819;2025.05.31 12:00;-12;21.625;22;22;296;202;0;
1820;2025.05.31 12:15;-12;21.625;22;21.9375;296;202;0;
1821;2025.05.31 12:30;-12;21.625;22;21.875;296;202;0;
1822;2025.05.31 12:45;-12;21.5;21.9375;21.875;296;202;0;
1823;2025.05.31 13:00;-12;21.5;21.875;21.875;296;202;0;
1824;2025.05.31 13:15;-12;21.5;21.875;21.8125;296;202;0;
1825;2025.05.31 13:30;-12;21.5;21.875;21.75;296;202;0;
1826;2025.05.31 13:45;-12;21.4375;21.875;21.75;296;202;0;
1827;2025.05.31 14:00;-12;21.4375;21.875;21.75;296;202;0;
1828;2025.05.31 14:15;-12;21.4375;21.8125;21.75;296;202;0;
1829;2025.05.31 14:30;-12;21.4375;21.75;21.75;296;202;0;
1830;2025.05.31 14:45;-12;21.4375;21.75;21.75;296;202;0;
1831;2025.05.31 15:00;-12;21.4375;21.75;21.75;296;202;0;
1832;2025.05.31 15:15;-12;21.4375;21.75;21.75;296;202;0;
1833;2025.05.31 15:30;-12;21.5;21.75;21.75;296;202;0;
1834;2025.05.31 15:45;-12;21.5;21.75;21.8125;296;202;0;
1835;2025.05.31 16:00;-12;21.5;21.75;21.8125;296;202;0;
1836;2025.05.31 16:15;-12;21.5;21.75;21.875;296;202;0;
1837;2025.05.31 16:30;-12;21.5625;21.8125;21.875;296;202;0;
1838;2025.05.31 16:45;-12;21.625;21.8125;21.875;296;202;0;
1839;2025.05.31 17:00;-12;21.625;21.875;21.9375;297;202;0;
1840;2025.05.31 17:15;-12;21.6875;21.875;22;297;202;0;
1841;2025.05.31 17:30;-12;21.75;21.875;22;297;202;0;
1842;2025.05.31 17:45;-12;21.75;21.9375;22;297;202;0;
1843;2025.05.31 18:00;-12;21.8125;22;22.0625;297;202;0;
1844;2025.05.31 18:15;-12;21.875;22;22.125;298;202;0;
1845;2025.05.31 18:30;-12;21.875;22;22.125;298;202;0;
1846;2025.05.31 18:45;-12;22;22.0625;22.1875;298;202;0;
1847;2025.05.31 19:00;-12;22;22.125;22.25;298;202;0;
1848;2025.05.31 19:15;-12;22.125;22.125;22.25;299;202;0;
1849;2025.05.31 19:30;-12;22.125;22.25;22.375;299;202;0;
1850;2025.05.31 19:45;-12;22.1875;22.25;22.375;299;202;0;
1851;2025.05.31 20:00;-12;22.25;22.25;22.4375;299;202;0;
1852;2025.05.31 20:15;-12;22.25;22.375;22.5;299;202;0;
1853;2025.05.31 20:30;-12;22.375;22.375;22.5;300;202;0;
1854;2025.05.31 20:45;-12;22.375;22.4375;22.625;300;202;0;
1855;2025.05.31 21:00;-12;22.4375;22.5;22.625;300;202;0;
1856;2025.05.31 21:15;-12;22.5;22.5;22.6875;300;202;0;
1857;2025.05.31 21:30;-12;22.5;22.5625;22.75;301;202;0;
1858;2025.05.31 21:45;-12;22.625;22.625;22.75;301;202;0;
1859;2025.05.31 22:00;-12;22.625;22.6875;22.8125;301;202;0;
1860;2025.05.31 22:15;-12;22.625;22.75;22.875;301;202;0;
1861;2025.05.31 22:30;-12;22.75;22.75;22.875;302;202;0;
1862;2025.05.31 22:45;-12;22.75;22.8125;22.9375;302;202;0;
1863;2025.05.31 23:00;-12;22.75;22.875;23;302;202;0;
1864;2025.05.31 23:15;-12;22.8125;22.875;23;302;202;0;
1865;2025.05.31 23:30;-12;22.875;22.9375;23.0625;302;202;0;
1866;2025.05.31 23:45;-12;22.875;23;23.125;302;202;0;
1867;2025.06.01 00:00;-12;22.875;23;23.125;303;202;0;
1868;2025.06.01 00:15;-12;22.9375;23;23.125;303;202;0;
1869;2025.06.01 00:30;-12;22.9375;23.0625;23.125;303;202;0;
1870;2025.06.01 00:45;-12;23;23.125;23.1875;303;202;0;
1871;2025.06.01 01:00;-12;23;23.125;23.25;303;202;0;
1872;2025.06.01 01:15;-12;23;23.125;23.25;303;202;0;
1873;2025.06.01 01:30;-12;23;23.125;23.25;303;202;0;
1874;2025.06.01 01:45;-12;23;23.1875;23.25;303;202;0;
1875;2025.06.01 02:00;-12;23;23.1875;23.25;303;202;0;
1876;2025.06.01 02:15;-12;23;23.25;23.25;303;202;0;
1877;2025.06.01 02:30;-12;23;23.25;23.25;304;202;0;
1878;2025.06.01 02:45;-12;23;23.25;23.3125;304;202;0;
1879;2025.06.01 03:00;-12;23;23.25;23.3125;304;202;0;
1880;2025.06.01 03:15;-12;23;23.25;23.3125;304;202;0;
1881;2025.06.01 03:30;-12;23;23.25;23.375;304;202;0;
1882;2025.06.01 03:45;-12;23;23.25;23.375;304;202;0;
1883;2025.06.01 04:00;-12;23;23.25;23.375;304;202;0;
1884;2025.06.01 04:15;-12;23;23.25;23.375;304;202;0;
1885;2025.06.01 04:30;-12;23.0625;23.3125;23.375;305;202;0;
1886;2025.06.01 04:45;-12;23.0625;23.3125;23.375;305;202;0;
1887;2025.06.01 05:00;-12;23.0625;23.3125;23.375;305;202;0;
1888;2025.06.01 05:15;-12;23.0625;23.375;23.375;305;202;0;
1889;2025.06.01 05:30;-12;23.0625;23.375;23.4375;305;202;0;
1890;2025.06.01 05:45;-12;23.0625;23.375;23.4375;305;202;0;
1891;2025.06.01 06:00;-12;23.125;23.375;23.4375;305;202;0;
1892;2025.06.01 06:15;-12;23.125;23.375;23.5;305;202;0;
1893;2025.06.01 06:30;-12;23.125;23.375;23.5;305;202;0;
1894;2025.06.01 06:45;-12;23.125;23.375;23.5;305;202;0;
1895;2025.06.01 07:00;-12;23.125;23.375;23.5;305;202;0;
1896;2025.06.01 07:15;-12;23.0625;23.375;23.5;305;202;0;
1897;2025.06.01 07:30;-12;23.0625;23.375;23.5;305;202;0;
1898;2025.06.01 07:45;-12;23.0625;23.375;23.5;305;202;0;
1899;2025.06.01 08:00;-12;23.0625;23.375;23.5;305;202;0;
1900;2025.06.01 08:15;-12;23.0625;23.375;23.5;305;202;0;
1901;2025.06.01 08:30;-12;23.0625;23.375;23.5;305;202;0;
1902;2025.06.01 08:45;-12;23.0625;23.375;23.5;305;202;0;
1903;2025.06.01 09:00;-12;23.0625;23.375;23.5;305;202;0;
1904;2025.06.01 09:15;-12;23;23.375;23.4375;305;202;0;
1905;2025.06.01 09:30;-12;23;23.375;23.4375;305;202;0;
1906;2025.06.01 09:45;-12;23;23.375;23.4375;305;202;0;
1907;2025.06.01 10:00;-12;23;23.375;23.4375;305;202;0;
1908;2025.06.01 10:15;-12;23;23.375;23.375;305;202;0;
1909;2025.06.01 10:30;-12;23;23.375;23.375;305;202;0;
1910;2025.06.01 10:45;-12;23;23.375;23.375;305;202;0;
1911;2025.06.01 11:00;-12;23;23.375;23.375;305;202;0;
1912;2025.06.01 11:15;-12;23;23.375;23.375;305;202;0;
1913;2025.06.01 11:30;-12;22.9375;23.3125;23.375;305;202;0;
1914;2025.06.01 11:45;-12;22.9375;23.3125;23.375;305;202;0;
1915;2025.06.01 12:00;-12;22.9375;23.25;23.3125;304;202;0;
1916;2025.06.01 12:15;-12;22.9375;23.25;23.3125;307;202;0;
1917;2025.06.01 12:30;-12;22.9375;23.3125;23.25;307;202;0;
1918;2025.06.01 12:45;-12;22.9375;23.25;23.25;307;202;0;
1919;2025.06.01 13:00;-12;23.5;23.5;23.75;296;202;0;
1920;2025.06.01 13:15;-12;23.375;23.625;23.875;297;202;0;
1921;2025.06.01 13:30;-12;23.3125;23.5625;23.75;305;202;0;
1922;2025.06.01 13:45;-12;23.375;23.625;23.75;306;202;0;
1923;2025.06.01 14:00;-12;23.5;23.75;23.75;307;202;0;
1924;2025.06.01 14:15;-12;23.6875;23.875;23.875;309;202;0;
1925;2025.06.01 14:30;-12;23.8125;24;24;310;202;0;
1926;2025.06.01 14:45;-12;23.875;24.0625;24.0625;311;202;0;
1927;2025.06.01 15:00;-12;24;24.125;24.25;313;202;0;
1928;2025.06.01 15:15;-12;24.125;24.25;24.3125;314;202;0;
1929;2025.06.01 15:30;-12;24.125;24.3125;24.375;314;202;0;
1930;2025.06.01 15:45;-12;24.25;24.4375;24.5;315;202;0;
1931;2025.06.01 16:00;-12;24.375;24.5;24.625;297;202;0;
1932;2025.06.01 16:15;-12;24.75;24.75;25.1875;301;202;0;
1933;2025.06.01 16:30;-12;24.9375;24.9375;25.75;303;202;0;
1934;2025.06.01 16:45;-12;25.1875;25.125;26.125;303;202;0;
1935;2025.06.01 17:00;-12;25.4375;25.375;26.5;303;202;0;
1936;2025.06.01 17:15;-12;25.75;25.75;26.9375;304;202;0;
1937;2025.06.01 17:30;-12;26;26;27.25;306;202;0;
1938;2025.06.01 17:45;-12;26.25;26.25;27.4375;321;202;0;
1939;2025.06.01 18:00;-12;26.875;26.6875;28.25;318;202;0;
1940;2025.06.01 18:15;-12;26.5;26.625;27.1875;318;202;0;
1941;2025.06.01 18:30;-12;25.9375;26.375;26;316;202;0;
1942;2025.06.01 18:45;-12;25.5;26;25.3125;314;202;0;
1943;2025.06.01 19:00;-12;25.0625;25.75;24.875;313;202;0;
1944;2025.06.01 19:15;-12;24.75;25.375;24.625;312;202;0;
1945;2025.06.01 19:30;-12;24.5;25.125;24.375;311;202;0;
1946;2025.06.01 19:45;-12;24.1875;24.875;24.25;307;202;0;
1947;2025.06.01 20:00;-12;23.9375;24.625;24.125;314;202;0;
1948;2025.06.01 20:15;-12;23.75;24.375;24;312;202;0;
1949;2025.06.01 20:30;-12;23.625;24.25;23.875;311;202;0;
1950;2025.06.01 20:45;-12;23.5;24.125;23.75;311;202;0;
1951;2025.06.01 21:00;-12;23.375;23.9375;23.6875;310;202;0;
1952;2025.06.01 21:15;-12;23.3125;23.875;23.625;309;202;0;
1953;2025.06.01 21:30;-12;23.25;23.75;23.5625;310;202;0;
1954;2025.06.01 21:45;-12;23.1875;23.625;23.5;310;202;0;
1955;2025.06.01 22:00;-12;23.125;23.625;23.4375;310;202;0;
1956;2025.06.01 22:15;-12;23.0625;23.5;23.375;310;202;0;
1957;2025.06.01 22:30;-12;23;23.5;23.375;310;202;0;
1958;2025.06.01 22:45;-12;23;23.375;23.375;309;202;0;
1959;2025.06.01 23:00;-12;23;23.375;23.375;306;202;0;
1960;2025.06.01 23:15;-12;23.0625;23.4375;23.375;307;202;0;
1961;2025.06.01 23:30;-12;23.5;23.9375;24.75;309;202;0;
1962;2025.06.01 23:45;-12;24;24.25;25.125;300;202;0;
1963;2025.06.02 00:00;-12;24.25;24.5;25.375;300;202;0;
1964;2025.06.02 00:15;-12;24.5;24.6875;25.5;302;202;0;
1965;2025.06.02 00:30;-12;24.6875;24.875;25.5;302;202;0;
1966;2025.06.02 00:45;-12;24.875;25;25.625;303;202;0;
1967;2025.06.02 01:00;-12;25;25.125;25.625;304;202;0;
1968;2025.06.02 01:15;-12;25.125;25.3125;25.75;305;202;0;
1969;2025.06.02 01:30;-12;25.25;25.375;25.75;306;202;0;
1970;2025.06.02 01:45;-12;25.375;25.5;25.8125;306;202;0;
1971;2025.06.02 02:00;-12;25.5;25.625;25.875;306;202;0;
1972;2025.06.02 02:15;-12;25.5;25.6875;25.875;307;202;0;
1973;2025.06.02 02:30;-12;25.625;25.75;26;308;202;0;
1974;2025.06.02 02:45;-12;25.625;25.8125;26;309;202;0;
1975;2025.06.02 03:00;-12;25.625;25.875;26;309;202;0;
1976;2025.06.02 03:15;-12;25.75;25.875;26;309;202;0;
1977;2025.06.02 03:30;-12;25.75;25.9375;26.0625;309;202;0;
1978;2025.06.02 03:45;-12;25.75;26;26.125;309;202;0;
1979;2025.06.02 04:00;-12;25.75;26;26.125;310;202;0;
1980;2025.06.02 04:15;-12;25.8125;26;26.125;311;202;0;
1981;2025.06.02 04:30;-12;25.8125;26;26.1875;310;202;0;
1982;2025.06.02 04:45;-12;25.75;26;26.1875;310;202;0;
1983;2025.06.02 05:00;-12;25.75;26;26.125;311;202;0;
1984;2025.06.02 05:15;-12;25.75;26;26.125;310;202;0;
1985;2025.06.02 05:30;-12;25.75;26;26.1875;311;202;0;
1986;2025.06.02 05:45;-12;25.75;26;26.1875;311;202;0;
1987;2025.06.02 06:00;-12;25.75;26;26.1875;311;202;0;
1988;2025.06.02 06:15;-12;25.75;26;26.1875;312;202;0;
1989;2025.06.02 06:30;-12;25.75;26;26.1875;312;202;0;
1990;2025.06.02 06:45;-12;25.75;26;26.125;312;202;0;
1991;2025.06.02 07:00;-12;25.75;26;26.125;312;202;0;
1992;2025.06.02 07:15;-12;25.75;26;26.125;312;202;0;
1993;2025.06.02 07:30;-12;25.6875;26;26.125;312;202;0;
1994;2025.06.02 07:45;-12;25.625;26;26.0625;311;202;0;
1995;2025.06.02 08:00;-12;25.625;26;26;312;202;0;
1996;2025.06.02 08:15;-12;25.625;26;26;311;202;0;
1997;2025.06.02 08:30;-12;25.5625;26;26;311;202;0;
1998;2025.06.02 08:45;-12;25.5;25.9375;25.9375;311;202;0;
1999;2025.06.02 09:00;-12;25.5;25.875;25.875;310;202;0;
2000;2025.06.02 09:15;-12;25.5;25.875;25.875;309;202;0;
2001;2025.06.02 09:30;-12;25.375;25.875;25.75;317;202;0;
2002;2025.06.02 09:45;-12;24.6875;25.375;24.5625;320;202;0;
2003;2025.06.02 10:00;-12;24.375;25.125;23.875;319;202;0;
2004;2025.06.02 10:15;-12;23.875;24.6875;23.375;304;202;0;
2005;2025.06.02 10:30;-12;23.375;24.25;23;302;202;0;
2006;2025.06.02 10:45;-12;23;23.8125;22.75;300;202;0;
2007;2025.06.02 11:00;-12;22.75;23.4375;22.5;299;202;0;
2008;2025.06.02 11:15;-12;22.5;23.125;22.375;298;202;0;
2009;2025.06.02 11:30;-12;22.3125;22.9375;22.25;297;202;0;
2010;2025.06.02 11:45;-12;22.3125;22.8125;22.3125;302;202;0;
2011;2025.06.02 12:00;-12;22.25;22.75;22.25;301;202;0;
2012;2025.06.02 12:15;-12;22.125;22.625;22.1875;300;202;0;
2013;2025.06.02 12:30;-12;22;22.5;22.125;300;202;0;
2014;2025.06.02 12:45;-12;22;22.375;22.0625;299;202;0;
2015;2025.06.02 13:00;-12;21.9375;22.3125;22;297;202;0;
2016;2025.06.02 13:15;-12;22.125;22.375;22.375;301;202;0;
2017;2025.06.02 13:30;-12;22.25;22.5;22.625;301;202;0;
2018;2025.06.02 13:45;-12;22.375;22.625;22.75;300;202;0;
2019;2025.06.02 14:00;-12;22.5625;22.75;23;302;202;0;
2020;2025.06.02 14:15;-12;22.6875;23;23.1875;302;202;0;
2021;2025.06.02 14:30;-12;22.875;23.125;23.375;303;202;0;
2022;2025.06.02 14:45;-12;23;23.25;23.5625;304;202;0;
2023;2025.06.02 15:00;-12;23.125;23.5;23.8125;304;202;0;
2024;2025.06.02 15:15;-12;23.3125;23.625;24;305;202;0;
2025;2025.06.02 15:30;-12;23.5;23.75;24.1875;306;202;0;
2026;2025.06.02 15:45;-12;23.625;23.875;24.375;307;202;0;
2027;2025.06.02 16:00;-12;23.8125;24.125;24.625;308;202;0;
2028;2025.06.02 16:15;-12;24;24.25;24.8125;308;202;0;
2029;2025.06.02 16:30;-12;24.125;24.4375;24.875;309;202;0;
2030;2025.06.02 16:45;-12;24.25;24.625;24.9375;310;202;0;
2031;2025.06.02 17:00;-12;24.375;24.75;25;311;202;0;
2032;2025.06.02 17:15;-12;24.625;24.875;25.3125;311;202;0;
2033;2025.06.02 17:30;-12;24.8125;25.0625;25.625;312;202;0;
2034;2025.06.02 17:45;-12;25;25.25;25.875;313;202;0;
2035;2025.06.02 18:00;-12;25.25;25.4375;26.125;314;202;0;
2036;2025.06.02 18:15;-12;25.5;25.625;26.5;315;202;0;
2037;2025.06.02 18:30;-12;25.75;25.875;26.75;316;202;0;
2038;2025.06.02 18:45;-12;26;26.0625;27.125;317;202;0;
2039;2025.06.02 19:00;-12;26.25;26.25;27.375;318;202;0;
2040;2025.06.02 19:15;-12;26.5625;26.5;27.625;319;202;0;
2041;2025.06.02 19:30;-12;26.8125;26.75;27.875;320;202;0;
2042;2025.06.02 19:45;-12;27;27;28;321;202;0;
2043;2025.06.02 20:00;-12;27.25;27.125;28.125;322;202;0;
2044;2025.06.02 20:15;-12;27.375;27.3125;28.1875;322;202;0;
2045;2025.06.02 20:30;-12;27.5;27.4375;28.25;323;202;0;
2046;2025.06.02 20:45;-12;27.625;27.625;28.375;323;202;0;
2047;2025.06.02 21:00;-12;27.5;27.5625;27.875;314;202;0;
2048;2025.06.02 21:15;-12;27.25;27.375;27.25;314;202;0;
2049;2025.06.02 21:30;-12;26.9375;27.25;27;312;202;0;
2050;2025.06.02 21:45;-12;26.5;26.9375;26.375;310;202;0;
2051;2025.06.02 22:00;-12;26.0625;26.5625;25.5;314;202;0;
2052;2025.06.02 22:15;-12;25.25;26;24.6875;311;202;0;
2053;2025.06.02 22:30;-12;24.75;25.5;24.3125;310;202;0;
2054;2025.06.02 22:45;-12;24.3125;25.125;24;308;202;0;
2055;2025.06.02 23:00;-12;24;24.75;23.8125;307;202;0;
2056;2025.06.02 23:15;-12;23.75;24.375;23.625;306;202;0;
2057;2025.06.02 23:30;-12;23.5;24.125;23.5;305;202;0;
2058;2025.06.02 23:45;-12;23.375;23.9375;23.375;304;202;0;
2059;2025.06.03 00:00;-12;23.1875;23.75;23.25;303;202;0;
2060;2025.06.03 00:15;-12;23.0625;23.625;23.1875;303;202;0;
2061;2025.06.03 00:30;-12;23;23.5;23.125;302;202;0;
2062;2025.06.03 00:45;-12;22.875;23.375;23.0625;302;202;0;
2063;2025.06.03 01:00;-12;22.9375;23.25;23;303;202;0;
2064;2025.06.03 01:15;-12;23;23.25;23;303;202;0;
2065;2025.06.03 01:30;-12;22.9375;23.1875;23;303;202;0;
2066;2025.06.03 01:45;-12;22.875;23.125;22.9375;302;202;0;
2067;2025.06.03 02:00;-12;22.875;23.125;22.9375;302;202;0;
2068;2025.06.03 02:15;-12;22.8125;23.0625;22.875;302;202;0;
2069;2025.06.03 02:30;-12;22.75;23;22.875;302;202;0;
2070;2025.06.03 02:45;-12;22.75;23;22.875;302;202;0;
2071;2025.06.03 03:00;-12;22.6875;23;22.8125;302;202;0;
2072;2025.06.03 03:15;-12;22.625;22.9375;22.75;301;202;0;
2073;2025.06.03 03:30;-12;22.625;22.875;22.75;301;202;0;
2074;2025.06.03 03:45;-12;22.5625;22.875;22.75;301;202;0;
2075;2025.06.03 04:00;-12;22.5;22.8125;22.75;301;202;0;
2076;2025.06.03 04:15;-12;22.5;22.75;22.6875;301;202;0;
2077;2025.06.03 04:30;-12;22.5;22.75;22.625;301;202;0;
2078;2025.06.03 04:45;-12;22.4375;22.75;22.625;301;202;0;
2079;2025.06.03 05:00;-12;22.375;22.75;22.625;301;202;0;
2080;2025.06.03 05:15;-12;22.375;22.6875;22.625;301;202;0;
2081;2025.06.03 05:30;-12;22.375;22.625;22.625;300;202;0;
2082;2025.06.03 05:45;-12;22.3125;22.625;22.5625;300;202;0;
2083;2025.06.03 06:00;-12;22.25;22.625;22.5;300;202;0;
2084;2025.06.03 06:15;-12;22.25;22.625;22.5;300;202;0;
2085;2025.06.03 06:30;-12;22.25;22.5625;22.5;300;202;0;
2086;2025.06.03 06:45;-12;22.25;22.5;22.4375;300;202;0;
2087;2025.06.03 07:00;-12;22.1875;22.5;22.375;300;202;0;
2088;2025.06.03 07:15;-12;22.125;22.5;22.375;300;202;0;
2089;2025.06.03 07:30;-12;22.125;22.4375;22.375;300;202;0;
2090;2025.06.03 07:45;-12;22.0625;22.375;22.3125;300;202;0;
2091;2025.06.03 08:00;-12;22;22.375;22.25;299;202;0;
2092;2025.06.03 08:15;-12;22;22.375;22.25;299;202;0;
2093;2025.06.03 08:30;-12;22;22.25;22.25;299;202;0;
2094;2025.06.03 08:45;-12;21.9375;22.25;22.1875;299;202;0;
2095;2025.06.03 09:00;-12;21.875;22.25;22.125;299;202;0;
2096;2025.06.03 09:15;-12;21.875;22.1875;22.125;299;202;0;
2097;2025.06.03 09:30;-12;21.8125;22.125;22;299;202;0;
2098;2025.06.03 09:45;-12;21.75;22.125;22;299;202;0;
2099;2025.06.03 10:00;-12;21.75;22.0625;22;298;202;0;
2100;2025.06.03 10:15;-12;21.6875;22;21.9375;298;202;0;
2101;2025.06.03 10:30;-12;21.5;21.875;21.5625;297;202;0;
2102;2025.06.03 10:45;-12;21.25;21.625;21.25;296;202;0;
2103;2025.06.03 11:00;-12;21.375;21.625;21.625;293;202;0;
2104;2025.06.03 11:15;-12;21.75;21.75;21.9375;281;202;0;
2105;2025.06.03 11:30;-12;21.8125;21.875;22.3125;281;202;0;
2106;2025.06.03 11:45;-12;21.5;21.75;22;282;202;0;
2107;2025.06.03 12:00;-12;21.125;21.75;21.875;285;202;0;
2108;2025.06.03 12:15;-12;22.5;22.125;23.25;288;202;0;
2109;2025.06.03 12:30;-12;23.0625;23.125;25.125;292;202;0;
2110;2025.06.03 12:45;-12;23.8125;23.625;26.0625;293;202;0;
2111;2025.06.03 13:00;-12;21.6875;24.625;26.625;2549;202;0;
2112;2025.06.03 13:15;-12;21.75;27.9375;26.5;2556;202;0;
2113;2025.06.03 13:30;-12;22.125;27.625;26;2560;202;0;
2114;2025.06.03 13:45;-12;22.375;28.4375;27;2564;202;0;
2115;2025.06.03 14:00;-12;22.625;30.5625;28.125;2570;202;0;
2116;2025.06.03 14:15;-12;23.125;29.8125;27.5;2572;202;0;
2117;2025.06.03 14:30;-12;23.5;32;29.375;2577;202;0;
2118;2025.06.03 14:45;-12;24;32.75;29.625;2578;202;0;
2119;2025.06.03 15:00;-12;24.5;33;29.875;2578;202;0;
2120;2025.06.03 15:15;-12;25;33.1875;29.875;2580;202;0;
2121;2025.06.03 15:30;-12;25.5;33.5;30.375;2581;202;0;
2122;2025.06.03 15:45;-12;25.875;33.5625;30.4375;2581;202;0;
2123;2025.06.03 16:00;-12;26.25;33.125;30;2580;202;0;
2124;2025.06.03 16:15;-12;26.5;32.75;29.875;2578;202;0;
2125;2025.06.03 16:30;-12;26.75;31.875;29.4375;2579;202;0;
2126;2025.06.03 16:45;-12;26.8125;31.25;29.875;2575;202;0;
2127;2025.06.03 17:00;-12;26.875;30.25;29.4375;2576;202;0;
2128;2025.06.03 17:15;-12;26.875;29.75;29.25;2577;202;0;
2129;2025.06.03 17:30;-12;26.875;29.125;28.625;2576;202;0;
2130;2025.06.03 17:45;-12;26.875;29.3125;29.5625;2575;202;0;
2131;2025.06.03 18:00;-12;26.875;29;29.5;2575;202;0;
2132;2025.06.03 18:15;-12;26.875;28.625;29.25;2576;202;0;
2133;2025.06.03 18:30;-12;26.8125;28.5;29.1875;2575;202;0;
2134;2025.06.03 18:45;-12;26.6875;28;28.4375;2574;202;0;
2135;2025.06.03 19:00;-12;26.5;27.75;28.5;2573;202;0;
2136;2025.06.03 19:15;-12;26.3125;27.4375;28.25;2572;202;0;
2137;2025.06.03 19:30;-12;26.125;26.9375;28.125;2571;202;0;
2138;2025.06.03 19:45;-12;25.875;25.75;26.625;2570;202;0;
2139;2025.06.03 20:00;-12;25.625;24.125;24.625;2568;202;0;
2140;2025.06.03 20:15;-12;25.25;23.0625;23.75;2566;202;0;
2141;2025.06.03 20:30;-12;25;21.875;22;2566;202;0;
2142;2025.06.03 20:45;-12;24.625;20.875;20.5625;2566;202;0;
2143;2025.06.03 21:00;-12;24.375;20;19.5;2567;202;0;
2144;2025.06.03 21:15;-12;24;19.1875;18.3125;2567;202;0;
2145;2025.06.03 21:30;-12;23.75;18.625;17.6875;2568;202;0;
2146;2025.06.03 21:45;-12;23.5;18.25;16.875;2569;202;0;
2147;2025.06.03 22:00;-12;23.1875;17.875;16.6875;2570;202;0;
2148;2025.06.03 22:15;-12;23;17.5;16.3125;2570;202;0;
2149;2025.06.03 22:30;-12;22.75;17.25;16.375;2570;202;0;
2150;2025.06.03 22:45;-12;22.5;17.125;16.625;2571;202;0;
2151;2025.06.03 23:00;-12;22.25;17.3125;17.5;2571;202;0;
2152;2025.06.03 23:15;-12;22.0625;17.625;17.9375;2572;202;0;
2153;2025.06.03 23:30;-12;21.875;17.375;17.5;2572;202;0;
2154;2025.06.03 23:45;-12;21.625;17.125;17.25;2572;202;0;
2155;2025.06.04 00:00;-12;21.5;16.9375;17;2572;202;0;
2156;2025.06.04 00:15;-12;21.3125;16.75;16.875;2572;202;0;
2157;2025.06.04 00:30;-12;21.125;16.5;16.375;2573;202;0;
2158;2025.06.04 00:45;-12;21;16.875;17.375;2574;202;0;
2159;2025.06.04 01:00;-12;20.875;17.0625;17.5625;2574;202;0;
2160;2025.06.04 01:15;-12;20.75;17.0625;17.5625;2574;202;0;
2161;2025.06.04 01:30;-12;20.625;17.0625;17.625;2574;202;0;
2162;2025.06.04 01:45;-12;20.5;17.125;17.75;2575;202;0;
2163;2025.06.04 02:00;-12;20.375;16.5;16.5;2574;202;0;
2164;2025.06.04 02:15;-12;20.25;16;15.9375;2574;202;0;
2165;2025.06.04 02:30;-12;20.125;15.5;15.125;2574;202;0;
2166;2025.06.04 02:45;-12;20;15.125;14.75;2574;202;0;
2167;2025.06.04 03:00;-12;19.875;15;14.625;2574;202;0;
2168;2025.06.04 03:15;-12;19.75;14.875;14.4375;2575;202;0;
2169;2025.06.04 03:30;-12;19.6875;14.75;14.25;2574;202;0;
2170;2025.06.04 03:45;-12;19.5625;14.8125;14.625;2575;202;0;
2171;2025.06.04 04:00;-12;19.5;14.6875;14.125;2574;202;0;
2172;2025.06.04 04:15;-12;19.375;14.875;14.875;2575;202;0;
2173;2025.06.04 04:30;-12;19.25;14.8125;14.6875;2575;202;0;
2174;2025.06.04 04:45;-12;19.25;15.3125;15.6875;2575;202;0;
2175;2025.06.04 05:00;-12;19.125;15.25;15.5625;2576;202;0;
2176;2025.06.04 05:15;-12;19.125;15;15.125;2576;202;0;
2177;2025.06.04 05:30;-12;19;14.75;14.625;2575;202;0;
2178;2025.06.04 05:45;-12;18.9375;15;15.0625;2576;202;0;
2179;2025.06.04 06:00;-12;18.875;15.125;15.25;2576;202;0;
2180;2025.06.04 06:15;-12;18.8125;15.1875;15.5;2576;202;0;
2181;2025.06.04 06:30;-12;18.75;15.375;16;2576;202;0;
2182;2025.06.04 06:45;-12;18.75;15.125;15.5;2577;202;0;
2183;2025.06.04 07:00;-12;18.6875;15.0625;15.375;2577;202;0;
2184;2025.06.04 07:15;-12;18.625;15;15.3125;2578;202;0;
2185;2025.06.04 07:30;-12;18.5625;15.125;15.625;2578;202;0;
2186;2025.06.04 07:45;-12;18.5;15.1875;15.6875;2577;202;0;
2187;2025.06.04 08:00;-12;18.5;15.25;15.75;2576;202;0;
2188;2025.06.04 08:15;-12;18.375;15.375;15.9375;2577;202;0;
2189;2025.06.04 08:30;-12;18.375;15.4375;16.0625;2577;202;0;
2190;2025.06.04 08:45;-12;18.375;15.375;15.875;2577;202;0;
2191;2025.06.04 09:00;-12;18.3125;15.3125;15.875;2577;202;0;
2192;2025.06.04 09:15;-12;18.25;15.4375;16.0625;2577;202;0;
2193;2025.06.04 09:30;-12;18.25;15.625;16.25;2575;202;0;
2194;2025.06.04 09:45;-12;18.1875;15.5625;16.125;2575;202;0;
2195;2025.06.04 10:00;-12;18.125;15.6875;16.375;2574;202;0;
2196;2025.06.04 10:15;-12;18.125;16.4375;18.0625;2575;202;0;
2197;2025.06.04 10:30;-12;18.125;17.5625;19.625;2575;202;0;
2198;2025.06.04 10:45;-12;18.1875;18.75;20.75;2576;202;0;
2199;2025.06.04 11:00;-12;18.25;20.0625;22;2576;202;0;
2200;2025.06.04 11:15;-12;18.4375;21.3125;22.5625;2577;202;0;
2201;2025.06.04 11:30;-12;18.625;22.375;22.875;2577;202;0;
2202;2025.06.04 11:45;-12;18.875;22.875;23.125;2577;202;0;
2203;2025.06.04 12:00;-12;19.1875;24.125;24;2578;202;0;
2204;2025.06.04 12:15;-12;19.5;25;24.375;2578;202;0;
2205;2025.06.04 12:30;-12;19.875;25.5;24.5;2576;202;0;
2206;2025.06.04 12:45;-12;20.1875;26.3125;24.8125;2577;202;0;
2207;2025.06.04 13:00;-12;20.5625;27.5625;25.625;2574;202;0;
2208;2025.06.04 13:15;-12;21;28.75;26.5;2576;202;0;
2209;2025.06.04 13:30;-12;21.4375;29.375;26.6875;2577;202;0;
2210;2025.06.04 13:45;-12;21.875;29.75;27;2579;202;0;
2211;2025.06.04 14:00;-12;22.375;30.8125;27.75;2580;202;0;
2212;2025.06.04 14:15;-12;22.9375;31.75;28.5;2581;202;0;
2213;2025.06.04 14:30;-12;23.5;32;28.625;2582;202;0;
2214;2025.06.04 14:45;-12;24;32.6875;29.1875;2581;202;0;
2215;2025.06.04 15:00;-12;24.5;32.625;28.875;2581;202;0;
2216;2025.06.04 15:15;-12;25;32.5625;29;2579;202;0;
2217;2025.06.04 15:30;-12;25.375;32.25;28.75;2581;202;0;
2218;2025.06.04 15:45;-12;25.6875;32.625;29.4375;2579;202;0;
2219;2025.06.04 16:00;-12;26;32.6875;29.75;2579;202;0;
2220;2025.06.04 16:15;-12;26.25;32.5;29.875;2579;202;0;
2221;2025.06.04 16:30;-12;26.375;32.25;29.9375;2580;202;0;
2222;2025.06.04 16:45;-12;26.5;31.5;29.875;2578;202;0;
2223;2025.06.04 17:00;-12;26.625;30.875;30.125;2577;202;0;
2224;2025.06.04 17:15;-12;26.75;30.625;30.375;2578;202;0;
2225;2025.06.04 17:30;-12;26.75;30.125;30;2577;202;0;
2226;2025.06.04 17:45;-12;26.8125;29.625;29.6875;2575;202;0;
2227;2025.06.04 18:00;-12;26.75;29;29.5;2575;202;0;
2228;2025.06.04 18:15;-12;26.75;29.25;30;2573;202;0;
2229;2025.06.04 18:30;-12;26.625;28.25;28.875;2571;202;0;
2230;2025.06.04 18:45;-12;26.5;26.375;26.25;2569;202;0;
2231;2025.06.04 19:00;-12;26.25;26.625;27.6875;2569;202;0;
2232;2025.06.04 19:15;-12;25.9375;27.125;28;2568;202;0;
2233;2025.06.04 19:30;-12;25.75;26.5;27.5;2566;202;0;
2234;2025.06.04 19:45;-12;25.4375;25.5;26.8125;2564;202;0;
2235;2025.06.04 20:00;-12;25.125;23.8125;24.5;2562;202;0;
2236;2025.06.04 20:15;-12;24.875;22.125;22.3125;2562;202;0;
2237;2025.06.04 20:30;-12;24.5;21;20.75;2562;202;0;
2238;2025.06.04 20:45;-12;24.1875;20.125;19.1875;2562;202;0;
2239;2025.06.04 21:00;-12;23.875;19.3125;18.125;2563;202;0;
2240;2025.06.04 21:15;-12;23.625;18.6875;17.375;2564;202;0;
2241;2025.06.04 21:30;-12;23.375;18.25;16.875;2565;202;0;
2242;2025.06.04 21:45;-12;23.125;17.875;16.6875;2566;202;0;
2243;2025.06.04 22:00;-12;22.875;17.625;16.375;2565;202;0;
2244;2025.06.04 22:15;-12;22.625;17.3125;16.125;2567;202;0;
2245;2025.06.04 22:30;-12;22.375;17.0625;15.9375;2566;202;0;
2246;2025.06.04 22:45;-12;22.125;16.875;15.625;2567;202;0;
2247;2025.06.04 23:00;-12;22;16.625;15.25;2568;202;0;
2248;2025.06.04 23:15;-12;21.75;16.5;15.125;2569;202;0;
2249;2025.06.04 23:30;-12;21.625;16.1875;15;2569;202;0;
2250;2025.06.04 23:45;-12;21.375;16;14.75;2570;202;0;
2251;2025.06.05 00:00;-12;21.25;15.875;14.5;2570;202;0;
2252;2025.06.05 00:15;-12;21.0625;15.75;14.75;2571;202;0;
2253;2025.06.05 00:30;-12;20.875;15.6875;15;2571;202;0;
2254;2025.06.05 00:45;-12;20.75;15.5625;14.75;2572;202;0;
2255;2025.06.05 01:00;-12;20.625;15.5;14.75;2572;202;0;
2256;2025.06.05 01:15;-12;20.5;15.5;14.875;2572;202;0;
2257;2025.06.05 01:30;-12;20.375;15.4375;14.875;2573;202;0;
2258;2025.06.05 01:45;-12;20.25;15.3125;14.75;2573;202;0;
2259;2025.06.05 02:00;-12;20.125;15.125;14.5;2573;202;0;
2260;2025.06.05 02:15;-12;20;14.9375;14.1875;2572;202;0;
2261;2025.06.05 02:30;-12;19.875;14.875;14.25;2573;202;0;
2262;2025.06.05 02:45;-12;19.75;14.9375;14.5;2573;202;0;
2263;2025.06.05 03:00;-12;19.625;15.125;14.8125;2574;202;0;
2264;2025.06.05 03:15;-12;19.5625;15.125;14.875;2574;202;0;
2265;2025.06.05 03:30;-12;19.5;14.9375;14.5625;2575;202;0;
2266;2025.06.05 03:45;-12;19.375;14.875;14.625;2575;202;0;
2267;2025.06.05 04:00;-12;19.3125;14.875;14.6875;2575;202;0;
2268;2025.06.05 04:15;-12;19.25;14.75;14.5;2575;202;0;
2269;2025.06.05 04:30;-12;19.125;14.5625;14.25;2575;202;0;
2270;2025.06.05 04:45;-12;19;14.625;14.4375;2575;202;0;
2271;2025.06.05 05:00;-12;18.9375;14.625;14.5625;2575;202;0;
2272;2025.06.05 05:15;-12;18.875;14.5;14.375;2572;202;0;
2273;2025.06.05 05:30;-12;18.75;14.625;14.5;2573;202;0;
2274;2025.06.05 05:45;-12;18.75;14.625;14.5625;2572;202;0;
2275;2025.06.05 06:00;-12;18.625;14.5;14.375;2572;202;0;
2276;2025.06.05 06:15;-12;18.625;14.5;14.5;2572;202;0;
2277;2025.06.05 06:30;-12;18.5;14.5;14.375;2573;202;0;
2278;2025.06.05 06:45;-12;18.5;14.375;14.1875;2573;202;0;
2279;2025.06.05 07:00;-12;18.375;14.5;14.5;2573;202;0;
2280;2025.06.05 07:15;-12;18.375;15;15.5;2573;202;0;
2281;2025.06.05 07:30;-12;18.3125;15.0625;15.5625;2574;202;0;
2282;2025.06.05 07:45;-12;18.25;15.25;15.875;2574;202;0;
2283;2025.06.05 08:00;-12;18.25;15.25;16;2574;202;0;
2284;2025.06.05 08:15;-12;18.1875;15.25;15.875;2573;202;0;
2285;2025.06.05 08:30;-12;18.125;15.0625;15.6875;2573;202;0;
2286;2025.06.05 08:45;-12;18.125;14.6875;15;2572;202;0;
2287;2025.06.05 09:00;-12;18.125;15;15.75;2572;202;0;
2288;2025.06.05 09:15;-12;18;15;15.625;2572;202;0;
2289;2025.06.05 09:30;-12;18;15.125;15.8125;2572;202;0;
2290;2025.06.05 09:45;-12;17.9375;15.375;16.125;2572;202;0;
2291;2025.06.05 10:00;-12;17.875;15.75;16.5;2573;202;0;
2292;2025.06.05 10:15;-12;17.875;16.125;16.875;2573;202;0;
2293;2025.06.05 10:30;-12;17.875;16.75;17.625;2573;202;0;
2294;2025.06.05 10:45;-12;18;17.875;19.125;2574;202;0;
2295;2025.06.05 11:00;-12;18.0625;19.0625;20.375;2574;202;0;
2296;2025.06.05 11:15;-12;18.25;19.5;20.4375;2574;202;0;
2297;2025.06.05 11:30;-12;18.375;20.75;21.6875;2574;202;0;
2298;2025.06.05 11:45;-12;18.625;21.5;22.1875;2573;202;0;
2299;2025.06.05 12:00;-12;18.8125;22.375;23;2573;202;0;
2300;2025.06.05 12:15;-12;19.0625;23.625;24.0625;2573;202;0;
2301;2025.06.05 12:30;-12;19.375;24.375;24.5625;2571;202;0;
2302;2025.06.05 12:45;-12;19.6875;26.1875;26;2572;202;0;
2303;2025.06.05 13:00;-12;20.125;26.1875;25.625;2571;202;0;
2304;2025.06.05 13:15;-12;20.4375;27.375;26.625;2572;202;0;
2305;2025.06.05 13:30;-12;20.875;27.875;26.75;2572;202;0;
2306;2025.06.05 13:45;-12;21.25;28.6875;27.125;2573;202;0;
2307;2025.06.05 14:00;-12;21.625;29.5;27.6875;2574;202;0;
2308;2025.06.05 14:15;-12;22.125;30;27.875;2574;202;0;
2309;2025.06.05 14:30;-12;22.625;29.9375;27.875;2573;202;0;
2310;2025.06.05 14:45;-12;23;30.75;28.625;2574;202;0;
2311;2025.06.05 15:00;-12;23.375;31.125;29;2575;202;0;
2312;2025.06.05 15:15;-12;23.8125;31;28.6875;2573;202;0;
2313;2025.06.05 15:30;-12;24.125;31.375;29.125;2573;202;0;
2314;2025.06.05 15:45;-12;24.5;31.6875;29.625;2573;202;0;
2315;2025.06.05 16:00;-12;24.8125;32.25;30.125;2574;202;0;
2316;2025.06.05 16:15;-12;25.125;32.5;30.5;2574;202;0;
2317;2025.06.05 16:30;-12;25.4375;31.875;30.0625;2573;202;0;
2318;2025.06.05 16:45;-12;25.625;31.125;30.0625;2573;202;0;
2319;2025.06.05 17:00;-12;25.75;30.875;30.5;2573;202;0;
2320;2025.06.05 17:15;-12;25.9375;29.625;28.625;2572;202;0;
2321;2025.06.05 17:30;-12;26;28.625;28.375;2570;202;0;
2322;2025.06.05 17:45;-12;25.9375;29.125;29.625;2571;202;0;
2323;2025.06.05 18:00;-12;25.9375;28.9375;29.625;2571;202;0;
2324;2025.06.05 18:15;-12;25.9375;28.875;29.875;2570;202;0;
2325;2025.06.05 18:30;-12;25.9375;28.375;29.4375;2569;202;0;
2326;2025.06.05 18:45;-12;25.875;27.125;27.375;2567;202;0;
2327;2025.06.05 19:00;-12;25.6875;26.625;27.375;2566;202;0;
2328;2025.06.05 19:15;-12;25.5;26.375;27.375;2565;202;0;
2329;2025.06.05 19:30;-12;25.25;25.625;26.1875;2565;202;0;
2330;2025.06.05 19:45;-12;25.0625;24.8125;25.5;2564;202;0;
2331;2025.06.05 20:00;-12;24.8125;23.75;24;2563;202;0;
2332;2025.06.05 20:15;-12;24.625;22.625;22.25;2562;202;0;
2333;2025.06.05 20:30;-12;24.375;21.5625;20.875;2562;202;0;
2334;2025.06.05 20:45;-12;24.0625;20.4375;19.25;2562;202;0;
2335;2025.06.05 21:00;-12;23.8125;19.375;18.125;2562;202;0;
2336;2025.06.05 21:15;-12;23.5;18.625;17.375;2562;202;0;
2337;2025.06.05 21:30;-12;23.25;18.0625;16.9375;2563;202;0;
2338;2025.06.05 21:45;-12;22.9375;17.625;16.5;2563;202;0;
2339;2025.06.05 22:00;-12;22.625;17.375;16.625;2564;202;0;
2340;2025.06.05 22:15;-12;22.375;17;15.875;2565;202;0;
2341;2025.06.05 22:30;-12;22.125;16.5;15.5;2565;202;0;
2342;2025.06.05 22:45;-12;21.9375;16.25;15.1875;2566;202;0;
2343;2025.06.05 23:00;-12;21.6875;16;14.9375;2566;202;0;
2344;2025.06.05 23:15;-12;21.5;15.75;14.6875;2566;202;0;
2345;2025.06.05 23:30;-12;21.25;15.625;14.4375;2567;202;0;
2346;2025.06.05 23:45;-12;21.125;15.5;14.375;2566;202;0;
2347;2025.06.06 00:00;-12;20.875;15.4375;14.375;2567;202;0;
2348;2025.06.06 00:15;-12;20.75;15.4375;14.4375;2567;202;0;
2349;2025.06.06 00:30;-12;20.625;15.375;14.25;2568;202;0;
2350;2025.06.06 00:45;-12;20.5;15.25;14.125;2568;202;0;
2351;2025.06.06 01:00;-12;20.3125;15.0625;14.0625;2568;202;0;
2352;2025.06.06 01:15;-12;20.1875;15;13.9375;2569;202;0;
2353;2025.06.06 01:30;-12;20;14.875;14.125;2568;202;0;
2354;2025.06.06 01:45;-12;19.9375;14.75;13.9375;2567;202;0;
2355;2025.06.06 02:00;-12;19.8125;14.625;13.875;2567;202;0;
2356;2025.06.06 02:15;-12;19.6875;14.625;13.875;2568;202;0;
2357;2025.06.06 02:30;-12;19.5625;14.5625;13.75;2568;202;0;
2358;2025.06.06 02:45;-12;19.5;14.5;13.625;2568;202;0;
2359;2025.06.06 03:00;-12;19.375;14.375;13.5625;2568;202;0;
2360;2025.06.06 03:15;-12;19.25;14.25;13.25;2568;202;0;
2361;2025.06.06 03:30;-12;19.125;14.1875;13.25;2568;202;0;
2362;2025.06.06 03:45;-12;19.0625;14;13;2568;202;0;
2363;2025.06.06 04:00;-12;19;13.9375;12.875;2569;202;0;
2364;2025.06.06 04:15;-12;18.875;13.8125;13;2569;202;0;
2365;2025.06.06 04:30;-12;18.75;13.8125;13;2569;202;0;
2366;2025.06.06 04:45;-12;18.75;13.8125;13.125;2569;202;0;
2367;2025.06.06 05:00;-12;18.625;13.8125;13.125;2570;202;0;
2368;2025.06.06 05:15;-12;18.5;13.75;13;2570;202;0;
2369;2025.06.06 05:30;-12;18.5;13.6875;13;2570;202;0;
2370;2025.06.06 05:45;-12;18.375;13.625;13;2568;202;0;
2371;2025.06.06 06:00;-12;18.3125;13.75;13.125;2568;202;0;
2372;2025.06.06 06:15;-12;18.25;13.625;13;2569;202;0;
2373;2025.06.06 06:30;-12;18.1875;13.5;12.75;2568;202;0;
2374;2025.06.06 06:45;-12;18.125;13.4375;12.8125;2568;202;0;
2375;2025.06.06 07:00;-12;18;13.375;12.875;2569;202;0;
2376;2025.06.06 07:15;-12;18;13.5;13.125;2569;202;0;
2377;2025.06.06 07:30;-12;17.875;13.5;13;2570;202;0;
2378;2025.06.06 07:45;-12;17.875;13.5625;13.375;2570;202;0;
2379;2025.06.06 08:00;-12;17.8125;13.875;13.875;2570;202;0;
2380;2025.06.06 08:15;-12;17.75;14.25;14.3125;2570;202;0;
2381;2025.06.06 08:30;-12;17.75;14.375;14.3125;2570;202;0;
2382;2025.06.06 08:45;-12;17.6875;14.125;14;2570;202;0;
2383;2025.06.06 09:00;-12;17.625;14.375;14.375;2570;202;0;
2384;2025.06.06 09:15;-12;17.625;14.0625;13.9375;2569;202;0;
2385;2025.06.06 09:30;-12;17.625;13.75;13.5;2569;202;0;
2386;2025.06.06 09:45;-12;17.5;14.125;14.125;2569;202;0;
2387;2025.06.06 10:00;-12;17.5;14.625;14.75;2570;202;0;
2388;2025.06.06 10:15;-12;17.5;15.25;15.8125;2570;202;0;
2389;2025.06.06 10:30;-12;17.5;16.3125;17.25;2571;202;0;
2390;2025.06.06 10:45;-12;17.625;17.375;18.875;2572;202;0;
2391;2025.06.06 11:00;-12;17.75;18.5;20.625;2572;202;0;
2392;2025.06.06 11:15;-12;17.875;19.75;22;2572;202;0;
2393;2025.06.06 11:30;-12;18.125;20.8125;23.1875;2572;202;0;
2394;2025.06.06 11:45;-12;18.5;21.6875;23.1875;2572;202;0;
2395;2025.06.06 12:00;-12;18.75;23.125;24.125;2572;202;0;
2396;2025.06.06 12:15;-12;19.0625;25.25;25.625;2572;202;0;
2397;2025.06.06 12:30;-12;19.4375;26.375;26.0625;2571;202;0;
2398;2025.06.06 12:45;-12;19.875;27.5;26.75;2571;202;0;
2399;2025.06.06 13:00;-12;20.25;28.375;27.25;2571;202;0;
2400;2025.06.06 13:15;-12;20.75;29.75;28.125;2572;202;0;
2401;2025.06.06 13:30;-12;21.25;30.625;28.6875;2572;202;0;
2402;2025.06.06 13:45;-12;21.75;31.3125;29;2571;202;0;
2403;2025.06.06 14:00;-12;22.25;31.625;29.125;2571;202;0;
2404;2025.06.06 14:15;-12;22.75;32.25;29.5;2572;202;0;
2405;2025.06.06 14:30;-12;23.3125;32.5;29.625;2572;202;0;
2406;2025.06.06 14:45;-12;23.75;33.0625;30.0625;2572;202;0;
2407;2025.06.06 15:00;-12;24.25;33.625;30.5;2573;202;0;
2408;2025.06.06 15:15;-12;24.75;33.625;30.625;2570;202;0;
2409;2025.06.06 15:30;-12;25.1875;34.375;31;2573;202;0;
2410;2025.06.06 15:45;-12;25.625;34.75;31.625;2574;202;0;
2411;2025.06.06 16:00;-12;26;34.5;31.5;2572;202;0;
2412;2025.06.06 16:15;-12;26.25;33.125;30.75;2571;202;0;
2413;2025.06.06 16:30;-12;26.4375;34;32.125;2570;202;0;
2414;2025.06.06 16:45;-12;26.625;33.375;32;2569;202;0;
2415;2025.06.06 17:00;-12;26.875;31.8125;30.625;2567;202;0;
2416;2025.06.06 17:15;-12;26.875;28.25;26.75;2563;202;0;
2417;2025.06.06 17:30;-12;26.625;28.625;28.625;2563;202;0;
2418;2025.06.06 17:45;-12;26.375;26.5;25.6875;2561;202;0;
2419;2025.06.06 18:00;-12;26.125;28.5625;30.125;2563;202;0;
2420;2025.06.06 18:15;-12;26.0625;29.625;31.8125;2564;202;0;
2421;2025.06.06 18:30;-12;26.125;30;31.625;2563;202;0;
2422;2025.06.06 18:45;-12;26.1875;28.8125;29.5;2560;202;0;
2423;2025.06.06 19:00;-12;26.125;28.625;29.875;2559;202;0;
2424;2025.06.06 19:15;-12;25.9375;28.375;29.4375;2558;202;0;
2425;2025.06.06 19:30;-12;25.75;27.5;29;2557;202;0;
2426;2025.06.06 19:45;-12;25.625;26.6875;28.375;2555;202;0;
2427;2025.06.06 20:00;-12;25.375;25.25;26.75;2554;202;0;
2428;2025.06.06 20:15;-12;25.125;23.5;23.75;2553;202;0;
2429;2025.06.06 20:30;-12;24.875;22.25;21.5;2553;202;0;
2430;2025.06.06 20:45;-12;24.625;21.25;20;2553;202;0;
2431;2025.06.06 21:00;-12;24.3125;20;18.5625;2553;202;0;
2432;2025.06.06 21:15;-12;24;19;17.5;2553;202;0;
2433;2025.06.06 21:30;-12;23.6875;18.1875;17;2554;202;0;
2434;2025.06.06 21:45;-12;23.375;17.625;16.5;2555;202;0;
2435;2025.06.06 22:00;-12;23;17.125;15.9375;2556;202;0;
2436;2025.06.06 22:15;-12;22.75;16.875;15.875;2557;202;0;
2437;2025.06.06 22:30;-12;22.5;16.625;15.8125;2557;202;0;
2438;2025.06.06 22:45;-12;22.25;16.5;15.875;2558;202;0;
2439;2025.06.06 23:00;-12;22;16.125;15.5;2559;202;0;
2440;2025.06.06 23:15;-12;21.75;16;15.5;2560;202;0;
2441;2025.06.06 23:30;-12;21.5;15.75;15.125;2560;202;0;
2442;2025.06.06 23:45;-12;21.25;15.375;14.75;2560;202;0;
2443;2025.06.07 00:00;-12;21;14.875;13.8125;2560;202;0;
2444;2025.06.07 00:15;-12;20.875;14.75;14.125;2561;202;0;
2445;2025.06.07 00:30;-12;20.625;14.5625;13.75;2562;202;0;
2446;2025.06.07 00:45;-12;20.5;14.4375;13.625;2562;202;0;
2447;2025.06.07 01:00;-12;20.25;14.25;13.125;2562;202;0;
2448;2025.06.07 01:15;-12;20.125;14;13;2563;202;0;
2449;2025.06.07 01:30;-12;20;14;13.4375;2563;202;0;
2450;2025.06.07 01:45;-12;19.8125;14;13.375;2563;202;0;
2451;2025.06.07 02:00;-12;19.625;14;13.375;2564;202;0;
2452;2025.06.07 02:15;-12;19.5;13.875;13.125;2564;202;0;
2453;2025.06.07 02:30;-12;19.375;13.8125;13;2564;202;0;
2454;2025.06.07 02:45;-12;19.25;13.75;13.125;2564;202;0;
2455;2025.06.07 03:00;-12;19.125;13.625;12.875;2564;202;0;
2456;2025.06.07 03:15;-12;19.0625;13.5625;12.625;2563;202;0;
2457;2025.06.07 03:30;-12;19;13.375;12.625;2563;202;0;
2458;2025.06.07 03:45;-12;18.875;13.375;12.875;2563;202;0;
2459;2025.06.07 04:00;-12;18.75;13.5;13.1875;2564;202;0;
2460;2025.06.07 04:15;-12;18.625;13.5;13.125;2565;202;0;
2461;2025.06.07 04:30;-12;18.5625;13.5625;13.3125;2564;202;0;
2462;2025.06.07 04:45;-12;18.5;13.5;13;2564;202;0;
2463;2025.06.07 05:00;-12;18.375;13.375;13;2563;202;0;
2464;2025.06.07 05:15;-12;18.3125;13.3125;12.75;2563;202;0;
2465;2025.06.07 05:30;-12;18.25;13.125;12.75;2563;202;0;
2466;2025.06.07 05:45;-12;18.125;13.25;13.0625;2564;202;0;
2467;2025.06.07 06:00;-12;18.0625;13;12.4375;2564;202;0;
2468;2025.06.07 06:15;-12;18;12.875;12.3125;2564;202;0;
2469;2025.06.07 06:30;-12;17.875;12.75;12.3125;2564;202;0;
2470;2025.06.07 06:45;-12;17.875;12.8125;12.4375;2565;202;0;
2471;2025.06.07 07:00;-12;17.75;12.625;12.125;2564;202;0;
2472;2025.06.07 07:15;-12;17.6875;12.375;11.625;2564;202;0;
2473;2025.06.07 07:30;-12;17.625;12.1875;11.5;2563;202;0;
2474;2025.06.07 07:45;-12;17.5;12.1875;11.75;2564;202;0;
2475;2025.06.07 08:00;-12;17.4375;12.125;11.5;2563;202;0;
2476;2025.06.07 08:15;-12;17.375;12.125;11.625;2563;202;0;
2477;2025.06.07 08:30;-12;17.25;12.125;11.625;2563;202;0;
2478;2025.06.07 08:45;-12;17.25;12.1875;11.8125;2563;202;0;
2479;2025.06.07 09:00;-12;17.125;12.0625;11.5;2563;202;0;
2480;2025.06.07 09:15;-12;17.0625;12;11.5;2563;202;0;
2481;2025.06.07 09:30;-12;17;12;11.625;2563;202;0;
2482;2025.06.07 09:45;-12;16.9375;12.0625;11.625;2563;202;0;
2483;2025.06.07 10:00;-12;16.875;12.5;12.4375;2564;202;0;
2484;2025.06.07 10:15;-12;16.875;13.5;15.25;2565;202;0;
2485;2025.06.07 10:30;-12;16.875;15.1875;18.4375;2566;202;0;
2486;2025.06.07 10:45;-12;16.875;16.75;20.5625;2567;202;0;
2487;2025.06.07 11:00;-12;17;18.25;21.75;2568;202;0;
2488;2025.06.07 11:15;-12;17.25;20.875;23.6875;2569;202;0;
2489;2025.06.07 11:30;-12;17.5;22.75;24.75;2569;202;0;
2490;2025.06.07 11:45;-12;17.875;24.3125;25.625;2569;202;0;
2491;2025.06.07 12:00;-12;18.25;25.625;26.125;2567;202;0;
2492;2025.06.07 12:15;-12;18.6875;26.625;26.875;2567;202;0;
2493;2025.06.07 12:30;-12;19.125;27.625;27.375;2566;202;0;
2494;2025.06.07 12:45;-12;19.5;28.5;27.5;2566;202;0;
2495;2025.06.07 13:00;-12;20;29.625;28.5;2567;202;0;
2496;2025.06.07 13:15;-12;20.5;30.375;28.5;2566;202;0;
2497;2025.06.07 13:30;-12;21;31.25;29;2567;202;0;
2498;2025.06.07 13:45;-12;21.5625;32;29.5;2569;202;0;
2499;2025.06.07 14:00;-12;22.125;32.625;29.875;2568;202;0;
2500;2025.06.07 14:15;-12;22.6875;32.75;29.625;2566;202;0;
2501;2025.06.07 14:30;-12;23.25;33.125;29.9375;2568;202;0;
2502;2025.06.07 14:45;-12;23.75;33.25;30;2566;202;0;
2503;2025.06.07 15:00;-12;24.25;33.625;30.5;2567;202;0;
2504;2025.06.07 15:15;-12;24.6875;33.9375;30.75;2565;202;0;
2505;2025.06.07 15:30;-12;25.125;33.875;30.625;2565;202;0;
2506;2025.06.07 15:45;-12;25.5;33.9375;30.8125;2565;202;0;
2507;2025.06.07 16:00;-12;25.8125;33.75;30.9375;2564;202;0;
2508;2025.06.07 16:15;-12;26.125;33.875;31.25;2563;202;0;
2509;2025.06.07 16:30;-12;26.3125;33.375;31.375;2563;202;0;
2510;2025.06.07 16:45;-12;26.5;32.625;31.125;2563;202;0;
2511;2025.06.07 17:00;-12;26.625;31.375;30.75;2560;202;0;
2512;2025.06.07 17:15;-12;26.625;31.375;31.25;2560;202;0;
2513;2025.06.07 17:30;-12;26.6875;30.25;30.25;2558;202;0;
2514;2025.06.07 17:45;-12;26.625;27.375;26.5625;2554;202;0;
2515;2025.06.07 18:00;-12;26.375;26.125;25.75;2552;202;0;
2516;2025.06.07 18:15;-12;26;27.3125;29;2553;202;0;
2517;2025.06.07 18:30;-12;25.875;29.0625;30.75;2554;202;0;
2518;2025.06.07 18:45;-12;25.8125;28.625;29.9375;2552;202;0;
2519;2025.06.07 19:00;-12;25.75;28.375;30;2550;202;0;
2520;2025.06.07 19:15;-12;25.625;27.75;29.1875;2547;202;0;
2521;2025.06.07 19:30;-12;25.375;27.125;28.75;2546;202;0;
2522;2025.06.07 19:45;-12;25.25;26.125;28.125;2544;202;0;
2523;2025.06.07 20:00;-12;25;24.75;26.5;2543;202;0;
2524;2025.06.07 20:15;-12;24.6875;23;24.25;2541;202;0;
2525;2025.06.07 20:30;-12;24.375;21.375;21.625;2541;202;0;
2526;2025.06.07 20:45;-12;24.125;20.0625;18.9375;2541;202;0;
2527;2025.06.07 21:00;-12;23.75;18.75;17.25;2542;202;0;
2528;2025.06.07 21:15;-12;23.5;17.75;16.3125;2543;202;0;
2529;2025.06.07 21:30;-12;23.125;17.125;15.75;2544;202;0;
2530;2025.06.07 21:45;-12;22.8125;16.75;15.25;2545;202;0;
2531;2025.06.07 22:00;-12;22.5;16.4375;15.125;2546;202;0;
2532;2025.06.07 22:15;-12;22.25;15.9375;14.75;2547;202;0;
2533;2025.06.07 22:30;-12;22;15.625;14.5;2548;202;0;
2534;2025.06.07 22:45;-12;21.6875;15.3125;14.125;2549;202;0;
2535;2025.06.07 23:00;-12;21.4375;15.0625;13.8125;2550;202;0;
2536;2025.06.07 23:15;-12;21.25;14.875;13.75;2550;202;0;
2537;2025.06.07 23:30;-12;21;14.6875;13.5;2551;202;0;
2538;2025.06.07 23:45;-12;20.75;14.5;13.375;2552;202;0;
2539;2025.06.08 00:00;-12;20.625;14.375;13.375;2552;202;0;
2540;2025.06.08 00:15;-12;20.375;14.25;13.25;2553;202;0;
2541;2025.06.08 00:30;-12;20.25;14.125;13;2553;202;0;
2542;2025.06.08 00:45;-12;20.0625;14;12.875;2553;202;0;
2543;2025.06.08 01:00;-12;19.875;13.8125;12.75;2553;202;0;
2544;2025.06.08 01:15;-12;19.75;13.625;12.625;2554;202;0;
2545;2025.06.08 01:30;-12;19.625;13.5625;12.375;2554;202;0;
2546;2025.06.08 01:45;-12;19.4375;13.5;12.4375;2554;202;0;
2547;2025.06.08 02:00;-12;19.3125;13.375;12.125;2555;202;0;
2548;2025.06.08 02:15;-12;19.1875;13.3125;12.3125;2555;202;0;
2549;2025.06.08 02:30;-12;19.0625;13.25;12.3125;2555;202;0;
2550;2025.06.08 02:45;-12;18.9375;13.125;12.25;2556;202;0;
2551;2025.06.08 03:00;-12;18.8125;13;12;2555;202;0;
2552;2025.06.08 03:15;-12;18.6875;12.8125;11.9375;2556;202;0;
2553;2025.06.08 03:30;-12;18.5625;12.625;11.625;2556;202;0;
2554;2025.06.08 03:45;-12;18.5;12.5;11.625;2556;202;0;
2555;2025.06.08 04:00;-12;18.375;12.375;11.6875;2556;202;0;
2556;2025.06.08 04:15;-12;18.25;12.3125;11.625;2556;202;0;
2557;2025.06.08 04:30;-12;18.125;12.25;11.5;2556;202;0;
2558;2025.06.08 04:45;-12;18;12.25;11.5625;2555;202;0;
2559;2025.06.08 05:00;-12;17.875;12.125;11.375;2556;202;0;
2560;2025.06.08 05:15;-12;17.8125;12;11.25;2556;202;0;
2561;2025.06.08 05:30;-12;17.75;12.125;11.375;2557;202;0;
2562;2025.06.08 05:45;-12;17.625;12.125;11.5;2557;202;0;
2563;2025.06.08 06:00;-12;17.5;12.1875;11.75;2556;202;0;
2564;2025.06.08 06:15;-12;17.5;12.125;11.75;2557;202;0;
2565;2025.06.08 06:30;-12;17.375;12;11.4375;2557;202;0;
2566;2025.06.08 06:45;-12;17.3125;11.75;11;2557;202;0;
2567;2025.06.08 07:00;-12;17.25;11.625;10.6875;2555;202;0;
2568;2025.06.08 07:15;-12;17.125;11.5;10.625;2555;202;0;
2569;2025.06.08 07:30;-12;17.125;11.5;11;2555;202;0;
2570;2025.06.08 07:45;-12;17;11.625;11.25;2555;202;0;
2571;2025.06.08 08:00;-12;16.875;12;12.25;2555;202;0;
2572;2025.06.08 08:15;-12;16.875;11.875;11.625;2555;202;0;
2573;2025.06.08 08:30;-12;16.75;11.75;11.3125;2555;202;0;
2574;2025.06.08 08:45;-12;16.75;11.625;11.25;2555;202;0;
2575;2025.06.08 09:00;-12;16.6875;11.5625;11.375;2555;202;0;
2576;2025.06.08 09:15;-12;16.625;11.5;11.0625;2555;202;0;
2577;2025.06.08 09:30;-12;16.5625;11.375;11;2556;202;0;
2578;2025.06.08 09:45;-12;16.5;11.5625;11.5;2556;202;0;
2579;2025.06.08 10:00;-12;16.4375;11.875;12;2556;202;0;
2580;2025.06.08 10:15;-12;16.375;13.125;15.5625;2557;202;0;
2581;2025.06.08 10:30;-12;16.375;15;18.125;2559;202;0;
2582;2025.06.08 10:45;-12;16.5;16.75;19.8125;2559;202;0;
2583;2025.06.08 11:00;-12;16.625;18.125;20.75;2560;202;0;
2584;2025.06.08 11:15;-12;16.75;20.125;22.25;2560;202;0;
2585;2025.06.08 11:30;-12;17;21.4375;23.25;2560;202;0;
2586;2025.06.08 11:45;-12;17.3125;23.125;24.5;2560;202;0;
2587;2025.06.08 12:00;-12;17.6875;24.75;25.5625;2560;202;0;
2588;2025.06.08 12:15;-12;18.125;26.1875;26.5;2560;202;0;
2589;2025.06.08 12:30;-12;18.5;27.75;27.6875;2561;202;0;
2590;2025.06.08 12:45;-12;19.0625;28.875;28.375;2561;202;0;
2591;2025.06.08 13:00;-12;19.625;30;28.75;2562;202;0;
2592;2025.06.08 13:15;-12;20.125;31;29.3125;2562;202;0;
2593;2025.06.08 13:30;-12;20.75;30.1875;28.5;2561;202;0;
2594;2025.06.08 13:45;-12;21.25;29.5625;30.0625;2548;202;0;
2595;2025.06.08 14:00;-12;21.625;32.125;30.4375;2554;202;0;
2596;2025.06.08 14:15;-12;22.125;33.125;31;2556;202;0;
2597;2025.06.08 14:30;-12;22.75;33.6875;31.25;2554;202;0;
2598;2025.06.08 14:45;-12;23.3125;34.125;31.625;2556;202;0;
2599;2025.06.08 15:00;-12;23.875;34.125;31.5;2555;202;0;
2600;2025.06.08 15:15;-12;24.375;34.25;31.75;2555;202;0;
2601;2025.06.08 15:30;-12;24.875;34.375;31.875;2554;202;0;
2602;2025.06.08 15:45;-12;25.25;34.375;31.75;2554;202;0;
2603;2025.06.08 16:00;-12;25.625;34.125;31.75;2551;202;0;
2604;2025.06.08 16:15;-12;25.875;33.875;31.6875;2551;202;0;
2605;2025.06.08 16:30;-12;26.125;33.4375;31.625;2550;202;0;
2606;2025.06.08 16:45;-12;26.25;32.875;31.625;2550;202;0;
2607;2025.06.08 17:00;-12;26.375;31.625;31.1875;2546;202;0;
2608;2025.06.08 17:15;-12;26.5;31;30.9375;2546;202;0;
2609;2025.06.08 17:30;-12;26.5;30.625;30.5;2546;202;0;
2610;2025.06.08 17:45;-12;26.5;30.0625;30.375;2545;202;0;
2611;2025.06.08 18:00;-12;26.5;29.125;29.875;2543;202;0;
2612;2025.06.08 18:15;-12;26.375;29;30.25;2540;202;0;
2613;2025.06.08 18:30;-12;26.3125;28.875;30.1875;2537;202;0;
2614;2025.06.08 18:45;-12;26.1875;28.375;29.5;2535;202;0;
2615;2025.06.08 19:00;-12;26;27.875;29.25;2533;202;0;
2616;2025.06.08 19:15;-12;25.75;26.75;28.0625;2531;202;0;
2617;2025.06.08 19:30;-12;25.5;26;27.625;2529;202;0;
2618;2025.06.08 19:45;-12;25.125;25.125;27.125;2528;202;0;
2619;2025.06.08 20:00;-12;24.875;24;26.125;2527;202;0;
2620;2025.06.08 20:15;-12;24.5;22.625;24;2526;202;0;
2621;2025.06.08 20:30;-12;24.25;21.25;21.75;2526;202;0;
2622;2025.06.08 20:45;-12;23.875;20;19.625;2526;202;0;
2623;2025.06.08 21:00;-12;23.625;18.8125;17.375;2526;202;0;
2624;2025.06.08 21:15;-12;23.25;18;16.4375;2528;202;0;
2625;2025.06.08 21:30;-12;23;17.375;15.875;2529;202;0;
2626;2025.06.08 21:45;-12;22.6875;16.75;15.375;2530;202;0;
2627;2025.06.08 22:00;-12;22.375;16.25;15.125;2531;202;0;
2628;2025.06.08 22:15;-12;22.125;16;14.75;2532;202;0;
2629;2025.06.08 22:30;-12;21.875;15.6875;14.3125;2533;202;0;
2630;2025.06.08 22:45;-12;21.625;15.375;14.1875;2534;202;0;
2631;2025.06.08 23:00;-12;21.375;15.1875;14.125;2535;202;0;
2632;2025.06.08 23:15;-12;21.125;15;13.875;2536;202;0;
2633;2025.06.08 23:30;-12;20.9375;14.75;13.75;2536;202;0;
2634;2025.06.08 23:45;-12;20.75;14.5;13.4375;2537;202;0;
2635;2025.06.09 00:00;-12;20.5;14.5;13.375;2538;202;0;
2636;2025.06.09 00:15;-12;20.375;14.375;13.0625;2539;202;0;
2637;2025.06.09 00:30;-12;20.125;14.25;12.9375;2540;202;0;
2638;2025.06.09 00:45;-12;20;14.125;13;2540;202;0;
2639;2025.06.09 01:00;-12;19.875;14;13;2540;202;0;
2640;2025.06.09 01:15;-12;19.75;13.875;13;2540;202;0;
2641;2025.06.09 01:30;-12;19.5625;13.75;12.9375;2540;202;0;
2642;2025.06.09 01:45;-12;19.375;13.625;12.75;2540;202;0;
2643;2025.06.09 02:00;-12;19.25;13.5625;12.75;2540;202;0;
2644;2025.06.09 02:15;-12;19.125;13.5625;12.75;2540;202;0;
2645;2025.06.09 02:30;-12;19;13.5;12.6875;2541;202;0;
2646;2025.06.09 02:45;-12;18.875;13.375;12.625;2541;202;0;
2647;2025.06.09 03:00;-12;18.8125;13.25;12.5625;2542;202;0;
2648;2025.06.09 03:15;-12;18.6875;13.125;12.375;2541;202;0;
2649;2025.06.09 03:30;-12;18.625;13;12.125;2541;202;0;
2650;2025.06.09 03:45;-12;18.5;13;12.125;2542;202;0;
2651;2025.06.09 04:00;-12;18.375;12.8125;12;2542;202;0;
2652;2025.06.09 04:15;-12;18.25;12.6875;12;2541;202;0;
2653;2025.06.09 04:30;-12;18.125;12.625;11.8125;2542;202;0;
2654;2025.06.09 04:45;-12;18.0625;12.5;11.75;2542;202;0;
2655;2025.06.09 05:00;-12;18;12.5;11.6875;2542;202;0;
2656;2025.06.09 05:15;-12;17.875;12.375;11.625;2542;202;0;
2657;2025.06.09 05:30;-12;17.75;12.25;11.3125;2542;202;0;
2658;2025.06.09 05:45;-12;17.6875;12.25;11.4375;2543;202;0;
2659;2025.06.09 06:00;-12;17.625;12.1875;11.5;2543;202;0;
2660;2025.06.09 06:15;-12;17.5;12.125;11.625;2543;202;0;
2661;2025.06.09 06:30;-12;17.4375;12.125;11.5;2543;202;0;
2662;2025.06.09 06:45;-12;17.375;12;11.3125;2543;202;0;
2663;2025.06.09 07:00;-12;17.25;12;11.1875;2543;202;0;
2664;2025.06.09 07:15;-12;17.25;11.875;11.125;2543;202;0;
2665;2025.06.09 07:30;-12;17.125;11.8125;11.125;2544;202;0;
2666;2025.06.09 07:45;-12;17.0625;11.8125;11.25;2544;202;0;
2667;2025.06.09 08:00;-12;17;11.75;11.125;2544;202;0;
2668;2025.06.09 08:15;-12;16.875;11.625;10.875;2545;202;0;
2669;2025.06.09 08:30;-12;16.875;11.5;10.625;2545;202;0;
2670;2025.06.09 08:45;-12;16.75;11.5625;11;2545;202;0;
2671;2025.06.09 09:00;-12;16.6875;11.5;10.875;2545;202;0;
2672;2025.06.09 09:15;-12;16.625;11.5;10.5;2545;202;0;
2673;2025.06.09 09:30;-12;16.625;11.375;10.5625;2545;202;0;
2674;2025.06.09 09:45;-12;16.5;11.5;10.75;2546;202;0;
2675;2025.06.09 10:00;-12;16.5;11.75;11.375;2545;202;0;
2676;2025.06.09 10:15;-12;16.4375;12.625;14.125;2547;202;0;
2677;2025.06.09 10:30;-12;16.375;14.5;17.625;2548;202;0;
2678;2025.06.09 10:45;-12;16.5;16.75;20.9375;2550;202;0;
2679;2025.06.09 11:00;-12;16.625;18.875;23.125;2551;202;0;
2680;2025.06.09 11:15;-12;16.875;20.875;25.0625;2551;202;0;
2681;2025.06.09 11:30;-12;17.1875;23.125;26.5;2551;202;0;
2682;2025.06.09 11:45;-12;17.625;25.25;27.5;2551;202;0;
2683;2025.06.09 12:00;-12;18.125;27.125;27.9375;2552;202;0;
2684;2025.06.09 12:15;-12;18.625;28.4375;28.375;2552;202;0;
2685;2025.06.09 12:30;-12;19.1875;29.375;28.625;2551;202;0;
2686;2025.06.09 12:45;-12;19.75;30.375;29.5;2551;202;0;
2687;2025.06.09 13:00;-12;20.25;31.375;30.25;2552;202;0;
2688;2025.06.09 13:15;-12;20.875;32;30.4375;2552;202;0;
2689;2025.06.09 13:30;-12;21.375;32.5;30.5;2552;202;0;
2690;2025.06.09 13:45;-12;22;33;30.6875;2552;202;0;
2691;2025.06.09 14:00;-12;22.5;33.5;30.875;2552;202;0;
2692;2025.06.09 14:15;-12;23.125;33.9375;31;2552;202;0;
2693;2025.06.09 14:30;-12;23.625;34.375;31.5;2553;202;0;
2694;2025.06.09 14:45;-12;24.125;34.4375;31.375;2552;202;0;
2695;2025.06.09 15:00;-12;24.625;34.5;31.4375;2551;202;0;
2696;2025.06.09 15:15;-12;25.125;34.5;31.375;2550;202;0;
2697;2025.06.09 15:30;-12;25.5625;34.5625;31.375;2548;202;0;
2698;2025.06.09 15:45;-12;25.9375;34.3125;31.3125;2546;202;0;
2699;2025.06.09 16:00;-12;26.25;34.25;31.5;2546;202;0;
2700;2025.06.09 16:15;-12;26.5;34.125;31.5;2544;202;0;
2701;2025.06.09 16:30;-12;26.625;33.75;31.625;2543;202;0;
2702;2025.06.09 16:45;-12;26.75;33.3125;31.9375;2543;202;0;
2703;2025.06.09 17:00;-12;26.875;32.125;31.375;2542;202;0;
2704;2025.06.09 17:15;-12;27;31.6875;31.25;2540;202;0;
2705;2025.06.09 17:30;-12;27.0625;31.3125;31.125;2539;202;0;
2706;2025.06.09 17:45;-12;27.125;30.75;30.8125;2539;202;0;
2707;2025.06.09 18:00;-12;27.125;30.25;30.75;2536;202;0;
2708;2025.06.09 18:15;-12;27.0625;29.4375;29.875;2533;202;0;
2709;2025.06.09 18:30;-12;26.9375;29.125;30.125;2532;202;0;
2710;2025.06.09 18:45;-12;26.75;28.875;29.875;2529;202;0;
2711;2025.06.09 19:00;-12;26.5;28.4375;29.875;2527;202;0;
2712;2025.06.09 19:15;-12;26.25;27.8125;29.125;2525;202;0;
2713;2025.06.09 19:30;-12;26;27;28.375;2523;202;0;
2714;2025.06.09 19:45;-12;25.75;25.875;27.25;2521;202;0;
2715;2025.06.09 20:00;-12;25.5;24.5625;26.125;2520;202;0;
2716;2025.06.09 20:15;-12;25.125;23.25;24.3125;2520;202;0;
2717;2025.06.09 20:30;-12;24.8125;22.1875;22.75;2520;202;0;
2718;2025.06.09 20:45;-12;24.5;20.9375;20.625;2520;202;0;
2719;2025.06.09 21:00;-12;24.125;19.6875;18.375;2520;202;0;
2720;2025.06.09 21:15;-12;23.875;18.75;17.25;2521;202;0;
2721;2025.06.09 21:30;-12;23.5;18.125;16.375;2522;202;0;
2722;2025.06.09 21:45;-12;23.25;17.5;16.125;2524;202;0;
2723;2025.06.09 22:00;-12;22.9375;17;15.75;2526;202;0;
2724;2025.06.09 22:15;-12;22.625;16.625;15.5;2526;202;0;
2725;2025.06.09 22:30;-12;22.375;16.25;15.0625;2527;202;0;
2726;2025.06.09 22:45;-12;22.125;16;14.875;2528;202;0;
2727;2025.06.09 23:00;-12;21.875;15.75;14.75;2529;202;0;
2728;2025.06.09 23:15;-12;21.625;15.5625;14.4375;2531;202;0;
2729;2025.06.09 23:30;-12;21.375;15.375;14.3125;2531;202;0;
2730;2025.06.09 23:45;-12;21.1875;15.25;14.25;2532;202;0;
2731;2025.06.10 00:00;-12;21;15.125;14.0625;2533;202;0;
2732;2025.06.10 00:15;-12;20.75;14.875;14;2533;202;0;
2733;2025.06.10 00:30;-12;20.625;14.75;13.75;2534;202;0;
2734;2025.06.10 00:45;-12;20.4375;14.625;13.6875;2535;202;0;
2735;2025.06.10 01:00;-12;20.25;14.5;13.5;2535;202;0;
2736;2025.06.10 01:15;-12;20.125;14.375;13.375;2536;202;0;
2737;2025.06.10 01:30;-12;20;14.25;13.375;2536;202;0;
2738;2025.06.10 01:45;-12;19.8125;14.0625;13.125;2536;202;0;
2739;2025.06.10 02:00;-12;19.6875;14;13.1875;2536;202;0;
2740;2025.06.10 02:15;-12;19.5;14;13.125;2537;202;0;
2741;2025.06.10 02:30;-12;19.375;13.875;12.9375;2537;202;0;
2742;2025.06.10 02:45;-12;19.25;13.8125;12.875;2538;202;0;
2743;2025.06.10 03:00;-12;19.1875;13.75;12.75;2538;202;0;
2744;2025.06.10 03:15;-12;19.0625;13.625;12.875;2538;202;0;
2745;2025.06.10 03:30;-12;18.9375;13.5625;12.5625;2538;202;0;
2746;2025.06.10 03:45;-12;18.875;13.5;12.625;2538;202;0;
2747;2025.06.10 04:00;-12;18.75;13.5;12.75;2538;202;0;
2748;2025.06.10 04:15;-12;18.625;13.3125;12.625;2538;202;0;
2749;2025.06.10 04:30;-12;18.5;13.1875;12.5;2538;202;0;
2750;2025.06.10 04:45;-12;18.4375;13.125;12.375;2538;202;0;
2751;2025.06.10 05:00;-12;18.375;13.125;12.1875;2538;202;0;
2752;2025.06.10 05:15;-12;18.25;13;12.25;2539;202;0;
2753;2025.06.10 05:30;-12;18.1875;12.875;12.1875;2539;202;0;
2754;2025.06.10 05:45;-12;18.125;12.875;12.125;2539;202;0;
2755;2025.06.10 06:00;-12;18;12.75;12;2540;202;0;
2756;2025.06.10 06:15;-12;17.875;12.6875;12;2539;202;0;
2757;2025.06.10 06:30;-12;17.8125;12.625;11.875;2539;202;0;
2758;2025.06.10 06:45;-12;17.75;12.5;11.6875;2539;202;0;
2759;2025.06.10 07:00;-12;17.625;12.5;11.875;2538;202;0;
2760;2025.06.10 07:15;-12;17.5625;12.5;11.75;2538;202;0;
2761;2025.06.10 07:30;-12;17.5;12.5;12;2538;202;0;
2762;2025.06.10 07:45;-12;17.4375;12.5;11.875;2538;202;0;
2763;2025.06.10 08:00;-12;17.375;12.625;12.125;2538;202;0;
2764;2025.06.10 08:15;-12;17.3125;12.375;11.5;2538;202;0;
2765;2025.06.10 08:30;-12;17.25;12.25;11.5;2538;202;0;
2766;2025.06.10 08:45;-12;17.1875;12.375;12;2538;202;0;
2767;2025.06.10 09:00;-12;17.125;12.375;11.625;2538;202;0;
2768;2025.06.10 09:15;-12;17.0625;12.3125;11.75;2538;202;0;
2769;2025.06.10 09:30;-12;17;12.3125;11.625;2539;202;0;
2770;2025.06.10 09:45;-12;17;12.375;11.875;2539;202;0;
2771;2025.06.10 10:00;-12;16.875;12.8125;12.5;2540;202;0;
2772;2025.06.10 10:15;-12;16.875;13.75;15.375;2541;202;0;
2773;2025.06.10 10:30;-12;16.875;15.625;18.625;2542;202;0;
2774;2025.06.10 10:45;-12;17;17.25;20.9375;2543;202;0;
2775;2025.06.10 11:00;-12;17.125;18.9375;22.75;2544;202;0;
2776;2025.06.10 11:15;-12;17.375;20.75;23.5625;2545;202;0;
2777;2025.06.10 11:30;-12;17.625;22.6875;24.375;2545;202;0;
2778;2025.06.10 11:45;-12;18;24.375;25.125;2545;202;0;
2779;2025.06.10 12:00;-12;18.375;25.75;26;2544;202;0;
2780;2025.06.10 12:15;-12;18.75;26.625;26.25;2543;202;0;
2781;2025.06.10 12:30;-12;19.1875;27.375;26.6875;2543;202;0;
2782;2025.06.10 12:45;-12;19.625;28.75;27.875;2543;202;0;
2783;2025.06.10 13:00;-12;20.125;29.625;28.4375;2544;202;0;
2784;2025.06.10 13:15;-12;20.5625;30.75;29.3125;2544;202;0;
2785;2025.06.10 13:30;-12;21.125;31.375;29.6875;2545;202;0;
2786;2025.06.10 13:45;-12;21.6875;32.375;30.25;2546;202;0;
2787;2025.06.10 14:00;-12;22.25;33.75;31.4375;2546;202;0;
2788;2025.06.10 14:15;-12;22.875;33.9375;31.3125;2544;202;0;
2789;2025.06.10 14:30;-12;23.5;33.625;31.125;2543;202;0;
2790;2025.06.10 14:45;-12;23.9375;34.5;32.4375;2542;202;0;
2791;2025.06.10 15:00;-12;24.375;30;28.25;2535;202;0;
2792;2025.06.10 15:15;-12;24.375;27.125;26.3125;2530;202;0;
2793;2025.06.10 15:30;-12;24.25;26.1875;26;2529;202;0;
2794;2025.06.10 15:45;-12;24;26.75;26.9375;2530;202;0;
2795;2025.06.10 16:00;-12;23.875;29.25;29.5;2534;202;0;
2796;2025.06.10 16:15;-12;24;32.125;31.5;2537;202;0;
2797;2025.06.10 16:30;-12;24.4375;32.875;31.875;2538;202;0;
2798;2025.06.10 16:45;-12;24.8125;33;32.375;2538;202;0;
2799;2025.06.10 17:00;-12;25.25;32.25;32.0625;2537;202;0;
2800;2025.06.10 17:15;-12;25.5;31.75;31.8125;2536;202;0;
2801;2025.06.10 17:30;-12;25.75;31.125;31.125;2534;202;0;
2802;2025.06.10 17:45;-12;25.9375;30.8125;31.25;2533;202;0;
2803;2025.06.10 18:00;-12;26.0625;30.3125;31;2532;202;0;
2804;2025.06.10 18:15;-12;26.125;29.625;30.75;2530;202;0;
2805;2025.06.10 18:30;-12;26.125;29.375;30.625;2528;202;0;
2806;2025.06.10 18:45;-12;26;28.875;30;2526;202;0;
2807;2025.06.10 19:00;-12;25.875;28.125;29.3125;2524;202;0;
2808;2025.06.10 19:15;-12;25.6875;27.125;28;2522;202;0;
2809;2025.06.10 19:30;-12;25.5;25.625;26.125;2520;202;0;
2810;2025.06.10 19:45;-12;25.1875;25.4375;26.75;2520;202;0;
2811;2025.06.10 20:00;-12;24.9375;24.5;25.625;2519;202;0;
2812;2025.06.10 20:15;-12;24.625;23.25;24;2518;202;0;
2813;2025.06.10 20:30;-12;24.375;22.0625;22.3125;2517;202;0;
2814;2025.06.10 20:45;-12;24.125;20.75;19.875;2517;202;0;
2815;2025.06.10 21:00;-12;23.75;19.6875;18.25;2518;202;0;
2816;2025.06.10 21:15;-12;23.5;18.875;17.375;2519;202;0;
2817;2025.06.10 21:30;-12;23.25;18.3125;16.875;2520;202;0;
2818;2025.06.10 21:45;-12;22.9375;17.875;16.4375;2521;202;0;
2819;2025.06.10 22:00;-12;22.625;17.5625;16.1875;2522;202;0;
2820;2025.06.10 22:15;-12;22.375;17.125;16;2523;202;0;
2821;2025.06.10 22:30;-12;22.125;16.875;15.875;2524;202;0;
2822;2025.06.10 22:45;-12;21.9375;17.125;16.25;2524;202;0;
2823;2025.06.10 23:00;-12;21.75;17.125;16.375;2525;202;0;
2824;2025.06.10 23:15;-12;21.5625;17;16.1875;2526;202;0;
2825;2025.06.10 23:30;-12;21.375;16.75;15.8125;2527;202;0;
2826;2025.06.10 23:45;-12;21.25;16.4375;15.375;2527;202;0;
2827;2025.06.11 00:00;-12;21;16.25;15.125;2528;202;0;
2828;2025.06.11 00:15;-12;20.875;16.125;15.25;2528;202;0;
2829;2025.06.11 00:30;-12;20.75;16;15.25;2529;202;0;
2830;2025.06.11 00:45;-12;20.625;15.8125;14.875;2530;202;0;
2831;2025.06.11 01:00;-12;20.4375;15.625;14.75;2530;202;0;
2832;2025.06.11 01:15;-12;20.3125;15.375;14.375;2530;202;0;
2833;2025.06.11 01:30;-12;20.1875;15.0625;14.1875;2530;202;0;
2834;2025.06.11 01:45;-12;20;14.875;14;2530;202;0;
2835;2025.06.11 02:00;-12;19.875;14.75;13.9375;2531;202;0;
2836;2025.06.11 02:15;-12;19.75;15.125;14.375;2532;202;0;
2837;2025.06.11 02:30;-12;19.625;15.5;14.8125;2533;202;0;
2838;2025.06.11 02:45;-12;19.5625;15.75;15.125;2533;202;0;
2839;2025.06.11 03:00;-12;19.5;15.625;14.9375;2534;202;0;
2840;2025.06.11 03:15;-12;19.4375;15.125;14.375;2534;202;0;
2841;2025.06.11 03:30;-12;19.375;14.875;13.9375;2534;202;0;
2842;2025.06.11 03:45;-12;19.25;14.75;14.1875;2534;202;0;
2843;2025.06.11 04:00;-12;19.125;14.625;14.125;2535;202;0;
2844;2025.06.11 04:15;-12;19.0625;14.375;13.75;2535;202;0;
2845;2025.06.11 04:30;-12;19;14.3125;13.625;2535;202;0;
2846;2025.06.11 04:45;-12;18.875;14.125;13.5;2535;202;0;
2847;2025.06.11 05:00;-12;18.75;14.125;13.5;2536;202;0;
2848;2025.06.11 05:15;-12;18.6875;14.1875;13.75;2536;202;0;
2849;2025.06.11 05:30;-12;18.625;14.1875;13.75;2536;202;0;
2850;2025.06.11 05:45;-12;18.5;14.1875;13.8125;2535;202;0;
2851;2025.06.11 06:00;-12;18.4375;14.25;13.875;2535;202;0;
2852;2025.06.11 06:15;-12;18.375;14.1875;13.75;2535;202;0;
2853;2025.06.11 06:30;-12;18.3125;14.125;13.625;2534;202;0;
2854;2025.06.11 06:45;-12;18.25;14;13.5;2535;202;0;
2855;2025.06.11 07:00;-12;18.125;13.9375;13.5;2535;202;0;
2856;2025.06.11 07:15;-12;18.125;13.875;13.375;2536;202;0;
2857;2025.06.11 07:30;-12;18;13.75;13.125;2536;202;0;
2858;2025.06.11 07:45;-12;18;13.875;13.5;2537;202;0;
2859;2025.06.11 08:00;-12;17.875;13.75;13.25;2535;202;0;
2860;2025.06.11 08:15;-12;17.875;13.75;13.4375;2535;202;0;
2861;2025.06.11 08:30;-12;17.75;13.6875;13.375;2536;202;0;
2862;2025.06.11 08:45;-12;17.75;13.625;13.25;2535;202;0;
2863;2025.06.11 09:00;-12;17.6875;13.6875;13.5625;2535;202;0;
2864;2025.06.11 09:15;-12;17.625;13.8125;13.6875;2536;202;0;
2865;2025.06.11 09:30;-12;17.5625;13.625;13.375;2536;202;0;
2866;2025.06.11 09:45;-12;17.5;13.75;13.5;2535;202;0;
2867;2025.06.11 10:00;-12;17.5;14.125;14.25;2535;202;0;
2868;2025.06.11 10:15;-12;17.4375;15.125;16.75;2536;202;0;
2869;2025.06.11 10:30;-12;17.5;16.625;19.5625;2537;202;0;
2870;2025.06.11 10:45;-12;17.5;17.875;21.25;2538;202;0;
2871;2025.06.11 11:00;-12;17.625;19.3125;22.25;2539;202;0;
2872;2025.06.11 11:15;-12;17.875;21.1875;22.875;2540;202;0;
2873;2025.06.11 11:30;-12;18.0625;22.75;23.75;2539;202;0;
2874;2025.06.11 11:45;-12;18.375;24.0625;24.3125;2539;202;0;
2875;2025.06.11 12:00;-12;18.6875;25.375;25.3125;2539;202;0;
2876;2025.06.11 12:15;-12;19.0625;26.625;26;2538;202;0;
2877;2025.06.11 12:30;-12;19.5;27.5625;26.875;2538;202;0;
2878;2025.06.11 12:45;-12;19.875;28.4375;27.3125;2538;202;0;
2879;2025.06.11 13:00;-12;20.3125;29.375;27.875;2538;202;0;
2880;2025.06.11 13:15;-12;20.8125;30.125;28.5;2538;202;0;
2881;2025.06.11 13:30;-12;21.25;31.125;29.125;2540;202;0;
2882;2025.06.11 13:45;-12;21.8125;31.75;29.375;2539;202;0;
2883;2025.06.11 14:00;-12;22.375;32.625;30;2539;202;0;
2884;2025.06.11 14:15;-12;22.875;32.75;30.25;2538;202;0;
2885;2025.06.11 14:30;-12;23.4375;30.4375;28.25;2534;202;0;
2886;2025.06.11 14:45;-12;23.6875;27.75;26.625;2530;202;0;
2887;2025.06.11 15:00;-12;23.75;33.375;31.8125;2538;202;0;
2888;2025.06.11 15:15;-12;24.25;35.125;32.625;2539;202;0;
2889;2025.06.11 15:30;-12;24.875;36.375;33.875;2538;202;0;
2890;2025.06.11 15:45;-12;25.375;31.375;29.1875;2529;202;0;
2891;2025.06.11 16:00;-12;25.4375;27.875;26.625;2524;202;0;
2892;2025.06.11 16:15;-12;25.1875;26.375;25.9375;2522;202;0;
2893;2025.06.11 16:30;-12;24.875;26;25.875;2522;202;0;
2894;2025.06.11 16:45;-12;24.625;25.625;25.875;2521;202;0;
2895;2025.06.11 17:00;-12;24.375;25.8125;26.375;2521;202;0;
2896;2025.06.11 17:15;-12;24.25;27.5;28;2523;202;0;
2897;2025.06.11 17:30;-12;24.25;29.3125;30.5625;2527;202;0;
2898;2025.06.11 17:45;-12;24.5;29;29.875;2527;202;0;
2899;2025.06.11 18:00;-12;24.625;28.8125;30.1875;2527;202;0;
2900;2025.06.11 18:15;-12;24.75;29.125;30.75;2526;202;0;
2901;2025.06.11 18:30;-12;24.875;29.375;31;2525;202;0;
2902;2025.06.11 18:45;-12;25;29.25;30.8125;2523;202;0;
2903;2025.06.11 19:00;-12;25;27.5;27.75;2520;202;0;
2904;2025.06.11 19:15;-12;24.875;26;26;2518;202;0;
2905;2025.06.11 19:30;-12;24.75;25.375;25.75;2517;202;0;
2906;2025.06.11 19:45;-12;24.5625;25.875;27.5;2517;202;0;
2907;2025.06.11 20:00;-12;24.375;25.125;25.75;2516;202;0;
2908;2025.06.11 20:15;-12;24.125;23.625;23.875;2514;202;0;
2909;2025.06.11 20:30;-12;23.9375;23.125;23.75;2514;202;0;
2910;2025.06.11 20:45;-12;23.75;22.3125;22.375;2514;202;0;
2911;2025.06.11 21:00;-12;23.5;21.5;21.25;2514;202;0;
2912;2025.06.11 21:15;-12;23.3125;20.25;19.375;2513;202;0;
2913;2025.06.11 21:30;-12;23.0625;19;17.875;2514;202;0;
2914;2025.06.11 21:45;-12;22.8125;18.25;17;2514;202;0;
2915;2025.06.11 22:00;-12;22.5625;17.75;16.5625;2516;202;0;
2916;2025.06.11 22:15;-12;22.3125;17.375;16.4375;2517;202;0;
2917;2025.06.11 22:30;-12;22.0625;17.0625;15.875;2518;202;0;
2918;2025.06.11 22:45;-12;21.875;16.75;15.625;2519;202;0;
2919;2025.06.11 23:00;-12;21.625;16.5;15.375;2520;202;0;
2920;2025.06.11 23:15;-12;21.375;16.3125;15.3125;2520;202;0;
2921;2025.06.11 23:30;-12;21.25;16.125;15.125;2521;202;0;
2922;2025.06.11 23:45;-12;21;16;14.875;2522;202;0;
2923;2025.06.12 00:00;-12;20.875;15.75;14.6875;2523;202;0;
2924;2025.06.12 00:15;-12;20.6875;15.625;14.875;2524;202;0;
2925;2025.06.12 00:30;-12;20.5;15.5;14.75;2525;202;0;
2926;2025.06.12 00:45;-12;20.375;15.375;14.625;2525;202;0;
2927;2025.06.12 01:00;-12;20.25;15.1875;14.25;2526;202;0;
2928;2025.06.12 01:15;-12;20.125;15;13.8125;2526;202;0;
2929;2025.06.12 01:30;-12;20;14.6875;13.75;2527;202;0;
2930;2025.06.12 01:45;-12;19.8125;14.5625;13.5;2527;202;0;
2931;2025.06.12 02:00;-12;19.6875;14.5;13.5625;2527;202;0;
2932;2025.06.12 02:15;-12;19.5625;14.375;13.25;2527;202;0;
2933;2025.06.12 02:30;-12;19.4375;14.25;13.375;2528;202;0;
2934;2025.06.12 02:45;-12;19.3125;14.1875;13.375;2528;202;0;
2935;2025.06.12 03:00;-12;19.1875;14;13;2529;202;0;
2936;2025.06.12 03:15;-12;19.125;13.8125;12.8125;2529;202;0;
2937;2025.06.12 03:30;-12;19;13.625;12.875;2529;202;0;
2938;2025.06.12 03:45;-12;18.875;13.5;12.875;2530;202;0;
2939;2025.06.12 04:00;-12;18.75;14.625;15;2530;202;0;
2940;2025.06.12 04:15;-12;18.625;14.3125;14.3125;2531;202;0;
2941;2025.06.12 04:30;-12;18.5625;14.1875;14.125;2531;202;0;
2942;2025.06.12 04:45;-12;18.5;14.375;14.5;2531;202;0;
2943;2025.06.12 05:00;-12;18.375;14.5;14.8125;2531;202;0;
2944;2025.06.12 05:15;-12;18.375;14.5625;14.875;2532;202;0;
2945;2025.06.12 05:30;-12;18.25;14.75;15.25;2531;202;0;
2946;2025.06.12 05:45;-12;18.25;14.75;15.25;2531;202;0;
2947;2025.06.12 06:00;-12;18.125;15.125;15.8125;2532;202;0;
2948;2025.06.12 06:15;-12;18.125;15.1875;15.875;2531;202;0;
2949;2025.06.12 06:30;-12;18.0625;15.125;15.625;2531;202;0;
2950;2025.06.12 06:45;-12;18;15.125;15.75;2531;202;0;
2951;2025.06.12 07:00;-12;18;15.4375;16.125;2532;202;0;
2952;2025.06.12 07:15;-12;17.9375;15.5;16.125;2532;202;0;
2953;2025.06.12 07:30;-12;17.875;15.625;16.375;2532;202;0;
2954;2025.06.12 07:45;-12;17.875;15.375;16;2532;202;0;
2955;2025.06.12 08:00;-12;17.875;15.375;16;2531;202;0;
2956;2025.06.12 08:15;-12;17.75;15.375;16;2531;202;0;
2957;2025.06.12 08:30;-12;17.75;15.3125;15.9375;2531;202;0;
2958;2025.06.12 08:45;-12;17.75;15.25;15.875;2531;202;0;
2959;2025.06.12 09:00;-12;17.625;14.5;14.625;2530;202;0;
2960;2025.06.12 09:15;-12;17.625;14.5;15.0625;2530;202;0;
2961;2025.06.12 09:30;-12;17.5625;14.625;15.125;2530;202;0;
2962;2025.06.12 09:45;-12;17.5;15.375;16.3125;2530;202;0;
2963;2025.06.12 10:00;-12;17.5;15.125;15.8125;2530;202;0;
2964;2025.06.12 10:15;-12;17.4375;15.875;18.25;2531;202;0;
2965;2025.06.12 10:30;-12;17.4375;17.25;20.25;2532;202;0;
2966;2025.06.12 10:45;-12;17.5;18.375;21;2532;202;0;
2967;2025.06.12 11:00;-12;17.5625;19.9375;22.25;2533;202;0;
2968;2025.06.12 11:15;-12;17.75;21.125;22.5;2533;202;0;
2969;2025.06.12 11:30;-12;17.875;22.3125;23.375;2532;202;0;
2970;2025.06.12 11:45;-12;18.125;23.5625;24;2532;202;0;
2971;2025.06.12 12:00;-12;18.4375;24.5;24.5;2531;202;0;
2972;2025.06.12 12:15;-12;18.75;25.625;25.125;2531;202;0;
2973;2025.06.12 12:30;-12;19.125;26.8125;26;2531;202;0;
2974;2025.06.12 12:45;-12;19.5625;27.875;26.625;2532;202;0;
2975;2025.06.12 13:00;-12;20;28.75;27.1875;2533;202;0;
2976;2025.06.12 13:15;-12;20.5;29.75;28;2534;202;0;
2977;2025.06.12 13:30;-12;21;30.25;28.125;2535;202;0;
2978;2025.06.12 13:45;-12;21.5;30.75;28.375;2535;202;0;
2979;2025.06.12 14:00;-12;22;31.25;28.75;2535;202;0;
2980;2025.06.12 14:15;-12;22.5;31.75;28.875;2532;202;0;
2981;2025.06.12 14:30;-12;23;32.75;29.9375;2533;202;0;
2982;2025.06.12 14:45;-12;23.5;33.625;30.5;2533;202;0;
2983;2025.06.12 15:00;-12;24;32.5;30.0625;2530;202;0;
2984;2025.06.12 15:15;-12;24.375;31.625;29;2529;202;0;
2985;2025.06.12 15:30;-12;24.625;26.5;24.8125;2521;202;0;
2986;2025.06.12 15:45;-12;24.375;24.25;23.8125;2517;202;0;
2987;2025.06.12 16:00;-12;24;23.5;23.4375;2515;202;0;
2988;2025.06.12 16:15;-12;23.625;23.375;23.5;2515;202;0;
2989;2025.06.12 16:30;-12;23.25;23.375;23.625;2515;202;0;
2990;2025.06.12 16:45;-12;23.0625;23.3125;23.625;2515;202;0;
2991;2025.06.12 17:00;-12;22.875;23.5;23.625;2515;202;0;
2992;2025.06.12 17:15;-12;22.75;23.1875;23.5;2515;202;0;
2993;2025.06.12 17:30;-12;22.625;23.5;24;2515;202;0;
2994;2025.06.12 17:45;-12;22.625;23.25;23.75;2515;202;0;
2995;2025.06.12 18:00;-12;22.5;23.25;23.625;2515;202;0;
2996;2025.06.12 18:15;-12;22.5;26;28.375;2519;202;0;
2997;2025.06.12 18:30;-12;22.6875;27.3125;29.375;2520;202;0;
2998;2025.06.12 18:45;-12;22.9375;27.6875;29.875;2519;202;0;
2999;2025.06.12 19:00;-12;23.125;27.5;29.625;2517;202;0;
3000;2025.06.12 19:15;-12;23.25;24.9375;25.125;2514;202;0;
3001;2025.06.12 19:30;-12;23.125;23.6875;23.5;2513;202;0;
3002;2025.06.12 19:45;-12;23.0625;23;23;2512;202;0;
3003;2025.06.12 20:00;-12;22.875;21.625;21.0625;2511;202;0;
3004;2025.06.12 20:15;-12;22.75;20.75;19.9375;2511;202;0;
3005;2025.06.12 20:30;-12;22.5625;20;19.25;2512;202;0;
3006;2025.06.12 20:45;-12;22.375;19.5625;18.8125;2512;202;0;
3007;2025.06.12 21:00;-12;22.125;18.875;18.0625;2512;202;0;
3008;2025.06.12 21:15;-12;21.9375;18.125;17.25;2513;202;0;
3009;2025.06.12 21:30;-12;21.75;17.5;16.5;2513;202;0;
3010;2025.06.12 21:45;-12;21.5;17.0625;15.875;2514;202;0;
3011;2025.06.12 22:00;-12;21.25;16.75;15.875;2515;202;0;
3012;2025.06.12 22:15;-12;21.125;16.5;15.5625;2516;202;0;
3013;2025.06.12 22:30;-12;20.875;16.125;15.25;2516;202;0;
3014;2025.06.12 22:45;-12;20.75;15.8125;14.9375;2518;202;0;
3015;2025.06.12 23:00;-12;20.5;15.5625;14.75;2518;202;0;
3016;2025.06.12 23:15;-12;20.375;15.375;14.625;2518;202;0;
3017;2025.06.12 23:30;-12;20.125;15.125;14.3125;2519;202;0;
3018;2025.06.12 23:45;-12;20;15.125;14.25;2520;202;0;
3019;2025.06.13 00:00;-12;19.875;15;14.125;2521;202;0;
3020;2025.06.13 00:15;-12;19.75;15.25;15;2521;202;0;
3021;2025.06.13 00:30;-12;19.625;15.125;14.75;2522;202;0;
3022;2025.06.13 00:45;-12;19.5;14.75;14;2522;202;0;
3023;2025.06.13 01:00;-12;19.375;14.8125;14.375;2523;202;0;
3024;2025.06.13 01:15;-12;19.25;14.75;14.25;2524;202;0;
3025;2025.06.13 01:30;-12;19.125;14.75;14.3125;2524;202;0;
3026;2025.06.13 01:45;-12;19;14.75;14.625;2524;202;0;
3027;2025.06.13 02:00;-12;18.9375;14.375;13.75;2524;202;0;
3028;2025.06.13 02:15;-12;18.875;14.25;13.625;2525;202;0;
3029;2025.06.13 02:30;-12;18.75;14.125;13.5;2524;202;0;
3030;2025.06.13 02:45;-12;18.625;14.0625;13.375;2525;202;0;
3031;2025.06.13 03:00;-12;18.5;14.125;13.75;2525;202;0;
3032;2025.06.13 03:15;-12;18.4375;14;13.5;2525;202;0;
3033;2025.06.13 03:30;-12;18.375;14.125;13.875;2526;202;0;
3034;2025.06.13 03:45;-12;18.25;14.25;14.375;2526;202;0;
3035;2025.06.13 04:00;-12;18.25;14.125;14.0625;2526;202;0;
3036;2025.06.13 04:15;-12;18.125;14.125;14;2527;202;0;
3037;2025.06.13 04:30;-12;18.0625;14.125;14.25;2527;202;0;
3038;2025.06.13 04:45;-12;18;14.25;14.375;2528;202;0;
3039;2025.06.13 05:00;-12;18;14.375;14.625;2528;202;0;
3040;2025.06.13 05:15;-12;17.875;14.375;14.625;2528;202;0;
3041;2025.06.13 05:30;-12;17.875;14.25;14.375;2528;202;0;
3042;2025.06.13 05:45;-12;17.75;14.375;14.75;2528;202;0;
3043;2025.06.13 06:00;-12;17.75;15.125;16.1875;2529;202;0;
3044;2025.06.13 06:15;-12;17.6875;15.5;16.625;2529;202;0;
3045;2025.06.13 06:30;-12;17.6875;15.625;16.625;2529;202;0;
3046;2025.06.13 06:45;-12;17.625;15.625;16.5;2528;202;0;
3047;2025.06.13 07:00;-12;17.625;15.5;16.25;2528;202;0;
3048;2025.06.13 07:15;-12;17.625;15.875;16.875;2528;202;0;
3049;2025.06.13 07:30;-12;17.625;15.875;16.625;2528;202;0;
3050;2025.06.13 07:45;-12;17.5625;15.75;16.4375;2528;202;0;
3051;2025.06.13 08:00;-12;17.5;15.6875;16.4375;2529;202;0;
3052;2025.06.13 08:15;-12;17.5;15.375;16;2528;202;0;
3053;2025.06.13 08:30;-12;17.5;15.4375;16.25;2528;202;0;
3054;2025.06.13 08:45;-12;17.4375;15.625;16.5;2528;202;0;
3055;2025.06.13 09:00;-12;17.375;15.625;16.375;2528;202;0;
3056;2025.06.13 09:15;-12;17.375;15.75;16.5;2528;202;0;
3057;2025.06.13 09:30;-12;17.375;15.75;16.5;2528;202;0;
3058;2025.06.13 09:45;-12;17.375;15.875;16.625;2528;202;0;
3059;2025.06.13 10:00;-12;17.3125;15.8125;16.5;2528;202;0;
3060;2025.06.13 10:15;-12;17.3125;16.125;18.25;2529;202;0;
3061;2025.06.13 10:30;-12;17.3125;17.3125;20.4375;2530;202;0;
3062;2025.06.13 10:45;-12;17.375;18.625;21.3125;2530;202;0;
3063;2025.06.13 11:00;-12;17.5;19.875;22;2531;202;0;
3064;2025.06.13 11:15;-12;17.625;21.125;22.375;2531;202;0;
3065;2025.06.13 11:30;-12;17.8125;22.3125;23.375;2531;202;0;
3066;2025.06.13 11:45;-12;18.0625;22.875;22.8125;2530;202;0;
3067;2025.06.13 12:00;-12;18.375;23.25;22.75;2529;202;0;
3068;2025.06.13 12:15;-12;18.625;24.0625;23.1875;2528;202;0;
3069;2025.06.13 12:30;-12;18.9375;25.1875;24;2529;202;0;
3070;2025.06.13 12:45;-12;19.25;25.8125;24.125;2528;202;0;
3071;2025.06.13 13:00;-12;19.625;26.5;24.4375;2529;202;0;
3072;2025.06.13 13:15;-12;20.0625;27.25;25.125;2529;202;0;
3073;2025.06.13 13:30;-12;20.5;28.5;26.125;2530;202;0;
3074;2025.06.13 13:45;-12;20.875;28.25;25.5625;2530;202;0;
3075;2025.06.13 14:00;-12;21.375;28.5;25.875;2529;202;0;
3076;2025.06.13 14:15;-12;21.75;29.875;27.125;2529;202;0;
3077;2025.06.13 14:30;-12;22.25;30.25;27.3125;2527;202;0;
3078;2025.06.13 14:45;-12;22.6875;30.1875;27.0625;2526;202;0;
3079;2025.06.13 15:00;-12;23.125;31.0625;27.875;2527;202;0;
3080;2025.06.13 15:15;-12;23.625;31.75;28.625;2526;202;0;
3081;2025.06.13 15:30;-12;24;32.125;28.8125;2526;202;0;
3082;2025.06.13 15:45;-12;24.4375;32.1875;29;2525;202;0;
3083;2025.06.13 16:00;-12;24.8125;32.125;29.125;2524;202;0;
3084;2025.06.13 16:15;-12;25.125;32.375;29.3125;2523;202;0;
3085;2025.06.13 16:30;-12;25.375;31.8125;29;2521;202;0;
3086;2025.06.13 16:45;-12;25.5625;31.125;29.125;2519;202;0;
3087;2025.06.13 17:00;-12;25.75;30.75;29.6875;2518;202;0;
3088;2025.06.13 17:15;-12;25.875;30.625;30;2519;202;0;
3089;2025.06.13 17:30;-12;26;30.5;30;2517;202;0;
3090;2025.06.13 17:45;-12;26.125;29.25;28.25;2513;202;0;
3091;2025.06.13 18:00;-12;26.125;29.1875;29.1875;2512;202;0;
3092;2025.06.13 18:15;-12;26.0625;27.3125;26.75;2509;202;0;
3093;2025.06.13 18:30;-12;25.875;26.3125;26.6875;2507;202;0;
3094;2025.06.13 18:45;-12;25.5625;24.875;24.5;2504;202;0;
3095;2025.06.13 19:00;-12;25.25;25.375;26.375;2503;202;0;
3096;2025.06.13 19:15;-12;24.875;23.375;23.25;2500;202;0;
3097;2025.06.13 19:30;-12;24.5;22.875;23.6875;2500;202;0;
3098;2025.06.13 19:45;-12;24.1875;23.375;24.875;2500;202;0;
3099;2025.06.13 20:00;-12;23.875;22.75;24.0625;2499;202;0;
3100;2025.06.13 20:15;-12;23.625;21.375;22;2498;202;0;
3101;2025.06.13 20:30;-12;23.3125;20.5;20.8125;2498;202;0;
3102;2025.06.13 20:45;-12;23;19.75;20;2498;202;0;
3103;2025.06.13 21:00;-12;22.75;19.125;19.1875;2499;202;0;
3104;2025.06.13 21:15;-12;22.4375;18.5;18.5;2499;202;0;
3105;2025.06.13 21:30;-12;22.125;17.8125;17.5;2500;202;0;
3106;2025.06.13 21:45;-12;21.875;17.4375;17.25;2500;202;0;
3107;2025.06.13 22:00;-12;21.625;17.1875;16.9375;2501;202;0;
3108;2025.06.13 22:15;-12;21.4375;16.875;16.625;2502;202;0;
3109;2025.06.13 22:30;-12;21.25;16.75;16.5625;2504;202;0;
3110;2025.06.13 22:45;-12;21.0625;16.625;16.625;2504;202;0;
3111;2025.06.13 23:00;-12;20.875;16.75;17;2505;202;0;
3112;2025.06.13 23:15;-12;20.6875;17;17.5;2506;202;0;
3113;2025.06.13 23:30;-12;20.5;17.25;18;2507;202;0;
3114;2025.06.13 23:45;-12;20.375;17.375;18.25;2507;202;0;
3547;2025.06.14 00:00;-12;20.25;17.5;18.375;2508;202;0;
3548;2025.06.14 00:15;-12;20.125;17.5625;18.375;2508;202;0;
3549;2025.06.14 00:30;-12;20;17.625;18.5;2508;202;0;
3550;2025.06.14 00:45;-12;19.875;17.4375;18.25;2508;202;0;
3551;2025.06.14 01:00;-12;19.75;17.6875;18.625;2509;202;0;
3552;2025.06.14 01:15;-12;19.625;17.5625;18.375;2509;202;0;
3553;2025.06.14 01:30;-12;19.5625;17.5;18.3125;2508;202;0;
3554;2025.06.14 01:45;-12;19.4375;17.125;17.875;2508;202;0;
3555;2025.06.14 02:00;-12;19.375;17;17.75;2508;202;0;
3556;2025.06.14 02:15;-12;19.25;16.875;17.5625;2508;202;0;
3557;2025.06.14 02:30;-12;19.125;16.5;17.125;2508;202;0;
3558;2025.06.14 02:45;-12;19.0625;16.1875;16.75;2508;202;0;
3559;2025.06.14 03:00;-12;19;16.1875;16.875;2509;202;0;
3560;2025.06.14 03:15;-12;18.875;16.125;16.75;2509;202;0;
3561;2025.06.14 03:30;-12;18.8125;16.125;16.875;2509;202;0;
3562;2025.06.14 03:45;-12;18.75;16.125;16.875;2509;202;0;
3563;2025.06.14 04:00;-12;18.625;16;16.625;2510;202;0;
3564;2025.06.14 04:15;-12;18.5625;15.875;16.5;2509;202;0;
3565;2025.06.14 04:30;-12;18.5;16.125;17;2510;202;0;
3566;2025.06.14 04:45;-12;18.375;16.125;16.875;2510;202;0;
3567;2025.06.14 05:00;-12;18.375;15.875;16.625;2510;202;0;
3568;2025.06.14 05:15;-12;18.25;15.75;16.375;2510;202;0;
3569;2025.06.14 05:30;-12;18.25;15.625;16.375;2510;202;0;
3570;2025.06.14 05:45;-12;18.125;15.375;16;2510;202;0;
3571;2025.06.14 06:00;-12;18.0625;15.5;16.1875;2510;202;0;
3572;2025.06.14 06:15;-12;18;15.75;16.5625;2511;202;0;
3573;2025.06.14 06:30;-12;17.875;15.5625;16.25;2510;202;0;
3574;2025.06.14 06:45;-12;17.875;15.125;15.625;2510;202;0;
3575;2025.06.14 07:00;-12;17.75;15.125;15.8125;2510;202;0;
3576;2025.06.14 07:15;-12;17.75;15.25;15.8125;2510;202;0;
3577;2025.06.14 07:30;-12;17.625;15;15.5625;2510;202;0;
3578;2025.06.14 07:45;-12;17.625;14.375;14.75;2510;202;0;
3579;2025.06.14 08:00;-12;17.5;14.3125;14.75;2510;202;0;
3580;2025.06.14 08:15;-12;17.5;14.1875;14.5625;2510;202;0;
3581;2025.06.14 08:30;-12;17.375;13.8125;14.125;2510;202;0;
3582;2025.06.14 08:45;-12;17.3125;13.625;14;2510;202;0;
3583;2025.06.14 09:00;-12;17.25;13.625;14;2511;202;0;
3584;2025.06.14 09:15;-12;17.1875;13.5625;13.9375;2511;202;0;
3585;2025.06.14 09:30;-12;17.125;13.4375;13.75;2511;202;0;
3586;2025.06.14 09:45;-12;17;14;14.6875;2512;202;0;
3587;2025.06.14 10:00;-12;17;14.3125;15;2512;202;0;
3588;2025.06.14 10:15;-12;16.9375;14.6875;16.875;2513;202;0;
3589;2025.06.14 10:30;-12;16.9375;15.8125;18.5;2514;202;0;
3590;2025.06.14 10:45;-12;17;16.75;19.25;2514;202;0;
3591;2025.06.14 11:00;-12;17;18;19.75;2515;202;0;
3592;2025.06.14 11:15;-12;17.125;19.5;20.625;2516;202;0;
3593;2025.06.14 11:30;-12;17.3125;20.25;20.75;2516;202;0;
3594;2025.06.14 11:45;-12;17.5;21.375;21.25;2516;202;0;
3595;2025.06.14 12:00;-12;17.8125;22;21.25;2515;202;0;
3596;2025.06.14 12:15;-12;18.125;22.6875;21.375;2515;202;0;
3597;2025.06.14 12:30;-12;18.375;23.5625;22;2515;202;0;
3598;2025.06.14 12:45;-12;18.75;25.25;23.625;2516;202;0;
3599;2025.06.14 13:00;-12;19.125;25.25;23;2516;202;0;
3600;2025.06.14 13:15;-12;19.5;25.5625;23.25;2516;202;0;
3601;2025.06.14 13:30;-12;19.875;26.625;24.25;2517;202;0;
3602;2025.06.14 13:45;-12;20.3125;27.5;24.75;2517;202;0;
3603;2025.06.14 14:00;-12;20.75;28.1875;25.25;2518;202;0;
3604;2025.06.14 14:15;-12;21.25;29.125;26.1875;2519;202;0;
3605;2025.06.14 14:30;-12;21.75;29.375;26.1875;2517;202;0;
3606;2025.06.14 14:45;-12;22.25;30;26.875;2517;202;0;
3607;2025.06.14 15:00;-12;22.75;30.625;27.25;2517;202;0;
3608;2025.06.14 15:15;-12;23.1875;30.875;27.4375;2516;202;0;
3609;2025.06.14 15:30;-12;23.625;31;27.5;2514;202;0;
3610;2025.06.14 15:45;-12;24;31.875;28.5;2513;202;0;
3611;2025.06.14 16:00;-12;24.5;31.875;28.25;2513;202;0;
3612;2025.06.14 16:15;-12;24.75;32;28.6875;2511;202;0;
3613;2025.06.14 16:30;-12;25.0625;31.75;28.5625;2511;202;0;
3614;2025.06.14 16:45;-12;25.25;31.25;28.875;2509;202;0;
3615;2025.06.14 17:00;-12;25.5;30.4375;29;2508;202;0;
3616;2025.06.14 17:15;-12;25.625;29.75;28.75;2507;202;0;
3617;2025.06.14 17:30;-12;25.75;29.6875;28.9375;2506;202;0;
3618;2025.06.14 17:45;-12;25.875;29;28.375;2504;202;0;
3619;2025.06.14 18:00;-12;25.875;28.5;28.375;2503;202;0;
3620;2025.06.14 18:15;-12;25.875;27.625;27.625;2500;202;0;
3621;2025.06.14 18:30;-12;25.75;27.3125;27.625;2498;202;0;
3622;2025.06.14 18:45;-12;25.625;26.5625;26.75;2495;202;0;
3623;2025.06.14 19:00;-12;25.375;25.75;26;2493;202;0;
3624;2025.06.14 19:15;-12;25.125;25;25.375;2491;202;0;
3625;2025.06.14 19:30;-12;24.8125;24;24.6875;2489;202;0;
3626;2025.06.14 19:45;-12;24.4375;23;23.875;2487;202;0;
3627;2025.06.14 20:00;-12;24.125;21.9375;23.25;2486;202;0;
3628;2025.06.14 20:15;-12;23.75;20.75;21.6875;2485;202;0;
3629;2025.06.14 20:30;-12;23.375;19.625;20;2485;202;0;
3630;2025.06.14 20:45;-12;23;18.5;18.25;2485;202;0;
3631;2025.06.14 21:00;-12;22.625;17.6875;17.5;2485;202;0;
3632;2025.06.14 21:15;-12;22.3125;16.75;16.125;2486;202;0;
3633;2025.06.14 21:30;-12;22;16.125;15.375;2487;202;0;
3634;2025.06.14 21:45;-12;21.6875;15.625;15;2488;202;0;
3635;2025.06.14 22:00;-12;21.375;15.5;15.125;2489;202;0;
3636;2025.06.14 22:15;-12;21.125;15.5;15.4375;2491;202;0;
3637;2025.06.14 22:30;-12;20.875;15.25;15;2491;202;0;
3638;2025.06.14 22:45;-12;20.625;15.375;15.5;2492;202;0;
3639;2025.06.14 23:00;-12;20.4375;15.125;15.125;2493;202;0;
3640;2025.06.14 23:15;-12;20.25;15.25;15.4375;2494;202;0;
3641;2025.06.14 23:30;-12;20;15.3125;15.75;2494;202;0;
3642;2025.06.14 23:45;-12;19.875;15.75;16.5;2495;202;0;
3643;2025.06.15 00:00;-12;19.625;15.8125;16.5;2496;202;0;
3644;2025.06.15 00:15;-12;19.5;15.625;16.25;2496;202;0;
3645;2025.06.15 00:30;-12;19.375;15.875;16.6875;2497;202;0;
3646;2025.06.15 00:45;-12;19.25;16.1875;17.25;2497;202;0;
3647;2025.06.15 01:00;-12;19.125;16.125;17.125;2498;202;0;
3648;2025.06.15 01:15;-12;19;15.875;16.625;2498;202;0;
3649;2025.06.15 01:30;-12;18.875;15.625;16.4375;2497;202;0;
3650;2025.06.15 01:45;-12;18.75;15.625;16.4375;2497;202;0;
3651;2025.06.15 02:00;-12;18.625;15.625;16.5625;2497;202;0;
3652;2025.06.15 02:15;-12;18.5;15.75;16.6875;2498;202;0;
3653;2025.06.15 02:30;-12;18.375;15.5;16.375;2497;202;0;
3654;2025.06.15 02:45;-12;18.3125;15.25;16;2497;202;0;
3655;2025.06.15 03:00;-12;18.1875;15.25;16;2497;202;0;
3656;2025.06.15 03:15;-12;18.125;15;15.75;2497;202;0;
3657;2025.06.15 03:30;-12;18;14.75;15.4375;2497;202;0;
3658;2025.06.15 03:45;-12;17.875;14.625;15.5;2497;202;0;
3659;2025.06.15 04:00;-12;17.8125;14.375;15.125;2497;202;0;
3660;2025.06.15 04:15;-12;17.75;14.625;15.625;2497;202;0;
3661;2025.06.15 04:30;-12;17.625;14.625;15.5;2498;202;0;
3662;2025.06.15 04:45;-12;17.5;14.3125;15;2498;202;0;
3663;2025.06.15 05:00;-12;17.5;14.125;14.875;2498;202;0;
3664;2025.06.15 05:15;-12;17.375;13.9375;14.5625;2498;202;0;
3665;2025.06.15 05:30;-12;17.25;13.625;14.1875;2498;202;0;
3666;2025.06.15 05:45;-12;17.25;13.6875;14.4375;2498;202;0;
3667;2025.06.15 06:00;-12;17.125;13.4375;14;2498;202;0;
3668;2025.06.15 06:15;-12;17;13.375;14;2498;202;0;
3669;2025.06.15 06:30;-12;17;13.25;13.75;2498;202;0;
3670;2025.06.15 06:45;-12;16.875;12.875;13.25;2498;202;0;
3671;2025.06.15 07:00;-12;16.75;12.75;13.1875;2498;202;0;
3672;2025.06.15 07:15;-12;16.75;12.5625;13;2498;202;0;
3673;2025.06.15 07:30;-12;16.625;12.375;12.625;2499;202;0;
3674;2025.06.15 07:45;-12;16.5;12.25;12.5;2499;202;0;
3675;2025.06.15 08:00;-12;16.5;12.375;12.75;2499;202;0;
3676;2025.06.15 08:15;-12;16.375;12.375;12.875;2499;202;0;
3677;2025.06.15 08:30;-12;16.3125;12.3125;12.75;2500;202;0;
3678;2025.06.15 08:45;-12;16.25;12.1875;12.5625;2500;202;0;
3679;2025.06.15 09:00;-12;16.1875;12.125;12.4375;2500;202;0;
3680;2025.06.15 09:15;-12;16.125;12;12.375;2501;202;0;
3681;2025.06.15 09:30;-12;16.0625;11.75;11.875;2500;202;0;
3682;2025.06.15 09:45;-12;16;12.375;13;2501;202;0;
3683;2025.06.15 10:00;-12;16;12.6875;13.4375;2501;202;0;
3684;2025.06.15 10:15;-12;15.9375;13.25;15.25;2502;202;0;
3685;2025.06.15 10:30;-12;15.9375;14.625;17.375;2503;202;0;
3686;2025.06.15 10:45;-12;16;16;19.125;2504;202;0;
3687;2025.06.15 11:00;-12;16;17.375;19.625;2505;202;0;
3688;2025.06.15 11:15;-12;16.1875;19.25;21.25;2506;202;0;
3689;2025.06.15 11:30;-12;16.375;20.625;21.75;2506;202;0;
3690;2025.06.15 11:45;-12;16.6875;22.4375;23;2507;202;0;
3691;2025.06.15 12:00;-12;17.0625;23.3125;23;2507;202;0;
3692;2025.06.15 12:15;-12;17.5;24.5625;23.75;2506;202;0;
3693;2025.06.15 12:30;-12;17.875;26;24.8125;2507;202;0;
3694;2025.06.15 12:45;-12;18.375;27.375;26;2508;202;0;
3695;2025.06.15 13:00;-12;18.875;28.875;27;2510;202;0;
3696;2025.06.15 13:15;-12;19.4375;29.75;27.5;2512;202;0;
3697;2025.06.15 13:30;-12;20;30.5625;28;2513;202;0;
3698;2025.06.15 13:45;-12;20.625;31.375;28.375;2514;202;0;
3699;2025.06.15 14:00;-12;21.25;32;28.8125;2512;202;0;
3700;2025.06.15 14:15;-12;21.875;32.4375;28.875;2512;202;0;
3701;2025.06.15 14:30;-12;22.5;33.125;29.25;2512;202;0;
3702;2025.06.15 14:45;-12;23;32.875;29;2510;202;0;
3703;2025.06.15 15:00;-12;23.625;33.125;29.125;2508;202;0;
3704;2025.06.15 15:15;-12;24.125;33.6875;29.625;2507;202;0;
3705;2025.06.15 15:30;-12;24.625;33.875;29.875;2507;202;0;
3706;2025.06.15 15:45;-12;25.0625;34.0625;30.125;2506;202;0;
3707;2025.06.15 16:00;-12;25.5;34;30.0625;2504;202;0;
3708;2025.06.15 16:15;-12;25.75;33.125;29.375;2503;202;0;
3709;2025.06.15 16:30;-12;26;33.25;30.125;2502;202;0;
3710;2025.06.15 16:45;-12;26.125;32.25;29.625;2499;202;0;
3711;2025.06.15 17:00;-12;26.25;31.25;29.5;2498;202;0;
3712;2025.06.15 17:15;-12;26.375;30.3125;29.0625;2495;202;0;
3713;2025.06.15 17:30;-12;26.375;30.25;29.5;2495;202;0;
3714;2025.06.15 17:45;-12;26.375;30.125;29.75;2494;202;0;
3715;2025.06.15 18:00;-12;26.375;29.5;29.125;2490;202;0;
3716;2025.06.15 18:15;-12;26.375;28.625;28.625;2489;202;0;
3717;2025.06.15 18:30;-12;26.25;27.875;28;2486;202;0;
3718;2025.06.15 18:45;-12;26.125;27.125;27.25;2484;202;0;
3719;2025.06.15 19:00;-12;25.875;26.4375;26.75;2481;202;0;
3720;2025.06.15 19:15;-12;25.5;25.75;26.375;2479;202;0;
3721;2025.06.15 19:30;-12;25.125;24.75;25.5;2476;202;0;
3722;2025.06.15 19:45;-12;24.75;23.8125;25;2475;202;0;
3723;2025.06.15 20:00;-12;24.375;22.5625;23.875;2473;202;0;
3724;2025.06.15 20:15;-12;24;21;21.875;2472;202;0;
3725;2025.06.15 20:30;-12;23.625;19.75;20;2471;202;0;
3726;2025.06.15 20:45;-12;23.25;18.375;18.0625;2471;202;0;
3727;2025.06.15 21:00;-12;22.875;17.8125;17.9375;2471;202;0;
3728;2025.06.15 21:15;-12;22.5;17;16.625;2472;202;0;
3729;2025.06.15 21:30;-12;22.125;16;14.9375;2473;202;0;
3730;2025.06.15 21:45;-12;21.75;15.625;15.125;2474;202;0;
3731;2025.06.15 22:00;-12;21.5;15.125;14.5;2475;202;0;
3732;2025.06.15 22:15;-12;21.1875;14.625;13.75;2476;202;0;
3733;2025.06.15 22:30;-12;20.875;14.125;12.9375;2477;202;0;
3734;2025.06.15 22:45;-12;20.625;13.625;12.1875;2478;202;0;
3735;2025.06.15 23:00;-12;20.375;13.25;11.75;2479;202;0;
3736;2025.06.15 23:15;-12;20.125;12.9375;11.125;2480;202;0;
3737;2025.06.15 23:30;-12;19.9375;12.75;11.3125;2482;202;0;
3738;2025.06.15 23:45;-12;19.75;12.625;11.375;2483;202;0;
3739;2025.06.16 00:00;-12;19.5;12.5;11.5;2484;202;0;
3740;2025.06.16 00:15;-12;19.3125;12.75;12.0625;2486;202;0;
3741;2025.06.16 00:30;-12;19.125;13.0625;13.125;2487;202;0;
3742;2025.06.16 00:45;-12;19;13.125;13.0625;2487;202;0;
3743;2025.06.16 01:00;-12;18.875;12.9375;12.5625;2488;202;0;
3744;2025.06.16 01:15;-12;18.75;13.5;14;2489;202;0;
3745;2025.06.16 01:30;-12;18.625;14.125;15;2490;202;0;
3746;2025.06.16 01:45;-12;18.5;14.5;15.25;2490;202;0;
3747;2025.06.16 02:00;-12;18.375;14.6875;15.5625;2491;202;0;
3748;2025.06.16 02:15;-12;18.25;14.75;15.5;2491;202;0;
3749;2025.06.16 02:30;-12;18.125;14.25;14.5;2490;202;0;
3750;2025.06.16 02:45;-12;18.0625;13.25;13;2490;202;0;
3751;2025.06.16 03:00;-12;18;12.875;12.75;2491;202;0;
3752;2025.06.16 03:15;-12;17.875;13.4375;14.125;2491;202;0;
3753;2025.06.16 03:30;-12;17.75;14.75;16.0625;2492;202;0;
3754;2025.06.16 03:45;-12;17.625;14.375;15.1875;2492;202;0;
3755;2025.06.16 04:00;-12;17.5625;13.875;14.5;2492;202;0;
3756;2025.06.16 04:15;-12;17.5;13.375;13.75;2492;202;0;
3757;2025.06.16 04:30;-12;17.375;13;13.375;2491;202;0;
3758;2025.06.16 04:45;-12;17.25;13;13.5;2491;202;0;
3759;2025.06.16 05:00;-12;17.1875;13;13.5;2492;202;0;
3760;2025.06.16 05:15;-12;17.125;12.75;13.125;2492;202;0;
3761;2025.06.16 05:30;-12;17;12.875;13.625;2493;202;0;
3762;2025.06.16 05:45;-12;16.9375;12.8125;13.25;2493;202;0;
3763;2025.06.16 06:00;-12;16.875;11.9375;11.6875;2492;202;0;
3764;2025.06.16 06:15;-12;16.75;11.3125;10.625;2492;202;0;
3765;2025.06.16 06:30;-12;16.625;10.625;9.5625;2491;202;0;
3766;2025.06.16 06:45;-12;16.5625;10.5;9.75;2491;202;0;
3767;2025.06.16 07:00;-12;16.5;10.25;9.4375;2492;202;0;
3768;2025.06.16 07:15;-12;16.375;9.875;8.75;2492;202;0;
3769;2025.06.16 07:30;-12;16.25;9.625;8.4375;2492;202;0;
3770;2025.06.16 07:45;-12;16.125;9.5;8.1875;2492;202;0;
3771;2025.06.16 08:00;-12;16;9.5625;8.625;2493;202;0;
3772;2025.06.16 08:15;-12;15.9375;9.375;8.0625;2492;202;0;
3773;2025.06.16 08:30;-12;15.875;9.125;7.8125;2493;202;0;
3774;2025.06.16 08:45;-12;15.75;9;8;2493;202;0;
3775;2025.06.16 09:00;-12;15.625;8.875;7.875;2492;202;0;
3776;2025.06.16 09:15;-12;15.5;8.6875;7.375;2492;202;0;
3777;2025.06.16 09:30;-12;15.4375;8.8125;8.125;2493;202;0;
3778;2025.06.16 09:45;-12;15.375;8.625;7.75;2493;202;0;
3779;2025.06.16 10:00;-12;15.25;9;8.3125;2495;202;0;
3780;2025.06.16 10:15;-12;15.25;10.25;11.875;2496;202;0;
3781;2025.06.16 10:30;-12;15.1875;12.375;15.375;2497;202;0;
3782;2025.06.16 10:45;-12;15.25;14.375;17.5625;2499;202;0;
3783;2025.06.16 11:00;-12;15.375;15.25;18.75;2499;202;0;
3784;2025.06.16 11:15;-12;15.625;14.25;15;2498;202;0;
3785;2025.06.16 11:30;-12;15.75;17.5625;19.75;2501;202;0;
3786;2025.06.16 11:45;-12;16;21.625;23.0625;2503;202;0;
3787;2025.06.16 12:00;-12;16.4375;24;24.3125;2503;202;0;
3788;2025.06.16 12:15;-12;16.875;25.25;25.25;2503;202;0;
3789;2025.06.16 12:30;-12;17.4375;24.6875;24.375;2501;202;0;
3790;2025.06.16 12:45;-12;17.875;25;23.8125;2501;202;0;
3791;2025.06.16 13:00;-12;18.3125;25.4375;24.375;2500;202;0;
3792;2025.06.16 13:15;-12;18.75;28.6875;27;2504;202;0;
3793;2025.06.16 13:30;-12;19.25;28.25;25.75;2503;202;0;
3794;2025.06.16 13:45;-12;19.8125;28.9375;26.5;2503;202;0;
3795;2025.06.16 14:00;-12;20.375;30.5;27.75;2503;202;0;
3796;2025.06.16 14:15;-12;20.9375;31.375;28.125;2503;202;0;
3797;2025.06.16 14:30;-12;21.5;30.625;27.375;2501;202;0;
3798;2025.06.16 14:45;-12;22.0625;32.3125;28.75;2503;202;0;
3799;2025.06.16 15:00;-12;22.625;33.125;29.25;2503;202;0;
3800;2025.06.16 15:15;-12;23.3125;33.375;29.25;2501;202;0;
3801;2025.06.16 15:30;-12;23.875;33.5;29.625;2500;202;0;
3802;2025.06.16 15:45;-12;24.375;34;29.8125;2499;202;0;
3803;2025.06.16 16:00;-12;24.8125;33.875;29.75;2496;202;0;
3804;2025.06.16 16:15;-12;25.25;34.375;30.6875;2496;202;0;
3805;2025.06.16 16:30;-12;25.5625;34;30.5;2494;202;0;
3806;2025.06.16 16:45;-12;25.8125;32.5;29.5;2490;202;0;
3807;2025.06.16 17:00;-12;26;31.5625;29.9375;2490;202;0;
3808;2025.06.16 17:15;-12;26.0625;30.8125;29.625;2488;202;0;
3809;2025.06.16 17:30;-12;26.125;29.875;28.875;2484;202;0;
3810;2025.06.16 17:45;-12;26.125;29.5625;29;2482;202;0;
3811;2025.06.16 18:00;-12;26.125;29;28.75;2481;202;0;
3812;2025.06.16 18:15;-12;26.0625;28.125;28;2478;202;0;
3813;2025.06.16 18:30;-12;25.9375;27.5;27.75;2476;202;0;
3814;2025.06.16 18:45;-12;25.75;26.875;27.125;2473;202;0;
3815;2025.06.16 19:00;-12;25.4375;26.125;26.625;2470;202;0;
3816;2025.06.16 19:15;-12;25.125;25.25;25.875;2467;202;0;
3817;2025.06.16 19:30;-12;24.75;24.25;25.0625;2465;202;0;
3818;2025.06.16 19:45;-12;24.375;23.375;24.625;2463;202;0;
3819;2025.06.16 20:00;-12;24;22;23.5;2461;202;0;
3820;2025.06.16 20:15;-12;23.5625;20.8125;22.0625;2460;202;0;
3821;2025.06.16 20:30;-12;23.1875;19.75;20.1875;2460;202;0;
3822;2025.06.16 20:45;-12;22.875;18.375;18.0625;2460;202;0;
3823;2025.06.16 21:00;-12;22.5;16.75;15.4375;2460;202;0;
3824;2025.06.16 21:15;-12;22.125;15.6875;13.875;2460;202;0;
3825;2025.06.16 21:30;-12;21.8125;14.9375;13.125;2462;202;0;
3826;2025.06.16 21:45;-12;21.5;14.375;12.625;2464;202;0;
3827;2025.06.16 22:00;-12;21.1875;13.875;12.25;2464;202;0;
3828;2025.06.16 22:15;-12;20.875;13.375;11.8125;2466;202;0;
3829;2025.06.16 22:30;-12;20.625;12.9375;11.375;2467;202;0;
3830;2025.06.16 22:45;-12;20.3125;12.625;11.0625;2468;202;0;
3831;2025.06.16 23:00;-12;20;12.3125;10.875;2469;202;0;
3832;2025.06.16 23:15;-12;19.75;12.125;10.625;2471;202;0;
3833;2025.06.16 23:30;-12;19.5625;11.9375;10.625;2472;202;0;
3834;2025.06.16 23:45;-12;19.375;11.75;10.5;2473;202;0;
3835;2025.06.17 00:00;-12;19.125;11.625;10.25;2474;202;0;
3836;2025.06.17 00:15;-12;18.875;11.375;9.875;2475;202;0;
3837;2025.06.17 00:30;-12;18.75;11.3125;9.875;2475;202;0;
3838;2025.06.17 00:45;-12;18.5;11.25;10.125;2476;202;0;
3839;2025.06.17 01:00;-12;18.375;11.5;10.875;2476;202;0;
3840;2025.06.17 01:15;-12;18.1875;11.625;11.25;2477;202;0;
3841;2025.06.17 01:30;-12;18;12;12.125;2478;202;0;
3842;2025.06.17 01:45;-12;17.875;12.125;12.125;2479;202;0;
3843;2025.06.17 02:00;-12;17.75;12.3125;12.5;2478;202;0;
3844;2025.06.17 02:15;-12;17.625;12.875;13.5;2479;202;0;
3845;2025.06.17 02:30;-12;17.5625;13.25;14.0625;2480;202;0;
3846;2025.06.17 02:45;-12;17.5;13.8125;14.6875;2481;202;0;
3847;2025.06.17 03:00;-12;17.375;13.4375;14.125;2481;202;0;
3848;2025.06.17 03:15;-12;17.3125;12.625;12.625;2480;202;0;
3849;2025.06.17 03:30;-12;17.25;12.125;12.0625;2480;202;0;
3850;2025.06.17 03:45;-12;17.125;11.6875;11.375;2481;202;0;
3851;2025.06.17 04:00;-12;17;11.5;11.375;2480;202;0;
3852;2025.06.17 04:15;-12;16.875;11.6875;11.875;2480;202;0;
3853;2025.06.17 04:30;-12;16.8125;11.875;12.25;2481;202;0;
3854;2025.06.17 04:45;-12;16.75;12.125;12.625;2481;202;0;
3855;2025.06.17 05:00;-12;16.625;13.125;14.25;2482;202;0;
3856;2025.06.17 05:15;-12;16.625;13.375;14.4375;2482;202;0;
3857;2025.06.17 05:30;-12;16.5;13.6875;14.875;2482;202;0;
3858;2025.06.17 05:45;-12;16.5;13.875;15.125;2482;202;0;
3859;2025.06.17 06:00;-12;16.375;13.875;15;2482;202;0;
3860;2025.06.17 06:15;-12;16.375;13.625;14.75;2482;202;0;
3861;2025.06.17 06:30;-12;16.3125;13.6875;14.875;2482;202;0;
3862;2025.06.17 06:45;-12;16.25;13.8125;15;2481;202;0;
3863;2025.06.17 07:00;-12;16.25;14;15.125;2481;202;0;
3864;2025.06.17 07:15;-12;16.125;13.875;15;2480;202;0;
3865;2025.06.17 07:30;-12;16.125;13.9375;15.1875;2480;202;0;
3866;2025.06.17 07:45;-12;16.0625;13.875;15;2480;202;0;
3867;2025.06.17 08:00;-12;16;14;15.1875;2480;202;0;
3868;2025.06.17 08:15;-12;16;13.875;15;2480;202;0;
3869;2025.06.17 08:30;-12;15.9375;13.75;14.8125;2480;202;0;
3870;2025.06.17 08:45;-12;15.875;13.875;15.125;2480;202;0;
3871;2025.06.17 09:00;-12;15.875;14;15.125;2479;202;0;
3872;2025.06.17 09:15;-12;15.75;13.875;14.875;2479;202;0;
3873;2025.06.17 09:30;-12;15.75;13.875;14.875;2479;202;0;
3874;2025.06.17 09:45;-12;15.75;14.0625;15.0625;2479;202;0;
3875;2025.06.17 10:00;-12;15.6875;14.4375;15.5;2479;202;0;
3876;2025.06.17 10:15;-12;15.6875;14.75;17;2479;202;0;
3877;2025.06.17 10:30;-12;15.6875;15.625;18.375;2479;202;0;
3878;2025.06.17 10:45;-12;15.75;16.625;19.375;2480;202;0;
3879;2025.06.17 11:00;-12;15.8125;18.125;20.25;2481;202;0;
3880;2025.06.17 11:15;-12;16;19.5;20.75;2481;202;0;
3881;2025.06.17 11:30;-12;16.1875;21.25;22.3125;2482;202;0;
3882;2025.06.17 11:45;-12;16.5;22.5;22.625;2482;202;0;
3883;2025.06.17 12:00;-12;16.875;23.5625;23.125;2482;202;0;
3884;2025.06.17 12:15;-12;17.25;24.875;23.9375;2483;202;0;
3885;2025.06.17 12:30;-12;17.625;26;24.75;2484;202;0;
3886;2025.06.17 12:45;-12;18.125;26.75;24.6875;2484;202;0;
3887;2025.06.17 13:00;-12;18.625;27.125;24.8125;2485;202;0;
3888;2025.06.17 13:15;-12;19.125;28.4375;25.875;2487;202;0;
3889;2025.06.17 13:30;-12;19.625;29.625;26.6875;2489;202;0;
3890;2025.06.17 13:45;-12;20.25;30.125;27.0625;2488;202;0;
3891;2025.06.17 14:00;-12;20.75;30.875;27.5;2488;202;0;
3892;2025.06.17 14:15;-12;21.375;31.375;27.5;2489;202;0;
3893;2025.06.17 14:30;-12;22;31.9375;28;2489;202;0;
3894;2025.06.17 14:45;-12;22.5625;32.625;28.5;2486;202;0;
3895;2025.06.17 15:00;-12;23.125;32.875;28.6875;2486;202;0;
3896;2025.06.17 15:15;-12;23.6875;33.75;29.5;2487;202;0;
3897;2025.06.17 15:30;-12;24.25;34.125;29.875;2484;202;0;
3898;2025.06.17 15:45;-12;24.6875;34.25;30;2484;202;0;
3899;2025.06.17 16:00;-12;25.125;34.5;30.4375;2482;202;0;
3900;2025.06.17 16:15;-12;25.5;32.6875;28.9375;2478;202;0;
3901;2025.06.17 16:30;-12;25.6875;30.75;28;2473;202;0;
3902;2025.06.17 16:45;-12;25.625;32.75;30.8125;2477;202;0;
3903;2025.06.17 17:00;-12;25.8125;31.5;29.625;2474;202;0;
3904;2025.06.17 17:15;-12;25.9375;29.5;28.1875;2470;202;0;
3905;2025.06.17 17:30;-12;25.875;30.5;29.625;2472;202;0;
3906;2025.06.17 17:45;-12;25.875;28.625;27.8125;2468;202;0;
3907;2025.06.17 18:00;-12;25.75;26.875;26;2465;202;0;
3908;2025.06.17 18:15;-12;25.5;25.75;25.125;2463;202;0;
3909;2025.06.17 18:30;-12;25.25;24.25;23.375;2461;202;0;
3910;2025.06.17 18:45;-12;24.875;23.375;22.8125;2460;202;0;
3911;2025.06.17 19:00;-12;24.5;22.5625;22.1875;2459;202;0;
3912;2025.06.17 19:15;-12;24.125;21.875;21.625;2457;202;0;
3913;2025.06.17 19:30;-12;23.75;21.375;21.25;2457;202;0;
3914;2025.06.17 19:45;-12;23.5;20.75;20.75;2457;202;0;
3915;2025.06.17 20:00;-12;23.1875;21.1875;22.5;2458;202;0;
3916;2025.06.17 20:15;-12;22.875;20.25;20.4375;2457;202;0;
3917;2025.06.17 20:30;-12;22.625;19.375;19.4375;2457;202;0;
3918;2025.06.17 20:45;-12;22.375;18.6875;18.75;2457;202;0;
3919;2025.06.17 21:00;-12;22.125;17.75;17.25;2457;202;0;
3920;2025.06.17 21:15;-12;21.875;17.125;16.625;2458;202;0;
3921;2025.06.17 21:30;-12;21.625;16.8125;16.5;2458;202;0;
3922;2025.06.17 21:45;-12;21.375;16.1875;15.625;2459;202;0;
3923;2025.06.17 22:00;-12;21.125;15.6875;14.875;2460;202;0;
3924;2025.06.17 22:15;-12;20.875;15.375;14.75;2461;202;0;
3925;2025.06.17 22:30;-12;20.625;15.25;14.75;2462;202;0;
3926;2025.06.17 22:45;-12;20.4375;15;14.3125;2462;202;0;
3927;2025.06.17 23:00;-12;20.25;15;14.5625;2463;202;0;
3928;2025.06.17 23:15;-12;20.0625;14.625;13.75;2464;202;0;
3929;2025.06.17 23:30;-12;19.875;14.25;13.25;2465;202;0;
3930;2025.06.17 23:45;-12;19.6875;14;13;2466;202;0;
3931;2025.06.18 00:00;-12;19.5;14;13.25;2467;202;0;
3932;2025.06.18 00:15;-12;19.375;14;13.25;2467;202;0;
3933;2025.06.18 00:30;-12;19.25;13.875;13.1875;2468;202;0;
3934;2025.06.18 00:45;-12;19.125;13.75;13;2469;202;0;
3935;2025.06.18 01:00;-12;18.9375;14;13.6875;2470;202;0;
3936;2025.06.18 01:15;-12;18.8125;13.75;13.125;2470;202;0;
3937;2025.06.18 01:30;-12;18.6875;13.6875;13.1875;2470;202;0;
3938;2025.06.18 01:45;-12;18.625;13.6875;13.3125;2471;202;0;
3939;2025.06.18 02:00;-12;18.5;13.9375;13.75;2471;202;0;
3940;2025.06.18 02:15;-12;18.375;14.0625;14;2472;202;0;
3941;2025.06.18 02:30;-12;18.25;14.125;14.25;2473;202;0;
3942;2025.06.18 02:45;-12;18.25;14.125;14.3125;2473;202;0;
3943;2025.06.18 03:00;-12;18.125;14;14.125;2473;202;0;
3944;2025.06.18 03:15;-12;18.0625;14.125;14.4375;2474;202;0;
3945;2025.06.18 03:30;-12;18;14.125;14.4375;2474;202;0;
3946;2025.06.18 03:45;-12;17.875;14.625;15.375;2474;202;0;
3947;2025.06.18 04:00;-12;17.875;14.8125;15.5;2475;202;0;
3948;2025.06.18 04:15;-12;17.75;15.25;16.125;2475;202;0;
3949;2025.06.18 04:30;-12;17.75;15.3125;16;2475;202;0;
3950;2025.06.18 04:45;-12;17.6875;15.25;15.875;2475;202;0;
3951;2025.06.18 05:00;-12;17.625;15.125;15.8125;2475;202;0;
3952;2025.06.18 05:15;-12;17.5625;15;15.625;2475;202;0;
3953;2025.06.18 05:30;-12;17.5;14.8125;15.375;2475;202;0;
3954;2025.06.18 05:45;-12;17.5;14.625;15.125;2475;202;0;
3955;2025.06.18 06:00;-12;17.375;14.875;15.625;2475;202;0;
3956;2025.06.18 06:15;-12;17.375;14.8125;15.375;2475;202;0;
3957;2025.06.18 06:30;-12;17.3125;14.625;15.125;2475;202;0;
3958;2025.06.18 06:45;-12;17.25;14.75;15.4375;2475;202;0;
3959;2025.06.18 07:00;-12;17.1875;15;15.75;2476;202;0;
3960;2025.06.18 07:15;-12;17.125;15.5;16.4375;2476;202;0;
3961;2025.06.18 07:30;-12;17.125;15.75;16.5625;2476;202;0;
3962;2025.06.18 07:45;-12;17.125;16;16.75;2476;202;0;
3963;2025.06.18 08:00;-12;17.125;15.8125;16.5625;2475;202;0;
3964;2025.06.18 08:15;-12;17.0625;15.75;16.625;2475;202;0;
3965;2025.06.18 08:30;-12;17;15.6875;16.5625;2475;202;0;
3966;2025.06.18 08:45;-12;17;15.5625;16.375;2474;202;0;
3967;2025.06.18 09:00;-12;17;15.5;16.25;2474;202;0;
3968;2025.06.18 09:15;-12;16.875;15.4375;16.25;2474;202;0;
3969;2025.06.18 09:30;-12;16.875;15.25;16;2474;202;0;
3970;2025.06.18 09:45;-12;16.875;15.125;15.8125;2473;202;0;
3971;2025.06.18 10:00;-12;16.8125;15.375;16.125;2474;202;0;
3972;2025.06.18 10:15;-12;16.8125;16.125;18;2474;202;0;
3973;2025.06.18 10:30;-12;16.8125;16.75;17.6875;2475;202;0;
3974;2025.06.18 10:45;-12;16.875;17.5;18.875;2475;202;0;
3975;2025.06.18 11:00;-12;17;18.5;20.25;2475;202;0;
3976;2025.06.18 11:15;-12;17.0625;19.375;20.5;2476;202;0;
3977;2025.06.18 11:30;-12;17.25;21.3125;22.4375;2477;202;0;
3978;2025.06.18 11:45;-12;17.4375;21.375;21.625;2476;202;0;
3979;2025.06.18 12:00;-12;17.6875;21;21.25;2474;202;0;
3980;2025.06.18 12:15;-12;17.875;22.5625;22.5;2475;202;0;
3981;2025.06.18 12:30;-12;18.1875;22.75;22.375;2474;202;0;
3982;2025.06.18 12:45;-12;18.5;25.1875;24.125;2477;202;0;
3983;2025.06.18 13:00;-12;18.875;27.4375;26.25;2479;202;0;
3984;2025.06.18 13:15;-12;19.3125;27.6875;26;2479;202;0;
3985;2025.06.18 13:30;-12;19.8125;29.0625;26.5;2481;202;0;
3986;2025.06.18 13:45;-12;20.375;27.875;25.5;2479;202;0;
3987;2025.06.18 14:00;-12;20.875;30.375;27.375;2483;202;0;
3988;2025.06.18 14:15;-12;21.4375;31.125;27.5625;2484;202;0;
3989;2025.06.18 14:30;-12;22;31.5;28.125;2482;202;0;
3990;2025.06.18 14:45;-12;22.5;30.875;27.625;2481;202;0;
3991;2025.06.18 15:00;-12;22.9375;29.5;26.625;2476;202;0;
3992;2025.06.18 15:15;-12;23.25;29.75;27.0625;2476;202;0;
3993;2025.06.18 15:30;-12;23.5;29.25;26.375;2474;202;0;
3994;2025.06.18 15:45;-12;23.75;30.375;27.875;2473;202;0;
3995;2025.06.18 16:00;-12;24;32.625;29.375;2477;202;0;
3996;2025.06.18 16:15;-12;24.5;33.25;29.6875;2477;202;0;
3997;2025.06.18 16:30;-12;24.875;33.125;29.75;2474;202;0;
3998;2025.06.18 16:45;-12;25.25;32.375;29.5;2473;202;0;
3999;2025.06.18 17:00;-12;25.4375;30.0625;28.375;2468;202;0;
4000;2025.06.18 17:15;-12;25.5;31;30.25;2470;202;0;
4001;2025.06.18 17:30;-12;25.5625;27.5;25.75;2461;202;0;
4002;2025.06.18 17:45;-12;25.375;26.125;25.1875;2459;202;0;
4003;2025.06.18 18:00;-12;25.0625;24.875;24.25;2456;202;0;
4004;2025.06.18 18:15;-12;24.6875;24.125;23.6875;2455;202;0;
4005;2025.06.18 18:30;-12;24.375;23.9375;23.75;2454;202;0;
4006;2025.06.18 18:45;-12;24.0625;23.25;23.1875;2453;202;0;
4007;2025.06.18 19:00;-12;23.75;22.8125;22.875;2452;202;0;
4008;2025.06.18 19:15;-12;23.5;22.5;22.625;2452;202;0;
4009;2025.06.18 19:30;-12;23.25;22.1875;22.375;2451;202;0;
4010;2025.06.18 19:45;-12;23;21.5;21.625;2450;202;0;
4011;2025.06.18 20:00;-12;22.75;20.875;20.875;2450;202;0;
4012;2025.06.18 20:15;-12;22.5625;19.9375;19.75;2450;202;0;
4013;2025.06.18 20:30;-12;22.375;18.875;18.375;2449;202;0;
4014;2025.06.18 20:45;-12;22.125;18;17.125;2450;202;0;
4015;2025.06.18 21:00;-12;21.875;17.25;16.4375;2450;202;0;
4016;2025.06.18 21:15;-12;21.625;16.75;15.6875;2451;202;0;
4017;2025.06.18 21:30;-12;21.375;16.5;15.625;2452;202;0;
4018;2025.06.18 21:45;-12;21.125;16.75;16.0625;2453;202;0;
4019;2025.06.18 22:00;-12;20.9375;17.0625;16.625;2455;202;0;
4020;2025.06.18 22:15;-12;20.75;17.125;16.6875;2456;202;0;
4021;2025.06.18 22:30;-12;20.625;16.9375;16.5;2456;202;0;
4022;2025.06.18 22:45;-12;20.5;17.25;17.3125;2457;202;0;
4023;2025.06.18 23:00;-12;20.375;17.375;17.25;2458;202;0;
4024;2025.06.18 23:15;-12;20.25;17.375;17.125;2458;202;0;
4025;2025.06.18 23:30;-12;20.125;17.3125;17.25;2459;202;0;
4026;2025.06.18 23:45;-12;20.0625;17.625;17.875;2459;202;0;
4027;2025.06.19 00:00;-12;20;18;18.625;2460;202;0;
4028;2025.06.19 00:15;-12;19.875;18;18.375;2460;202;0;
4029;2025.06.19 00:30;-12;19.8125;17.875;18.3125;2460;202;0;
4030;2025.06.19 00:45;-12;19.75;17.875;18.3125;2460;202;0;
4031;2025.06.19 01:00;-12;19.625;17.375;17.625;2460;202;0;
4032;2025.06.19 01:15;-12;19.5625;16.5;16.25;2460;202;0;
4033;2025.06.19 01:30;-12;19.5;15.875;15.625;2460;202;0;
4034;2025.06.19 01:45;-12;19.375;15.375;15.125;2460;202;0;
4035;2025.06.19 02:00;-12;19.25;15;14.875;2461;202;0;
4036;2025.06.19 02:15;-12;19.125;14.625;14.1875;2461;202;0;
4037;2025.06.19 02:30;-12;19;14.375;14;2461;202;0;
4038;2025.06.19 02:45;-12;18.8125;14.25;13.9375;2462;202;0;
4039;2025.06.19 03:00;-12;18.75;14.25;14;2463;202;0;
4040;2025.06.19 03:15;-12;18.625;13.875;13.375;2463;202;0;
4041;2025.06.19 03:30;-12;18.5;14;13.8125;2464;202;0;
4042;2025.06.19 03:45;-12;18.375;14.375;14.25;2465;202;0;
4043;2025.06.19 04:00;-12;18.25;14.4375;14.4375;2465;202;0;
4044;2025.06.19 04:15;-12;18.25;14.1875;14.125;2466;202;0;
4045;2025.06.19 04:30;-12;18.125;14.5;14.5;2467;202;0;
4046;2025.06.19 04:45;-12;18.0625;15.1875;15.375;2468;202;0;
4047;2025.06.19 05:00;-12;18;15.875;16.25;2469;202;0;
4048;2025.06.19 05:15;-12;18;16.375;17.125;2469;202;0;
4049;2025.06.19 05:30;-12;18;16.25;17.125;2469;202;0;
4050;2025.06.19 05:45;-12;18;16.25;17.3125;2469;202;0;
4051;2025.06.19 06:00;-12;17.9375;16.375;17.5;2469;202;0;
4052;2025.06.19 06:15;-12;17.875;16.75;17.9375;2468;202;0;
4053;2025.06.19 06:30;-12;17.875;17.125;18.25;2468;202;0;
4054;2025.06.19 06:45;-12;17.75;17;17.875;2468;202;0;
4055;2025.06.19 07:00;-12;17.75;16.75;17.75;2468;202;0;
4056;2025.06.19 07:15;-12;17.75;16.875;17.875;2467;202;0;
4057;2025.06.19 07:30;-12;17.6875;17;18.0625;2467;202;0;
4058;2025.06.19 07:45;-12;17.625;17;18;2467;202;0;
4059;2025.06.19 08:00;-12;17.625;16.75;17.625;2466;202;0;
4060;2025.06.19 08:15;-12;17.625;16.125;16.875;2465;202;0;
4061;2025.06.19 08:30;-12;17.5;15.8125;16.625;2465;202;0;
4062;2025.06.19 08:45;-12;17.5;15.625;16.5;2465;202;0;
4063;2025.06.19 09:00;-12;17.4375;15.5;16.375;2465;202;0;
4064;2025.06.19 09:15;-12;17.375;15.375;16.1875;2465;202;0;
4065;2025.06.19 09:30;-12;17.375;15.5;16.3125;2465;202;0;
4066;2025.06.19 09:45;-12;17.25;15.6875;16.625;2465;202;0;
4067;2025.06.19 10:00;-12;17.25;15.75;16.6875;2466;202;0;
4068;2025.06.19 10:15;-12;17.25;16.1875;18.5;2466;202;0;
4069;2025.06.19 10:30;-12;17.25;17.1875;19.75;2467;202;0;
4070;2025.06.19 10:45;-12;17.25;18.25;20.75;2468;202;0;
4071;2025.06.19 11:00;-12;17.375;19.625;21.5625;2468;202;0;
4072;2025.06.19 11:15;-12;17.5;21.1875;22.4375;2469;202;0;
4073;2025.06.19 11:30;-12;17.625;22.625;23.25;2470;202;0;
4074;2025.06.19 11:45;-12;17.9375;23.5;23.375;2469;202;0;
4075;2025.06.19 12:00;-12;18.25;24.625;24.25;2469;202;0;
4076;2025.06.19 12:15;-12;18.625;26.125;25.25;2470;202;0;
4077;2025.06.19 12:30;-12;19;26.25;24.625;2470;202;0;
4078;2025.06.19 12:45;-12;19.375;27.25;25.4375;2472;202;0;
4079;2025.06.19 13:00;-12;19.875;28.375;26.125;2473;202;0;
4080;2025.06.19 13:15;-12;20.3125;29.25;26.4375;2475;202;0;
4081;2025.06.19 13:30;-12;20.75;30;27.25;2476;202;0;
4082;2025.06.19 13:45;-12;21.3125;31;27.5;2476;202;0;
4083;2025.06.19 14:00;-12;21.875;31.625;28;2476;202;0;
4084;2025.06.19 14:15;-12;22.4375;31.9375;27.875;2476;202;0;
4085;2025.06.19 14:30;-12;23;32.625;28.5;2475;202;0;
4086;2025.06.19 14:45;-12;23.5625;33.5;29.375;2475;202;0;
4087;2025.06.19 15:00;-12;24.125;33.75;29.25;2474;202;0;
4088;2025.06.19 15:15;-12;24.6875;33.75;29.25;2473;202;0;
4089;2025.06.19 15:30;-12;25.1875;34;29.5625;2471;202;0;
4090;2025.06.19 15:45;-12;25.5625;27.125;24.0625;2459;202;0;
4091;2025.06.19 16:00;-12;25.375;31.125;28.875;2465;202;0;
4092;2025.06.19 16:15;-12;25.375;32.125;29.75;2466;202;0;
4093;2025.06.19 16:30;-12;25.5;28.625;25.875;2458;202;0;
4094;2025.06.19 16:45;-12;25.375;26.5;25;2454;202;0;
4095;2025.06.19 17:00;-12;25.125;25.5;24.5;2452;202;0;
4096;2025.06.19 17:15;-12;24.8125;24.75;24.1875;2450;202;0;
4097;2025.06.19 17:30;-12;24.5;24.5;24;2449;202;0;
4098;2025.06.19 17:45;-12;24.25;24.25;23.875;2448;202;0;
4099;2025.06.19 18:00;-12;24;24.125;23.875;2448;202;0;
4100;2025.06.19 18:15;-12;23.75;24;23.875;2447;202;0;
4101;2025.06.19 18:30;-12;23.625;23.6875;23.5;2446;202;0;
4102;2025.06.19 18:45;-12;23.4375;23.25;23.25;2445;202;0;
4103;2025.06.19 19:00;-12;23.25;22.75;22.75;2444;202;0;
4104;2025.06.19 19:15;-12;23.0625;22.4375;22.5;2444;202;0;
4105;2025.06.19 19:30;-12;22.875;21.75;21.875;2443;202;0;
4106;2025.06.19 19:45;-12;22.6875;21.75;22.875;2443;202;0;
4107;2025.06.19 20:00;-12;22.5;21.0625;21.5;2442;202;0;
4108;2025.06.19 20:15;-12;22.25;20.625;20.75;2442;202;0;
4109;2025.06.19 20:30;-12;22.125;20;19.875;2442;202;0;
4110;2025.06.19 20:45;-12;21.9375;18.9375;18.625;2442;202;0;
4111;2025.06.19 21:00;-12;21.75;17.75;16.875;2442;202;0;
4112;2025.06.19 21:15;-12;21.5;16.9375;16.125;2442;202;0;
4113;2025.06.19 21:30;-12;21.25;16.375;15.5;2443;202;0;
4114;2025.06.19 21:45;-12;21.0625;16.5;16;2444;202;0;
4115;2025.06.19 22:00;-12;20.875;16.25;15.625;2445;202;0;
4116;2025.06.19 22:15;-12;20.625;16.25;15.625;2446;202;0;
4117;2025.06.19 22:30;-12;20.5;16.5;16.125;2447;202;0;
4118;2025.06.19 22:45;-12;20.375;16.625;16.375;2449;202;0;
4119;2025.06.19 23:00;-12;20.25;16.5;16.25;2449;202;0;
4120;2025.06.19 23:15;-12;20.125;16.375;16.4375;2449;202;0;
4121;2025.06.19 23:30;-12;20;16.625;16.9375;2450;202;0;
4122;2025.06.19 23:45;-12;19.875;17;17.4375;2451;202;0;
4123;2025.06.20 00:00;-12;19.75;16.875;17.1875;2451;202;0;
4124;2025.06.20 00:15;-12;19.625;16.25;16.4375;2451;202;0;
4125;2025.06.20 00:30;-12;19.5;15.875;16.0625;2451;202;0;
4126;2025.06.20 00:45;-12;19.375;15.25;15.375;2452;202;0;
4127;2025.06.20 01:00;-12;19.25;15.25;15.5;2452;202;0;
4128;2025.06.20 01:15;-12;19.125;14.75;14.875;2452;202;0;
4129;2025.06.20 01:30;-12;19;14.5;14.625;2453;202;0;
4130;2025.06.20 01:45;-12;18.875;14.75;15.1875;2454;202;0;
4131;2025.06.20 02:00;-12;18.75;15.625;16.75;2455;202;0;
4132;2025.06.20 02:15;-12;18.625;15.5;16.1875;2455;202;0;
4133;2025.06.20 02:30;-12;18.5;15;15.5;2455;202;0;
4134;2025.06.20 02:45;-12;18.375;14.5;15;2455;202;0;
4135;2025.06.20 03:00;-12;18.25;14.5;15.0625;2455;202;0;
4136;2025.06.20 03:15;-12;18.1875;15.125;16.1875;2456;202;0;
4137;2025.06.20 03:30;-12;18.125;15.1875;16.125;2456;202;0;
4138;2025.06.20 03:45;-12;18;14.8125;15.5;2456;202;0;
4139;2025.06.20 04:00;-12;17.9375;15.125;16.125;2457;202;0;
4140;2025.06.20 04:15;-12;17.875;15.125;16.125;2456;202;0;
4141;2025.06.20 04:30;-12;17.75;15;16;2456;202;0;
4142;2025.06.20 04:45;-12;17.6875;14.875;15.8125;2456;202;0;
4143;2025.06.20 05:00;-12;17.625;14.5;15.25;2456;202;0;
4144;2025.06.20 05:15;-12;17.5;14.375;15.125;2456;202;0;
4145;2025.06.20 05:30;-12;17.4375;14.375;15.0625;2456;202;0;
4146;2025.06.20 05:45;-12;17.375;14.25;15;2456;202;0;
4147;2025.06.20 06:00;-12;17.25;14.125;14.75;2456;202;0;
4148;2025.06.20 06:15;-12;17.1875;14;14.6875;2456;202;0;
4149;2025.06.20 06:30;-12;17.125;13.8125;14.375;2456;202;0;
4150;2025.06.20 06:45;-12;17.0625;14;14.875;2457;202;0;
4151;2025.06.20 07:00;-12;17;13.9375;14.75;2457;202;0;
4152;2025.06.20 07:15;-12;16.875;13.75;14.5;2457;202;0;
4153;2025.06.20 07:30;-12;16.875;13.8125;14.6875;2457;202;0;
4154;2025.06.20 07:45;-12;16.75;14;15;2457;202;0;
4155;2025.06.20 08:00;-12;16.75;13.5;14.125;2457;202;0;
4156;2025.06.20 08:15;-12;16.625;13.125;13.75;2457;202;0;
4157;2025.06.20 08:30;-12;16.5625;12.875;13.4375;2457;202;0;
4158;2025.06.20 08:45;-12;16.5;13.375;14.375;2458;202;0;
4159;2025.06.20 09:00;-12;16.4375;13.375;14.25;2457;202;0;
4160;2025.06.20 09:15;-12;16.375;13.375;14.3125;2458;202;0;
4161;2025.06.20 09:30;-12;16.3125;13.5;14.5;2457;202;0;
4162;2025.06.20 09:45;-12;16.25;13.5;14.5;2458;202;0;
4163;2025.06.20 10:00;-12;16.1875;14.1875;15.75;2458;202;0;
4164;2025.06.20 10:15;-12;16.125;15.125;18.125;2459;202;0;
4165;2025.06.20 10:30;-12;16.125;16.5;19.9375;2459;202;0;
4166;2025.06.20 10:45;-12;16.1875;17.625;20.875;2460;202;0;
4167;2025.06.20 11:00;-12;16.25;19.0625;22;2460;202;0;
4168;2025.06.20 11:15;-12;16.4375;20.75;22.875;2461;202;0;
4169;2025.06.20 11:30;-12;16.625;22.25;23.5625;2462;202;0;
4170;2025.06.20 11:45;-12;17;23.625;24.0625;2462;202;0;
4171;2025.06.20 12:00;-12;17.3125;24.5;24.125;2461;202;0;
4172;2025.06.20 12:15;-12;17.75;25.6875;24.875;2461;202;0;
4173;2025.06.20 12:30;-12;18.125;26.75;25.5;2462;202;0;
4174;2025.06.20 12:45;-12;18.625;27.75;26.0625;2463;202;0;
4175;2025.06.20 13:00;-12;19.0625;28.6875;26.5625;2464;202;0;
4176;2025.06.20 13:15;-12;19.625;29.875;27.25;2466;202;0;
4177;2025.06.20 13:30;-12;20.125;30.5;27.625;2467;202;0;
4178;2025.06.20 13:45;-12;20.75;31.1875;27.8125;2467;202;0;
4179;2025.06.20 14:00;-12;21.25;32.375;28.6875;2467;202;0;
4180;2025.06.20 14:15;-12;21.875;33.0625;29.25;2468;202;0;
4181;2025.06.20 14:30;-12;22.5;33.875;29.75;2468;202;0;
4182;2025.06.20 14:45;-12;23.125;34.375;30.1875;2467;202;0;
4183;2025.06.20 15:00;-12;23.75;34.75;30.25;2467;202;0;
4184;2025.06.20 15:15;-12;24.375;35.4375;30.75;2465;202;0;
4185;2025.06.20 15:30;-12;24.9375;35.625;30.875;2464;202;0;
4186;2025.06.20 15:45;-12;25.5;36.1875;31.625;2464;202;0;
4187;2025.06.20 16:00;-12;25.875;34;30.125;2460;202;0;
4188;2025.06.20 16:15;-12;26.0625;35;31.0625;2460;202;0;
4189;2025.06.20 16:30;-12;26.25;29.5;26.375;2450;202;0;
4190;2025.06.20 16:45;-12;26;29.625;27.9375;2451;202;0;
4191;2025.06.20 17:00;-12;25.75;27.375;25.875;2447;202;0;
4192;2025.06.20 17:15;-12;25.5;30.125;30.25;2451;202;0;
4193;2025.06.20 17:30;-12;25.625;31.6875;31;2453;202;0;
4194;2025.06.20 17:45;-12;25.875;32;31.5;2452;202;0;
4195;2025.06.20 18:00;-12;26.125;31;30.5625;2450;202;0;
4196;2025.06.20 18:15;-12;26.25;30.1875;30.375;2446;202;0;
4197;2025.06.20 18:30;-12;26.25;29.5;29.5;2444;202;0;
4198;2025.06.20 18:45;-12;26.1875;28.6875;28.875;2440;202;0;
4199;2025.06.20 19:00;-12;26;27.875;28.5;2437;202;0;
4200;2025.06.20 19:15;-12;25.8125;27.125;28;2435;202;0;
4201;2025.06.20 19:30;-12;25.5;26.4375;27.75;2433;202;0;
4202;2025.06.20 19:45;-12;25.25;25.25;26.5;2430;202;0;
4203;2025.06.20 20:00;-12;24.875;23.9375;25.375;2429;202;0;
4204;2025.06.20 20:15;-12;24.5625;22.25;23.375;2427;202;0;
4205;2025.06.20 20:30;-12;24.25;20.625;20.75;2426;202;0;
4206;2025.06.20 20:45;-12;23.875;19.25;18.125;2426;202;0;
4207;2025.06.20 21:00;-12;23.5;17.875;16.1875;2426;202;0;
4208;2025.06.20 21:15;-12;23.125;16.75;15.0625;2427;202;0;
4209;2025.06.20 21:30;-12;22.75;16.125;14.4375;2428;202;0;
4210;2025.06.20 21:45;-12;22.375;15.5;14.125;2429;202;0;
4211;2025.06.20 22:00;-12;22.0625;15.0625;13.5;2430;202;0;
4212;2025.06.20 22:15;-12;21.75;14.625;13.125;2431;202;0;
4213;2025.06.20 22:30;-12;21.5;14.375;13.125;2433;202;0;
4214;2025.06.20 22:45;-12;21.1875;14.5625;14.125;2434;202;0;
4215;2025.06.20 23:00;-12;20.875;14.625;14.375;2435;202;0;
4216;2025.06.20 23:15;-12;20.625;14.25;13.5;2436;202;0;
4217;2025.06.20 23:30;-12;20.4375;13.875;13;2436;202;0;
4218;2025.06.20 23:45;-12;20.25;13.5625;12.75;2437;202;0;
4219;2025.06.21 00:00;-12;20;13.25;12.25;2437;202;0;
4220;2025.06.21 00:15;-12;19.75;12.9375;12.125;2439;202;0;
4221;2025.06.21 00:30;-12;19.625;12.75;12;2439;202;0;
4222;2025.06.21 00:45;-12;19.375;12.625;11.9375;2440;202;0;
4223;2025.06.21 01:00;-12;19.25;12.375;11.5625;2440;202;0;
4224;2025.06.21 01:15;-12;19;12.375;11.75;2441;202;0;
4225;2025.06.21 01:30;-12;18.875;12.25;11.375;2442;202;0;
4226;2025.06.21 01:45;-12;18.75;11.875;10.75;2442;202;0;
4227;2025.06.21 02:00;-12;18.5625;11.75;10.75;2441;202;0;
4228;2025.06.21 02:15;-12;18.375;11.625;10.75;2441;202;0;
4229;2025.06.21 02:30;-12;18.25;11.5;10.375;2441;202;0;
4230;2025.06.21 02:45;-12;18.125;11.375;10.5;2441;202;0;
4231;2025.06.21 03:00;-12;18;11.1875;10.125;2442;202;0;
4232;2025.06.21 03:15;-12;17.875;11.0625;10.1875;2442;202;0;
4233;2025.06.21 03:30;-12;17.6875;10.875;9.875;2442;202;0;
4234;2025.06.21 03:45;-12;17.5625;10.75;9.8125;2443;202;0;
4235;2025.06.21 04:00;-12;17.4375;10.625;9.6875;2443;202;0;
4236;2025.06.21 04:15;-12;17.3125;10.5;9.625;2444;202;0;
4237;2025.06.21 04:30;-12;17.1875;10.375;9.5;2444;202;0;
4238;2025.06.21 04:45;-12;17.0625;10.375;9.5625;2444;202;0;
4239;2025.06.21 05:00;-12;16.9375;10.25;9.25;2444;202;0;
4240;2025.06.21 05:15;-12;16.875;10.125;9.125;2444;202;0;
4241;2025.06.21 05:30;-12;16.75;10.1875;9.5;2445;202;0;
4242;2025.06.21 05:45;-12;16.625;10.125;9.25;2445;202;0;
4243;2025.06.21 06:00;-12;16.5;10.0625;9;2445;202;0;
4244;2025.06.21 06:15;-12;16.4375;10.25;9.75;2446;202;0;
4245;2025.06.21 06:30;-12;16.375;10.6875;10.5;2446;202;0;
4246;2025.06.21 06:45;-12;16.25;11;11.125;2446;202;0;
4247;2025.06.21 07:00;-12;16.25;11.125;11.25;2446;202;0;
4248;2025.06.21 07:15;-12;16.1875;11;10.875;2447;202;0;
4249;2025.06.21 07:30;-12;16.125;11.0625;11.125;2447;202;0;
4250;2025.06.21 07:45;-12;16.0625;10.9375;10.8125;2447;202;0;
4251;2025.06.21 08:00;-12;16;10.625;10.25;2446;202;0;
4252;2025.06.21 08:15;-12;15.9375;10.4375;9.875;2447;202;0;
4253;2025.06.21 08:30;-12;15.875;10.375;10;2447;202;0;
4254;2025.06.21 08:45;-12;15.875;10.75;10.875;2447;202;0;
4255;2025.06.21 09:00;-12;15.75;11.25;11.75;2448;202;0;
4256;2025.06.21 09:15;-12;15.75;10.875;10.875;2447;202;0;
4257;2025.06.21 09:30;-12;15.6875;11.25;11.6875;2448;202;0;
4258;2025.06.21 09:45;-12;15.625;10.875;10.625;2448;202;0;
4259;2025.06.21 10:00;-12;15.625;10.875;10.875;2448;202;0;
4260;2025.06.21 10:15;-12;15.5625;11.375;13.125;2449;202;0;
4261;2025.06.21 10:30;-12;15.5625;13.1875;17.25;2451;202;0;
4262;2025.06.21 10:45;-12;15.625;15.625;20.25;2453;202;0;
4263;2025.06.21 11:00;-12;15.75;18.375;22.4375;2455;202;0;
4264;2025.06.21 11:15;-12;15.9375;20.875;23.875;2456;202;0;
4265;2025.06.21 11:30;-12;16.25;22.75;24.625;2457;202;0;
4266;2025.06.21 11:45;-12;16.625;24.375;25.375;2459;202;0;
4267;2025.06.21 12:00;-12;17.0625;25.4375;26;2458;202;0;
4268;2025.06.21 12:15;-12;17.5;22.8125;22.9375;2454;202;0;
4269;2025.06.21 12:30;-12;17.8125;24.625;24.5625;2455;202;0;
4270;2025.06.21 12:45;-12;18.125;24.875;24.5;2454;202;0;
4271;2025.06.21 13:00;-12;18.5;28.625;27.5625;2458;202;0;
4272;2025.06.21 13:15;-12;19;29.875;27.875;2459;202;0;
4273;2025.06.21 13:30;-12;19.625;31;28.5;2462;202;0;
4274;2025.06.21 13:45;-12;20.3125;32.375;29.375;2462;202;0;
4275;2025.06.21 14:00;-12;21;32.75;29.5;2461;202;0;
4276;2025.06.21 14:15;-12;21.625;31.9375;29.125;2459;202;0;
4277;2025.06.21 14:30;-12;22.125;34.875;31.5;2461;202;0;
4278;2025.06.21 14:45;-12;22.875;35.6875;31.4375;2462;202;0;
4279;2025.06.21 15:00;-12;23.625;36;31.875;2461;202;0;
4280;2025.06.21 15:15;-12;24.25;36.375;31.9375;2459;202;0;
4281;2025.06.21 15:30;-12;24.875;36.125;31.5;2457;202;0;
4282;2025.06.21 15:45;-12;25.4375;36.25;31.9375;2455;202;0;
4283;2025.06.21 16:00;-12;25.875;36.125;31.6875;2454;202;0;
4284;2025.06.21 16:15;-12;26.3125;35.75;31.75;2452;202;0;
4285;2025.06.21 16:30;-12;26.625;35.25;31.5;2449;202;0;
4286;2025.06.21 16:45;-12;26.8125;35;31.625;2448;202;0;
4287;2025.06.21 17:00;-12;27;35;32.875;2447;202;0;
4288;2025.06.21 17:15;-12;27.25;33.8125;31.75;2444;202;0;
4289;2025.06.21 17:30;-12;27.4375;33.625;32.3125;2442;202;0;
4290;2025.06.21 17:45;-12;27.5625;32.8125;31.5;2440;202;0;
4291;2025.06.21 18:00;-12;27.625;31.75;30.9375;2437;202;0;
4292;2025.06.21 18:15;-12;27.5625;29.75;29.4375;2432;202;0;
4293;2025.06.21 18:30;-12;27.375;29.625;29.625;2430;202;0;
4294;2025.06.21 18:45;-12;27.1875;29.375;29.5;2428;202;0;
4295;2025.06.21 19:00;-12;26.9375;28.625;29;2425;202;0;
4296;2025.06.21 19:15;-12;26.625;27.875;28.5625;2422;202;0;
4297;2025.06.21 19:30;-12;26.375;26.9375;27.75;2420;202;0;
4298;2025.06.21 19:45;-12;26;25.5;26.5;2417;202;0;
4299;2025.06.21 20:00;-12;25.625;24.125;25.5;2416;202;0;
4300;2025.06.21 20:15;-12;25.25;22.4375;23.125;2414;202;0;
4301;2025.06.21 20:30;-12;24.875;20.875;20.3125;2413;202;0;
4302;2025.06.21 20:45;-12;24.5;19.375;18;2413;202;0;
4303;2025.06.21 21:00;-12;24.0625;18.125;16.25;2413;202;0;
4304;2025.06.21 21:15;-12;23.6875;17.125;15.25;2414;202;0;
4305;2025.06.21 21:30;-12;23.3125;16.375;14.625;2415;202;0;
4306;2025.06.21 21:45;-12;22.9375;15.75;14.125;2416;202;0;
4307;2025.06.21 22:00;-12;22.5625;15.25;13.625;2417;202;0;
4308;2025.06.21 22:15;-12;22.25;14.875;13.4375;2419;202;0;
4309;2025.06.21 22:30;-12;21.875;14.5;13.1875;2420;202;0;
4310;2025.06.21 22:45;-12;21.625;14.25;13;2421;202;0;
4311;2025.06.21 23:00;-12;21.3125;14.25;12.8125;2422;202;0;
4312;2025.06.21 23:15;-12;21.0625;14.125;12.75;2422;202;0;
4313;2025.06.21 23:30;-12;20.8125;13.875;12.75;2423;202;0;
4314;2025.06.21 23:45;-12;20.625;13.75;12.625;2424;202;0;
4315;2025.06.22 00:00;-12;20.375;13.5;12.5;2424;202;0;
4316;2025.06.22 00:15;-12;20.1875;13.375;12.375;2425;202;0;
4317;2025.06.22 00:30;-12;20;13.25;12;2426;202;0;
4318;2025.06.22 00:45;-12;19.8125;13.3125;12.125;2427;202;0;
4319;2025.06.22 01:00;-12;19.625;13.375;12.5;2427;202;0;
4320;2025.06.22 01:15;-12;19.5;13.375;12.5;2427;202;0;
4321;2025.06.22 01:30;-12;19.3125;13.375;12.5;2428;202;0;
4322;2025.06.22 01:45;-12;19.1875;13.375;12.5625;2428;202;0;
4323;2025.06.22 02:00;-12;19.0625;13.375;12.5625;2429;202;0;
4324;2025.06.22 02:15;-12;18.9375;13.25;12.5;2429;202;0;
4325;2025.06.22 02:30;-12;18.875;13.25;12.625;2430;202;0;
4326;2025.06.22 02:45;-12;18.75;13.25;12.875;2430;202;0;
4327;2025.06.22 03:00;-12;18.625;13.1875;12.625;2431;202;0;
4328;2025.06.22 03:15;-12;18.5;13;12.125;2430;202;0;
4329;2025.06.22 03:30;-12;18.375;12.75;11.875;2431;202;0;
4330;2025.06.22 03:45;-12;18.25;12.625;11.8125;2431;202;0;
4331;2025.06.22 04:00;-12;18.1875;12.375;11.4375;2431;202;0;
4332;2025.06.22 04:15;-12;18.125;12.125;11.375;2431;202;0;
4333;2025.06.22 04:30;-12;18;12;11.125;2431;202;0;
4334;2025.06.22 04:45;-12;17.875;11.875;11.25;2431;202;0;
4335;2025.06.22 05:00;-12;17.75;11.875;11.125;2431;202;0;
4336;2025.06.22 05:15;-12;17.625;11.75;11;2431;202;0;
4337;2025.06.22 05:30;-12;17.5;11.625;10.75;2431;202;0;
4338;2025.06.22 05:45;-12;17.4375;11.625;10.875;2431;202;0;
4339;2025.06.22 06:00;-12;17.375;11.4375;10.5;2431;202;0;
4340;2025.06.22 06:15;-12;17.25;11.375;10.5;2431;202;0;
4341;2025.06.22 06:30;-12;17.125;11.3125;10.5;2432;202;0;
4342;2025.06.22 06:45;-12;17.0625;11.25;10.3125;2432;202;0;
4343;2025.06.22 07:00;-12;17;11.25;10.5625;2433;202;0;
4344;2025.06.22 07:15;-12;16.875;11.25;10.3125;2433;202;0;
4345;2025.06.22 07:30;-12;16.8125;11.3125;10.5625;2433;202;0;
4346;2025.06.22 07:45;-12;16.75;11.25;10.25;2434;202;0;
4347;2025.06.22 08:00;-12;16.625;11.375;10.75;2434;202;0;
4348;2025.06.22 08:15;-12;16.625;11.5;11;2434;202;0;
4349;2025.06.22 08:30;-12;16.5;11.4375;10.875;2434;202;0;
4350;2025.06.22 08:45;-12;16.5;12.125;12.25;2435;202;0;
4351;2025.06.22 09:00;-12;16.4375;12.5;12.5625;2436;202;0;
4352;2025.06.22 09:15;-12;16.375;12.3125;12.125;2436;202;0;
4353;2025.06.22 09:30;-12;16.375;12.25;11.9375;2435;202;0;
4354;2025.06.22 09:45;-12;16.375;12.25;12.25;2435;202;0;
4355;2025.06.22 10:00;-12;16.375;12.875;13;2436;202;0;
4356;2025.06.22 10:15;-12;16.3125;13.625;15.25;2437;202;0;
4357;2025.06.22 10:30;-12;16.375;14.5;16.25;2438;202;0;
4358;2025.06.22 10:45;-12;16.375;16.25;19.4375;2440;202;0;
4359;2025.06.22 11:00;-12;16.5;18.375;22.625;2441;202;0;
4360;2025.06.22 11:15;-12;16.75;20.875;24.375;2444;202;0;
4361;2025.06.22 11:30;-12;17.0625;23.125;25.25;2446;202;0;
4362;2025.06.22 11:45;-12;17.4375;25;26;2446;202;0;
4363;2025.06.22 12:00;-12;17.875;26.875;27.25;2446;202;0;
4364;2025.06.22 12:15;-12;18.375;28.5;28.125;2447;202;0;
4365;2025.06.22 12:30;-12;18.9375;29.625;28.5;2448;202;0;
4366;2025.06.22 12:45;-12;19.5;30.8125;29.5625;2449;202;0;
4367;2025.06.22 13:00;-12;20.0625;32.1875;30.6875;2451;202;0;
4368;2025.06.22 13:15;-12;20.625;31.25;29.5;2449;202;0;
4369;2025.06.22 13:30;-12;21.1875;33.875;31.6875;2452;202;0;
4370;2025.06.22 13:45;-12;21.8125;34.75;31.8125;2450;202;0;
4371;2025.06.22 14:00;-12;22.5;35.25;31.875;2449;202;0;
4372;2025.06.22 14:15;-12;23.125;35.75;31.875;2449;202;0;
4373;2025.06.22 14:30;-12;23.75;36.25;32.25;2448;202;0;
4374;2025.06.22 14:45;-12;24.375;36.3125;32;2448;202;0;
4375;2025.06.22 15:00;-12;25;36.25;31.75;2446;202;0;
4376;2025.06.22 15:15;-12;25.5;36.625;32.0625;2444;202;0;
4377;2025.06.22 15:30;-12;26.0625;37.0625;32.5625;2444;202;0;
4378;2025.06.22 15:45;-12;26.5;36.75;32.25;2442;202;0;
4379;2025.06.22 16:00;-12;26.9375;36.75;32.125;2440;202;0;
4380;2025.06.22 16:15;-12;27.25;36.875;32.625;2438;202;0;
4381;2025.06.22 16:30;-12;27.5625;36.625;32.6875;2437;202;0;
4382;2025.06.22 16:45;-12;27.75;36.1875;32.875;2434;202;0;
4383;2025.06.22 17:00;-12;28;35.1875;32.625;2433;202;0;
4384;2025.06.22 17:15;-12;28.125;34.75;32.75;2431;202;0;
4385;2025.06.22 17:30;-12;28.25;34.25;32.6875;2429;202;0;
4386;2025.06.22 17:45;-12;28.3125;33.75;32.5;2426;202;0;
4387;2025.06.22 18:00;-12;28.375;32.875;31.75;2423;202;0;
4388;2025.06.22 18:15;-12;28.3125;32;31.75;2420;202;0;
4389;2025.06.22 18:30;-12;28.1875;31.375;31.25;2417;202;0;
4390;2025.06.22 18:45;-12;28;30.9375;31.125;2415;202;0;
4391;2025.06.22 19:00;-12;27.8125;30.3125;30.625;2411;202;0;
4392;2025.06.22 19:15;-12;27.5625;29.5;30.375;2408;202;0;
4393;2025.06.22 19:30;-12;27.25;28.25;28.875;2405;202;0;
4394;2025.06.22 19:45;-12;26.875;27;27.875;2403;202;0;
4395;2025.06.22 20:00;-12;26.5;25.625;26.625;2401;202;0;
4396;2025.06.22 20:15;-12;26.125;24;25;2399;202;0;
4397;2025.06.22 20:30;-12;25.75;22.625;23;2397;202;0;
4398;2025.06.22 20:45;-12;25.3125;21.25;20.5;2397;202;0;
4399;2025.06.22 21:00;-12;24.875;19.875;18.375;2397;202;0;
4400;2025.06.22 21:15;-12;24.5;18.75;17;2397;202;0;
4401;2025.06.22 21:30;-12;24.125;18.0625;16.3125;2398;202;0;
4402;2025.06.22 21:45;-12;23.8125;17.4375;15.75;2399;202;0;
4403;2025.06.22 22:00;-12;23.5;17.375;16.125;2400;202;0;
4404;2025.06.22 22:15;-12;23.125;17.375;16.1875;2402;202;0;
4405;2025.06.22 22:30;-12;22.875;16.875;15.625;2403;202;0;
4406;2025.06.22 22:45;-12;22.625;16.5;15.25;2404;202;0;
4407;2025.06.22 23:00;-12;22.375;16.125;14.9375;2404;202;0;
4408;2025.06.22 23:15;-12;22.125;15.8125;14.875;2405;202;0;
4409;2025.06.22 23:30;-12;21.875;15.625;14.625;2406;202;0;
4410;2025.06.22 23:45;-12;21.625;15.5625;14.625;2407;202;0;
4411;2025.06.23 00:00;-12;21.375;15.375;14.5;2408;202;0;
4412;2025.06.23 00:15;-12;21.25;15.25;14.4375;2408;202;0;
4413;2025.06.23 00:30;-12;21;15.125;14.3125;2408;202;0;
4414;2025.06.23 00:45;-12;20.875;14.875;13.875;2409;202;0;
4415;2025.06.23 01:00;-12;20.625;14.75;13.625;2410;202;0;
4416;2025.06.23 01:15;-12;20.5;14.5;13.125;2410;202;0;
4417;2025.06.23 01:30;-12;20.3125;14.375;13.1875;2411;202;0;
4418;2025.06.23 01:45;-12;20.125;14.25;13.375;2411;202;0;
4419;2025.06.23 02:00;-12;20;14.1875;13.1875;2412;202;0;
4420;2025.06.23 02:15;-12;19.875;14.125;13.25;2412;202;0;
4421;2025.06.23 02:30;-12;19.75;14.1875;13.5625;2413;202;0;
4422;2025.06.23 02:45;-12;19.625;14.25;13.75;2413;202;0;
4423;2025.06.23 03:00;-12;19.5;14.125;13.25;2413;202;0;
4424;2025.06.23 03:15;-12;19.375;13.8125;12.9375;2414;202;0;
4425;2025.06.23 03:30;-12;19.25;13.5625;12.625;2414;202;0;
4426;2025.06.23 03:45;-12;19.125;13.375;12.625;2414;202;0;
4427;2025.06.23 04:00;-12;19;13.1875;12.5;2415;202;0;
4428;2025.06.23 04:15;-12;18.875;13.0625;12.25;2415;202;0;
4429;2025.06.23 04:30;-12;18.75;12.875;12.0625;2415;202;0;
4430;2025.06.23 04:45;-12;18.625;12.8125;12.125;2415;202;0;
4431;2025.06.23 05:00;-12;18.5;12.6875;11.8125;2416;202;0;
4432;2025.06.23 05:15;-12;18.4375;12.625;11.625;2417;202;0;
4433;2025.06.23 05:30;-12;18.3125;12.5;11.625;2417;202;0;
4434;2025.06.23 05:45;-12;18.25;12.5;11.75;2417;202;0;
4435;2025.06.23 06:00;-12;18.125;12.5;11.75;2417;202;0;
4436;2025.06.23 06:15;-12;18;12.3125;11.5;2418;202;0;
4437;2025.06.23 06:30;-12;17.9375;12.1875;11.25;2418;202;0;
4438;2025.06.23 06:45;-12;17.8125;12.125;11.25;2418;202;0;
4439;2025.06.23 07:00;-12;17.75;12;11.25;2417;202;0;
4440;2025.06.23 07:15;-12;17.625;12.1875;11.6875;2418;202;0;
4441;2025.06.23 07:30;-12;17.5625;12.25;11.625;2418;202;0;
4442;2025.06.23 07:45;-12;17.5;12.25;11.75;2419;202;0;
4443;2025.06.23 08:00;-12;17.375;12.3125;12;2419;202;0;
4444;2025.06.23 08:15;-12;17.375;12.25;11.75;2420;202;0;
4445;2025.06.23 08:30;-12;17.25;12.3125;12;2420;202;0;
4446;2025.06.23 08:45;-12;17.25;12.25;11.875;2420;202;0;
4447;2025.06.23 09:00;-12;17.125;12.25;12;2420;202;0;
4448;2025.06.23 09:15;-12;17.125;12.125;11.8125;2421;202;0;
4449;2025.06.23 09:30;-12;17;12.0625;11.6875;2421;202;0;
4450;2025.06.23 09:45;-12;17;12.0625;11.75;2421;202;0;
4451;2025.06.23 10:00;-12;16.875;12.3125;12.125;2422;202;0;
4452;2025.06.23 10:15;-12;16.875;13.0625;14.5;2423;202;0;
4453;2025.06.23 10:30;-12;16.875;15;18.875;2425;202;0;
4454;2025.06.23 10:45;-12;16.875;16.625;21.375;2427;202;0;
4455;2025.06.23 11:00;-12;17;18.8125;22.875;2429;202;0;
4456;2025.06.23 11:15;-12;17.25;21.5;24.6875;2431;202;0;
4457;2025.06.23 11:30;-12;17.5;24.0625;26.3125;2433;202;0;
4458;2025.06.23 11:45;-12;17.875;26.125;27.4375;2434;202;0;
4459;2025.06.23 12:00;-12;18.375;27.75;28.3125;2434;202;0;
4460;2025.06.23 12:15;-12;18.875;29.25;29;2434;202;0;
4461;2025.06.23 12:30;-12;19.4375;30.4375;29.875;2435;202;0;
4462;2025.06.23 12:45;-12;20;31.5625;30.375;2435;202;0;
4463;2025.06.23 13:00;-12;20.5625;32.625;31.125;2436;202;0;
4464;2025.06.23 13:15;-12;21.1875;33.875;31.5625;2437;202;0;
4465;2025.06.23 13:30;-12;21.75;34.875;31.875;2437;202;0;
4466;2025.06.23 13:45;-12;22.4375;35.625;32.25;2437;202;0;
4467;2025.06.23 14:00;-12;23.125;36.375;32.5625;2436;202;0;
4468;2025.06.23 14:15;-12;23.75;36.75;32.4375;2436;202;0;
4469;2025.06.23 14:30;-12;24.375;37.0625;32.75;2434;202;0;
4470;2025.06.23 14:45;-12;25;37.625;32.875;2433;202;0;
4471;2025.06.23 15:00;-12;25.625;37.5;32.625;2432;202;0;
4472;2025.06.23 15:15;-12;26.1875;37.75;33;2430;202;0;
4473;2025.06.23 15:30;-12;26.6875;37.75;32.75;2429;202;0;
4474;2025.06.23 15:45;-12;27.125;38.1875;33.25;2427;202;0;
4475;2025.06.23 16:00;-12;27.5625;37.75;33;2425;202;0;
4476;2025.06.23 16:15;-12;27.875;37.9375;33.25;2423;202;0;
4477;2025.06.23 16:30;-12;28.1875;37.4375;33.125;2421;202;0;
4478;2025.06.23 16:45;-12;28.375;36.875;33;2419;202;0;
4479;2025.06.23 17:00;-12;28.5625;36;33.3125;2418;202;0;
4480;2025.06.23 17:15;-12;28.6875;35.125;33;2415;202;0;
4481;2025.06.23 17:30;-12;28.75;34.25;32.375;2412;202;0;
4482;2025.06.23 17:45;-12;28.8125;33.6875;32.125;2409;202;0;
4483;2025.06.23 18:00;-12;28.75;33.125;32.25;2408;202;0;
4484;2025.06.23 18:15;-12;28.75;32.4375;31.875;2404;202;0;
4485;2025.06.23 18:30;-12;28.625;31.875;31.625;2401;202;0;
4486;2025.06.23 18:45;-12;28.5;31.625;31.5;2399;202;0;
4487;2025.06.23 19:00;-12;28.25;30.625;30.75;2395;202;0;
4488;2025.06.23 19:15;-12;28;28.5;27.875;2391;202;0;
4489;2025.06.23 19:30;-12;27.625;26.875;26.9375;2389;202;0;
4490;2025.06.23 19:45;-12;27.1875;26.4375;27.5625;2387;202;0;
4491;2025.06.23 20:00;-12;26.75;26.25;27.5;2386;202;0;
4492;2025.06.23 20:15;-12;26.375;24.875;25.6875;2384;202;0;
4493;2025.06.23 20:30;-12;26;23.5;23.8125;2383;202;0;
4494;2025.06.23 20:45;-12;25.625;22.0625;21.5;2382;202;0;
4495;2025.06.23 21:00;-12;25.25;20.5;19;2381;202;0;
4496;2025.06.23 21:15;-12;24.875;19.25;17.5;2381;202;0;
4497;2025.06.23 21:30;-12;24.5;18.375;16.625;2382;202;0;
4498;2025.06.23 21:45;-12;24.125;17.75;16.25;2383;202;0;
4499;2025.06.23 22:00;-12;23.875;17.3125;15.75;2384;202;0;
4500;2025.06.23 22:15;-12;23.5;16.9375;15.4375;2385;202;0;
4501;2025.06.23 22:30;-12;23.1875;16.5625;15.25;2387;202;0;
4502;2025.06.23 22:45;-12;22.875;16.25;14.875;2387;202;0;
4503;2025.06.23 23:00;-12;22.625;16;14.5;2389;202;0;
4504;2025.06.23 23:15;-12;22.375;15.8125;14.5;2390;202;0;
4505;2025.06.23 23:30;-12;22.125;15.6875;14.5;2390;202;0;
4506;2025.06.23 23:45;-12;21.875;15.5;14.3125;2391;202;0;
4507;2025.06.24 00:00;-12;21.6875;15.375;14.0625;2392;202;0;
4508;2025.06.24 00:15;-12;21.5;15.25;14;2393;202;0;
4509;2025.06.24 00:30;-12;21.25;15;14.125;2393;202;0;
4510;2025.06.24 00:45;-12;21.125;15;14.1875;2394;202;0;
4511;2025.06.24 01:00;-12;20.9375;14.875;13.75;2395;202;0;
4512;2025.06.24 01:15;-12;20.75;14.6875;13.4375;2396;202;0;
4513;2025.06.24 01:30;-12;20.625;14.5;13.25;2396;202;0;
4514;2025.06.24 01:45;-12;20.4375;14.375;13.0625;2397;202;0;
4515;2025.06.24 02:00;-12;20.25;14.1875;12.875;2396;202;0;
4516;2025.06.24 02:15;-12;20.125;14.125;13.125;2397;202;0;
4517;2025.06.24 02:30;-12;20;14.3125;13.75;2398;202;0;
4518;2025.06.24 02:45;-12;19.875;14.1875;13.375;2398;202;0;
4519;2025.06.24 03:00;-12;19.75;14.25;13.75;2398;202;0;
4520;2025.06.24 03:15;-12;19.625;13.875;12.875;2398;202;0;
4521;2025.06.24 03:30;-12;19.5;13.75;13;2399;202;0;
4522;2025.06.24 03:45;-12;19.375;13.6875;12.8125;2399;202;0;
4523;2025.06.24 04:00;-12;19.25;13.5625;12.5;2399;202;0;
4524;2025.06.24 04:15;-12;19.125;13.5;12.75;2400;202;0;
4525;2025.06.24 04:30;-12;19.0625;13.3125;12.5;2400;202;0;
4526;2025.06.24 04:45;-12;18.9375;13.25;12.3125;2400;202;0;
4527;2025.06.24 05:00;-12;18.875;13.0625;12.25;2400;202;0;
4528;2025.06.24 05:15;-12;18.75;13;12.125;2400;202;0;
4529;2025.06.24 05:30;-12;18.625;12.9375;12.25;2400;202;0;
4530;2025.06.24 05:45;-12;18.5;12.8125;12.0625;2400;202;0;
4531;2025.06.24 06:00;-12;18.4375;12.75;12;2400;202;0;
4532;2025.06.24 06:15;-12;18.375;12.75;12.125;2401;202;0;
4533;2025.06.24 06:30;-12;18.25;12.75;12.125;2401;202;0;
4534;2025.06.24 06:45;-12;18.125;12.75;12.0625;2402;202;0;
4535;2025.06.24 07:00;-12;18.0625;12.875;12.375;2402;202;0;
4536;2025.06.24 07:15;-12;18;12.8125;12.25;2402;202;0;
4537;2025.06.24 07:30;-12;17.9375;12.875;12.125;2402;202;0;
4538;2025.06.24 07:45;-12;17.875;12.75;12;2403;202;0;
4539;2025.06.24 08:00;-12;17.75;12.6875;11.875;2403;202;0;
4540;2025.06.24 08:15;-12;17.75;12.625;11.9375;2403;202;0;
4541;2025.06.24 08:30;-12;17.625;12.625;12.0625;2403;202;0;
4542;2025.06.24 08:45;-12;17.625;12.75;12.375;2404;202;0;
4543;2025.06.24 09:00;-12;17.5;12.875;12.375;2404;202;0;
4544;2025.06.24 09:15;-12;17.5;13.375;13;2405;202;0;
4545;2025.06.24 09:30;-12;17.5;13.5;13.125;2405;202;0;
4546;2025.06.24 09:45;-12;17.4375;13.375;13.5625;2405;202;0;
4547;2025.06.24 10:00;-12;17.375;13.625;13.625;2406;202;0;
4548;2025.06.24 10:15;-12;17.375;14.1875;15.625;2406;202;0;
4549;2025.06.24 10:30;-12;17.375;15.4375;18.625;2408;202;0;
4550;2025.06.24 10:45;-12;17.5;17;20.625;2410;202;0;
4551;2025.06.24 11:00;-12;17.5625;19.25;22.1875;2411;202;0;
4552;2025.06.24 11:15;-12;17.75;21.1875;23.1875;2412;202;0;
4553;2025.06.24 11:30;-12;17.9375;23.1875;24.625;2413;202;0;
4554;2025.06.24 11:45;-12;18.25;24.5;25;2413;202;0;
4555;2025.06.24 12:00;-12;18.5625;25.6875;25.625;2413;202;0;
4556;2025.06.24 12:15;-12;18.9375;26.8125;26.375;2413;202;0;
4557;2025.06.24 12:30;-12;19.375;26.875;25.875;2412;202;0;
4558;2025.06.24 12:45;-12;19.75;24.3125;24.125;2407;202;0;
4559;2025.06.24 13:00;-12;19.9375;24.125;23.8125;2405;202;0;
4560;2025.06.24 13:15;-12;20.125;29.125;27.375;2412;202;0;
4561;2025.06.24 13:30;-12;20.625;30.125;27.3125;2414;202;0;
4562;2025.06.24 13:45;-12;21.25;31.25;28.25;2415;202;0;
4563;2025.06.24 14:00;-12;21.8125;32;28.6875;2416;202;0;
4564;2025.06.24 14:15;-12;22.4375;32.4375;28.75;2415;202;0;
4565;2025.06.24 14:30;-12;23;32.5;28.875;2413;202;0;
4566;2025.06.24 14:45;-12;23.625;31.9375;28.5;2409;202;0;
4567;2025.06.24 15:00;-12;24;33;29.875;2409;202;0;
4568;2025.06.24 15:15;-12;24.4375;32.75;29.75;2407;202;0;
4569;2025.06.24 15:30;-12;24.75;30.5;28;2402;202;0;
4570;2025.06.24 15:45;-12;24.875;29.6875;28;2399;202;0;
4571;2025.06.24 16:00;-12;24.875;29.875;28.125;2398;202;0;
4572;2025.06.24 16:15;-12;24.9375;29.375;27.875;2396;202;0;
4573;2025.06.24 16:30;-12;25;32.625;30.375;2400;202;0;
4574;2025.06.24 16:45;-12;25.25;34.125;31.375;2403;202;0;
4575;2025.06.24 17:00;-12;25.75;32.25;29.3125;2399;202;0;
4576;2025.06.24 17:15;-12;26;28.875;27.0625;2393;202;0;
4577;2025.06.24 17:30;-12;25.8125;27.125;26.1875;2388;202;0;
4578;2025.06.24 17:45;-12;25.625;29.125;28.875;2390;202;0;
4579;2025.06.24 18:00;-12;25.625;29.75;29.3125;2390;202;0;
4580;2025.06.24 18:15;-12;25.6875;30.25;29.75;2390;202;0;
4581;2025.06.24 18:30;-12;25.75;28;26.75;2385;202;0;
4582;2025.06.24 18:45;-12;25.6875;27;26.3125;2383;202;0;
4583;2025.06.24 19:00;-12;25.5;27.625;27.5;2383;202;0;
4584;2025.06.24 19:15;-12;25.375;28.125;28.375;2382;202;0;
4585;2025.06.24 19:30;-12;25.25;26.25;25.625;2379;202;0;
4586;2025.06.24 19:45;-12;25.125;24.875;24.625;2377;202;0;
4587;2025.06.24 20:00;-12;24.875;24.25;24;2376;202;0;
4588;2025.06.24 20:15;-12;24.625;23.375;23.125;2375;202;0;
4589;2025.06.24 20:30;-12;24.375;23;23.25;2375;202;0;
4590;2025.06.24 20:45;-12;24.125;22.125;21.8125;2374;202;0;
4591;2025.06.24 21:00;-12;23.875;20.875;20.125;2373;202;0;
4592;2025.06.24 21:15;-12;23.625;19.875;19;2373;202;0;
4593;2025.06.24 21:30;-12;23.3125;19.0625;18;2373;202;0;
4594;2025.06.24 21:45;-12;23;18.375;17.1875;2374;202;0;
4595;2025.06.24 22:00;-12;22.75;18;17;2374;202;0;
4596;2025.06.24 22:15;-12;22.5;17.75;16.875;2375;202;0;
4597;2025.06.24 22:30;-12;22.3125;17.5625;16.625;2376;202;0;
4598;2025.06.24 22:45;-12;22.125;17.5;17;2377;202;0;
4599;2025.06.24 23:00;-12;21.875;17.5;17.0625;2378;202;0;
4600;2025.06.24 23:15;-12;21.75;16.9375;16.125;2379;202;0;
4601;2025.06.24 23:30;-12;21.5;16.625;16.125;2380;202;0;
4602;2025.06.24 23:45;-12;21.375;16.375;15.8125;2380;202;0;
4603;2025.06.25 00:00;-12;21.125;16;15.25;2381;202;0;
4604;2025.06.25 00:15;-12;21;15.875;15;2382;202;0;
4605;2025.06.25 00:30;-12;20.875;15.5625;14.75;2382;202;0;
4606;2025.06.25 00:45;-12;20.6875;15.375;14.75;2383;202;0;
4607;2025.06.25 01:00;-12;20.5;15.25;14.5;2384;202;0;
4608;2025.06.25 01:15;-12;20.375;15.0625;14.375;2384;202;0;
4609;2025.06.25 01:30;-12;20.25;14.8125;14;2384;202;0;
4610;2025.06.25 01:45;-12;20.125;14.625;13.875;2384;202;0;
4611;2025.06.25 02:00;-12;19.9375;14.625;14.125;2385;202;0;
4612;2025.06.25 02:15;-12;19.8125;14.75;14.25;2386;202;0;
4613;2025.06.25 02:30;-12;19.6875;14.625;14.25;2386;202;0;
4614;2025.06.25 02:45;-12;19.5625;14.625;14.4375;2387;202;0;
4615;2025.06.25 03:00;-12;19.5;14.75;14.6875;2387;202;0;
4616;2025.06.25 03:15;-12;19.375;14.5625;14.25;2387;202;0;
4617;2025.06.25 03:30;-12;19.25;14.5;14.375;2388;202;0;
4618;2025.06.25 03:45;-12;19.125;14.6875;14.75;2389;202;0;
4619;2025.06.25 04:00;-12;19.0625;14.625;14.625;2389;202;0;
4620;2025.06.25 04:15;-12;19;14.5;14.4375;2389;202;0;
4621;2025.06.25 04:30;-12;18.875;14.25;13.875;2388;202;0;
4622;2025.06.25 04:45;-12;18.8125;14;13.5;2388;202;0;
4623;2025.06.25 05:00;-12;18.75;13.8125;13.375;2388;202;0;
4624;2025.06.25 05:15;-12;18.625;13.6875;13.125;2389;202;0;
4625;2025.06.25 05:30;-12;18.5625;13.5;12.9375;2389;202;0;
4626;2025.06.25 05:45;-12;18.5;13.5;13.125;2389;202;0;
4627;2025.06.25 06:00;-12;18.375;13.9375;14.125;2390;202;0;
4628;2025.06.25 06:15;-12;18.3125;14.5;15;2391;202;0;
4629;2025.06.25 06:30;-12;18.25;14.5;15.0625;2391;202;0;
4630;2025.06.25 06:45;-12;18.25;14.875;15.9375;2392;202;0;
4631;2025.06.25 07:00;-12;18.125;14.875;15.625;2392;202;0;
4632;2025.06.25 07:15;-12;18.125;14.75;15.25;2392;202;0;
4633;2025.06.25 07:30;-12;18.125;15.25;16.25;2392;202;0;
4634;2025.06.25 07:45;-12;18;15.875;16.75;2393;202;0;
4635;2025.06.25 08:00;-12;18;15.375;15.75;2392;202;0;
4636;2025.06.25 08:15;-12;18;15.625;16.4375;2392;202;0;
4637;2025.06.25 08:30;-12;17.9375;15.375;15.875;2392;202;0;
4638;2025.06.25 08:45;-12;17.875;14.8125;15.0625;2392;202;0;
4639;2025.06.25 09:00;-12;17.875;14.875;15.4375;2392;202;0;
4640;2025.06.25 09:15;-12;17.8125;15;15.625;2393;202;0;
4641;2025.06.25 09:30;-12;17.75;15.5;16.25;2393;202;0;
4642;2025.06.25 09:45;-12;17.75;15.6875;16.5;2393;202;0;
4643;2025.06.25 10:00;-12;17.6875;15.75;16.625;2393;202;0;
4644;2025.06.25 10:15;-12;17.6875;16;18;2394;202;0;
4645;2025.06.25 10:30;-12;17.6875;17.375;20.625;2395;202;0;
4646;2025.06.25 10:45;-12;17.75;18.875;22.25;2396;202;0;
4647;2025.06.25 11:00;-12;17.875;20.5;23.125;2397;202;0;
4648;2025.06.25 11:15;-12;18;21.75;23.375;2397;202;0;
4649;2025.06.25 11:30;-12;18.1875;23.125;24.25;2398;202;0;
4650;2025.06.25 11:45;-12;18.4375;24.5625;25.0625;2399;202;0;
4651;2025.06.25 12:00;-12;18.75;25.875;25.875;2399;202;0;
4652;2025.06.25 12:15;-12;19.125;27.1875;26.625;2400;202;0;
4653;2025.06.25 12:30;-12;19.5625;28.125;26.9375;2401;202;0;
4654;2025.06.25 12:45;-12;20;29.75;28.25;2403;202;0;
4655;2025.06.25 13:00;-12;20.5;31;28.75;2404;202;0;
4656;2025.06.25 13:15;-12;21.125;31.9375;29.25;2405;202;0;
4657;2025.06.25 13:30;-12;21.6875;32.8125;29.75;2405;202;0;
4658;2025.06.25 13:45;-12;22.25;34;30.375;2406;202;0;
4659;2025.06.25 14:00;-12;22.875;34.5625;30.375;2406;202;0;
4660;2025.06.25 14:15;-12;23.5;34.625;30.125;2405;202;0;
4661;2025.06.25 14:30;-12;24.125;35.0625;30.5;2405;202;0;
4662;2025.06.25 14:45;-12;24.6875;35.125;30.4375;2403;202;0;
4663;2025.06.25 15:00;-12;25.25;35.8125;31.125;2403;202;0;
4664;2025.06.25 15:15;-12;25.75;35.75;30.75;2401;202;0;
4665;2025.06.25 15:30;-12;26.25;35.375;30.625;2400;202;0;
4666;2025.06.25 15:45;-12;26.625;35.875;30.875;2398;202;0;
4667;2025.06.25 16:00;-12;27.0625;36.25;31.5;2397;202;0;
4668;2025.06.25 16:15;-12;27.375;36.125;31.625;2396;202;0;
4669;2025.06.25 16:30;-12;27.6875;35.875;31.5;2394;202;0;
4670;2025.06.25 16:45;-12;27.875;35.125;31.4375;2392;202;0;
4671;2025.06.25 17:00;-12;28;34.4375;31.5;2390;202;0;
4672;2025.06.25 17:15;-12;28.1875;33.625;31.125;2387;202;0;
4673;2025.06.25 17:30;-12;28.25;33.5;31.625;2386;202;0;
4674;2025.06.25 17:45;-12;28.375;33;31.3125;2383;202;0;
4675;2025.06.25 18:00;-12;28.375;32.25;30.875;2380;202;0;
4676;2025.06.25 18:15;-12;28.375;31.25;30.25;2376;202;0;
4677;2025.06.25 18:30;-12;28.25;30.625;30.25;2373;202;0;
4678;2025.06.25 18:45;-12;28.125;29.8125;29.25;2370;202;0;
4679;2025.06.25 19:00;-12;27.875;28.875;28.8125;2367;202;0;
4680;2025.06.25 19:15;-12;27.5625;28.375;28.6875;2364;202;0;
4681;2025.06.25 19:30;-12;27.25;27.75;28.625;2363;202;0;
4682;2025.06.25 19:45;-12;26.875;26.75;27.625;2360;202;0;
4683;2025.06.25 20:00;-12;26.5;25.3125;26.25;2358;202;0;
4684;2025.06.25 20:15;-12;26.125;23.875;24.75;2357;202;0;
4685;2025.06.25 20:30;-12;25.75;22.6875;22.875;2355;202;0;
4686;2025.06.25 20:45;-12;25.375;21.4375;20.875;2355;202;0;
4687;2025.06.25 21:00;-12;25;20;18.625;2354;202;0;
4688;2025.06.25 21:15;-12;24.625;18.9375;17.375;2354;202;0;
4689;2025.06.25 21:30;-12;24.3125;18.1875;16.6875;2355;202;0;
4690;2025.06.25 21:45;-12;24;17.5;15.875;2356;202;0;
4691;2025.06.25 22:00;-12;23.625;17.125;15.4375;2357;202;0;
4692;2025.06.25 22:15;-12;23.375;16.6875;15.25;2358;202;0;
4693;2025.06.25 22:30;-12;23;16.375;15.1875;2359;202;0;
4694;2025.06.25 22:45;-12;22.75;16.125;15.125;2360;202;0;
4695;2025.06.25 23:00;-12;22.5;15.8125;14.625;2361;202;0;
4696;2025.06.25 23:15;-12;22.25;15.5;14.375;2361;202;0;
4697;2025.06.25 23:30;-12;22;15.375;14.25;2362;202;0;
4698;2025.06.25 23:45;-12;21.8125;15.1875;14.125;2363;202;0;
4699;2025.06.26 00:00;-12;21.625;15.0625;14;2364;202;0;
4700;2025.06.26 00:15;-12;21.375;14.875;13.9375;2365;202;0;
4701;2025.06.26 00:30;-12;21.1875;14.875;13.875;2366;202;0;
4702;2025.06.26 00:45;-12;21;14.75;13.9375;2366;202;0;
4703;2025.06.26 01:00;-12;20.875;14.75;14;2367;202;0;
4704;2025.06.26 01:15;-12;20.6875;15;14.625;2368;202;0;
4705;2025.06.26 01:30;-12;20.5;15.4375;15.5;2369;202;0;
4706;2025.06.26 01:45;-12;20.375;15.75;16;2369;202;0;
4707;2025.06.26 02:00;-12;20.3125;16.125;16.625;2370;202;0;
4708;2025.06.26 02:15;-12;20.1875;16.875;17.75;2370;202;0;
4709;2025.06.26 02:30;-12;20.125;17.3125;18.125;2370;202;0;
4710;2025.06.26 02:45;-12;20;17.4375;18.25;2370;202;0;
4711;2025.06.26 03:00;-12;19.9375;17.25;17.875;2370;202;0;
4712;2025.06.26 03:15;-12;19.875;16.625;17;2369;202;0;
4713;2025.06.26 03:30;-12;19.75;15.875;16.125;2369;202;0;
4714;2025.06.26 03:45;-12;19.6875;16.1875;16.875;2369;202;0;
4715;2025.06.26 04:00;-12;19.625;16.875;17.875;2370;202;0;
4716;2025.06.26 04:15;-12;19.5;17;17.875;2370;202;0;
4717;2025.06.26 04:30;-12;19.4375;16.9375;17.75;2370;202;0;
4718;2025.06.26 04:45;-12;19.375;17.0625;18;2370;202;0;
4719;2025.06.26 05:00;-12;19.25;17.125;18.0625;2370;202;0;
4720;2025.06.26 05:15;-12;19.25;17.25;18.25;2369;202;0;
4721;2025.06.26 05:30;-12;19.125;16.875;17.625;2369;202;0;
4722;2025.06.26 05:45;-12;19.0625;16.375;17.0625;2369;202;0;
4723;2025.06.26 06:00;-12;19;16.5;17.375;2369;202;0;
4724;2025.06.26 06:15;-12;18.875;16.375;17.125;2369;202;0;
4725;2025.06.26 06:30;-12;18.875;15.9375;16.625;2368;202;0;
4726;2025.06.26 06:45;-12;18.75;16;16.75;2369;202;0;
4727;2025.06.26 07:00;-12;18.6875;15.75;16.375;2369;202;0;
4728;2025.06.26 07:15;-12;18.625;15.5625;16.125;2369;202;0;
4729;2025.06.26 07:30;-12;18.5;15.625;16.375;2369;202;0;
4730;2025.06.26 07:45;-12;18.5;15.75;16.375;2369;202;0;
4731;2025.06.26 08:00;-12;18.375;15.625;16.25;2369;202;0;
4732;2025.06.26 08:15;-12;18.375;15.4375;16.0625;2369;202;0;
4733;2025.06.26 08:30;-12;18.25;15;15.5;2369;202;0;
4734;2025.06.26 08:45;-12;18.1875;14.875;15.5;2369;202;0;
4735;2025.06.26 09:00;-12;18.125;14.625;15.0625;2369;202;0;
4736;2025.06.26 09:15;-12;18.0625;14.375;14.875;2369;202;0;
4737;2025.06.26 09:30;-12;18;14.4375;15.125;2369;202;0;
4738;2025.06.26 09:45;-12;17.875;14.5;15.25;2370;202;0;
4739;2025.06.26 10:00;-12;17.875;14.75;15.625;2371;202;0;
4740;2025.06.26 10:15;-12;17.75;15.375;17.5;2372;202;0;
4741;2025.06.26 10:30;-12;17.75;16.5625;19.375;2372;202;0;
4742;2025.06.26 10:45;-12;17.75;17.875;20.5;2374;202;0;
4743;2025.06.26 11:00;-12;17.8125;19.25;21.5;2374;202;0;
4744;2025.06.26 11:15;-12;17.9375;20.75;22.25;2375;202;0;
4745;2025.06.26 11:30;-12;18.125;22.375;23.125;2376;202;0;
4746;2025.06.26 11:45;-12;18.375;23.4375;23.3125;2377;202;0;
4747;2025.06.26 12:00;-12;18.6875;24.8125;24.1875;2377;202;0;
4748;2025.06.26 12:15;-12;19.0625;25.75;24.4375;2378;202;0;
4749;2025.06.26 12:30;-12;19.4375;26.75;25.0625;2379;202;0;
4750;2025.06.26 12:45;-12;19.875;28.375;26.3125;2381;202;0;
4751;2025.06.26 13:00;-12;20.375;29.1875;26.25;2382;202;0;
4752;2025.06.26 13:15;-12;20.875;30;26.625;2383;202;0;
4753;2025.06.26 13:30;-12;21.4375;30.75;27.0625;2384;202;0;
4754;2025.06.26 13:45;-12;22;32;27.875;2385;202;0;
4755;2025.06.26 14:00;-12;22.625;32.5;28.25;2385;202;0;
4756;2025.06.26 14:15;-12;23.25;33.6875;29.0625;2385;202;0;
4757;2025.06.26 14:30;-12;23.875;34.125;29.125;2384;202;0;
4758;2025.06.26 14:45;-12;24.5;34.75;29.75;2384;202;0;
4759;2025.06.26 15:00;-12;25.0625;35;29.75;2383;202;0;
4760;2025.06.26 15:15;-12;25.625;35.25;30;2381;202;0;
4761;2025.06.26 15:30;-12;26.125;36.0625;30.8125;2381;202;0;
4762;2025.06.26 15:45;-12;26.625;36.25;31.125;2380;202;0;
4763;2025.06.26 16:00;-12;27;36.625;31.4375;2378;202;0;
4764;2025.06.26 16:15;-12;27.375;36.25;31.125;2376;202;0;
4765;2025.06.26 16:30;-12;27.75;35.875;31;2374;202;0;
4766;2025.06.26 16:45;-12;27.9375;35.1875;31.125;2372;202;0;
4767;2025.06.26 17:00;-12;28.125;34.125;31;2370;202;0;
4768;2025.06.26 17:15;-12;28.25;33.6875;31.25;2368;202;0;
4769;2025.06.26 17:30;-12;28.375;32.875;30.5;2364;202;0;
4770;2025.06.26 17:45;-12;28.375;32.5;30.8125;2362;202;0;
4771;2025.06.26 18:00;-12;28.375;32.125;30.75;2360;202;0;
4772;2025.06.26 18:15;-12;28.375;31.4375;30.8125;2357;202;0;
4773;2025.06.26 18:30;-12;28.3125;30.5;29.75;2353;202;0;
4774;2025.06.26 18:45;-12;28.125;29.75;29.125;2350;202;0;
4775;2025.06.26 19:00;-12;27.875;29;29;2347;202;0;
4776;2025.06.26 19:15;-12;27.625;28.4375;28.6875;2345;202;0;
4777;2025.06.26 19:30;-12;27.25;27.5;28;2342;202;0;
4778;2025.06.26 19:45;-12;27;26.0625;26.125;2340;202;0;
4779;2025.06.26 20:00;-12;26.625;24.625;25.375;2337;202;0;
4780;2025.06.26 20:15;-12;26.1875;23.3125;24;2336;202;0;
4781;2025.06.26 20:30;-12;25.75;22.125;22.25;2334;202;0;
4782;2025.06.26 20:45;-12;25.375;20.9375;20.5;2333;202;0;
4783;2025.06.26 21:00;-12;25;19.8125;19.25;2333;202;0;
4784;2025.06.26 21:15;-12;24.625;18.6875;17.5625;2333;202;0;
4785;2025.06.26 21:30;-12;24.25;17.625;16.125;2334;202;0;
4786;2025.06.26 21:45;-12;23.875;17;15.5;2335;202;0;
4787;2025.06.26 22:00;-12;23.625;16.375;14.75;2336;202;0;
4788;2025.06.26 22:15;-12;23.25;16.125;14.875;2337;202;0;
4789;2025.06.26 22:30;-12;23;15.75;14.5625;2338;202;0;
4790;2025.06.26 22:45;-12;22.6875;15.75;15.125;2340;202;0;
4791;2025.06.26 23:00;-12;22.4375;15.6875;15.0625;2341;202;0;
4792;2025.06.26 23:15;-12;22.1875;15.5;14.9375;2342;202;0;
4793;2025.06.26 23:30;-12;22;15.5;15;2343;202;0;
4794;2025.06.26 23:45;-12;21.75;15;14.0625;2343;202;0;
4795;2025.06.27 00:00;-12;21.5;14.75;14;2344;202;0;
4796;2025.06.27 00:15;-12;21.375;14.625;14;2344;202;0;
4797;2025.06.27 00:30;-12;21.125;14.8125;14.5;2345;202;0;
4798;2025.06.27 00:45;-12;21;14.625;14.1875;2346;202;0;
4799;2025.06.27 01:00;-12;20.75;14.4375;13.8125;2346;202;0;
4800;2025.06.27 01:15;-12;20.625;14;13.125;2347;202;0;
4801;2025.06.27 01:30;-12;20.5;13.9375;13.3125;2347;202;0;
4802;2025.06.27 01:45;-12;20.3125;14;13.625;2348;202;0;
4803;2025.06.27 02:00;-12;20.125;14.1875;14;2349;202;0;
4804;2025.06.27 02:15;-12;20;14.5625;14.75;2350;202;0;
4805;2025.06.27 02:30;-12;19.875;14.75;15.0625;2350;202;0;
4806;2025.06.27 02:45;-12;19.75;15.625;16.375;2351;202;0;
4807;2025.06.27 03:00;-12;19.6875;16;16.75;2351;202;0;
4808;2025.06.27 03:15;-12;19.625;16.3125;17.125;2351;202;0;
4809;2025.06.27 03:30;-12;19.5;15.875;16.25;2351;202;0;
4810;2025.06.27 03:45;-12;19.4375;15.9375;16.625;2350;202;0;
4811;2025.06.27 04:00;-12;19.375;15.875;16.5;2350;202;0;
4812;2025.06.27 04:15;-12;19.25;15.25;15.625;2349;202;0;
4813;2025.06.27 04:30;-12;19.125;14.875;15.125;2349;202;0;
4814;2025.06.27 04:45;-12;19.0625;14.5;14.75;2348;202;0;
4815;2025.06.27 05:00;-12;19;14;13.9375;2348;202;0;
4816;2025.06.27 05:15;-12;18.875;13.625;13.4375;2348;202;0;
4817;2025.06.27 05:30;-12;18.75;13.125;12.6875;2348;202;0;
4818;2025.06.27 05:45;-12;18.625;13.1875;13.125;2348;202;0;
4819;2025.06.27 06:00;-12;18.5625;13.0625;13;2348;202;0;
4820;2025.06.27 06:15;-12;18.5;12.8125;12.5625;2349;202;0;
4821;2025.06.27 06:30;-12;18.375;13.5;13.875;2350;202;0;
4822;2025.06.27 06:45;-12;18.25;14.0625;14.75;2350;202;0;
4823;2025.06.27 07:00;-12;18.1875;14.25;14.75;2351;202;0;
4824;2025.06.27 07:15;-12;18.125;14.0625;14.5;2351;202;0;
4825;2025.06.27 07:30;-12;18.0625;14.25;14.6875;2351;202;0;
4826;2025.06.27 07:45;-12;18;14;14.4375;2351;202;0;
4827;2025.06.27 08:00;-12;17.9375;13.625;13.875;2350;202;0;
4828;2025.06.27 08:15;-12;17.875;13.75;14.25;2350;202;0;
4829;2025.06.27 08:30;-12;17.8125;13.6875;14.0625;2350;202;0;
4830;2025.06.27 08:45;-12;17.75;13.375;13.625;2350;202;0;
4831;2025.06.27 09:00;-12;17.6875;13.0625;13.125;2350;202;0;
4832;2025.06.27 09:15;-12;17.625;12.9375;13.125;2351;202;0;
4833;2025.06.27 09:30;-12;17.5625;12.75;12.8125;2351;202;0;
4834;2025.06.27 09:45;-12;17.5;12.9375;13.25;2352;202;0;
4835;2025.06.27 10:00;-12;17.4375;13.875;14.8125;2353;202;0;
4836;2025.06.27 10:15;-12;17.375;14.5625;17;2354;202;0;
4837;2025.06.27 10:30;-12;17.375;16.375;20.1875;2355;202;0;
4838;2025.06.27 10:45;-12;17.4375;18.125;21.625;2357;202;0;
4839;2025.06.27 11:00;-12;17.5;19.8125;22.875;2358;202;0;
4840;2025.06.27 11:15;-12;17.6875;21.75;24.125;2359;202;0;
4841;2025.06.27 11:30;-12;17.9375;23.4375;24.75;2360;202;0;
4842;2025.06.27 11:45;-12;18.25;24.9375;25.5;2361;202;0;
4843;2025.06.27 12:00;-12;18.625;26.8125;26.75;2362;202;0;
4844;2025.06.27 12:15;-12;19.125;28.25;27.375;2364;202;0;
4845;2025.06.27 12:30;-12;19.625;28.9375;27.1875;2365;202;0;
4846;2025.06.27 12:45;-12;20.125;29.875;27.75;2366;202;0;
4847;2025.06.27 13:00;-12;20.625;31.625;28.9375;2368;202;0;
4848;2025.06.27 13:15;-12;21.25;32.875;29.625;2370;202;0;
4849;2025.06.27 13:30;-12;21.875;33.6875;30.0625;2370;202;0;
4850;2025.06.27 13:45;-12;22.5;35;31;2371;202;0;
4851;2025.06.27 14:00;-12;23.125;36;31.375;2371;202;0;
4852;2025.06.27 14:15;-12;23.875;36.3125;31.375;2371;202;0;
4853;2025.06.27 14:30;-12;24.5;37.0625;31.875;2370;202;0;
4854;2025.06.27 14:45;-12;25.125;36.875;31.625;2368;202;0;
4855;2025.06.27 15:00;-12;25.75;37.5;32;2367;202;0;
4856;2025.06.27 15:15;-12;26.3125;38.125;32.5;2367;202;0;
4857;2025.06.27 15:30;-12;26.875;38.25;32.5;2365;202;0;
4858;2025.06.27 15:45;-12;27.375;38.5;32.875;2364;202;0;
4859;2025.06.27 16:00;-12;27.75;39.125;33.75;2363;202;0;
4860;2025.06.27 16:15;-12;28.125;38.8125;33.25;2361;202;0;
4861;2025.06.27 16:30;-12;28.5;38.375;33.25;2358;202;0;
4862;2025.06.27 16:45;-12;28.75;37.375;33;2355;202;0;
4863;2025.06.27 17:00;-12;28.875;36.4375;32.875;2353;202;0;
4864;2025.06.27 17:15;-12;29;35.125;32.5;2349;202;0;
4865;2025.06.27 17:30;-12;29.0625;34.375;32.0625;2346;202;0;
4866;2025.06.27 17:45;-12;29.0625;33.875;32;2344;202;0;
4867;2025.06.27 18:00;-12;29.0625;33.3125;31.875;2341;202;0;
4868;2025.06.27 18:15;-12;29.0625;32.5;31.375;2338;202;0;
4869;2025.06.27 18:30;-12;28.875;30.625;30;2333;202;0;
4870;2025.06.27 18:45;-12;28.625;30.75;30.625;2331;202;0;
4871;2025.06.27 19:00;-12;28.375;29.75;29.6875;2327;202;0;
4872;2025.06.27 19:15;-12;28.125;28.5;28.75;2324;202;0;
4873;2025.06.27 19:30;-12;27.75;28;28.5;2322;202;0;
4874;2025.06.27 19:45;-12;27.375;26.75;27.5;2319;202;0;
4875;2025.06.27 20:00;-12;27;25.375;26.375;2317;202;0;
4876;2025.06.27 20:15;-12;26.625;23.8125;24.625;2315;202;0;
4877;2025.06.27 20:30;-12;26.125;22.375;22.5;2313;202;0;
4878;2025.06.27 20:45;-12;25.75;20.75;19.9375;2312;202;0;
4879;2025.06.27 21:00;-12;25.375;19.125;17.375;2311;202;0;
4880;2025.06.27 21:15;-12;24.9375;17.75;15.75;2311;202;0;
4881;2025.06.27 21:30;-12;24.5625;17;15.375;2312;202;0;
4882;2025.06.27 21:45;-12;24.1875;16.75;15.5;2313;202;0;
4883;2025.06.27 22:00;-12;23.8125;16.375;15.125;2314;202;0;
4884;2025.06.27 22:15;-12;23.5;16.25;15.4375;2315;202;0;
4885;2025.06.27 22:30;-12;23.1875;16.75;17;2317;202;0;
4886;2025.06.27 22:45;-12;22.9375;16.875;17;2318;202;0;
4887;2025.06.27 23:00;-12;22.6875;16.625;16.5;2319;202;0;
4888;2025.06.27 23:15;-12;22.4375;16.125;15.5625;2319;202;0;
4889;2025.06.27 23:30;-12;22.25;15.625;15.0625;2320;202;0;
4890;2025.06.27 23:45;-12;22;15.25;14.6875;2320;202;0;
4891;2025.06.28 00:00;-12;21.75;14.9375;14.25;2321;202;0;
4892;2025.06.28 00:15;-12;21.5625;14.375;13.4375;2321;202;0;
4893;2025.06.28 00:30;-12;21.375;14.1875;13.3125;2322;202;0;
4894;2025.06.28 00:45;-12;21.125;13.875;13.0625;2323;202;0;
4895;2025.06.28 01:00;-12;21;13.625;12.75;2323;202;0;
4896;2025.06.28 01:15;-12;20.75;14.5;14.75;2325;202;0;
4897;2025.06.28 01:30;-12;20.625;14.4375;14.25;2325;202;0;
4898;2025.06.28 01:45;-12;20.5;15.625;16.375;2327;202;0;
4899;2025.06.28 02:00;-12;20.375;16;16.625;2327;202;0;
4900;2025.06.28 02:15;-12;20.25;15.9375;16.375;2327;202;0;
4901;2025.06.28 02:30;-12;20.125;15.5625;15.9375;2327;202;0;
4902;2025.06.28 02:45;-12;20;15.625;16.1875;2327;202;0;
4903;2025.06.28 03:00;-12;19.875;15.5;16.0625;2327;202;0;
4904;2025.06.28 03:15;-12;19.8125;15.375;16.0625;2327;202;0;
4905;2025.06.28 03:30;-12;19.75;14.9375;15.25;2327;202;0;
4906;2025.06.28 03:45;-12;19.625;14.75;15.125;2326;202;0;
4907;2025.06.28 04:00;-12;19.5;14.625;15.125;2327;202;0;
4908;2025.06.28 04:15;-12;19.375;14.375;14.6875;2327;202;0;
4909;2025.06.28 04:30;-12;19.3125;14.375;14.625;2327;202;0;
4910;2025.06.28 04:45;-12;19.25;14.25;14.5;2327;202;0;
4911;2025.06.28 05:00;-12;19.125;14.375;14.8125;2327;202;0;
4912;2025.06.28 05:15;-12;19;14.25;14.5625;2327;202;0;
4913;2025.06.28 05:30;-12;18.9375;14.375;14.875;2327;202;0;
4914;2025.06.28 05:45;-12;18.875;15.3125;16.5625;2327;202;0;
4915;2025.06.28 06:00;-12;18.75;15.1875;16;2327;202;0;
4916;2025.06.28 06:15;-12;18.75;15.1875;16;2327;202;0;
4917;2025.06.28 06:30;-12;18.625;15.3125;16.125;2327;202;0;
4918;2025.06.28 06:45;-12;18.625;15.4375;16.375;2327;202;0;
4919;2025.06.28 07:00;-12;18.5;14.5;14.625;2327;202;0;
4920;2025.06.28 07:15;-12;18.5;15.25;16.5;2327;202;0;
4921;2025.06.28 07:30;-12;18.375;15.75;16.8125;2328;202;0;
4922;2025.06.28 07:45;-12;18.375;15.625;16.5;2327;202;0;
4923;2025.06.28 08:00;-12;18.25;15.375;16.1875;2327;202;0;
4924;2025.06.28 08:15;-12;18.25;15.25;16;2327;202;0;
4925;2025.06.28 08:30;-12;18.1875;15.375;16.125;2327;202;0;
4926;2025.06.28 08:45;-12;18.125;15.25;16;2327;202;0;
4927;2025.06.28 09:00;-12;18.0625;15;15.625;2327;202;0;
4928;2025.06.28 09:15;-12;18;14.75;15.375;2327;202;0;
4929;2025.06.28 09:30;-12;18;13.875;14.0625;2326;202;0;
4930;2025.06.28 09:45;-12;17.875;14.25;15;2327;202;0;
4931;2025.06.28 10:00;-12;17.875;14.5;15.3125;2327;202;0;
4932;2025.06.28 10:15;-12;17.75;15.125;17.25;2328;202;0;
4933;2025.06.28 10:30;-12;17.75;16.5;20;2329;202;0;
4934;2025.06.28 10:45;-12;17.75;18;21.625;2331;202;0;
4935;2025.06.28 11:00;-12;17.875;19.8125;22.8125;2332;202;0;
4936;2025.06.28 11:15;-12;18;21.4375;23.0625;2333;202;0;
4937;2025.06.28 11:30;-12;18.25;23;23.8125;2334;202;0;
4938;2025.06.28 11:45;-12;18.5;24.4375;24.5;2335;202;0;
4939;2025.06.28 12:00;-12;18.8125;25.25;24.5;2336;202;0;
4940;2025.06.28 12:15;-12;19.1875;26.25;24.875;2337;202;0;
4941;2025.06.28 12:30;-12;19.625;27.3125;25.3125;2338;202;0;
4942;2025.06.28 12:45;-12;20.0625;28.625;26.125;2340;202;0;
4943;2025.06.28 13:00;-12;20.625;29.5;26.5;2341;202;0;
4944;2025.06.28 13:15;-12;21.125;30.8125;27.375;2343;202;0;
4945;2025.06.28 13:30;-12;21.625;31.5625;27.625;2344;202;0;
4946;2025.06.28 13:45;-12;22.25;32.125;28;2345;202;0;
4947;2025.06.28 14:00;-12;22.875;33.5;29.0625;2346;202;0;
4948;2025.06.28 14:15;-12;23.4375;34;29;2345;202;0;
4949;2025.06.28 14:30;-12;24.0625;34.75;29.625;2345;202;0;
4950;2025.06.28 14:45;-12;24.6875;35.375;30;2345;202;0;
4951;2025.06.28 15:00;-12;25.25;36.25;30.5;2344;202;0;
4952;2025.06.28 15:15;-12;25.875;36.8125;31;2343;202;0;
4953;2025.06.28 15:30;-12;26.4375;37.0625;31.375;2342;202;0;
4954;2025.06.28 15:45;-12;27;38.125;32.375;2342;202;0;
4955;2025.06.28 16:00;-12;27.375;37.9375;32.25;2340;202;0;
4956;2025.06.28 16:15;-12;27.8125;37.625;31.9375;2337;202;0;
4957;2025.06.28 16:30;-12;28.125;37.75;32.625;2336;202;0;
4958;2025.06.28 16:45;-12;28.375;36.5;31.875;2333;202;0;
4959;2025.06.28 17:00;-12;28.5;35.375;31.9375;2329;202;0;
4960;2025.06.28 17:15;-12;28.625;34.625;31.8125;2327;202;0;
4961;2025.06.28 17:30;-12;28.75;34.375;32.25;2325;202;0;
4962;2025.06.28 17:45;-12;28.75;33.75;31.9375;2321;202;0;
4963;2025.06.28 18:00;-12;28.8125;32.875;31.5;2319;202;0;
4964;2025.06.28 18:15;-12;28.75;32.0625;31.1875;2316;202;0;
4965;2025.06.28 18:30;-12;28.6875;31.5;31.0625;2313;202;0;
4966;2025.06.28 18:45;-12;28.5625;31;30.5625;2310;202;0;
4967;2025.06.28 19:00;-12;28.375;30.25;30.125;2307;202;0;
4968;2025.06.28 19:15;-12;28.125;29.0625;29.125;2304;202;0;
4969;2025.06.28 19:30;-12;27.75;28.125;28.6875;2301;202;0;
4970;2025.06.28 19:45;-12;27.375;27;27.75;2299;202;0;
4971;2025.06.28 20:00;-12;27.0625;25.25;26.0625;2296;202;0;
4972;2025.06.28 20:15;-12;26.625;23.5625;24.125;2294;202;0;
4973;2025.06.28 20:30;-12;26.25;22.125;22.125;2292;202;0;
4974;2025.06.28 20:45;-12;25.8125;20.4375;19.75;2290;202;0;
4975;2025.06.28 21:00;-12;25.375;18.875;17.1875;2290;202;0;
4976;2025.06.28 21:15;-12;25;17.4375;15.5;2289;202;0;
4977;2025.06.28 21:30;-12;24.625;16.5;14.375;2290;202;0;
4978;2025.06.28 21:45;-12;24.25;15.8125;13.875;2290;202;0;
4979;2025.06.28 22:00;-12;23.875;15.25;13.3125;2291;202;0;
4980;2025.06.28 22:15;-12;23.5;14.75;12.8125;2292;202;0;
4981;2025.06.28 22:30;-12;23.125;14.4375;12.75;2293;202;0;
4982;2025.06.28 22:45;-12;22.875;14;12;2294;202;0;
4983;2025.06.28 23:00;-12;22.5;13.625;12.125;2295;202;0;
4984;2025.06.28 23:15;-12;22.25;13.5;12;2296;202;0;
4985;2025.06.28 23:30;-12;22;13.25;11.9375;2297;202;0;
4986;2025.06.28 23:45;-12;21.75;12.9375;11.625;2298;202;0;
4987;2025.06.29 00:00;-12;21.5;12.625;11.125;2299;202;0;
4988;2025.06.29 00:15;-12;21.25;12.25;10.6875;2299;202;0;
4989;2025.06.29 00:30;-12;21;11.875;10.375;2299;202;0;
4990;2025.06.29 00:45;-12;20.8125;11.6875;10.125;2300;202;0;
4991;2025.06.29 01:00;-12;20.5625;11.4375;9.75;2300;202;0;
4992;2025.06.29 01:15;-12;20.375;11.375;10.1875;2301;202;0;
4993;2025.06.29 01:30;-12;20.125;11.1875;9.8125;2301;202;0;
4994;2025.06.29 01:45;-12;20;11;9.5625;2302;202;0;
4995;2025.06.29 02:00;-12;19.75;11.1875;10.4375;2302;202;0;
4996;2025.06.29 02:15;-12;19.625;12.375;12.5625;2303;202;0;
4997;2025.06.29 02:30;-12;19.5;12.625;13.25;2303;202;0;
4998;2025.06.29 02:45;-12;19.375;13.375;14.3125;2304;202;0;
4999;2025.06.29 03:00;-12;19.25;13.25;13.625;2304;202;0;
5000;2025.06.29 03:15;-12;19.125;13.125;13.375;2304;202;0;
5001;2025.06.29 03:30;-12;19;12.125;11.5;2303;202;0;
5002;2025.06.29 03:45;-12;18.875;12;12;2304;202;0;
5003;2025.06.29 04:00;-12;18.8125;11.3125;10.375;2303;202;0;
5004;2025.06.29 04:15;-12;18.6875;10.4375;8.8125;2303;202;0;
5005;2025.06.29 04:30;-12;18.5;9.875;8.4375;2303;202;0;
5006;2025.06.29 04:45;-12;18.375;9.6875;8.5625;2303;202;0;
5007;2025.06.29 05:00;-12;18.25;10.125;9.5;2305;202;0;
5008;2025.06.29 05:15;-12;18.125;10.5;10.25;2305;202;0;
5009;2025.06.29 05:30;-12;18;10.625;10.25;2306;202;0;
5010;2025.06.29 05:45;-12;17.875;10.75;10.75;2306;202;0;
5011;2025.06.29 06:00;-12;17.75;11;11.125;2307;202;0;
5012;2025.06.29 06:15;-12;17.6875;10.75;10.5;2307;202;0;
5013;2025.06.29 06:30;-12;17.625;10.625;10.1875;2307;202;0;
5014;2025.06.29 06:45;-12;17.5;10.4375;9.9375;2307;202;0;
5015;2025.06.29 07:00;-12;17.4375;10.5;10.125;2307;202;0;
5016;2025.06.29 07:15;-12;17.375;10.4375;9.875;2307;202;0;
5017;2025.06.29 07:30;-12;17.25;10.25;9.875;2308;202;0;
5018;2025.06.29 07:45;-12;17.1875;10.5;10.3125;2308;202;0;
5019;2025.06.29 08:00;-12;17.125;10.375;9.875;2308;202;0;
5020;2025.06.29 08:15;-12;17;10;9.375;2308;202;0;
5021;2025.06.29 08:30;-12;17;10;9.4375;2308;202;0;
5022;2025.06.29 08:45;-12;16.875;10.3125;10.125;2309;202;0;
5023;2025.06.29 09:00;-12;16.8125;10.75;10.6875;2309;202;0;
5024;2025.06.29 09:15;-12;16.75;11.5;12;2310;202;0;
5025;2025.06.29 09:30;-12;16.75;12;12.875;2311;202;0;
5026;2025.06.29 09:45;-12;16.6875;12.75;14.0625;2312;202;0;
5027;2025.06.29 10:00;-12;16.6875;13.125;14.25;2312;202;0;
5028;2025.06.29 10:15;-12;16.6875;13.5625;15.8125;2312;202;0;
5029;2025.06.29 10:30;-12;16.6875;15.375;19.25;2313;202;0;
5030;2025.06.29 10:45;-12;16.75;17.25;20.875;2315;202;0;
5031;2025.06.29 11:00;-12;16.875;19.25;22.25;2316;202;0;
5032;2025.06.29 11:15;-12;17.0625;21.125;23.125;2317;202;0;
5033;2025.06.29 11:30;-12;17.375;23;24.1875;2318;202;0;
5034;2025.06.29 11:45;-12;17.6875;24.875;25.125;2320;202;0;
5035;2025.06.29 12:00;-12;18.0625;26.4375;26.0625;2321;202;0;
5036;2025.06.29 12:15;-12;18.5;28.3125;27.375;2323;202;0;
5037;2025.06.29 12:30;-12;19.125;29.6875;28;2325;202;0;
5038;2025.06.29 12:45;-12;19.625;30.375;27.875;2326;202;0;
5039;2025.06.29 13:00;-12;20.25;31.875;29;2327;202;0;
5040;2025.06.29 13:15;-12;20.875;33.375;30.125;2328;202;0;
5041;2025.06.29 13:30;-12;21.5;34.25;30.25;2328;202;0;
5042;2025.06.29 13:45;-12;22.1875;32.125;28.875;2323;202;0;
5043;2025.06.29 14:00;-12;22.6875;36.0625;32;2328;202;0;
5044;2025.06.29 14:15;-12;23.375;37.75;33;2330;202;0;
5045;2025.06.29 14:30;-12;24.125;38.375;32.875;2329;202;0;
5046;2025.06.29 14:45;-12;24.875;38.75;33.25;2329;202;0;
5047;2025.06.29 15:00;-12;25.5625;39.125;33.375;2328;202;0;
5048;2025.06.29 15:15;-12;26.25;39.5;33.5625;2327;202;0;
5049;2025.06.29 15:30;-12;26.8125;39.8125;33.9375;2326;202;0;
5050;2025.06.29 15:45;-12;27.375;40.25;34.1875;2325;202;0;
5051;2025.06.29 16:00;-12;27.875;39.25;33.25;2321;202;0;
5052;2025.06.29 16:15;-12;28.25;38.5;33.125;2318;202;0;
5053;2025.06.29 16:30;-12;28.4375;39.6875;34.5;2318;202;0;
5054;2025.06.29 16:45;-12;28.75;40.25;35.5;2317;202;0;
5055;2025.06.29 17:00;-12;29.0625;38.625;34.625;2313;202;0;
5056;2025.06.29 17:15;-12;29.25;37.75;34.625;2310;202;0;
5057;2025.06.29 17:30;-12;29.4375;36.5;33.25;2306;202;0;
5058;2025.06.29 17:45;-12;29.5;35.375;33;2303;202;0;
5059;2025.06.29 18:00;-12;29.5;31.875;29.4375;2296;202;0;
5060;2025.06.29 18:15;-12;29.25;30.5;28.375;2293;202;0;
5061;2025.06.29 18:30;-12;28.875;28.375;26.5;2288;202;0;
5062;2025.06.29 18:45;-12;28.375;27.125;25.9375;2285;202;0;
5063;2025.06.29 19:00;-12;28;26;25.0625;2282;202;0;
5064;2025.06.29 19:15;-12;27.5;25.5625;24.875;2281;202;0;
5065;2025.06.29 19:30;-12;27.125;26.125;25.75;2281;202;0;
5066;2025.06.29 19:45;-12;26.8125;25.5;25;2280;202;0;
5067;2025.06.29 20:00;-12;26.5;24.625;24.125;2278;202;0;
5068;2025.06.29 20:15;-12;26.1875;24;23.5;2277;202;0;
5069;2025.06.29 20:30;-12;25.875;23.5;23.25;2276;202;0;
5070;2025.06.29 20:45;-12;25.625;22.5;21.875;2275;202;0;
5071;2025.06.29 21:00;-12;25.25;21.4375;20.75;2273;202;0;
5072;2025.06.29 21:15;-12;25;20.5;19.75;2273;202;0;
5073;2025.06.29 21:30;-12;24.6875;20.125;19.3125;2273;202;0;
5074;2025.06.29 21:45;-12;24.375;20;19.4375;2273;202;0;
5075;2025.06.29 22:00;-12;24.125;19.75;19.125;2273;202;0;
5076;2025.06.29 22:15;-12;23.875;19.4375;18.625;2273;202;0;
5077;2025.06.29 22:30;-12;23.6875;19.6875;19;2274;202;0;
5078;2025.06.29 22:45;-12;23.5;19.9375;19.4375;2275;202;0;
5079;2025.06.29 23:00;-12;23.375;20;19.6875;2275;202;0;
5080;2025.06.29 23:15;-12;23.1875;19.8125;19.25;2275;202;0;
5081;2025.06.29 23:30;-12;23;19.75;19.375;2276;202;0;
5082;2025.06.29 23:45;-12;22.875;19.5625;18.9375;2276;202;0;
5083;2025.06.30 00:00;-12;22.75;19.25;18.4375;2276;202;0;
5084;2025.06.30 00:15;-12;22.625;18.8125;17.875;2276;202;0;
5085;2025.06.30 00:30;-12;22.5;18.375;17.1875;2276;202;0;
5086;2025.06.30 00:45;-12;22.375;17.75;16.4375;2276;202;0;
5087;2025.06.30 01:00;-12;22.1875;16.9375;15.6875;2275;202;0;
5088;2025.06.30 01:15;-12;22;16.625;15.625;2276;202;0;
5089;2025.06.30 01:30;-12;21.875;16.75;16;2277;202;0;
5090;2025.06.30 01:45;-12;21.6875;16.75;16.25;2277;202;0;
5091;2025.06.30 02:00;-12;21.5625;16.5625;16.25;2278;202;0;
5092;2025.06.30 02:15;-12;21.375;16.375;16.125;2278;202;0;
5093;2025.06.30 02:30;-12;21.25;15.875;15.5;2278;202;0;
5094;2025.06.30 02:45;-12;21.125;15.375;14.875;2278;202;0;
5095;2025.06.30 03:00;-12;20.9375;15;14.125;2279;202;0;
5096;2025.06.30 03:15;-12;20.8125;15.3125;15.125;2280;202;0;
5097;2025.06.30 03:30;-12;20.625;15.625;15.75;2281;202;0;
5098;2025.06.30 03:45;-12;20.5625;16.125;16.625;2281;202;0;
5099;2025.06.30 04:00;-12;20.4375;16.625;17.375;2282;202;0;
5100;2025.06.30 04:15;-12;20.375;16.3125;16.5625;2282;202;0;
5101;2025.06.30 04:30;-12;20.25;16;16;2282;202;0;
5102;2025.06.30 04:45;-12;20.125;15.875;16.125;2282;202;0;
5103;2025.06.30 05:00;-12;20.0625;16.25;16.9375;2283;202;0;
5104;2025.06.30 05:15;-12;20;16.125;16.375;2283;202;0;
5105;2025.06.30 05:30;-12;19.875;16;16.375;2283;202;0;
5106;2025.06.30 05:45;-12;19.8125;15.875;16.125;2284;202;0;
5107;2025.06.30 06:00;-12;19.75;15.375;15.4375;2283;202;0;
5108;2025.06.30 06:15;-12;19.625;14.875;14.75;2283;202;0;
5109;2025.06.30 06:30;-12;19.5625;14.625;14.5625;2283;202;0;
5110;2025.06.30 06:45;-12;19.5;14.3125;14.125;2285;202;0;
5111;2025.06.30 07:00;-12;19.375;13.875;13.6875;2284;202;0;
5112;2025.06.30 07:15;-12;19.25;13.875;13.875;2285;202;0;
5113;2025.06.30 07:30;-12;19.1875;13.75;13.875;2285;202;0;
5114;2025.06.30 07:45;-12;19.125;13.125;12.3125;2284;202;0;
5115;2025.06.30 08:00;-12;19;12.875;12.75;2285;202;0;
5116;2025.06.30 08:15;-12;18.875;13.375;13.625;2285;202;0;
5117;2025.06.30 08:30;-12;18.75;13.625;14.1875;2286;202;0;
5118;2025.06.30 08:45;-12;18.6875;13.75;14.25;2286;202;0;
5119;2025.06.30 09:00;-12;18.625;14.6875;15.625;2288;202;0;
5120;2025.06.30 09:15;-12;18.5625;15.25;16.1875;2288;202;0;
5121;2025.06.30 09:30;-12;18.5;15.625;16.625;2289;202;0;
5122;2025.06.30 09:45;-12;18.5;15.9375;16.875;2289;202;0;
5123;2025.06.30 10:00;-12;18.5;16.125;17.125;2289;202;0;
5124;2025.06.30 10:15;-12;18.4375;16.5625;18.625;2289;202;0;
5125;2025.06.30 10:30;-12;18.375;17.625;20.625;2290;202;0;
5126;2025.06.30 10:45;-12;18.4375;18.875;21.75;2291;202;0;
5127;2025.06.30 11:00;-12;18.5;20.375;22.5625;2291;202;0;
5128;2025.06.30 11:15;-12;18.625;21.75;23;2292;202;0;
5129;2025.06.30 11:30;-12;18.8125;23.0625;23.625;2293;202;0;
5130;2025.06.30 11:45;-12;19;24.25;24;2293;202;0;
5131;2025.06.30 12:00;-12;19.375;25.875;25.1875;2294;202;0;
5132;2025.06.30 12:15;-12;19.6875;26.9375;25.5;2295;202;0;
5133;2025.06.30 12:30;-12;20.125;28.125;26.125;2296;202;0;
5134;2025.06.30 12:45;-12;20.5625;28.75;26.25;2297;202;0;
5135;2025.06.30 13:00;-12;21;29.625;26.5625;2299;202;0;
5136;2025.06.30 13:15;-12;21.5;31.125;27.75;2301;202;0;
5137;2025.06.30 13:30;-12;22.0625;31.875;27.75;2302;202;0;
5138;2025.06.30 13:45;-12;22.625;32.5;28.125;2302;202;0;
5139;2025.06.30 14:00;-12;23.1875;33.5;28.6875;2303;202;0;
5140;2025.06.30 14:15;-12;23.75;34.125;29;2303;202;0;
5141;2025.06.30 14:30;-12;24.375;34.5;29.1875;2303;202;0;
5142;2025.06.30 14:45;-12;24.9375;34.5;29.25;2302;202;0;
5143;2025.06.30 15:00;-12;25.5;35.25;29.875;2302;202;0;
5144;2025.06.30 15:15;-12;26;35.625;30;2301;202;0;
5145;2025.06.30 15:30;-12;26.5;35.25;29.625;2300;202;0;
5146;2025.06.30 15:45;-12;26.875;35.625;30.125;2299;202;0;
5147;2025.06.30 16:00;-12;27.25;35.4375;29.875;2297;202;0;
5148;2025.06.30 16:15;-12;27.625;35.125;29.875;2295;202;0;
5149;2025.06.30 16:30;-12;27.8125;35.375;30.3125;2293;202;0;
5150;2025.06.30 16:45;-12;28;34.875;30.375;2291;202;0;
5151;2025.06.30 17:00;-12;28.1875;34.3125;30.75;2290;202;0;
5152;2025.06.30 17:15;-12;28.375;33.125;30;2286;202;0;
5153;2025.06.30 17:30;-12;28.4375;32.75;30.125;2283;202;0;
5154;2025.06.30 17:45;-12;28.5;32.125;29.875;2281;202;0;
5155;2025.06.30 18:00;-12;28.5;31.375;29.5625;2278;202;0;
5156;2025.06.30 18:15;-12;28.5;30.75;29.625;2275;202;0;
5157;2025.06.30 18:30;-12;28.375;30.625;29.625;2273;202;0;
5158;2025.06.30 18:45;-12;28.25;29.625;28.75;2270;202;0;
5159;2025.06.30 19:00;-12;28.125;29.125;28.625;2267;202;0;
5160;2025.06.30 19:15;-12;27.8125;28;27.75;2264;202;0;
5161;2025.06.30 19:30;-12;27.5;27.125;27.125;2261;202;0;
5162;2025.06.30 19:45;-12;27.125;26.125;26.625;2259;202;0;
5163;2025.06.30 20:00;-12;26.8125;24.625;25.25;2256;202;0;
5164;2025.06.30 20:15;-12;26.4375;23.1875;23.875;2254;202;0;
5165;2025.06.30 20:30;-12;26.0625;21.6875;21.6875;2252;202;0;
5166;2025.06.30 20:45;-12;25.625;20.125;19.375;2250;202;0;
5167;2025.06.30 21:00;-12;25.25;18.375;16.5625;2248;202;0;
5168;2025.06.30 21:15;-12;24.875;17.125;15.125;2248;202;0;
5169;2025.06.30 21:30;-12;24.5;16.375;14.75;2248;202;0;
5170;2025.06.30 21:45;-12;24.125;15.75;13.75;2248;202;0;
5171;2025.06.30 22:00;-12;23.75;15.125;13.25;2249;202;0;
5172;2025.06.30 22:15;-12;23.4375;14.6875;12.75;2250;202;0;
5173;2025.06.30 22:30;-12;23.125;14.25;12.5625;2250;202;0;
5174;2025.06.30 22:45;-12;22.875;14;12.4375;2251;202;0;
5175;2025.06.30 23:00;-12;22.5625;13.75;12.125;2252;202;0;
5176;2025.06.30 23:15;-12;22.25;13.5;12;2253;202;0;
5177;2025.06.30 23:30;-12;22;13.375;12.0625;2254;202;0;
5178;2025.06.30 23:45;-12;21.8125;13.125;11.75;2254;202;0;
5179;2025.07.01 00:00;-12;21.625;12.875;11.5625;2255;202;0;
5180;2025.07.01 00:15;-12;21.375;12.625;11.375;2256;202;0;
5181;2025.07.01 00:30;-12;21.125;12.5;11.375;2256;202;0;
5182;2025.07.01 00:45;-12;20.9375;12.375;11.3125;2257;202;0;
5183;2025.07.01 01:00;-12;20.75;12.25;11.25;2258;202;0;
5184;2025.07.01 01:15;-12;20.5625;12.1875;11.1875;2258;202;0;
5185;2025.07.01 01:30;-12;20.375;12.125;11.125;2257;202;0;
5186;2025.07.01 01:45;-12;20.25;12.25;11.625;2258;202;0;
5187;2025.07.01 02:00;-12;20.0625;12.375;11.9375;2258;202;0;
5188;2025.07.01 02:15;-12;19.9375;12.625;12.5625;2259;202;0;
5189;2025.07.01 02:30;-12;19.75;12.625;12.375;2259;202;0;
5190;2025.07.01 02:45;-12;19.625;12.375;12;2260;202;0;
5191;2025.07.01 03:00;-12;19.5;11.875;11.125;2259;202;0;
5192;2025.07.01 03:15;-12;19.375;11.625;10.875;2260;202;0;
5193;2025.07.01 03:30;-12;19.25;11.5;11;2261;202;0;
5194;2025.07.01 03:45;-12;19.125;11.875;11.75;2261;202;0;
5195;2025.07.01 04:00;-12;19;12.375;12.625;2262;202;0;
5196;2025.07.01 04:15;-12;18.875;12.6875;13;2263;202;0;
5197;2025.07.01 04:30;-12;18.75;12.375;12.25;2263;202;0;
5198;2025.07.01 04:45;-12;18.6875;12.25;12.375;2263;202;0;
5199;2025.07.01 05:00;-12;18.625;12.3125;12.375;2262;202;0;
5200;2025.07.01 05:15;-12;18.5;12.1875;12.3125;2261;202;0;
5201;2025.07.01 05:30;-12;18.375;12.25;12.5;2262;202;0;
5202;2025.07.01 05:45;-12;18.25;12.75;13.25;2262;202;0;
5203;2025.07.01 06:00;-12;18.1875;12.25;12.1875;2262;202;0;
5204;2025.07.01 06:15;-12;18.125;11.6875;11.4375;2261;202;0;
5205;2025.07.01 06:30;-12;18;11.6875;11.75;2262;202;0;
5206;2025.07.01 06:45;-12;17.875;11.875;12.125;2262;202;0;
5207;2025.07.01 07:00;-12;17.875;11.625;11.75;2262;202;0;
5208;2025.07.01 07:15;-12;17.75;11.9375;12.25;2262;202;0;
5209;2025.07.01 07:30;-12;17.625;11.6875;11.8125;2262;202;0;
5210;2025.07.01 07:45;-12;17.625;11.25;11.125;2261;202;0;
5211;2025.07.01 08:00;-12;17.5;10.875;10.625;2261;202;0;
5212;2025.07.01 08:15;-12;17.375;10.5;10.125;2262;202;0;
5213;2025.07.01 08:30;-12;17.3125;10.4375;10.25;2261;202;0;
5214;2025.07.01 08:45;-12;17.25;10.625;10.875;2262;202;0;
5215;2025.07.01 09:00;-12;17.125;11;11.5;2262;202;0;
5216;2025.07.01 09:15;-12;17.0625;10.875;11.25;2262;202;0;
5217;2025.07.01 09:30;-12;17;10.9375;11.3125;2262;202;0;
5218;2025.07.01 09:45;-12;16.875;11.0625;11.5;2262;202;0;
5219;2025.07.01 10:00;-12;16.875;11.625;12.4375;2263;202;0;
5220;2025.07.01 10:15;-12;16.8125;12.1875;14.125;2264;202;0;
5221;2025.07.01 10:30;-12;16.75;14.125;18.5;2266;202;0;
5222;2025.07.01 10:45;-12;16.8125;16.625;21.375;2268;202;0;
5223;2025.07.01 11:00;-12;16.875;19.0625;22.9375;2270;202;0;
5224;2025.07.01 11:15;-12;17.125;21.25;24;2271;202;0;
5225;2025.07.01 11:30;-12;17.375;23.25;24.875;2272;202;0;
5226;2025.07.01 11:45;-12;17.6875;24.75;25.125;2273;202;0;
5227;2025.07.01 12:00;-12;18.125;26;25.5625;2274;202;0;
5228;2025.07.01 12:15;-12;18.5;27.5625;26.4375;2276;202;0;
5229;2025.07.01 12:30;-12;19;28.625;26.75;2277;202;0;
5230;2025.07.01 12:45;-12;19.5;29.5625;27.25;2278;202;0;
5231;2025.07.01 13:00;-12;20.125;30.3125;27.25;2279;202;0;
5232;2025.07.01 13:15;-12;20.625;31.625;28.375;2281;202;0;
5233;2025.07.01 13:30;-12;21.25;33.1875;29.25;2283;202;0;
5234;2025.07.01 13:45;-12;21.875;34;29.5;2283;202;0;
5235;2025.07.01 14:00;-12;22.5;35.125;30.25;2285;202;0;
5236;2025.07.01 14:15;-12;23.1875;36;30.625;2285;202;0;
5237;2025.07.01 14:30;-12;23.875;36.375;30.6875;2284;202;0;
5238;2025.07.01 14:45;-12;24.5;36.875;31;2284;202;0;
5239;2025.07.01 15:00;-12;25.125;37.875;31.875;2285;202;0;
5240;2025.07.01 15:15;-12;25.75;38.375;32.25;2284;202;0;
5241;2025.07.01 15:30;-12;26.375;38.875;32.5;2283;202;0;
5242;2025.07.01 15:45;-12;26.875;38.6875;32.3125;2281;202;0;
5243;2025.07.01 16:00;-12;27.3125;39;33;2280;202;0;
5244;2025.07.01 16:15;-12;27.75;39.25;33.375;2278;202;0;
5245;2025.07.01 16:30;-12;28.0625;39.5;33.75;2276;202;0;
5246;2025.07.01 16:45;-12;28.375;38.75;34.0625;2273;202;0;
5247;2025.07.01 17:00;-12;28.5625;37.3125;33.5625;2271;202;0;
5248;2025.07.01 17:15;-12;28.75;36.5625;33.375;2268;202;0;
5249;2025.07.01 17:30;-12;28.8125;36;33.4375;2265;202;0;
5250;2025.07.01 17:45;-12;28.875;35.375;33.375;2262;202;0;
5251;2025.07.01 18:00;-12;29;34.375;32.375;2259;202;0;
5252;2025.07.01 18:15;-12;29;33.375;32.125;2256;202;0;
5253;2025.07.01 18:30;-12;28.875;32.8125;31.875;2253;202;0;
5254;2025.07.01 18:45;-12;28.75;31.875;31.25;2249;202;0;
5255;2025.07.01 19:00;-12;28.5625;30.875;30.75;2246;202;0;
5256;2025.07.01 19:15;-12;28.25;30.0625;30.3125;2243;202;0;
5257;2025.07.01 19:30;-12;28;29;29;2240;202;0;
5258;2025.07.01 19:45;-12;27.6875;27.875;28.25;2238;202;0;
5259;2025.07.01 20:00;-12;27.375;26.375;26.875;2235;202;0;
5260;2025.07.01 20:15;-12;27;24.625;25.1875;2232;202;0;
5261;2025.07.01 20:30;-12;26.625;22.875;22.75;2230;202;0;
5262;2025.07.01 20:45;-12;26.25;21.375;20;2228;202;0;
5263;2025.07.01 21:00;-12;25.8125;19.8125;17.875;2227;202;0;
5264;2025.07.01 21:15;-12;25.4375;18.5625;16.5;2226;202;0;
5265;2025.07.01 21:30;-12;25.0625;17.6875;16;2225;202;0;
5266;2025.07.01 21:45;-12;24.6875;17.25;16;2225;202;0;
5267;2025.07.01 22:00;-12;24.3125;16.875;15.75;2226;202;0;
5268;2025.07.01 22:15;-12;24;16.25;14.8125;2226;202;0;
5269;2025.07.01 22:30;-12;23.6875;15.75;14.125;2226;202;0;
5270;2025.07.01 22:45;-12;23.375;15.25;13.75;2226;202;0;
5271;2025.07.01 23:00;-12;23.125;15.25;14.25;2227;202;0;
5272;2025.07.01 23:15;-12;22.875;15.0625;14;2227;202;0;
5273;2025.07.01 23:30;-12;22.5625;14.875;13.75;2228;202;0;
5274;2025.07.01 23:45;-12;22.375;15.125;14.625;2229;202;0;
5275;2025.07.02 00:00;-12;22.125;15.125;14.75;2229;202;0;
5276;2025.07.02 00:15;-12;21.875;14.75;13.875;2229;202;0;
5277;2025.07.02 00:30;-12;21.75;14.25;13.0625;2229;202;0;
5278;2025.07.02 00:45;-12;21.5;13.9375;12.875;2230;202;0;
5279;2025.07.02 01:00;-12;21.375;13.75;12.8125;2230;202;0;
5280;2025.07.02 01:15;-12;21.1875;13.5625;12.625;2230;202;0;
5281;2025.07.02 01:30;-12;21;13.5;12.75;2231;202;0;
5282;2025.07.02 01:45;-12;20.875;13.375;12.5;2231;202;0;
5283;2025.07.02 02:00;-12;20.625;13.25;12.5;2232;202;0;
5284;2025.07.02 02:15;-12;20.5;13.5;13.25;2233;202;0;
5285;2025.07.02 02:30;-12;20.375;13.875;13.875;2234;202;0;
5286;2025.07.02 02:45;-12;20.25;14;14.125;2234;202;0;
5287;2025.07.02 03:00;-12;20.125;14.375;14.75;2235;202;0;
5288;2025.07.02 03:15;-12;20;14.6875;15.25;2235;202;0;
5289;2025.07.02 03:30;-12;19.875;14.9375;15.625;2235;202;0;
5290;2025.07.02 03:45;-12;19.75;15.8125;17;2236;202;0;
5291;2025.07.02 04:00;-12;19.75;16;16.8125;2236;202;0;
5292;2025.07.02 04:15;-12;19.625;15.875;16.75;2235;202;0;
5293;2025.07.02 04:30;-12;19.5625;16.5;17.625;2236;202;0;
5294;2025.07.02 04:45;-12;19.5;16.5625;17.5;2235;202;0;
5295;2025.07.02 05:00;-12;19.375;16.375;17.1875;2235;202;0;
5296;2025.07.02 05:15;-12;19.375;16.5;17.3125;2235;202;0;
5297;2025.07.02 05:30;-12;19.25;15.25;15.5;2234;202;0;
5298;2025.07.02 05:45;-12;19.25;14.375;14.25;2233;202;0;
5299;2025.07.02 06:00;-12;19.125;13.75;13.6875;2233;202;0;
5300;2025.07.02 06:15;-12;19;13.75;13.875;2233;202;0;
5301;2025.07.02 06:30;-12;18.875;13.375;13.375;2233;202;0;
5302;2025.07.02 06:45;-12;18.875;14.4375;15.25;2234;202;0;
5303;2025.07.02 07:00;-12;18.75;13.875;14;2234;202;0;
5304;2025.07.02 07:15;-12;18.625;13.875;14.25;2233;202;0;
5305;2025.07.02 07:30;-12;18.625;14.5;15.375;2234;202;0;
5306;2025.07.02 07:45;-12;18.5;14.625;15.3125;2234;202;0;
5307;2025.07.02 08:00;-12;18.5;14.5;15.25;2235;202;0;
5308;2025.07.02 08:15;-12;18.375;14.6875;15.5625;2235;202;0;
5309;2025.07.02 08:30;-12;18.375;14.75;16;2235;202;0;
5310;2025.07.02 08:45;-12;18.3125;15.5;16.75;2236;202;0;
5311;2025.07.02 09:00;-12;18.25;15.625;16.875;2236;202;0;
5312;2025.07.02 09:15;-12;18.25;15.6875;16.75;2236;202;0;
5313;2025.07.02 09:30;-12;18.1875;15.875;16.9375;2236;202;0;
5314;2025.07.02 09:45;-12;18.125;15.8125;16.75;2236;202;0;
5315;2025.07.02 10:00;-12;18.125;16.125;17.3125;2236;202;0;
5316;2025.07.02 10:15;-12;18.0625;16.625;18.625;2236;202;0;
5317;2025.07.02 10:30;-12;18.0625;17.75;20.3125;2237;202;0;
5318;2025.07.02 10:45;-12;18.125;18.875;21.375;2238;202;0;
5319;2025.07.02 11:00;-12;18.125;20.125;22.1875;2239;202;0;
5320;2025.07.02 11:15;-12;18.25;21.8125;23.1875;2240;202;0;
5321;2025.07.02 11:30;-12;18.5;23.25;23.75;2241;202;0;
5322;2025.07.02 11:45;-12;18.75;24.875;24.75;2243;202;0;
5323;2025.07.02 12:00;-12;19.0625;25.75;24.875;2243;202;0;
5324;2025.07.02 12:15;-12;19.4375;26.8125;25.25;2244;202;0;
5325;2025.07.02 12:30;-12;19.875;27.5625;25.5;2246;202;0;
5326;2025.07.02 12:45;-12;20.25;29.25;26.875;2248;202;0;
5327;2025.07.02 13:00;-12;20.75;29.5625;26.625;2249;202;0;
5328;2025.07.02 13:15;-12;21.25;30.8125;27.4375;2250;202;0;
5329;2025.07.02 13:30;-12;21.75;31.75;27.8125;2252;202;0;
5330;2025.07.02 13:45;-12;22.25;32.125;27.875;2252;202;0;
5331;2025.07.02 14:00;-12;22.875;33.8125;29.125;2255;202;0;
5332;2025.07.02 14:15;-12;23.4375;34.125;28.875;2255;202;0;
5333;2025.07.02 14:30;-12;24;34.5;29.375;2255;202;0;
5334;2025.07.02 14:45;-12;24.625;35.625;30;2255;202;0;
5335;2025.07.02 15:00;-12;25.1875;35.875;30.1875;2255;202;0;
5336;2025.07.02 15:15;-12;25.75;36.625;30.75;2255;202;0;
5337;2025.07.02 15:30;-12;26.25;37.125;31.125;2254;202;0;
5338;2025.07.02 15:45;-12;26.75;37.5625;31.625;2254;202;0;
5339;2025.07.02 16:00;-12;27.25;38.0625;31.9375;2253;202;0;
5340;2025.07.02 16:15;-12;27.625;37.125;31.375;2250;202;0;
5341;2025.07.02 16:30;-12;27.875;36.5;31.125;2247;202;0;
5342;2025.07.02 16:45;-12;28.125;35.75;31.125;2244;202;0;
5343;2025.07.02 17:00;-12;28.25;35;31.1875;2242;202;0;
5344;2025.07.02 17:15;-12;28.375;34.875;31.75;2240;202;0;
5345;2025.07.02 17:30;-12;28.5;33.875;31;2237;202;0;
5346;2025.07.02 17:45;-12;28.5625;33.125;30.75;2234;202;0;
5347;2025.07.02 18:00;-12;28.625;32.125;30.3125;2231;202;0;
5348;2025.07.02 18:15;-12;28.5625;31.625;30.125;2229;202;0;
5349;2025.07.02 18:30;-12;28.5;31.25;30.125;2226;202;0;
5350;2025.07.02 18:45;-12;28.375;30.625;29.625;2223;202;0;
5351;2025.07.02 19:00;-12;28.1875;29.9375;29.25;2220;202;0;
5352;2025.07.02 19:15;-12;27.9375;28.8125;28.25;2217;202;0;
5353;2025.07.02 19:30;-12;27.625;27.875;27.75;2214;202;0;
5354;2025.07.02 19:45;-12;27.375;26.75;27;2212;202;0;
5355;2025.07.02 20:00;-12;27;25.3125;25.75;2209;202;0;
5356;2025.07.02 20:15;-12;26.625;23.875;24.375;2206;202;0;
5357;2025.07.02 20:30;-12;26.25;22.5;22.6875;2204;202;0;
5358;2025.07.02 20:45;-12;25.875;21.125;20.75;2202;202;0;
5359;2025.07.02 21:00;-12;25.5;19.75;19;2201;202;0;
5360;2025.07.02 21:15;-12;25.125;18.625;17.6875;2199;202;0;
5361;2025.07.02 21:30;-12;24.75;17.75;16.875;2199;202;0;
5362;2025.07.02 21:45;-12;24.375;17.25;16.625;2199;202;0;
5363;2025.07.02 22:00;-12;24.0625;16.75;15.875;2198;202;0;
5364;2025.07.02 22:15;-12;23.75;16.375;15.625;2199;202;0;
5365;2025.07.02 22:30;-12;23.5;16.5;16.375;2199;202;0;
5366;2025.07.02 22:45;-12;23.1875;16.125;15.5;2199;202;0;
5367;2025.07.02 23:00;-12;22.9375;15.5;14.5;2199;202;0;
5368;2025.07.02 23:15;-12;22.6875;15.0625;13.875;2199;202;0;
5369;2025.07.02 23:30;-12;22.5;14.8125;14;2200;202;0;
5370;2025.07.02 23:45;-12;22.25;14.8125;14.25;2200;202;0;
5371;2025.07.03 00:00;-12;22;14.875;14.5625;2201;202;0;
5372;2025.07.03 00:15;-12;21.875;14.75;14.25;2201;202;0;
5373;2025.07.03 00:30;-12;21.625;14.375;13.6875;2201;202;0;
5374;2025.07.03 00:45;-12;21.5;14.125;13.5;2202;202;0;
5375;2025.07.03 01:00;-12;21.25;14.25;14;2202;202;0;
5376;2025.07.03 01:15;-12;21.125;15;15.4375;2203;202;0;
5377;2025.07.03 01:30;-12;21;15.4375;15.9375;2204;202;0;
5378;2025.07.03 01:45;-12;20.8125;15.6875;16.1875;2205;202;0;
5379;2025.07.03 02:00;-12;20.75;15.625;16.25;2205;202;0;
5380;2025.07.03 02:15;-12;20.625;15.5625;16.125;2205;202;0;
5381;2025.07.03 02:30;-12;20.5;15.375;15.9375;2205;202;0;
5382;2025.07.03 02:45;-12;20.375;15.5;16.125;2205;202;0;
5383;2025.07.03 03:00;-12;20.25;16;16.875;2205;202;0;
5384;2025.07.03 03:15;-12;20.125;16;16.8125;2206;202;0;
5385;2025.07.03 03:30;-12;20.0625;16.125;16.875;2206;202;0;
5386;2025.07.03 03:45;-12;20;16.125;16.8125;2206;202;0;
5387;2025.07.03 04:00;-12;19.875;16.125;16.875;2206;202;0;
5388;2025.07.03 04:15;-12;19.8125;15.75;16.3125;2205;202;0;
5389;2025.07.03 04:30;-12;19.75;15.5625;16.125;2205;202;0;
5390;2025.07.03 04:45;-12;19.625;15.25;15.6875;2205;202;0;
5391;2025.07.03 05:00;-12;19.5;14.6875;15;2204;202;0;
5392;2025.07.03 05:15;-12;19.4375;14.375;14.6875;2204;202;0;
5393;2025.07.03 05:30;-12;19.3125;13.875;14.0625;2204;202;0;
5394;2025.07.03 05:45;-12;19.25;13.3125;13.5;2203;202;0;
5395;2025.07.03 06:00;-12;19.125;12.5;12.4375;2203;202;0;
5396;2025.07.03 06:15;-12;19;12.25;12.5;2203;202;0;
5397;2025.07.03 06:30;-12;18.875;13;13.9375;2204;202;0;
5398;2025.07.03 06:45;-12;18.75;13.625;14.625;2205;202;0;
5399;2025.07.03 07:00;-12;18.6875;14;15;2206;202;0;
5400;2025.07.03 07:15;-12;18.625;14;15;2206;202;0;
5401;2025.07.03 07:30;-12;18.5;14.1875;15.1875;2206;202;0;
5402;2025.07.03 07:45;-12;18.5;14;14.75;2206;202;0;
5403;2025.07.03 08:00;-12;18.375;13.625;14.125;2206;202;0;
5404;2025.07.03 08:15;-12;18.3125;14.25;15.375;2207;202;0;
5405;2025.07.03 08:30;-12;18.25;14.4375;15.375;2206;202;0;
5406;2025.07.03 08:45;-12;18.125;14.75;15.8125;2206;202;0;
5407;2025.07.03 09:00;-12;18.125;15;15.875;2206;202;0;
5408;2025.07.03 09:15;-12;18.0625;14.9375;15.75;2206;202;0;
5409;2025.07.03 09:30;-12;18;14.75;15.5;2206;202;0;
5410;2025.07.03 09:45;-12;18;14.625;15.5;2206;202;0;
5411;2025.07.03 10:00;-12;17.875;14.5;15.375;2206;202;0;
5412;2025.07.03 10:15;-12;17.875;14.8125;16.6875;2206;202;0;
5413;2025.07.03 10:30;-12;17.875;16;19;2207;202;0;
5414;2025.07.03 10:45;-12;17.875;17.4375;19.875;2209;202;0;
5415;2025.07.03 11:00;-12;17.875;18.75;20.5625;2210;202;0;
5416;2025.07.03 11:15;-12;18;20.25;21.375;2211;202;0;
5417;2025.07.03 11:30;-12;18.125;21.875;22.25;2213;202;0;
5418;2025.07.03 11:45;-12;18.375;22.8125;22.1875;2214;202;0;
5419;2025.07.03 12:00;-12;18.6875;24.125;23.125;2215;202;0;
5420;2025.07.03 12:15;-12;19;25.375;23.5;2216;202;0;
5421;2025.07.03 12:30;-12;19.4375;26.8125;24.5;2218;202;0;
5422;2025.07.03 12:45;-12;19.875;28;25.25;2220;202;0;
5423;2025.07.03 13:00;-12;20.375;29.125;25.625;2222;202;0;
5424;2025.07.03 13:15;-12;20.875;30.625;26.75;2225;202;0;
5425;2025.07.03 13:30;-12;21.5;31.5;27;2226;202;0;
5426;2025.07.03 13:45;-12;22;30.75;26;2225;202;0;
5427;2025.07.03 14:00;-12;22.625;31.625;26.75;2226;202;0;
5428;2025.07.03 14:15;-12;23.125;32.625;27.625;2227;202;0;
5429;2025.07.03 14:30;-12;23.625;33.5;28.125;2228;202;0;
5430;2025.07.03 14:45;-12;24.25;33.375;28.125;2227;202;0;
5431;2025.07.03 15:00;-12;24.75;33.375;27.875;2226;202;0;
5432;2025.07.03 15:15;-12;25.25;33.375;27.875;2226;202;0;
5433;2025.07.03 15:30;-12;25.625;33.25;28;2225;202;0;
5434;2025.07.03 15:45;-12;26;33.5625;28.375;2224;202;0;
5435;2025.07.03 16:00;-12;26.375;33.75;28.5;2223;202;0;
5436;2025.07.03 16:15;-12;26.6875;34.5;29.125;2222;202;0;
5437;2025.07.03 16:30;-12;27;33.8125;28.75;2220;202;0;
5438;2025.07.03 16:45;-12;27.125;33.5;29.25;2218;202;0;
5439;2025.07.03 17:00;-12;27.3125;32.875;29.125;2216;202;0;
5440;2025.07.03 17:15;-12;27.5;32;28.875;2214;202;0;
5441;2025.07.03 17:30;-12;27.625;31.75;29.125;2212;202;0;
5442;2025.07.03 17:45;-12;27.625;30.75;28.4375;2209;202;0;
5443;2025.07.03 18:00;-12;27.6875;30.375;28.625;2207;202;0;
5444;2025.07.03 18:15;-12;27.6875;29.875;28.5;2204;202;0;
5445;2025.07.03 18:30;-12;27.625;29.625;28.5;2202;202;0;
5446;2025.07.03 18:45;-12;27.5625;28.875;27.8125;2199;202;0;
5447;2025.07.03 19:00;-12;27.375;27.875;27.125;2195;202;0;
5448;2025.07.03 19:15;-12;27.125;27.125;26.875;2193;202;0;
5449;2025.07.03 19:30;-12;26.875;26.25;26.125;2190;202;0;
5450;2025.07.03 19:45;-12;26.5;25;25.375;2187;202;0;
5451;2025.07.03 20:00;-12;26.25;23.75;24.3125;2184;202;0;
5452;2025.07.03 20:15;-12;25.875;22.25;22.875;2181;202;0;
5453;2025.07.03 20:30;-12;25.5;20.8125;21.125;2179;202;0;
5454;2025.07.03 20:45;-12;25.125;19.5;19.1875;2177;202;0;
5455;2025.07.03 21:00;-12;24.75;17.6875;16.3125;2175;202;0;
5456;2025.07.03 21:15;-12;24.375;16.125;14.25;2174;202;0;
5457;2025.07.03 21:30;-12;24;15.0625;13.125;2173;202;0;
5458;2025.07.03 21:45;-12;23.625;14.25;12.375;2172;202;0;
5459;2025.07.03 22:00;-12;23.25;13.625;11.9375;2172;202;0;
5460;2025.07.03 22:15;-12;22.9375;13.375;12.0625;2173;202;0;
5461;2025.07.03 22:30;-12;22.625;12.875;11.5;2173;202;0;
5462;2025.07.03 22:45;-12;22.3125;12.5;11.125;2173;202;0;
5463;2025.07.03 23:00;-12;22;12.25;10.875;2174;202;0;
5464;2025.07.03 23:15;-12;21.75;11.875;10.3125;2174;202;0;
5465;2025.07.03 23:30;-12;21.5;13.375;13.875;2176;202;0;
5466;2025.07.03 23:45;-12;21.25;14.5625;15.125;2177;202;0;
5467;2025.07.04 00:00;-12;21.125;15.1875;15.75;2178;202;0;
5468;2025.07.04 00:15;-12;20.9375;14.8125;15.0625;2178;202;0;
5469;2025.07.04 00:30;-12;20.8125;14.25;14.25;2177;202;0;
5470;2025.07.04 00:45;-12;20.625;14.3125;14.625;2177;202;0;
5471;2025.07.04 01:00;-12;20.5;14.6875;15.1875;2178;202;0;
5472;2025.07.04 01:15;-12;20.375;14.9375;15.5;2178;202;0;
5473;2025.07.04 01:30;-12;20.25;15.125;15.8125;2179;202;0;
5474;2025.07.04 01:45;-12;20.125;14.875;15.4375;2178;202;0;
5475;2025.07.04 02:00;-12;20;14.875;15.4375;2178;202;0;
5476;2025.07.04 02:15;-12;19.875;15;15.6875;2178;202;0;
5477;2025.07.04 02:30;-12;19.8125;14.875;15.375;2178;202;0;
5478;2025.07.04 02:45;-12;19.6875;14.75;15.25;2178;202;0;
5479;2025.07.04 03:00;-12;19.625;14.625;15.125;2178;202;0;
5480;2025.07.04 03:15;-12;19.5;14.6875;15.3125;2178;202;0;
5481;2025.07.04 03:30;-12;19.375;14.75;15.375;2178;202;0;
5482;2025.07.04 03:45;-12;19.375;14.75;15.375;2179;202;0;
5483;2025.07.04 04:00;-12;19.25;14.75;15.25;2179;202;0;
5484;2025.07.04 04:15;-12;19.125;14.5;15.0625;2179;202;0;
5485;2025.07.04 04:30;-12;19.0625;14.25;14.75;2178;202;0;
5486;2025.07.04 04:45;-12;19;14.125;14.5625;2178;202;0;
5487;2025.07.04 05:00;-12;18.875;13.75;14.125;2178;202;0;
5488;2025.07.04 05:15;-12;18.8125;13.625;14.0625;2178;202;0;
5489;2025.07.04 05:30;-12;18.75;13.875;14.5;2179;202;0;
5490;2025.07.04 05:45;-12;18.625;13.625;13.9375;2179;202;0;
5491;2025.07.04 06:00;-12;18.5625;12.9375;13.0625;2178;202;0;
5492;2025.07.04 06:15;-12;18.5;12.75;13;2179;202;0;
5493;2025.07.04 06:30;-12;18.375;13;13.625;2179;202;0;
5494;2025.07.04 06:45;-12;18.3125;13.0625;13.5625;2179;202;0;
5495;2025.07.04 07:00;-12;18.25;12.625;12.875;2179;202;0;
5496;2025.07.04 07:15;-12;18.125;12.625;13.1875;2180;202;0;
5497;2025.07.04 07:30;-12;18.0625;13;13.8125;2180;202;0;
5498;2025.07.04 07:45;-12;18;13.375;14.125;2181;202;0;
5499;2025.07.04 08:00;-12;17.9375;12.75;13.25;2180;202;0;
5500;2025.07.04 08:15;-12;17.875;12.125;12.5;2180;202;0;
5501;2025.07.04 08:30;-12;17.75;12;12.5;2180;202;0;
5502;2025.07.04 08:45;-12;17.6875;11.875;12.375;2180;202;0;
5503;2025.07.04 09:00;-12;17.625;11.75;12.25;2181;202;0;
5504;2025.07.04 09:15;-12;17.5;11.625;12.0625;2181;202;0;
5505;2025.07.04 09:30;-12;17.4375;11.875;12.4375;2181;202;0;
5506;2025.07.04 09:45;-12;17.375;12.375;13.25;2182;202;0;
5507;2025.07.04 10:00;-12;17.3125;12.625;13.375;2183;202;0;
5508;2025.07.04 10:15;-12;17.25;13.5;15.4375;2184;202;0;
5509;2025.07.04 10:30;-12;17.25;14.875;17.6875;2186;202;0;
5510;2025.07.04 10:45;-12;17.25;16.25;18.6875;2187;202;0;
5511;2025.07.04 11:00;-12;17.3125;17.875;20.25;2189;202;0;
5512;2025.07.04 11:15;-12;17.4375;19.625;21.25;2191;202;0;
5513;2025.07.04 11:30;-12;17.625;21.5;22.0625;2193;202;0;
5514;2025.07.04 11:45;-12;17.875;22.375;21.8125;2193;202;0;
5515;2025.07.04 12:00;-12;18.25;23.6875;22.625;2195;202;0;
5516;2025.07.04 12:15;-12;18.625;25.25;23.5;2196;202;0;
5517;2025.07.04 12:30;-12;19;26.5;23.875;2197;202;0;
5518;2025.07.04 12:45;-12;19.5;27.375;24.625;2199;202;0;
5519;2025.07.04 13:00;-12;20;29.125;25.75;2201;202;0;
5520;2025.07.04 13:15;-12;20.5;30.125;25.875;2203;202;0;
5521;2025.07.04 13:30;-12;21.125;31;26.5;2204;202;0;
5522;2025.07.04 13:45;-12;21.6875;31.25;26.25;2205;202;0;
5523;2025.07.04 14:00;-12;22.25;33;27.8125;2207;202;0;
5524;2025.07.04 14:15;-12;22.875;32.625;27.375;2206;202;0;
5525;2025.07.04 14:30;-12;23.375;32.6875;27.3125;2206;202;0;
5526;2025.07.04 14:45;-12;23.9375;33.125;27.5;2206;202;0;
5527;2025.07.04 15:00;-12;24.4375;32.875;27.375;2205;202;0;
5528;2025.07.04 15:15;-12;24.875;32.875;27.625;2203;202;0;
5529;2025.07.04 15:30;-12;25.25;32.875;27.25;2202;202;0;
5530;2025.07.04 15:45;-12;25.625;32.875;27.8125;2200;202;0;
5531;2025.07.04 16:00;-12;25.875;31.875;27.25;2197;202;0;
5532;2025.07.04 16:15;-12;26;32.5625;28.375;2197;202;0;
5533;2025.07.04 16:30;-12;26.125;33.625;29.1875;2198;202;0;
5534;2025.07.04 16:45;-12;26.375;34;29.5;2197;202;0;
5535;2025.07.04 17:00;-12;26.625;31.75;27.75;2193;202;0;
5536;2025.07.04 17:15;-12;26.75;30.625;27.625;2191;202;0;
5537;2025.07.04 17:30;-12;26.75;30.375;28;2189;202;0;
5538;2025.07.04 17:45;-12;26.75;30.4375;28.75;2187;202;0;
5539;2025.07.04 18:00;-12;26.75;30.1875;28.5;2186;202;0;
5540;2025.07.04 18:15;-12;26.75;29;27;2183;202;0;
5541;2025.07.04 18:30;-12;26.75;29.25;28.1875;2181;202;0;
5542;2025.07.04 18:45;-12;26.625;27.875;26.875;2178;202;0;
5543;2025.07.04 19:00;-12;26.5;27.625;26.25;2176;202;0;
5544;2025.07.04 19:15;-12;26.375;26.6875;26.125;2173;202;0;
5545;2025.07.04 19:30;-12;26.125;24.75;24.125;2169;202;0;
5546;2025.07.04 19:45;-12;25.875;22.8125;21.875;2166;202;0;
5547;2025.07.04 20:00;-12;25.5;22;21.5;2164;202;0;
5548;2025.07.04 20:15;-12;25.125;21.375;21.125;2163;202;0;
5549;2025.07.04 20:30;-12;24.875;20.5;20.125;2161;202;0;
5550;2025.07.04 20:45;-12;24.5;18.875;17.625;2159;202;0;
5551;2025.07.04 21:00;-12;24.25;17;14.9375;2157;202;0;
5552;2025.07.04 21:15;-12;23.875;15.75;13.625;2155;202;0;
5553;2025.07.04 21:30;-12;23.5;14.75;12.8125;2155;202;0;
5554;2025.07.04 21:45;-12;23.125;13.8125;11.75;2154;202;0;
5555;2025.07.04 22:00;-12;22.8125;13;11;2154;202;0;
5556;2025.07.04 22:15;-12;22.5;12.625;10.75;2154;202;0;
5557;2025.07.04 22:30;-12;22.1875;12.3125;10.6875;2154;202;0;
5558;2025.07.04 22:45;-12;21.875;11.875;10;2154;202;0;
5559;2025.07.04 23:00;-12;21.625;11.4375;9.625;2154;202;0;
5560;2025.07.04 23:15;-12;21.375;11.125;9.875;2155;202;0;
5561;2025.07.04 23:30;-12;21.125;11.125;9.9375;2155;202;0;
5562;2025.07.04 23:45;-12;20.875;11;9.6875;2156;202;0;
5563;2025.07.05 00:00;-12;20.625;10.75;9.375;2156;202;0;
5564;2025.07.05 00:15;-12;20.4375;10.5625;9;2156;202;0;
5565;2025.07.05 00:30;-12;20.25;10.4375;9;2157;202;0;
5566;2025.07.05 00:45;-12;20;10.5;9.375;2157;202;0;
5567;2025.07.05 01:00;-12;19.875;10.1875;8.875;2158;202;0;
5568;2025.07.05 01:15;-12;19.625;10;8.625;2158;202;0;
5569;2025.07.05 01:30;-12;19.5;10;8.875;2159;202;0;
5570;2025.07.05 01:45;-12;19.375;9.8125;8.5;2159;202;0;
5571;2025.07.05 02:00;-12;19.125;9.4375;7.75;2159;202;0;
5572;2025.07.05 02:15;-12;19;9.3125;8;2159;202;0;
5573;2025.07.05 02:30;-12;18.875;9.5625;8.625;2160;202;0;
5574;2025.07.05 02:45;-12;18.75;9.4375;8.125;2160;202;0;
5575;2025.07.05 03:00;-12;18.625;9.375;8.1875;2161;202;0;
5576;2025.07.05 03:15;-12;18.5;9.5;8.5625;2161;202;0;
5577;2025.07.05 03:30;-12;18.375;9.75;9.25;2162;202;0;
5578;2025.07.05 03:45;-12;18.25;10.0625;9.5;2163;202;0;
5579;2025.07.05 04:00;-12;18.125;10.125;9.375;2163;202;0;
5580;2025.07.05 04:15;-12;18;10.125;9.6875;2163;202;0;
5581;2025.07.05 04:30;-12;18;10.6875;10.625;2164;202;0;
5582;2025.07.05 04:45;-12;17.875;10.75;10.5;2165;202;0;
5583;2025.07.05 05:00;-12;17.8125;11.0625;11;2164;202;0;
5584;2025.07.05 05:15;-12;17.75;11.125;11.0625;2164;202;0;
5585;2025.07.05 05:30;-12;17.6875;11.125;11.125;2164;202;0;
5586;2025.07.05 05:45;-12;17.625;11;10.9375;2164;202;0;
5587;2025.07.05 06:00;-12;17.5625;11.25;11.625;2164;202;0;
5588;2025.07.05 06:15;-12;17.5;11.4375;11.6875;2164;202;0;
5589;2025.07.05 06:30;-12;17.4375;10.6875;10.375;2164;202;0;
5590;2025.07.05 06:45;-12;17.375;10.375;10.125;2164;202;0;
5591;2025.07.05 07:00;-12;17.25;10.5;10.5;2164;202;0;
5592;2025.07.05 07:15;-12;17.25;10.75;10.8125;2165;202;0;
5593;2025.07.05 07:30;-12;17.125;11;11.1875;2165;202;0;
5594;2025.07.05 07:45;-12;17.125;11;11.1875;2165;202;0;
5595;2025.07.05 08:00;-12;17;11.875;12.5;2167;202;0;
5596;2025.07.05 08:15;-12;17;12.1875;12.75;2167;202;0;
5597;2025.07.05 08:30;-12;17;12.75;13.625;2168;202;0;
5598;2025.07.05 08:45;-12;17;12.625;13.0625;2168;202;0;
5599;2025.07.05 09:00;-12;16.9375;12.5;13;2167;202;0;
5600;2025.07.05 09:15;-12;16.875;12.5;13;2168;202;0;
5601;2025.07.05 09:30;-12;16.875;12.4375;12.9375;2168;202;0;
5602;2025.07.05 09:45;-12;16.875;12.875;13.75;2168;202;0;
5603;2025.07.05 10:00;-12;16.875;13.875;14.8125;2170;202;0;
5604;2025.07.05 10:15;-12;16.875;14.625;15.5625;2170;202;0;
5605;2025.07.05 10:30;-12;16.875;15.125;16.25;2171;202;0;
5606;2025.07.05 10:45;-12;16.9375;15.625;16.875;2171;202;0;
5607;2025.07.05 11:00;-12;17;16.75;18.625;2173;202;0;
5608;2025.07.05 11:15;-12;17.125;18.75;20.3125;2175;202;0;
5609;2025.07.05 11:30;-12;17.25;21.375;22.375;2178;202;0;
5610;2025.07.05 11:45;-12;17.5;23.5;23.3125;2180;202;0;
5611;2025.07.05 12:00;-12;17.875;24.375;23.125;2181;202;0;
5612;2025.07.05 12:15;-12;18.25;25.125;23.5;2181;202;0;
5613;2025.07.05 12:30;-12;18.75;26;23.75;2182;202;0;
5614;2025.07.05 12:45;-12;19.1875;27.0625;24.5;2184;202;0;
5615;2025.07.05 13:00;-12;19.625;27.875;24.625;2185;202;0;
5616;2025.07.05 13:15;-12;20.125;29.3125;25.5;2188;202;0;
5617;2025.07.05 13:30;-12;20.75;29.75;25.5;2188;202;0;
5618;2025.07.05 13:45;-12;21.25;31.1875;26.6875;2191;202;0;
5619;2025.07.05 14:00;-12;21.8125;31.875;27;2192;202;0;
5620;2025.07.05 14:15;-12;22.375;33;28;2193;202;0;
5621;2025.07.05 14:30;-12;23;34;28.3125;2194;202;0;
5622;2025.07.05 14:45;-12;23.625;35;29.125;2195;202;0;
5623;2025.07.05 15:00;-12;24.125;34.5625;28.875;2194;202;0;
5624;2025.07.05 15:15;-12;24.6875;35.625;29.375;2195;202;0;
5625;2025.07.05 15:30;-12;25.25;37.25;30.75;2196;202;0;
5626;2025.07.05 15:45;-12;25.8125;37.875;31;2196;202;0;
5627;2025.07.05 16:00;-12;26.375;35.75;29.125;2191;202;0;
5628;2025.07.05 16:15;-12;26.75;34.875;28.75;2188;202;0;
5629;2025.07.05 16:30;-12;26.875;34.75;29.5;2186;202;0;
5630;2025.07.05 16:45;-12;27;36.125;31.3125;2187;202;0;
5631;2025.07.05 17:00;-12;27.3125;36.625;32.3125;2187;202;0;
5632;2025.07.05 17:15;-12;27.5625;31.375;26.9375;2176;202;0;
5633;2025.07.05 17:30;-12;27.4375;29;26.3125;2171;202;0;
5634;2025.07.05 17:45;-12;27.125;25.75;23.5;2164;202;0;
5635;2025.07.05 18:00;-12;26.75;26.875;26.875;2165;202;0;
5636;2025.07.05 18:15;-12;26.5;27.125;26.5;2164;202;0;
5637;2025.07.05 18:30;-12;26.3125;29.25;29.5;2166;202;0;
5638;2025.07.05 18:45;-12;26.25;25.625;23.875;2159;202;0;
5639;2025.07.05 19:00;-12;26.0625;25.0625;24.75;2157;202;0;
5640;2025.07.05 19:15;-12;25.75;25.625;25.875;2157;202;0;
5641;2025.07.05 19:30;-12;25.5625;25.25;25.3125;2155;202;0;
5642;2025.07.05 19:45;-12;25.3125;22.9375;22.0625;2151;202;0;
5643;2025.07.05 20:00;-12;25;20.8125;19.9375;2148;202;0;
5644;2025.07.05 20:15;-12;24.6875;19.625;18.6875;2146;202;0;
5645;2025.07.05 20:30;-12;24.375;18.75;17.875;2145;202;0;
5646;2025.07.05 20:45;-12;24;17.5625;16.25;2143;202;0;
5647;2025.07.05 21:00;-12;23.6875;16.5;15.375;2142;202;0;
5648;2025.07.05 21:15;-12;23.375;15.875;15.25;2141;202;0;
5649;2025.07.05 21:30;-12;23;15.5;14.875;2141;202;0;
5650;2025.07.05 21:45;-12;22.75;14.625;13.5;2140;202;0;
5651;2025.07.05 22:00;-12;22.4375;13.875;12.5;2139;202;0;
5652;2025.07.05 22:15;-12;22.125;13.3125;12.1875;2139;202;0;
5653;2025.07.05 22:30;-12;21.875;13.25;12.375;2140;202;0;
5654;2025.07.05 22:45;-12;21.625;13.0625;12.125;2140;202;0;
5655;2025.07.05 23:00;-12;21.375;12.625;11.5625;2140;202;0;
5656;2025.07.05 23:15;-12;21.125;12.1875;11;2140;202;0;
5657;2025.07.05 23:30;-12;20.875;11.75;10.625;2140;202;0;
5658;2025.07.05 23:45;-12;20.6875;11.875;11.4375;2141;202;0;
5659;2025.07.06 00:00;-12;20.5;12.4375;12.25;2142;202;0;
5660;2025.07.06 00:15;-12;20.3125;11.875;10.9375;2142;202;0;
5661;2025.07.06 00:30;-12;20.125;11.5625;10.625;2142;202;0;
5662;2025.07.06 00:45;-12;20;11.25;10.1875;2142;202;0;
5663;2025.07.06 01:00;-12;19.8125;11.1875;10.25;2142;202;0;
5664;2025.07.06 01:15;-12;19.625;10.75;9.5;2142;202;0;
5665;2025.07.06 01:30;-12;19.5;10.75;10;2142;202;0;
5666;2025.07.06 01:45;-12;19.3125;10.625;9.75;2143;202;0;
5667;2025.07.06 02:00;-12;19.125;10.5;9.6875;2143;202;0;
5668;2025.07.06 02:15;-12;19;10.5;9.625;2144;202;0;
5669;2025.07.06 02:30;-12;18.875;10.4375;9.6875;2144;202;0;
5670;2025.07.06 02:45;-12;18.75;10.5;10;2144;202;0;
5671;2025.07.06 03:00;-12;18.625;11.125;11.125;2145;202;0;
5672;2025.07.06 03:15;-12;18.5;10.875;10.25;2145;202;0;
5673;2025.07.06 03:30;-12;18.4375;10.5625;9.9375;2145;202;0;
5674;2025.07.06 03:45;-12;18.3125;10.6875;10.375;2145;202;0;
5675;2025.07.06 04:00;-12;18.25;10.625;10.375;2145;202;0;
5676;2025.07.06 04:15;-12;18.125;10.875;10.75;2145;202;0;
5677;2025.07.06 04:30;-12;18;11.1875;11.3125;2146;202;0;
5678;2025.07.06 04:45;-12;18;12;12.3125;2147;202;0;
5679;2025.07.06 05:00;-12;17.875;12.125;12.375;2148;202;0;
5680;2025.07.06 05:15;-12;17.875;11.875;12;2148;202;0;
5681;2025.07.06 05:30;-12;17.8125;11.6875;11.8125;2147;202;0;
5682;2025.07.06 05:45;-12;17.75;11.625;11.75;2148;202;0;
5683;2025.07.06 06:00;-12;17.6875;11.625;11.8125;2148;202;0;
5684;2025.07.06 06:15;-12;17.625;11.625;11.75;2148;202;0;
5685;2025.07.06 06:30;-12;17.5625;10.75;10.4375;2147;202;0;
5686;2025.07.06 06:45;-12;17.5;10.375;10;2147;202;0;
5687;2025.07.06 07:00;-12;17.375;9.75;9.375;2147;202;0;
5688;2025.07.06 07:15;-12;17.25;9.875;10;2147;202;0;
5689;2025.07.06 07:30;-12;17.25;10;10.3125;2148;202;0;
5690;2025.07.06 07:45;-12;17.125;11.3125;11.9375;2150;202;0;
5691;2025.07.06 08:00;-12;17.0625;12;12.75;2151;202;0;
5692;2025.07.06 08:15;-12;17;12.25;13.125;2152;202;0;
5693;2025.07.06 08:30;-12;17;11.875;12.375;2151;202;0;
5694;2025.07.06 08:45;-12;17;11.75;12.125;2151;202;0;
5695;2025.07.06 09:00;-12;16.9375;11.5;11.8125;2151;202;0;
5696;2025.07.06 09:15;-12;16.875;11.375;11.625;2151;202;0;
5697;2025.07.06 09:30;-12;16.875;10.625;10.5;2150;202;0;
5698;2025.07.06 09:45;-12;16.75;10.75;10.75;2151;202;0;
5699;2025.07.06 10:00;-12;16.75;10.125;9.875;2150;202;0;
5700;2025.07.06 10:15;-12;16.6875;10.625;11.75;2151;202;0;
5701;2025.07.06 10:30;-12;16.625;13.4375;17.25;2155;202;0;
5702;2025.07.06 10:45;-12;16.625;15.5;19.875;2157;202;0;
5703;2025.07.06 11:00;-12;16.75;18.125;21.75;2160;202;0;
5704;2025.07.06 11:15;-12;16.9375;20.625;23;2163;202;0;
5705;2025.07.06 11:30;-12;17.1875;22.875;24;2165;202;0;
5706;2025.07.06 11:45;-12;17.5;24.75;24.875;2167;202;0;
5707;2025.07.06 12:00;-12;17.875;26.125;25.375;2168;202;0;
5708;2025.07.06 12:15;-12;18.375;27.5625;26.25;2170;202;0;
5709;2025.07.06 12:30;-12;18.875;29.125;27.25;2172;202;0;
5710;2025.07.06 12:45;-12;19.375;30.4375;27.875;2174;202;0;
5711;2025.07.06 13:00;-12;20;31.75;28.4375;2176;202;0;
5712;2025.07.06 13:15;-12;20.5625;33;29;2178;202;0;
5713;2025.07.06 13:30;-12;21.1875;34.5;30.1875;2180;202;0;
5714;2025.07.06 13:45;-12;21.8125;35.625;30.4375;2182;202;0;
5715;2025.07.06 14:00;-12;22.5;36.5625;31.25;2183;202;0;
5716;2025.07.06 14:15;-12;23.1875;37.625;32.125;2183;202;0;
5717;2025.07.06 14:30;-12;23.875;37.375;31;2183;202;0;
5718;2025.07.06 14:45;-12;24.5;37.375;31;2182;202;0;
5719;2025.07.06 15:00;-12;25.125;38.75;32.125;2183;202;0;
5720;2025.07.06 15:15;-12;25.75;39.375;32.3125;2183;202;0;
5721;2025.07.06 15:30;-12;26.375;38;30.625;2179;202;0;
5722;2025.07.06 15:45;-12;26.8125;36.6875;29.875;2176;202;0;
5723;2025.07.06 16:00;-12;27.125;38.75;32.6875;2178;202;0;
5724;2025.07.06 16:15;-12;27.5;39.625;33.25;2178;202;0;
5725;2025.07.06 16:30;-12;27.875;38.4375;32.125;2174;202;0;
5726;2025.07.06 16:45;-12;28.0625;36.875;31.875;2170;202;0;
5727;2025.07.06 17:00;-12;28.25;36.875;32.5;2168;202;0;
5728;2025.07.06 17:15;-12;28.375;35.625;31.75;2165;202;0;
5729;2025.07.06 17:30;-12;28.375;32.0625;28.3125;2156;202;0;
5730;2025.07.06 17:45;-12;28.25;29.1875;26.6875;2150;202;0;
5731;2025.07.06 18:00;-12;27.875;27.75;26.0625;2146;202;0;
5732;2025.07.06 18:15;-12;27.5;26.25;24.6875;2143;202;0;
5733;2025.07.06 18:30;-12;27.125;25.625;24.375;2140;202;0;
5734;2025.07.06 18:45;-12;26.75;25.375;24.375;2139;202;0;
5735;2025.07.06 19:00;-12;26.375;26.625;26.25;2140;202;0;
5736;2025.07.06 19:15;-12;26.125;25.125;24;2137;202;0;
5737;2025.07.06 19:30;-12;25.875;24.375;23.5;2135;202;0;
5738;2025.07.06 19:45;-12;25.625;23.75;23.25;2134;202;0;
5739;2025.07.06 20:00;-12;25.3125;23.125;22.375;2132;202;0;
5740;2025.07.06 20:15;-12;25.0625;22.4375;21.4375;2131;202;0;
5741;2025.07.06 20:30;-12;24.8125;21.5625;20.625;2130;202;0;
5742;2025.07.06 20:45;-12;24.5625;20.6875;19.75;2128;202;0;
5743;2025.07.06 21:00;-12;24.3125;19.625;18.4375;2126;202;0;
5744;2025.07.06 21:15;-12;24;18.125;16.6875;2124;202;0;
5745;2025.07.06 21:30;-12;23.75;16.6875;15.0625;2122;202;0;
5746;2025.07.06 21:45;-12;23.375;15.5625;14;2121;202;0;
5747;2025.07.06 22:00;-12;23.125;14.75;13.375;2121;202;0;
5748;2025.07.06 22:15;-12;22.75;14.25;13;2120;202;0;
5749;2025.07.06 22:30;-12;22.5;14.25;13.375;2121;202;0;
5750;2025.07.06 22:45;-12;22.25;13.625;12.4375;2120;202;0;
5751;2025.07.06 23:00;-12;22;13.125;11.75;2120;202;0;
5752;2025.07.06 23:15;-12;21.75;12.625;11.25;2120;202;0;
5753;2025.07.06 23:30;-12;21.5;12.25;10.875;2120;202;0;
5754;2025.07.06 23:45;-12;21.25;11.9375;10.8125;2120;202;0;
5755;2025.07.07 00:00;-12;21;11.875;10.875;2121;202;0;
5756;2025.07.07 00:15;-12;20.8125;11.75;10.625;2121;202;0;
5757;2025.07.07 00:30;-12;20.625;11.5;10.125;2121;202;0;
5758;2025.07.07 00:45;-12;20.375;11.625;10.75;2122;202;0;
5759;2025.07.07 01:00;-12;20.25;11.25;10.125;2122;202;0;
5760;2025.07.07 01:15;-12;20.0625;11.3125;10.4375;2123;202;0;
5761;2025.07.07 01:30;-12;19.875;11.75;11.5625;2123;202;0;
5762;2025.07.07 01:45;-12;19.75;11.3125;10.625;2123;202;0;
5763;2025.07.07 02:00;-12;19.625;10.5625;9.125;2123;202;0;
5764;2025.07.07 02:15;-12;19.4375;10.375;9.3125;2123;202;0;
5765;2025.07.07 02:30;-12;19.25;10.25;9.25;2123;202;0;
5766;2025.07.07 02:45;-12;19.125;10.375;9.4375;2124;202;0;
5767;2025.07.07 03:00;-12;19;10.5625;9.75;2125;202;0;
5768;2025.07.07 03:15;-12;18.875;10.75;10.0625;2125;202;0;
5769;2025.07.07 03:30;-12;18.75;11.375;11.125;2126;202;0;
5770;2025.07.07 03:45;-12;18.6875;11.1875;10.25;2126;202;0;
5771;2025.07.07 04:00;-12;18.625;11.1875;10.625;2126;202;0;
5772;2025.07.07 04:15;-12;18.5;10.625;9.75;2126;202;0;
5773;2025.07.07 04:30;-12;18.375;10.625;10.5625;2126;202;0;
5774;2025.07.07 04:45;-12;18.25;11.625;12.125;2127;202;0;
5775;2025.07.07 05:00;-12;18.25;11.875;12.1875;2128;202;0;
5776;2025.07.07 05:15;-12;18.125;11.5;11.375;2127;202;0;
5777;2025.07.07 05:30;-12;18.0625;11.1875;11.25;2127;202;0;
5778;2025.07.07 05:45;-12;18;11.3125;11.375;2127;202;0;
5779;2025.07.07 06:00;-12;17.875;11.5;11.625;2128;202;0;
5780;2025.07.07 06:15;-12;17.875;11.125;11;2128;202;0;
5781;2025.07.07 06:30;-12;17.75;10.4375;9.9375;2127;202;0;
5782;2025.07.07 06:45;-12;17.625;10.25;9.9375;2127;202;0;
5783;2025.07.07 07:00;-12;17.5625;10.375;10.4375;2127;202;0;
5784;2025.07.07 07:15;-12;17.5;10.375;10.5;2128;202;0;
5785;2025.07.07 07:30;-12;17.375;10.25;10;2128;202;0;
5786;2025.07.07 07:45;-12;17.3125;11.0625;11.5625;2129;202;0;
5787;2025.07.07 08:00;-12;17.25;10.8125;10.875;2129;202;0;
5788;2025.07.07 08:15;-12;17.25;9.875;9.375;2128;202;0;
5789;2025.07.07 08:30;-12;17.125;9.1875;8.5;2127;202;0;
5790;2025.07.07 08:45;-12;17;8.875;8.25;2127;202;0;
5791;2025.07.07 09:00;-12;16.875;8.75;8.25;2128;202;0;
5792;2025.07.07 09:15;-12;16.8125;9;8.875;2128;202;0;
5793;2025.07.07 09:30;-12;16.75;9.25;9.125;2129;202;0;
5794;2025.07.07 09:45;-12;16.625;9.3125;9.125;2129;202;0;
5795;2025.07.07 10:00;-12;16.625;9.625;9.75;2130;202;0;
5796;2025.07.07 10:15;-12;16.5;10.5625;12;2131;202;0;
5797;2025.07.07 10:30;-12;16.5;12.625;16.8125;2134;202;0;
5798;2025.07.07 10:45;-12;16.5;15.4375;19.75;2137;202;0;
5799;2025.07.07 11:00;-12;16.625;18;21.875;2140;202;0;
5800;2025.07.07 11:15;-12;16.8125;20.625;23.1875;2143;202;0;
5801;2025.07.07 11:30;-12;17.0625;23.0625;24.6875;2145;202;0;
5802;2025.07.07 11:45;-12;17.375;25.125;25.75;2147;202;0;
5803;2025.07.07 12:00;-12;17.8125;27;26.9375;2149;202;0;
5804;2025.07.07 12:15;-12;18.3125;27.9375;26.875;2150;202;0;
5805;2025.07.07 12:30;-12;18.8125;29.75;27.875;2152;202;0;
5806;2025.07.07 12:45;-12;19.375;30.5;27.625;2153;202;0;
5807;2025.07.07 13:00;-12;19.9375;31.25;28;2154;202;0;
5808;2025.07.07 13:15;-12;20.5;33;29.1875;2157;202;0;
5809;2025.07.07 13:30;-12;21.125;34.375;29.8125;2159;202;0;
5810;2025.07.07 13:45;-12;21.75;34.375;29;2159;202;0;
5811;2025.07.07 14:00;-12;22.375;35.375;29.75;2160;202;0;
5812;2025.07.07 14:15;-12;23;35.625;29.625;2160;202;0;
5813;2025.07.07 14:30;-12;23.625;36.375;30.125;2161;202;0;
5814;2025.07.07 14:45;-12;24.25;37.5625;31.25;2162;202;0;
5815;2025.07.07 15:00;-12;24.9375;38.5625;31.75;2163;202;0;
5816;2025.07.07 15:15;-12;25.5;39;32.25;2162;202;0;
5817;2025.07.07 15:30;-12;26.125;39.5;32.5;2162;202;0;
5818;2025.07.07 15:45;-12;26.625;39.125;32.5;2160;202;0;
5819;2025.07.07 16:00;-12;27.125;39.375;32.875;2159;202;0;
5820;2025.07.07 16:15;-12;27.5;39.75;33.125;2157;202;0;
5821;2025.07.07 16:30;-12;27.8125;39.25;33.0625;2155;202;0;
5822;2025.07.07 16:45;-12;28.0625;38.5;33.125;2152;202;0;
5823;2025.07.07 17:00;-12;28.25;37.125;32.875;2148;202;0;
5824;2025.07.07 17:15;-12;28.375;36.125;33;2145;202;0;
5825;2025.07.07 17:30;-12;28.5;36;33.1875;2143;202;0;
5826;2025.07.07 17:45;-12;28.5625;35.25;32.5;2140;202;0;
5827;2025.07.07 18:00;-12;28.625;34.125;32.125;2136;202;0;
5828;2025.07.07 18:15;-12;28.625;32.9375;31.5;2133;202;0;
5829;2025.07.07 18:30;-12;28.625;32.625;31.625;2130;202;0;
5830;2025.07.07 18:45;-12;28.5;32;31.125;2127;202;0;
5831;2025.07.07 19:00;-12;28.3125;31.25;30.75;2124;202;0;
5832;2025.07.07 19:15;-12;28.0625;30.125;30.1875;2121;202;0;
5833;2025.07.07 19:30;-12;27.75;29.125;29.625;2118;202;0;
5834;2025.07.07 19:45;-12;27.5;27.75;28.375;2115;202;0;
5835;2025.07.07 20:00;-12;27.125;26.0625;27.125;2111;202;0;
5836;2025.07.07 20:15;-12;26.75;24.1875;24.875;2108;202;0;
5837;2025.07.07 20:30;-12;26.375;22.6875;23.125;2105;202;0;
5838;2025.07.07 20:45;-12;26;21;20.25;2102;202;0;
5839;2025.07.07 21:00;-12;25.625;19.375;17.8125;2100;202;0;
5840;2025.07.07 21:15;-12;25.1875;17.4375;15.3125;2097;202;0;
5841;2025.07.07 21:30;-12;24.8125;16.5;15.3125;2096;202;0;
5842;2025.07.07 21:45;-12;24.375;15.5;13.875;2095;202;0;
5843;2025.07.07 22:00;-12;24;14.875;13.3125;2094;202;0;
5844;2025.07.07 22:15;-12;23.6875;14.75;14;2094;202;0;
5845;2025.07.07 22:30;-12;23.375;14.3125;13.125;2093;202;0;
5846;2025.07.07 22:45;-12;23;13.75;12.3125;2093;202;0;
5847;2025.07.07 23:00;-12;22.75;13;11.25;2093;202;0;
5848;2025.07.07 23:15;-12;22.5;12.5;10.875;2092;202;0;
5849;2025.07.07 23:30;-12;22.1875;12.3125;11;2092;202;0;
5850;2025.07.07 23:45;-12;21.875;12.1875;11.125;2093;202;0;
5851;2025.07.08 00:00;-12;21.6875;12.5625;12.125;2093;202;0;
5852;2025.07.08 00:15;-12;21.4375;12.8125;12.3125;2094;202;0;
5853;2025.07.08 00:30;-12;21.25;12.5625;12;2094;202;0;
5854;2025.07.08 00:45;-12;21.0625;12.25;11.5;2094;202;0;
5855;2025.07.08 01:00;-12;20.875;11.75;10.5625;2094;202;0;
5856;2025.07.08 01:15;-12;20.6875;11.375;10;2094;202;0;
5857;2025.07.08 01:30;-12;20.5;11;9.75;2093;202;0;
5858;2025.07.08 01:45;-12;20.3125;10.875;9.6875;2094;202;0;
5859;2025.07.08 02:00;-12;20.125;10.75;9.625;2094;202;0;
5860;2025.07.08 02:15;-12;20;10.6875;9.5625;2094;202;0;
5861;2025.07.08 02:30;-12;19.8125;10.75;10;2094;202;0;
5862;2025.07.08 02:45;-12;19.625;10.75;9.875;2095;202;0;
5863;2025.07.08 03:00;-12;19.5;11.5;11.625;2096;202;0;
5864;2025.07.08 03:15;-12;19.375;11.3125;11;2096;202;0;
5865;2025.07.08 03:30;-12;19.25;11.75;11.875;2097;202;0;
5866;2025.07.08 03:45;-12;19.125;12.625;13.125;2097;202;0;
5867;2025.07.08 04:00;-12;19.0625;13;13.5;2098;202;0;
5868;2025.07.08 04:15;-12;19;13;13.25;2098;202;0;
5869;2025.07.08 04:30;-12;18.875;12.125;12.1875;2097;202;0;
5870;2025.07.08 04:45;-12;18.8125;11.25;10.625;2096;202;0;
5871;2025.07.08 05:00;-12;18.75;10.75;10.1875;2096;202;0;
5872;2025.07.08 05:15;-12;18.625;10.625;10.5;2096;202;0;
5873;2025.07.08 05:30;-12;18.5;10.875;11.0625;2097;202;0;
5874;2025.07.08 05:45;-12;18.375;11.375;11.875;2097;202;0;
5875;2025.07.08 06:00;-12;18.3125;12.3125;13.125;2099;202;0;
5876;2025.07.08 06:15;-12;18.25;11.75;11.75;2098;202;0;
5877;2025.07.08 06:30;-12;18.1875;11.25;10.875;2098;202;0;
5878;2025.07.08 06:45;-12;18.125;11.5625;11.875;2099;202;0;
5879;2025.07.08 07:00;-12;18;11.75;12.125;2099;202;0;
5880;2025.07.08 07:15;-12;17.9375;11.75;11.875;2099;202;0;
5881;2025.07.08 07:30;-12;17.875;11.875;12.25;2100;202;0;
5882;2025.07.08 07:45;-12;17.8125;12.1875;12.5;2100;202;0;
5883;2025.07.08 08:00;-12;17.75;14.125;15.375;2103;202;0;
5884;2025.07.08 08:15;-12;17.75;15.375;16.5;2104;202;0;
5885;2025.07.08 08:30;-12;17.75;16;16.875;2105;202;0;
5886;2025.07.08 08:45;-12;17.8125;15.9375;16.75;2105;202;0;
5887;2025.07.08 09:00;-12;17.875;15.375;16.125;2104;202;0;
5888;2025.07.08 09:15;-12;17.875;15.25;15.875;2103;202;0;
5889;2025.07.08 09:30;-12;17.8125;15.125;15.75;2103;202;0;
5890;2025.07.08 09:45;-12;17.8125;14.875;15.5;2103;202;0;
5891;2025.07.08 10:00;-12;17.75;14.875;15.625;2103;202;0;
5892;2025.07.08 10:15;-12;17.75;15.1875;16.75;2104;202;0;
5893;2025.07.08 10:30;-12;17.75;16.375;19.25;2105;202;0;
5894;2025.07.08 10:45;-12;17.75;17.75;20.5625;2106;202;0;
5895;2025.07.08 11:00;-12;17.875;19.25;21.5;2109;202;0;
5896;2025.07.08 11:15;-12;18;21.125;22.75;2111;202;0;
5897;2025.07.08 11:30;-12;18.1875;23;23.75;2113;202;0;
5898;2025.07.08 11:45;-12;18.4375;24.3125;24.1875;2115;202;0;
5899;2025.07.08 12:00;-12;18.75;26.125;25.625;2117;202;0;
5900;2025.07.08 12:15;-12;19.125;27.375;25.9375;2118;202;0;
5901;2025.07.08 12:30;-12;19.5625;28.375;26.375;2120;202;0;
5902;2025.07.08 12:45;-12;20;29.875;27.125;2121;202;0;
5903;2025.07.08 13:00;-12;20.5;30.375;27;2122;202;0;
5904;2025.07.08 13:15;-12;21.0625;31.5625;27.625;2124;202;0;
5905;2025.07.08 13:30;-12;21.625;33.0625;28.75;2126;202;0;
5906;2025.07.08 13:45;-12;22.125;33.125;28.25;2127;202;0;
5907;2025.07.08 14:00;-12;22.75;34.125;28.875;2128;202;0;
5908;2025.07.08 14:15;-12;23.3125;35.375;29.625;2130;202;0;
5909;2025.07.08 14:30;-12;23.9375;36.5625;30.4375;2131;202;0;
5910;2025.07.08 14:45;-12;24.625;36.875;30.5;2131;202;0;
5911;2025.07.08 15:00;-12;25.1875;38.125;31.5;2133;202;0;
5912;2025.07.08 15:15;-12;25.8125;39.875;33.375;2135;202;0;
5913;2025.07.08 15:30;-12;26.4375;39.875;33;2134;202;0;
5914;2025.07.08 15:45;-12;26.875;33.625;28.625;2121;202;0;
5915;2025.07.08 16:00;-12;27;39.125;33.5;2129;202;0;
5916;2025.07.08 16:15;-12;27.375;37.5;31;2125;202;0;
5917;2025.07.08 16:30;-12;27.5625;32.125;28;2114;202;0;
5918;2025.07.08 16:45;-12;27.375;33.875;30.9375;2115;202;0;
5919;2025.07.08 17:00;-12;27.375;33.375;30.8125;2113;202;0;
5920;2025.07.08 17:15;-12;27.25;32.5;30.375;2110;202;0;
5921;2025.07.08 17:30;-12;27.25;32.625;30;2108;202;0;
5922;2025.07.08 17:45;-12;27.1875;30.875;29;2105;202;0;
5923;2025.07.08 18:00;-12;27.0625;29.5;28;2101;202;0;
5924;2025.07.08 18:15;-12;26.875;27.9375;26.5625;2098;202;0;
5925;2025.07.08 18:30;-12;26.6875;29.75;30.125;2100;202;0;
5926;2025.07.08 18:45;-12;26.625;28.1875;26.8125;2096;202;0;
5927;2025.07.08 19:00;-12;26.4375;26.25;25.25;2092;202;0;
5928;2025.07.08 19:15;-12;26.1875;27;27.6875;2093;202;0;
5929;2025.07.08 19:30;-12;26;27.875;29.0625;2093;202;0;
5930;2025.07.08 19:45;-12;25.875;28.1875;28.75;2093;202;0;
5931;2025.07.08 20:00;-12;25.75;26;24.9375;2089;202;0;
5932;2025.07.08 20:15;-12;25.5625;25;25.3125;2087;202;0;
5933;2025.07.08 20:30;-12;25.375;23.625;23.875;2085;202;0;
5934;2025.07.08 20:45;-12;25.125;21.75;20.875;2081;202;0;
5935;2025.07.08 21:00;-12;24.875;20.75;19.625;2080;202;0;
5936;2025.07.08 21:15;-12;24.5625;20.0625;18.75;2079;202;0;
5937;2025.07.08 21:30;-12;24.25;19.375;18.125;2077;202;0;
5938;2025.07.08 21:45;-12;24;18.4375;17.25;2076;202;0;
5939;2025.07.08 22:00;-12;23.75;17.625;16.5;2075;202;0;
5940;2025.07.08 22:15;-12;23.5;17.25;16.3125;2074;202;0;
5941;2025.07.08 22:30;-12;23.25;16.875;16.125;2073;202;0;
5942;2025.07.08 22:45;-12;23;16.3125;15.625;2073;202;0;
5943;2025.07.08 23:00;-12;22.75;15.9375;15.5;2072;202;0;
5944;2025.07.08 23:15;-12;22.5625;15;14;2071;202;0;
5945;2025.07.08 23:30;-12;22.3125;14.1875;13;2070;202;0;
5946;2025.07.08 23:45;-12;22.125;14.0625;13.25;2070;202;0;
5947;2025.07.09 00:00;-12;21.875;13.4375;12.375;2070;202;0;
5948;2025.07.09 00:15;-12;21.625;12.875;11.625;2069;202;0;
5949;2025.07.09 00:30;-12;21.4375;13.25;13;2070;202;0;
5950;2025.07.09 00:45;-12;21.25;13.6875;13.625;2071;202;0;
5951;2025.07.09 01:00;-12;21.0625;13.375;12.9375;2070;202;0;
5952;2025.07.09 01:15;-12;20.875;13.3125;13.1875;2071;202;0;
5953;2025.07.09 01:30;-12;20.75;13.375;13.25;2071;202;0;
5954;2025.07.09 01:45;-12;20.5625;12.5;11.5625;2070;202;0;
5955;2025.07.09 02:00;-12;20.375;12.5;12.375;2070;202;0;
5956;2025.07.09 02:15;-12;20.25;12.75;12.9375;2071;202;0;
5957;2025.07.09 02:30;-12;20.125;12.75;13.125;2071;202;0;
5958;2025.07.09 02:45;-12;20;13.4375;14.375;2072;202;0;
5959;2025.07.09 03:00;-12;19.875;13.0625;13.3125;2072;202;0;
5960;2025.07.09 03:15;-12;19.75;12.8125;13;2072;202;0;
5961;2025.07.09 03:30;-12;19.625;12.625;12.75;2072;202;0;
5962;2025.07.09 03:45;-12;19.5;12.625;13;2072;202;0;
5963;2025.07.09 04:00;-12;19.375;12.9375;13.5625;2073;202;0;
5964;2025.07.09 04:15;-12;19.3125;12.875;13.125;2073;202;0;
5965;2025.07.09 04:30;-12;19.25;13.75;14.75;2074;202;0;
5966;2025.07.09 04:45;-12;19.125;13.375;13.75;2074;202;0;
5967;2025.07.09 05:00;-12;19.0625;13.3125;13.75;2074;202;0;
5968;2025.07.09 05:15;-12;19;13.625;14.375;2075;202;0;
5969;2025.07.09 05:30;-12;18.875;13.9375;14.8125;2075;202;0;
5970;2025.07.09 05:45;-12;18.8125;13.75;14.375;2075;202;0;
5971;2025.07.09 06:00;-12;18.75;13.3125;13.75;2075;202;0;
5972;2025.07.09 06:15;-12;18.6875;13.125;13.625;2075;202;0;
5973;2025.07.09 06:30;-12;18.625;13.125;13.75;2075;202;0;
5974;2025.07.09 06:45;-12;18.5;13.4375;14.25;2076;202;0;
5975;2025.07.09 07:00;-12;18.4375;13.625;14.5;2075;202;0;
5976;2025.07.09 07:15;-12;18.375;13.625;14.375;2076;202;0;
5977;2025.07.09 07:30;-12;18.3125;13.875;14.6875;2076;202;0;
5978;2025.07.09 07:45;-12;18.25;14;14.75;2076;202;0;
5979;2025.07.09 08:00;-12;18.25;13.6875;14.3125;2076;202;0;
5980;2025.07.09 08:15;-12;18.125;13.75;14.375;2076;202;0;
5981;2025.07.09 08:30;-12;18.125;13.5;14.125;2076;202;0;
5982;2025.07.09 08:45;-12;18;13;13.25;2075;202;0;
5983;2025.07.09 09:00;-12;18;12.125;12;2075;202;0;
5984;2025.07.09 09:15;-12;17.875;11.5;11.3125;2074;202;0;
5985;2025.07.09 09:30;-12;17.8125;11.125;11.0625;2074;202;0;
5986;2025.07.09 09:45;-12;17.75;11.125;11.25;2074;202;0;
5987;2025.07.09 10:00;-12;17.625;12.5;13.6875;2076;202;0;
5988;2025.07.09 10:15;-12;17.625;13.75;15.8125;2077;202;0;
5989;2025.07.09 10:30;-12;17.5625;15.625;19.0625;2079;202;0;
5990;2025.07.09 10:45;-12;17.625;17.5;20.8125;2082;202;0;
5991;2025.07.09 11:00;-12;17.625;19.25;22.25;2084;202;0;
5992;2025.07.09 11:15;-12;17.8125;21;23;2086;202;0;
5993;2025.07.09 11:30;-12;18;23;24;2089;202;0;
5994;2025.07.09 11:45;-12;18.25;24.5;24.375;2091;202;0;
5995;2025.07.09 12:00;-12;18.625;25.875;25.125;2093;202;0;
5996;2025.07.09 12:15;-12;19;26.9375;25.3125;2094;202;0;
5997;2025.07.09 12:30;-12;19.4375;29;26.9375;2096;202;0;
5998;2025.07.09 12:45;-12;19.9375;30.4375;27.5;2098;202;0;
5999;2025.07.09 13:00;-12;20.5;31.5;28.0625;2100;202;0;
6000;2025.07.09 13:15;-12;21;32.6875;28.625;2102;202;0;
6001;2025.07.09 13:30;-12;21.625;34;29.3125;2104;202;0;
6002;2025.07.09 13:45;-12;22.25;34.75;29.625;2105;202;0;
6003;2025.07.09 14:00;-12;22.8125;36;30.375;2108;202;0;
6004;2025.07.09 14:15;-12;23.4375;36.625;30.6875;2108;202;0;
6005;2025.07.09 14:30;-12;24.125;36.375;30.25;2107;202;0;
6006;2025.07.09 14:45;-12;24.625;32.125;27.25;2099;202;0;
6007;2025.07.09 15:00;-12;24.8125;29.875;26.6875;2094;202;0;
6008;2025.07.09 15:15;-12;24.75;29.4375;26.875;2092;202;0;
6009;2025.07.09 15:30;-12;24.75;33;30;2097;202;0;
6010;2025.07.09 15:45;-12;25;38.625;33.5625;2106;202;0;
6011;2025.07.09 16:00;-12;25.625;37.75;32.25;2104;202;0;
6012;2025.07.09 16:15;-12;26.0625;35.75;30.875;2099;202;0;
6013;2025.07.09 16:30;-12;26.25;32.1875;28.3125;2091;202;0;
6014;2025.07.09 16:45;-12;26.3125;37.1875;33.5;2099;202;0;
6015;2025.07.09 17:00;-12;26.625;37.875;34.5;2100;202;0;
6016;2025.07.09 17:15;-12;27;37.5;34.125;2098;202;0;
6017;2025.07.09 17:30;-12;27.375;36.75;33.625;2096;202;0;
6018;2025.07.09 17:45;-12;27.6875;35.625;33.25;2092;202;0;
6019;2025.07.09 18:00;-12;27.875;34.875;32.5;2089;202;0;
6020;2025.07.09 18:15;-12;28;33.75;32;2085;202;0;
6021;2025.07.09 18:30;-12;28;33.125;31.75;2083;202;0;
6022;2025.07.09 18:45;-12;28;32.625;31.125;2080;202;0;
6023;2025.07.09 19:00;-12;27.875;31.625;30.75;2077;202;0;
6024;2025.07.09 19:15;-12;27.75;30.75;30.5;2074;202;0;
6025;2025.07.09 19:30;-12;27.5;30;30.25;2071;202;0;
6026;2025.07.09 19:45;-12;27.25;28.9375;29.25;2069;202;0;
6027;2025.07.09 20:00;-12;27;28.0625;28.875;2066;202;0;
6028;2025.07.09 20:15;-12;26.75;26.875;27.1875;2064;202;0;
6029;2025.07.09 20:30;-12;26.5;25.125;24.25;2060;202;0;
6030;2025.07.09 20:45;-12;26.25;23.75;22.9375;2058;202;0;
6031;2025.07.09 21:00;-12;25.875;21.8125;20.625;2055;202;0;
6032;2025.07.09 21:15;-12;25.5;19.875;18.3125;2051;202;0;
6033;2025.07.09 21:30;-12;25.1875;18.625;17.625;2049;202;0;
6034;2025.07.09 21:45;-12;24.8125;17.625;16.375;2048;202;0;
6035;2025.07.09 22:00;-12;24.5;16.75;15.625;2046;202;0;
6036;2025.07.09 22:15;-12;24.125;15.75;14.1875;2044;202;0;
6037;2025.07.09 22:30;-12;23.75;14.875;13.375;2043;202;0;
6038;2025.07.09 22:45;-12;23.5;14.375;12.875;2042;202;0;
6039;2025.07.09 23:00;-12;23.125;14;12.875;2042;202;0;
6040;2025.07.09 23:15;-12;22.875;13.625;12.5;2042;202;0;
6041;2025.07.09 23:30;-12;22.625;13.5625;12.75;2042;202;0;
6042;2025.07.09 23:45;-12;22.375;13.75;12.9375;2042;202;0;
6043;2025.07.10 00:00;-12;22.125;14.125;13.4375;2043;202;0;
6044;2025.07.10 00:15;-12;21.9375;14.75;14.1875;2043;202;0;
6045;2025.07.10 00:30;-12;21.75;15.375;15.125;2044;202;0;
6046;2025.07.10 00:45;-12;21.625;15.875;15.8125;2045;202;0;
6047;2025.07.10 01:00;-12;21.5;15.75;15.5;2045;202;0;
6048;2025.07.10 01:15;-12;21.375;16;16.125;2045;202;0;
6049;2025.07.10 01:30;-12;21.25;16.125;15.875;2045;202;0;
6050;2025.07.10 01:45;-12;21.125;16.1875;16.125;2045;202;0;
6051;2025.07.10 02:00;-12;21.0625;16.25;16.25;2045;202;0;
6052;2025.07.10 02:15;-12;21;17;17.6875;2046;202;0;
6053;2025.07.10 02:30;-12;20.875;17.375;18;2047;202;0;
6054;2025.07.10 02:45;-12;20.75;17.125;17.625;2046;202;0;
6055;2025.07.10 03:00;-12;20.6875;16.625;17.25;2045;202;0;
6056;2025.07.10 03:15;-12;20.625;16.625;17.375;2045;202;0;
6057;2025.07.10 03:30;-12;20.5;16.5;17.1875;2045;202;0;
6058;2025.07.10 03:45;-12;20.375;16.25;16.9375;2045;202;0;
6059;2025.07.10 04:00;-12;20.25;16.25;16.875;2044;202;0;
6060;2025.07.10 04:15;-12;20.1875;16.125;16.8125;2044;202;0;
6061;2025.07.10 04:30;-12;20.0625;15.5;16;2043;202;0;
6062;2025.07.10 04:45;-12;20;15;15.5;2043;202;0;
6063;2025.07.10 05:00;-12;19.875;14.5625;14.9375;2042;202;0;
6064;2025.07.10 05:15;-12;19.75;14.75;15.375;2042;202;0;
6065;2025.07.10 05:30;-12;19.625;14.625;15.25;2042;202;0;
6066;2025.07.10 05:45;-12;19.5;14.5;15.125;2042;202;0;
6067;2025.07.10 06:00;-12;19.4375;14.8125;15.6875;2042;202;0;
6068;2025.07.10 06:15;-12;19.375;14.75;15.4375;2042;202;0;
6069;2025.07.10 06:30;-12;19.25;14.75;15.5625;2043;202;0;
6070;2025.07.10 06:45;-12;19.125;14.75;15.5;2043;202;0;
6071;2025.07.10 07:00;-12;19.125;14.375;14.9375;2042;202;0;
6072;2025.07.10 07:15;-12;19;14.3125;15.125;2042;202;0;
6073;2025.07.10 07:30;-12;18.875;14.375;15.25;2042;202;0;
6074;2025.07.10 07:45;-12;18.875;14.4375;15.25;2042;202;0;
6075;2025.07.10 08:00;-12;18.75;14.25;15;2042;202;0;
6076;2025.07.10 08:15;-12;18.6875;14.125;14.75;2042;202;0;
6077;2025.07.10 08:30;-12;18.625;14.0625;14.8125;2042;202;0;
6078;2025.07.10 08:45;-12;18.5;13.9375;14.75;2042;202;0;
6079;2025.07.10 09:00;-12;18.5;14;14.75;2042;202;0;
6080;2025.07.10 09:15;-12;18.375;13.875;14.625;2042;202;0;
6081;2025.07.10 09:30;-12;18.375;13.9375;14.75;2042;202;0;
6082;2025.07.10 09:45;-12;18.25;14.25;15.0625;2042;202;0;
6083;2025.07.10 10:00;-12;18.1875;14.6875;15.75;2043;202;0;
6084;2025.07.10 10:15;-12;18.125;15.125;16.6875;2044;202;0;
6085;2025.07.10 10:30;-12;18.125;16;18.8125;2045;202;0;
6086;2025.07.10 10:45;-12;18.125;17.5;19.8125;2047;202;0;
6087;2025.07.10 11:00;-12;18.1875;18.75;20.4375;2049;202;0;
6088;2025.07.10 11:15;-12;18.25;20.125;21.1875;2051;202;0;
6089;2025.07.10 11:30;-12;18.4375;21.75;22.125;2053;202;0;
6090;2025.07.10 11:45;-12;18.625;23.25;22.75;2055;202;0;
6091;2025.07.10 12:00;-12;18.9375;24;22.875;2056;202;0;
6092;2025.07.10 12:15;-12;19.25;24.875;23.125;2057;202;0;
6093;2025.07.10 12:30;-12;19.625;26.3125;24.25;2060;202;0;
6094;2025.07.10 12:45;-12;20;26.875;24.1875;2060;202;0;
6095;2025.07.10 13:00;-12;20.375;28.25;25.125;2063;202;0;
6096;2025.07.10 13:15;-12;20.875;29.75;26.25;2066;202;0;
6097;2025.07.10 13:30;-12;21.375;30.875;26.6875;2067;202;0;
6098;2025.07.10 13:45;-12;21.875;32.25;27.375;2070;202;0;
6099;2025.07.10 14:00;-12;22.5;32.375;27.125;2070;202;0;
6100;2025.07.10 14:15;-12;23;33.25;28;2071;202;0;
6101;2025.07.10 14:30;-12;23.625;33.25;27.625;2071;202;0;
6102;2025.07.10 14:45;-12;24.125;34.0625;28.5;2072;202;0;
6103;2025.07.10 15:00;-12;24.6875;34.6875;28.875;2072;202;0;
6104;2025.07.10 15:15;-12;25.1875;35.75;29.75;2073;202;0;
6105;2025.07.10 15:30;-12;25.6875;35.9375;29.5;2073;202;0;
6106;2025.07.10 15:45;-12;26.1875;37.0625;30.4375;2074;202;0;
6107;2025.07.10 16:00;-12;26.625;37.125;30.5;2073;202;0;
6108;2025.07.10 16:15;-12;27;37.75;31.125;2072;202;0;
6109;2025.07.10 16:30;-12;27.375;37.5;30.875;2070;202;0;
6110;2025.07.10 16:45;-12;27.625;37.375;31.625;2069;202;0;
6111;2025.07.10 17:00;-12;27.875;36.25;31.5625;2066;202;0;
6112;2025.07.10 17:15;-12;28.125;36.25;32.25;2065;202;0;
6113;2025.07.10 17:30;-12;28.3125;35;30.6875;2060;202;0;
6114;2025.07.10 17:45;-12;28.375;31.125;26.75;2052;202;0;
6115;2025.07.10 18:00;-12;28.3125;30;27.75;2048;202;0;
6116;2025.07.10 18:15;-12;28.0625;27.625;25.25;2043;202;0;
6117;2025.07.10 18:30;-12;27.75;30.3125;29.4375;2045;202;0;
6118;2025.07.10 18:45;-12;27.625;29.25;28;2042;202;0;
6119;2025.07.10 19:00;-12;27.5;29.25;28.4375;2040;202;0;
6120;2025.07.10 19:15;-12;27.25;27.875;27.125;2037;202;0;
6121;2025.07.10 19:30;-12;27.0625;24.875;23.5;2031;202;0;
6122;2025.07.10 19:45;-12;26.75;25.1875;25.8125;2030;202;0;
6123;2025.07.10 20:00;-12;26.375;22.75;22;2026;202;0;
6124;2025.07.10 20:15;-12;26.0625;21;20.375;2022;202;0;
6125;2025.07.10 20:30;-12;25.6875;19.625;19.25;2020;202;0;
6126;2025.07.10 20:45;-12;25.25;18.5625;18;2017;202;0;
6127;2025.07.10 21:00;-12;24.875;17.625;17;2016;202;0;
6128;2025.07.10 21:15;-12;24.5;16.4375;15.5;2014;202;0;
6129;2025.07.10 21:30;-12;24.1875;15.25;14;2012;202;0;
6130;2025.07.10 21:45;-12;23.875;14.625;13.625;2010;202;0;
6131;2025.07.10 22:00;-12;23.5;14;13.125;2010;202;0;
6132;2025.07.10 22:15;-12;23.1875;13.8125;13.125;2009;202;0;
6133;2025.07.10 22:30;-12;22.875;13.5;12.75;2009;202;0;
6134;2025.07.10 22:45;-12;22.625;13.25;12.5;2008;202;0;
6135;2025.07.10 23:00;-12;22.375;12.875;11.875;2008;202;0;
6136;2025.07.10 23:15;-12;22.125;12.375;11;2007;202;0;
6137;2025.07.10 23:30;-12;21.875;12.25;11.4375;2007;202;0;
6138;2025.07.10 23:45;-12;21.625;12.125;11.3125;2007;202;0;
6139;2025.07.11 00:00;-12;21.375;11.625;10.3125;2006;202;0;
6140;2025.07.11 00:15;-12;21.25;11.25;10.125;2006;202;0;
6141;2025.07.11 00:30;-12;21;11.125;10;2006;202;0;
6142;2025.07.11 00:45;-12;20.8125;11;10.125;2006;202;0;
6143;2025.07.11 01:00;-12;20.625;11.25;10.8125;2006;202;0;
6144;2025.07.11 01:15;-12;20.5;11.3125;10.75;2007;202;0;
6145;2025.07.11 01:30;-12;20.25;11.25;10.75;2007;202;0;
6146;2025.07.11 01:45;-12;20.125;11.375;11.125;2007;202;0;
6147;2025.07.11 02:00;-12;20;11.1875;10.625;2007;202;0;
6148;2025.07.11 02:15;-12;19.875;11;10.375;2007;202;0;
6149;2025.07.11 02:30;-12;19.75;10.8125;10.125;2007;202;0;
6150;2025.07.11 02:45;-12;19.625;10.625;10.0625;2007;202;0;
6151;2025.07.11 03:00;-12;19.5;10.5;9.875;2007;202;0;
6152;2025.07.11 03:15;-12;19.375;10.625;10.25;2007;202;0;
6153;2025.07.11 03:30;-12;19.25;10.375;9.75;2007;202;0;
6154;2025.07.11 03:45;-12;19.125;10;9.25;2007;202;0;
6155;2025.07.11 04:00;-12;19;10;9.625;2007;202;0;
6156;2025.07.11 04:15;-12;18.875;10.25;10.125;2007;202;0;
6157;2025.07.11 04:30;-12;18.75;10.875;11.125;2008;202;0;
6158;2025.07.11 04:45;-12;18.625;11.25;11.5;2009;202;0;
6159;2025.07.11 05:00;-12;18.5625;11.375;11.625;2009;202;0;
6160;2025.07.11 05:15;-12;18.5;11.375;11.5;2009;202;0;
6161;2025.07.11 05:30;-12;18.375;11;10.875;2009;202;0;
6162;2025.07.11 05:45;-12;18.375;10.875;11;2009;202;0;
6163;2025.07.11 06:00;-12;18.25;10.75;10.75;2009;202;0;
6164;2025.07.11 06:15;-12;18.125;11;11.3125;2009;202;0;
6165;2025.07.11 06:30;-12;18.125;11;11.25;2010;202;0;
6166;2025.07.11 06:45;-12;18;10.625;10.5;2009;202;0;
6167;2025.07.11 07:00;-12;17.9375;10.5;10.375;2009;202;0;
6168;2025.07.11 07:15;-12;17.875;11.75;12.875;2011;202;0;
6169;2025.07.11 07:30;-12;17.75;12.875;13.875;2012;202;0;
6170;2025.07.11 07:45;-12;17.75;13.3125;14.125;2013;202;0;
6171;2025.07.11 08:00;-12;17.75;13;13.5625;2013;202;0;
6172;2025.07.11 08:15;-12;17.6875;12.875;13.5;2013;202;0;
6173;2025.07.11 08:30;-12;17.625;12.75;13.375;2013;202;0;
6174;2025.07.11 08:45;-12;17.625;12.625;13.125;2013;202;0;
6175;2025.07.11 09:00;-12;17.5625;12.375;12.8125;2012;202;0;
6176;2025.07.11 09:15;-12;17.5;12.5;13.125;2013;202;0;
6177;2025.07.11 09:30;-12;17.5;12.25;12.6875;2013;202;0;
6178;2025.07.11 09:45;-12;17.4375;12.6875;13.5;2013;202;0;
6179;2025.07.11 10:00;-12;17.375;13.375;14.375;2014;202;0;
6180;2025.07.11 10:15;-12;17.375;13.75;15.375;2015;202;0;
6181;2025.07.11 10:30;-12;17.375;15.125;17.875;2017;202;0;
6182;2025.07.11 10:45;-12;17.375;16.625;19.125;2019;202;0;
6183;2025.07.11 11:00;-12;17.5;18;19.9375;2021;202;0;
6184;2025.07.11 11:15;-12;17.625;19.5625;20.875;2023;202;0;
6185;2025.07.11 11:30;-12;17.75;21.0625;21.25;2025;202;0;
6186;2025.07.11 11:45;-12;18;22.875;22.5625;2028;202;0;
6187;2025.07.11 12:00;-12;18.375;24.375;23.125;2031;202;0;
6188;2025.07.11 12:15;-12;18.75;25.625;23.75;2032;202;0;
6189;2025.07.11 12:30;-12;19.125;26.8125;24.3125;2034;202;0;
6190;2025.07.11 12:45;-12;19.5625;28;24.9375;2036;202;0;
6191;2025.07.11 13:00;-12;20.0625;28;24.25;2036;202;0;
6192;2025.07.11 13:15;-12;20.5;29;25.25;2038;202;0;
6193;2025.07.11 13:30;-12;21;29.125;24.875;2039;202;0;
6194;2025.07.11 13:45;-12;21.5;29.625;25;2039;202;0;
6195;2025.07.11 14:00;-12;22;30.875;25.875;2041;202;0;
6196;2025.07.11 14:15;-12;22.5;31.75;26.625;2043;202;0;
6197;2025.07.11 14:30;-12;23.0625;33;27.3125;2045;202;0;
6198;2025.07.11 14:45;-12;23.625;33.125;27.3125;2044;202;0;
6199;2025.07.11 15:00;-12;24.125;34;27.9375;2046;202;0;
6200;2025.07.11 15:15;-12;24.625;33.5;27.8125;2044;202;0;
6201;2025.07.11 15:30;-12;25.125;33.3125;27.3125;2043;202;0;
6202;2025.07.11 15:45;-12;25.4375;33.375;28.25;2042;202;0;
6203;2025.07.11 16:00;-12;25.625;34.125;29.25;2042;202;0;
6204;2025.07.11 16:15;-12;25.9375;37;31;2046;202;0;
6205;2025.07.11 16:30;-12;26.375;37.875;31.25;2046;202;0;
6206;2025.07.11 16:45;-12;26.75;37.375;31.75;2044;202;0;
6207;2025.07.11 17:00;-12;27.125;36.125;31.25;2041;202;0;
6208;2025.07.11 17:15;-12;27.375;34.75;30.5;2038;202;0;
6209;2025.07.11 17:30;-12;27.625;34.125;30.75;2035;202;0;
6210;2025.07.11 17:45;-12;27.75;33.25;30.4375;2032;202;0;
6211;2025.07.11 18:00;-12;27.8125;32.625;30.5;2029;202;0;
6212;2025.07.11 18:15;-12;27.875;31.8125;29.875;2026;202;0;
6213;2025.07.11 18:30;-12;27.875;31;29.25;2023;202;0;
6214;2025.07.11 18:45;-12;27.75;30.6875;29;2021;202;0;
6215;2025.07.11 19:00;-12;27.625;29.75;28.5;2017;202;0;
6216;2025.07.11 19:15;-12;27.4375;27.75;26.625;2013;202;0;
6217;2025.07.11 19:30;-12;27.125;26.75;26.25;2010;202;0;
6218;2025.07.11 19:45;-12;26.875;25.625;25.5;2007;202;0;
6219;2025.07.11 20:00;-12;26.5;24.125;24.75;2004;202;0;
6220;2025.07.11 20:15;-12;26.125;22.625;23.125;2001;202;0;
6221;2025.07.11 20:30;-12;25.8125;21;21.125;1998;202;0;
6222;2025.07.11 20:45;-12;25.4375;19.625;19.3125;1995;202;0;
6223;2025.07.11 21:00;-12;25;18.5;18.0625;1993;202;0;
6224;2025.07.11 21:15;-12;24.625;17.375;16.8125;1990;202;0;
6225;2025.07.11 21:30;-12;24.3125;16.6875;16.25;1989;202;0;
6226;2025.07.11 21:45;-12;24;16;15.5;1988;202;0;
6227;2025.07.11 22:00;-12;23.625;15.375;14.6875;1987;202;0;
6228;2025.07.11 22:15;-12;23.3125;15;14.5;1986;202;0;
6229;2025.07.11 22:30;-12;23;14.875;14.6875;1986;202;0;
6230;2025.07.11 22:45;-12;22.75;14.25;13.625;1985;202;0;
6231;2025.07.11 23:00;-12;22.5;13.375;12.125;1983;202;0;
6232;2025.07.11 23:15;-12;22.25;12.5;11;1982;202;0;
6233;2025.07.11 23:30;-12;22;12;10.875;1981;202;0;
6234;2025.07.11 23:45;-12;21.75;11.75;10.625;1981;202;0;
6235;2025.07.12 00:00;-12;21.5;11.5;10.25;1981;202;0;
6236;2025.07.12 00:15;-12;21.25;11.125;10.125;1980;202;0;
6237;2025.07.12 00:30;-12;21.0625;11;9.9375;1980;202;0;
6238;2025.07.12 00:45;-12;20.875;11.125;10.5;1981;202;0;
6239;2025.07.12 01:00;-12;20.625;11.625;11.375;1981;202;0;
6240;2025.07.12 01:15;-12;20.5;12.375;12.75;1982;202;0;
6241;2025.07.12 01:30;-12;20.375;13.0625;13.5625;1983;202;0;
6242;2025.07.12 01:45;-12;20.1875;13.25;13.5;1983;202;0;
6243;2025.07.12 02:00;-12;20.125;13.625;14.125;1984;202;0;
6244;2025.07.12 02:15;-12;20;13.5;13.875;1984;202;0;
6245;2025.07.12 02:30;-12;19.875;14;14.75;1985;202;0;
6246;2025.07.12 02:45;-12;19.75;14.375;15;1985;202;0;
6247;2025.07.12 03:00;-12;19.6875;14.125;14.5625;1985;202;0;
6248;2025.07.12 03:15;-12;19.625;13.75;14.25;1984;202;0;
6249;2025.07.12 03:30;-12;19.5;13.625;14.125;1984;202;0;
6250;2025.07.12 03:45;-12;19.4375;14.125;14.875;1985;202;0;
6251;2025.07.12 04:00;-12;19.375;14.5;15.25;1985;202;0;
6252;2025.07.12 04:15;-12;19.25;13.625;13.8125;1984;202;0;
6253;2025.07.12 04:30;-12;19.1875;13.4375;13.875;1984;202;0;
6254;2025.07.12 04:45;-12;19.125;13.25;13.75;1984;202;0;
6255;2025.07.12 05:00;-12;19;13.3125;13.9375;1984;202;0;
6256;2025.07.12 05:15;-12;18.9375;14;14.75;1985;202;0;
6257;2025.07.12 05:30;-12;18.875;14.125;14.75;1985;202;0;
6258;2025.07.12 05:45;-12;18.8125;14.125;14.75;1986;202;0;
6259;2025.07.12 06:00;-12;18.75;13.875;14.5;1985;202;0;
6260;2025.07.12 06:15;-12;18.6875;14.0625;14.75;1986;202;0;
6261;2025.07.12 06:30;-12;18.625;13.8125;14.375;1985;202;0;
6262;2025.07.12 06:45;-12;18.5625;13.4375;13.875;1985;202;0;
6263;2025.07.12 07:00;-12;18.5;13.25;13.875;1985;202;0;
6264;2025.07.12 07:15;-12;18.4375;13.375;14;1985;202;0;
6265;2025.07.12 07:30;-12;18.375;13.5;14.125;1985;202;0;
6266;2025.07.12 07:45;-12;18.3125;13.5625;14.1875;1985;202;0;
6267;2025.07.12 08:00;-12;18.25;13.375;13.875;1985;202;0;
6268;2025.07.12 08:15;-12;18.25;13.375;13.875;1985;202;0;
6269;2025.07.12 08:30;-12;18.125;13.375;13.9375;1986;202;0;
6270;2025.07.12 08:45;-12;18.125;13.875;14.75;1986;202;0;
6271;2025.07.12 09:00;-12;18.125;14;14.625;1987;202;0;
6272;2025.07.12 09:15;-12;18;13.875;14.4375;1987;202;0;
6273;2025.07.12 09:30;-12;18;13.75;14.375;1987;202;0;
6274;2025.07.12 09:45;-12;18;13.8125;14.375;1987;202;0;
6275;2025.07.12 10:00;-12;17.9375;13.875;14.6875;1987;202;0;
6276;2025.07.12 10:15;-12;17.875;14.3125;15.875;1988;202;0;
6277;2025.07.12 10:30;-12;17.875;15.5;18.1875;1989;202;0;
6278;2025.07.12 10:45;-12;17.875;17;19.3125;1991;202;0;
6279;2025.07.12 11:00;-12;18;18.375;20.0625;1994;202;0;
6280;2025.07.12 11:15;-12;18.125;19.9375;21;1996;202;0;
6281;2025.07.12 11:30;-12;18.25;21.3125;21.375;1999;202;0;
6282;2025.07.12 11:45;-12;18.5;23;22.375;2001;202;0;
6283;2025.07.12 12:00;-12;18.75;24.125;22.75;2004;202;0;
6284;2025.07.12 12:15;-12;19.125;25.125;23.125;2006;202;0;
6285;2025.07.12 12:30;-12;19.5;26;23.3125;2007;202;0;
6286;2025.07.12 12:45;-12;19.875;27.375;24.5;2009;202;0;
6287;2025.07.12 13:00;-12;20.25;28.5;24.9375;2011;202;0;
6288;2025.07.12 13:15;-12;20.75;29.6875;25.75;2014;202;0;
6289;2025.07.12 13:30;-12;21.25;30.625;26.125;2015;202;0;
6290;2025.07.12 13:45;-12;21.8125;32.3125;27.25;2018;202;0;
6291;2025.07.12 14:00;-12;22.375;32.9375;27.125;2019;202;0;
6292;2025.07.12 14:15;-12;23;33.625;27.625;2021;202;0;
6293;2025.07.12 14:30;-12;23.5625;33.875;27.625;2021;202;0;
6294;2025.07.12 14:45;-12;24.125;34.75;28.375;2022;202;0;
6295;2025.07.12 15:00;-12;24.6875;34.875;28.375;2021;202;0;
6296;2025.07.12 15:15;-12;25.1875;35.375;28.75;2022;202;0;
6297;2025.07.12 15:30;-12;25.6875;36.125;29.25;2022;202;0;
6298;2025.07.12 15:45;-12;26.1875;35.8125;28.875;2021;202;0;
6299;2025.07.12 16:00;-12;26.625;36.125;29.375;2021;202;0;
6300;2025.07.12 16:15;-12;26.9375;33.625;28;2015;202;0;
6301;2025.07.12 16:30;-12;27.125;35.8125;30.25;2017;202;0;
6302;2025.07.12 16:45;-12;27.25;33.875;28.625;2012;202;0;
6303;2025.07.12 17:00;-12;27.375;32.5;29.125;2009;202;0;
6304;2025.07.12 17:15;-12;27.375;32.0625;28.5;2006;202;0;
6305;2025.07.12 17:30;-12;27.375;31.25;28.875;2003;202;0;
6306;2025.07.12 17:45;-12;27.3125;31.3125;28.75;2001;202;0;
6307;2025.07.12 18:00;-12;27.25;30.875;29;1999;202;0;
6308;2025.07.12 18:15;-12;27.25;31;28.3125;1998;202;0;
6309;2025.07.12 18:30;-12;27.25;27.375;24.625;1991;202;0;
6310;2025.07.12 18:45;-12;27;25.25;23.5625;1986;202;0;
6311;2025.07.12 19:00;-12;26.6875;24.5;23.25;1984;202;0;
6312;2025.07.12 19:15;-12;26.375;24;23.1875;1982;202;0;
6313;2025.07.12 19:30;-12;26.0625;22.5625;21.6875;1979;202;0;
6314;2025.07.12 19:45;-12;25.75;21.875;21.625;1977;202;0;
6315;2025.07.12 20:00;-12;25.375;20.75;20.375;1975;202;0;
6316;2025.07.12 20:15;-12;25;20;20;1973;202;0;
6317;2025.07.12 20:30;-12;24.75;19;18.6875;1971;202;0;
6318;2025.07.12 20:45;-12;24.375;18.25;18;1969;202;0;
6319;2025.07.12 21:00;-12;24.0625;17.125;16.375;1968;202;0;
6320;2025.07.12 21:15;-12;23.75;16.375;15.9375;1966;202;0;
6321;2025.07.12 21:30;-12;23.4375;15.25;14;1964;202;0;
6322;2025.07.12 21:45;-12;23.125;14.25;12.875;1963;202;0;
6323;2025.07.12 22:00;-12;22.875;13.75;12.625;1962;202;0;
6324;2025.07.12 22:15;-12;22.5625;13.125;11.6875;1961;202;0;
6325;2025.07.12 22:30;-12;22.3125;12.5;11;1960;202;0;
6326;2025.07.12 22:45;-12;22;12.0625;10.625;1959;202;0;
6327;2025.07.12 23:00;-12;21.75;11.75;10.5;1959;202;0;
6328;2025.07.12 23:15;-12;21.5625;11.5;10.4375;1959;202;0;
6329;2025.07.12 23:30;-12;21.3125;11.3125;10.25;1958;202;0;
6330;2025.07.12 23:45;-12;21.125;11;9.8125;1958;202;0;
6331;2025.07.13 00:00;-12;20.875;10.875;9.875;1958;202;0;
6332;2025.07.13 00:15;-12;20.6875;10.9375;10.25;1958;202;0;
6333;2025.07.13 00:30;-12;20.5;10.75;9.875;1958;202;0;
6334;2025.07.13 00:45;-12;20.375;10.625;9.75;1957;202;0;
6335;2025.07.13 01:00;-12;20.1875;10.3125;9.4375;1957;202;0;
6336;2025.07.13 01:15;-12;20;10.25;9.5;1957;202;0;
6337;2025.07.13 01:30;-12;19.875;10.125;9.4375;1957;202;0;
6338;2025.07.13 01:45;-12;19.6875;10.375;10;1958;202;0;
6339;2025.07.13 02:00;-12;19.5;10.4375;10.125;1958;202;0;
6340;2025.07.13 02:15;-12;19.375;11.25;11.5;1959;202;0;
6341;2025.07.13 02:30;-12;19.25;11.6875;12;1960;202;0;
6342;2025.07.13 02:45;-12;19.1875;11.5625;11.6875;1959;202;0;
6343;2025.07.13 03:00;-12;19.125;12.3125;12.875;1960;202;0;
6344;2025.07.13 03:15;-12;19;12.4375;12.875;1961;202;0;
6345;2025.07.13 03:30;-12;18.9375;12.1875;12.5;1961;202;0;
6346;2025.07.13 03:45;-12;18.875;12.125;12.4375;1960;202;0;
6347;2025.07.13 04:00;-12;18.75;12;12.1875;1960;202;0;
6348;2025.07.13 04:15;-12;18.6875;12.25;12.875;1961;202;0;
6349;2025.07.13 04:30;-12;18.625;12.625;13.375;1961;202;0;
6350;2025.07.13 04:45;-12;18.5;12.5;13;1961;202;0;
6351;2025.07.13 05:00;-12;18.5;12.625;13.25;1962;202;0;
6352;2025.07.13 05:15;-12;18.375;13;13.875;1962;202;0;
6353;2025.07.13 05:30;-12;18.375;13.5625;14.5;1963;202;0;
6354;2025.07.13 05:45;-12;18.3125;13.8125;14.625;1963;202;0;
6355;2025.07.13 06:00;-12;18.25;13.6875;14.375;1963;202;0;
6356;2025.07.13 06:15;-12;18.25;13.5;14.125;1963;202;0;
6357;2025.07.13 06:30;-12;18.1875;13.25;13.75;1963;202;0;
6358;2025.07.13 06:45;-12;18.125;13;13.5;1963;202;0;
6359;2025.07.13 07:00;-12;18.125;12.375;12.5;1962;202;0;
6360;2025.07.13 07:15;-12;18;12.375;12.8125;1962;202;0;
6361;2025.07.13 07:30;-12;18;12.5;13.125;1963;202;0;
6362;2025.07.13 07:45;-12;17.875;12.875;13.4375;1963;202;0;
6363;2025.07.13 08:00;-12;17.875;12.75;13.25;1963;202;0;
6364;2025.07.13 08:15;-12;17.8125;12.9375;13.5;1963;202;0;
6365;2025.07.13 08:30;-12;17.75;12.75;13.25;1963;202;0;
6366;2025.07.13 08:45;-12;17.75;12.75;13.25;1963;202;0;
6367;2025.07.13 09:00;-12;17.6875;12.75;13.1875;1964;202;0;
6368;2025.07.13 09:15;-12;17.625;12.75;13.25;1964;202;0;
6369;2025.07.13 09:30;-12;17.625;13;13.625;1964;202;0;
6370;2025.07.13 09:45;-12;17.5625;13.125;13.6875;1965;202;0;
6371;2025.07.13 10:00;-12;17.5;13.125;13.75;1965;202;0;
6372;2025.07.13 10:15;-12;17.5;13.375;14.875;1965;202;0;
6373;2025.07.13 10:30;-12;17.5;14.625;17.625;1967;202;0;
6374;2025.07.13 10:45;-12;17.5;16.25;18.625;1969;202;0;
6375;2025.07.13 11:00;-12;17.5625;17.5625;19.1875;1972;202;0;
6376;2025.07.13 11:15;-12;17.6875;19.125;20.0625;1974;202;0;
6377;2025.07.13 11:30;-12;17.875;20.375;20.4375;1977;202;0;
6378;2025.07.13 11:45;-12;18.0625;22.125;21.375;1980;202;0;
6379;2025.07.13 12:00;-12;18.375;23.1875;21.625;1982;202;0;
6380;2025.07.13 12:15;-12;18.6875;24.625;22.5;1984;202;0;
6381;2025.07.13 12:30;-12;19.0625;25.8125;23;1987;202;0;
6382;2025.07.13 12:45;-12;19.5;26.25;22.9375;1987;202;0;
6383;2025.07.13 13:00;-12;19.875;27.625;23.75;1990;202;0;
6384;2025.07.13 13:15;-12;20.375;29.1875;25.0625;1993;202;0;
6385;2025.07.13 13:30;-12;20.875;30;25.125;1995;202;0;
6386;2025.07.13 13:45;-12;21.5;31.375;26.3125;1997;202;0;
6387;2025.07.13 14:00;-12;22;32.625;27.125;1999;202;0;
6388;2025.07.13 14:15;-12;22.625;32.75;26.625;1999;202;0;
6389;2025.07.13 14:30;-12;23.25;33.625;27.3125;2001;202;0;
6390;2025.07.13 14:45;-12;23.75;33.6875;27.125;2001;202;0;
6391;2025.07.13 15:00;-12;24.375;33.1875;26.875;2000;202;0;
6392;2025.07.13 15:15;-12;24.875;33.375;27.1875;1999;202;0;
6393;2025.07.13 15:30;-12;25.25;34.125;27.6875;2000;202;0;
6394;2025.07.13 15:45;-12;25.75;34.125;27.875;1999;202;0;
6395;2025.07.13 16:00;-12;26.125;36.1875;29.75;2002;202;0;
6396;2025.07.13 16:15;-12;26.5;37.625;30.875;2003;202;0;
6397;2025.07.13 16:30;-12;26.875;35.125;28.625;1997;202;0;
6398;2025.07.13 16:45;-12;27.125;34;28.9375;1993;202;0;
6399;2025.07.13 17:00;-12;27.25;32.4375;29;1990;202;0;
6400;2025.07.13 17:15;-12;27.25;30.9375;26.875;1985;202;0;
6401;2025.07.13 17:30;-12;27.25;31.125;28.5625;1984;202;0;
6402;2025.07.13 17:45;-12;27.1875;29.625;26.25;1980;202;0;
6403;2025.07.13 18:00;-12;27.125;25.9375;23.375;1973;202;0;
6404;2025.07.13 18:15;-12;26.875;24.75;23.5;1969;202;0;
6405;2025.07.13 18:30;-12;26.5;27.875;28;1973;202;0;
6406;2025.07.13 18:45;-12;26.375;30.625;29.625;1976;202;0;
6407;2025.07.13 19:00;-12;26.375;28.875;26.4375;1972;202;0;
6408;2025.07.13 19:15;-12;26.3125;25.5;23.4375;1966;202;0;
6409;2025.07.13 19:30;-12;26.125;23.25;21.875;1961;202;0;
6410;2025.07.13 19:45;-12;25.8125;21.75;20.5;1958;202;0;
6411;2025.07.13 20:00;-12;25.5;20.6875;20.125;1956;202;0;
6412;2025.07.13 20:15;-12;25.125;19.5;18.6875;1953;202;0;
6413;2025.07.13 20:30;-12;24.75;18.25;16.75;1951;202;0;
6414;2025.07.13 20:45;-12;24.4375;17.4375;16.25;1950;202;0;
6415;2025.07.13 21:00;-12;24.125;17;16.25;1948;202;0;
6416;2025.07.13 21:15;-12;23.75;15.875;14.625;1946;202;0;
6417;2025.07.13 21:30;-12;23.5;14.6875;13.125;1945;202;0;
6418;2025.07.13 21:45;-12;23.125;14.25;13.1875;1943;202;0;
6419;2025.07.13 22:00;-12;22.875;13.5;12;1942;202;0;
6420;2025.07.13 22:15;-12;22.5625;12.875;11.5625;1941;202;0;
6421;2025.07.13 22:30;-12;22.25;12.6875;11.5625;1941;202;0;
6422;2025.07.13 22:45;-12;22;12.4375;11.5;1940;202;0;
6423;2025.07.13 23:00;-12;21.75;12.3125;11.5;1940;202;0;
6424;2025.07.13 23:15;-12;21.5;12;11;1940;202;0;
6425;2025.07.13 23:30;-12;21.3125;11.75;10.875;1939;202;0;
6426;2025.07.13 23:45;-12;21.125;11.625;10.8125;1939;202;0;
6427;2025.07.14 00:00;-12;20.875;11.5;10.75;1939;202;0;
6428;2025.07.14 00:15;-12;20.75;11.75;11.5;1939;202;0;
6429;2025.07.14 00:30;-12;20.5;12.25;12.3125;1940;202;0;
6430;2025.07.14 00:45;-12;20.375;12.3125;12.25;1940;202;0;
6431;2025.07.14 01:00;-12;20.25;12.0625;11.875;1940;202;0;
6432;2025.07.14 01:15;-12;20.125;12.3125;12.375;1940;202;0;
6433;2025.07.14 01:30;-12;20;12.75;13;1941;202;0;
6434;2025.07.14 01:45;-12;19.875;12.6875;12.75;1941;202;0;
6435;2025.07.14 02:00;-12;19.75;12.375;12.375;1940;202;0;
6436;2025.07.14 02:15;-12;19.625;12.625;12.9375;1941;202;0;
6437;2025.07.14 02:30;-12;19.5;12.3125;12.25;1940;202;0;
6438;2025.07.14 02:45;-12;19.375;11.9375;11.875;1940;202;0;
6439;2025.07.14 03:00;-12;19.3125;11.875;12;1940;202;0;
6440;2025.07.14 03:15;-12;19.1875;12.0625;12.625;1940;202;0;
6441;2025.07.14 03:30;-12;19.125;12.5625;13.25;1941;202;0;
6442;2025.07.14 03:45;-12;19;12.5;12.875;1941;202;0;
6443;2025.07.14 04:00;-12;18.875;12.4375;12.75;1941;202;0;
6444;2025.07.14 04:15;-12;18.875;12.125;12.1875;1941;202;0;
6445;2025.07.14 04:30;-12;18.75;11.625;11.5625;1940;202;0;
6446;2025.07.14 04:45;-12;18.625;11.375;11.375;1940;202;0;
6447;2025.07.14 05:00;-12;18.5625;11.4375;11.625;1940;202;0;
6448;2025.07.14 05:15;-12;18.5;11.5625;11.75;1940;202;0;
6449;2025.07.14 05:30;-12;18.375;11.3125;11.4375;1940;202;0;
6450;2025.07.14 05:45;-12;18.3125;11.5;11.75;1941;202;0;
6451;2025.07.14 06:00;-12;18.25;11.4375;11.75;1941;202;0;
6452;2025.07.14 06:15;-12;18.125;11.25;11.4375;1941;202;0;
6453;2025.07.14 06:30;-12;18.0625;11.5;11.8125;1941;202;0;
6454;2025.07.14 06:45;-12;18;11.625;12;1941;202;0;
6455;2025.07.14 07:00;-12;17.9375;11.6875;12.0625;1941;202;0;
6456;2025.07.14 07:15;-12;17.875;11.25;11.375;1941;202;0;
6457;2025.07.14 07:30;-12;17.8125;10.75;10.6875;1941;202;0;
6458;2025.07.14 07:45;-12;17.75;10.375;10.375;1940;202;0;
6459;2025.07.14 08:00;-12;17.625;9.8125;9.5;1940;202;0;
6460;2025.07.14 08:15;-12;17.5625;9.375;9.125;1939;202;0;
6461;2025.07.14 08:30;-12;17.5;9.875;10;1940;202;0;
6462;2025.07.14 08:45;-12;17.375;9.75;9.75;1940;202;0;
6463;2025.07.14 09:00;-12;17.3125;10;10.375;1940;202;0;
6464;2025.07.14 09:15;-12;17.25;10.3125;10.6875;1941;202;0;
6465;2025.07.14 09:30;-12;17.125;11;11.625;1942;202;0;
6466;2025.07.14 09:45;-12;17.125;12;12.5;1944;202;0;
6467;2025.07.14 10:00;-12;17.125;12.9375;13.5;1945;202;0;
6468;2025.07.14 10:15;-12;17.125;14.375;15.875;1948;202;0;
6469;2025.07.14 10:30;-12;17.1875;16.5;19.375;1951;202;0;
6470;2025.07.14 10:45;-12;17.25;18.5;20.75;1953;202;0;
6471;2025.07.14 11:00;-12;17.5;19.625;21.75;1955;202;0;
6472;2025.07.14 11:15;-12;17.625;20.9375;22.25;1958;202;0;
6473;2025.07.14 11:30;-12;17.875;22.25;22.6875;1960;202;0;
6474;2025.07.14 11:45;-12;18.125;23.75;23.125;1963;202;0;
6475;2025.07.14 12:00;-12;18.5;25.3125;24.25;1965;202;0;
6476;2025.07.14 12:15;-12;18.875;26.875;25;1968;202;0;
6477;2025.07.14 12:30;-12;19.25;28.1875;25.625;1970;202;0;
6478;2025.07.14 12:45;-12;19.75;29.25;26.125;1972;202;0;
6479;2025.07.14 13:00;-12;20.25;29.875;26;1973;202;0;
6480;2025.07.14 13:15;-12;20.75;30.9375;26.875;1976;202;0;
6481;2025.07.14 13:30;-12;21.25;30;26;1974;202;0;
6482;2025.07.14 13:45;-12;21.6875;28.8125;25.75;1971;202;0;
6483;2025.07.14 14:00;-12;22;28.25;25.75;1969;202;0;
6484;2025.07.14 14:15;-12;22.1875;29.375;27.1875;1971;202;0;
6485;2025.07.14 14:30;-12;22.4375;30.6875;27.5;1972;202;0;
6486;2025.07.14 14:45;-12;22.75;33.5;30;1977;202;0;
6487;2025.07.14 15:00;-12;23.25;33.25;29.875;1976;202;0;
6488;2025.07.14 15:15;-12;23.625;31.0625;27.625;1971;202;0;
6489;2025.07.14 15:30;-12;23.875;31.375;27.25;1971;202;0;
6490;2025.07.14 15:45;-12;24.1875;36.75;32.375;1981;202;0;
6491;2025.07.14 16:00;-12;24.75;33.1875;28.5;1973;202;0;
6492;2025.07.14 16:15;-12;25;37.625;33.375;1980;202;0;
6493;2025.07.14 16:30;-12;25.5;35.875;31.125;1976;202;0;
6494;2025.07.14 16:45;-12;25.8125;33.25;29.25;1970;202;0;
6495;2025.07.14 17:00;-12;25.875;32;29;1967;202;0;
6496;2025.07.14 17:15;-12;25.9375;30.125;27.125;1962;202;0;
6497;2025.07.14 17:30;-12;25.875;28.625;26.125;1959;202;0;
6498;2025.07.14 17:45;-12;25.75;28.5;26.5625;1957;202;0;
6499;2025.07.14 18:00;-12;25.6875;27.5625;25.625;1955;202;0;
6500;2025.07.14 18:15;-12;25.5625;26.75;25.125;1952;202;0;
6501;2025.07.14 18:30;-12;25.375;27.75;27.3125;1953;202;0;
6502;2025.07.14 18:45;-12;25.3125;27.5;25.625;1952;202;0;
6503;2025.07.14 19:00;-12;25.25;26.25;25.25;1949;202;0;
6504;2025.07.14 19:15;-12;25.125;26.25;26.4375;1948;202;0;
6505;2025.07.14 19:30;-12;25;25.875;25.9375;1947;202;0;
6506;2025.07.14 19:45;-12;24.8125;25.25;25.875;1945;202;0;
6507;2025.07.14 20:00;-12;24.625;23.75;24.125;1941;202;0;
6508;2025.07.14 20:15;-12;24.4375;21.625;22.1875;1938;202;0;
6509;2025.07.14 20:30;-12;24.1875;20.375;20.9375;1935;202;0;
6510;2025.07.14 20:45;-12;23.875;19.1875;19.1875;1933;202;0;
6511;2025.07.14 21:00;-12;23.625;17.625;17;1930;202;0;
6512;2025.07.14 21:15;-12;23.3125;16.25;15.5;1928;202;0;
6513;2025.07.14 21:30;-12;23;14.75;13.375;1926;202;0;
6514;2025.07.14 21:45;-12;22.6875;13.5625;12;1924;202;0;
6515;2025.07.14 22:00;-12;22.375;12.9375;11.375;1923;202;0;
6516;2025.07.14 22:15;-12;22.125;13;11.75;1923;202;0;
6517;2025.07.14 22:30;-12;21.8125;13.125;12.0625;1923;202;0;
6518;2025.07.14 22:45;-12;21.625;12.9375;11.9375;1922;202;0;
6519;2025.07.14 23:00;-12;21.375;12.625;11.6875;1922;202;0;
6520;2025.07.14 23:15;-12;21.125;12.125;11;1921;202;0;
6521;2025.07.14 23:30;-12;20.9375;11.75;10.75;1920;202;0;
6522;2025.07.14 23:45;-12;20.75;11;9.625;1919;202;0;
6523;2025.07.15 00:00;-12;20.5;10.5;9.1875;1919;202;0;
6524;2025.07.15 00:15;-12;20.375;10.375;9.1875;1918;202;0;
6525;2025.07.15 00:30;-12;20.125;10.3125;9.125;1918;202;0;
6526;2025.07.15 00:45;-12;20;10;8.8125;1918;202;0;
6527;2025.07.15 01:00;-12;19.75;9.6875;8.5;1917;202;0;
6528;2025.07.15 01:15;-12;19.625;9.5;8.5;1917;202;0;
6529;2025.07.15 01:30;-12;19.4375;9.25;8.3125;1917;202;0;
6530;2025.07.15 01:45;-12;19.25;9;8;1917;202;0;
6531;2025.07.15 02:00;-12;19.125;8.8125;7.75;1916;202;0;
6532;2025.07.15 02:15;-12;19;8.75;7.875;1916;202;0;
6533;2025.07.15 02:30;-12;18.8125;8.5;7.5;1916;202;0;
6534;2025.07.15 02:45;-12;18.625;8.25;7.25;1916;202;0;
6535;2025.07.15 03:00;-12;18.5;8.125;7.25;1916;202;0;
6536;2025.07.15 03:15;-12;18.375;7.875;6.75;1915;202;0;
6537;2025.07.15 03:30;-12;18.25;7.75;7;1915;202;0;
6538;2025.07.15 03:45;-12;18.125;7.625;6.875;1915;202;0;
6539;2025.07.15 04:00;-12;18;7.625;6.75;1915;202;0;
6540;2025.07.15 04:15;-12;17.875;7.625;6.875;1915;202;0;
6541;2025.07.15 04:30;-12;17.75;7.875;7.5625;1916;202;0;
6542;2025.07.15 04:45;-12;17.625;7.875;7.25;1916;202;0;
6543;2025.07.15 05:00;-12;17.5;7.5;6.5;1916;202;0;
6544;2025.07.15 05:15;-12;17.375;7.25;6.3125;1916;202;0;
6545;2025.07.15 05:30;-12;17.3125;7.375;6.875;1916;202;0;
6546;2025.07.15 05:45;-12;17.25;7.375;6.625;1916;202;0;
6547;2025.07.15 06:00;-12;17.125;7.25;6.5;1916;202;0;
6548;2025.07.15 06:15;-12;17;7.5;7.125;1916;202;0;
6549;2025.07.15 06:30;-12;16.875;7.5;7.125;1916;202;0;
6550;2025.07.15 06:45;-12;16.875;7.5;6.875;1917;202;0;
6551;2025.07.15 07:00;-12;16.75;7.75;7.625;1917;202;0;
6552;2025.07.15 07:15;-12;16.6875;7.625;7;1917;202;0;
6553;2025.07.15 07:30;-12;16.625;7.375;6.9375;1917;202;0;
6554;2025.07.15 07:45;-12;16.5;7.3125;6.875;1917;202;0;
6555;2025.07.15 08:00;-12;16.5;7;6.5;1917;202;0;
6556;2025.07.15 08:15;-12;16.375;7.0625;6.625;1917;202;0;
6557;2025.07.15 08:30;-12;16.3125;7;6.4375;1917;202;0;
6558;2025.07.15 08:45;-12;16.25;7;6.5;1917;202;0;
6559;2025.07.15 09:00;-12;16.125;7.125;6.875;1917;202;0;
6560;2025.07.15 09:15;-12;16.125;6.9375;6.625;1917;202;0;
6561;2025.07.15 09:30;-12;16;6.875;6.625;1917;202;0;
6562;2025.07.15 09:45;-12;15.9375;7.125;7;1918;202;0;
6563;2025.07.15 10:00;-12;15.875;7.875;8.1875;1919;202;0;
6564;2025.07.15 10:15;-12;15.875;9.125;10.5;1921;202;0;
6565;2025.07.15 10:30;-12;15.875;11.625;15.5;1925;202;0;
6566;2025.07.15 10:45;-12;15.875;14.5625;18.125;1929;202;0;
6567;2025.07.15 11:00;-12;16;17.25;20.0625;1933;202;0;
6568;2025.07.15 11:15;-12;16.1875;19.5;21.125;1937;202;0;
6569;2025.07.15 11:30;-12;16.4375;22;23.125;1941;202;0;
6570;2025.07.15 11:45;-12;16.75;24;23.8125;1944;202;0;
6571;2025.07.15 12:00;-12;17.125;25.75;24.8125;1948;202;0;
6572;2025.07.15 12:15;-12;17.625;26.6875;24.875;1949;202;0;
6573;2025.07.15 12:30;-12;18.125;28.375;26;1952;202;0;
6574;2025.07.15 12:45;-12;18.625;29.8125;26.8125;1955;202;0;
6575;2025.07.15 13:00;-12;19.1875;31;27.375;1957;202;0;
6576;2025.07.15 13:15;-12;19.75;32.1875;28.125;1959;202;0;
6577;2025.07.15 13:30;-12;20.375;33.8125;29.1875;1962;202;0;
6578;2025.07.15 13:45;-12;21;34.375;29.125;1963;202;0;
6579;2025.07.15 14:00;-12;21.75;34.5;28.75;1964;202;0;
6580;2025.07.15 14:15;-12;22.375;36;29.75;1966;202;0;
6581;2025.07.15 14:30;-12;23;35.875;29.625;1965;202;0;
6582;2025.07.15 14:45;-12;23.625;35.8125;30;1965;202;0;
6583;2025.07.15 15:00;-12;24.125;36.5;30.25;1965;202;0;
6584;2025.07.15 15:15;-12;24.625;37.625;31.5;1967;202;0;
6585;2025.07.15 15:30;-12;25.0625;34.875;29.5625;1960;202;0;
6586;2025.07.15 15:45;-12;25.3125;34.75;30.125;1959;202;0;
6587;2025.07.15 16:00;-12;25.5;31.9375;28.25;1952;202;0;
6588;2025.07.15 16:15;-12;25.4375;31.0625;28;1949;202;0;
6589;2025.07.15 16:30;-12;25.375;31;28.5;1948;202;0;
6590;2025.07.15 16:45;-12;25.375;31.4375;28.625;1947;202;0;
6591;2025.07.15 17:00;-12;25.375;30.25;27.9375;1943;202;0;
6592;2025.07.15 17:15;-12;25.25;30.75;29.375;1944;202;0;
6593;2025.07.15 17:30;-12;25.25;29.5;27.5;1940;202;0;
6594;2025.07.15 17:45;-12;25.25;31;29.375;1942;202;0;
6595;2025.07.15 18:00;-12;25.25;30.1875;28.625;1940;202;0;
6596;2025.07.15 18:15;-12;25.3125;29.75;28.5;1938;202;0;
6597;2025.07.15 18:30;-12;25.25;29.3125;28.1875;1937;202;0;
6598;2025.07.15 18:45;-12;25.25;29.5;28.6875;1936;202;0;
6599;2025.07.15 19:00;-12;25.25;31.0625;30.5;1937;202;0;
6600;2025.07.15 19:15;-12;25.25;30.8125;30.125;1936;202;0;
6601;2025.07.15 19:30;-12;25.25;27.125;25.25;1929;202;0;
6602;2025.07.15 19:45;-12;25.1875;24.75;23.625;1925;202;0;
6603;2025.07.15 20:00;-12;24.9375;24.625;25.625;1924;202;0;
6604;2025.07.15 20:15;-12;24.75;24;25.1875;1922;202;0;
6605;2025.07.15 20:30;-12;24.5;22.4375;22.875;1919;202;0;
6606;2025.07.15 20:45;-12;24.25;20.5625;19.9375;1916;202;0;
6607;2025.07.15 21:00;-12;23.9375;18.75;17.625;1913;202;0;
6608;2025.07.15 21:15;-12;23.625;17;15.4375;1910;202;0;
6609;2025.07.15 21:30;-12;23.3125;15.9375;14.625;1908;202;0;
6610;2025.07.15 21:45;-12;23;15.375;14.625;1907;202;0;
6611;2025.07.15 22:00;-12;22.6875;14.375;13.3125;1905;202;0;
6612;2025.07.15 22:15;-12;22.375;14;13.5;1904;202;0;
6613;2025.07.15 22:30;-12;22.125;13.375;12.5625;1903;202;0;
6614;2025.07.15 22:45;-12;21.8125;12.875;12;1902;202;0;
6615;2025.07.15 23:00;-12;21.5625;12.3125;11.375;1901;202;0;
6616;2025.07.15 23:15;-12;21.3125;12.1875;11.6875;1901;202;0;
6617;2025.07.15 23:30;-12;21.125;12.125;11.5;1901;202;0;
6618;2025.07.15 23:45;-12;20.875;11.8125;11.3125;1900;202;0;
6619;2025.07.16 00:00;-12;20.625;11.5625;11;1900;202;0;
6620;2025.07.16 00:15;-12;20.5;11.25;10.875;1899;202;0;
6621;2025.07.16 00:30;-12;20.25;11.625;11.6875;1899;202;0;
6622;2025.07.16 00:45;-12;20.125;11.4375;11.125;1899;202;0;
6623;2025.07.16 01:00;-12;19.9375;11.625;11.625;1899;202;0;
6624;2025.07.16 01:15;-12;19.75;11.625;11.5;1899;202;0;
6625;2025.07.16 01:30;-12;19.625;11.875;12.125;1900;202;0;
6626;2025.07.16 01:45;-12;19.5;12;12.125;1900;202;0;
6627;2025.07.16 02:00;-12;19.375;11.625;11.5625;1899;202;0;
6628;2025.07.16 02:15;-12;19.25;11.75;11.875;1900;202;0;
6629;2025.07.16 02:30;-12;19.125;11.125;10.75;1899;202;0;
6630;2025.07.16 02:45;-12;19;11.125;11.125;1899;202;0;
6631;2025.07.16 03:00;-12;18.875;11.25;11.5;1899;202;0;
6632;2025.07.16 03:15;-12;18.75;11.5;11.8125;1900;202;0;
6633;2025.07.16 03:30;-12;18.6875;11.5625;11.875;1900;202;0;
6634;2025.07.16 03:45;-12;18.625;11.375;11.625;1899;202;0;
6635;2025.07.16 04:00;-12;18.5;11.625;12.25;1900;202;0;
6636;2025.07.16 04:15;-12;18.375;12.1875;13;1901;202;0;
6637;2025.07.16 04:30;-12;18.3125;12.625;13.5625;1901;202;0;
6638;2025.07.16 04:45;-12;18.25;12.25;12.875;1901;202;0;
6639;2025.07.16 05:00;-12;18.1875;12;12.375;1901;202;0;
6640;2025.07.16 05:15;-12;18.125;11.875;12.5;1900;202;0;
6641;2025.07.16 05:30;-12;18;11.625;12;1900;202;0;
6642;2025.07.16 05:45;-12;18;11.375;11.75;1900;202;0;
6643;2025.07.16 06:00;-12;17.875;11.875;12.8125;1901;202;0;
6644;2025.07.16 06:15;-12;17.8125;11.9375;12.5;1901;202;0;
6645;2025.07.16 06:30;-12;17.75;11.75;12.125;1901;202;0;
6646;2025.07.16 06:45;-12;17.6875;11.25;11.5;1900;202;0;
6647;2025.07.16 07:00;-12;17.625;10.8125;11;1900;202;0;
6648;2025.07.16 07:15;-12;17.5;10.625;10.9375;1900;202;0;
6649;2025.07.16 07:30;-12;17.4375;11.375;12.375;1901;202;0;
6650;2025.07.16 07:45;-12;17.375;11.875;12.625;1901;202;0;
6651;2025.07.16 08:00;-12;17.3125;10.875;11;1900;202;0;
6652;2025.07.16 08:15;-12;17.25;10.375;10.5;1900;202;0;
6653;2025.07.16 08:30;-12;17.1875;10.125;10.375;1899;202;0;
6654;2025.07.16 08:45;-12;17.125;9.75;9.9375;1899;202;0;
6655;2025.07.16 09:00;-12;17;9.9375;10.4375;1899;202;0;
6656;2025.07.16 09:15;-12;16.9375;10;10.5;1899;202;0;
6657;2025.07.16 09:30;-12;16.875;9.9375;10.375;1899;202;0;
6658;2025.07.16 09:45;-12;16.8125;10;10.5;1900;202;0;
6659;2025.07.16 10:00;-12;16.75;10.375;11.25;1900;202;0;
6660;2025.07.16 10:15;-12;16.6875;11.4375;13.5;1902;202;0;
6661;2025.07.16 10:30;-12;16.6875;13.9375;18.25;1905;202;0;
6662;2025.07.16 10:45;-12;16.75;16.5;20.6875;1909;202;0;
6663;2025.07.16 11:00;-12;16.8125;18.75;22.1875;1913;202;0;
6664;2025.07.16 11:15;-12;17;21;23.5;1916;202;0;
6665;2025.07.16 11:30;-12;17.1875;23.125;24.5625;1920;202;0;
6666;2025.07.16 11:45;-12;17.5;25.125;25.3125;1923;202;0;
6667;2025.07.16 12:00;-12;17.875;26.75;25.9375;1927;202;0;
6668;2025.07.16 12:15;-12;18.3125;28.25;26.375;1929;202;0;
6669;2025.07.16 12:30;-12;18.8125;29.875;27.5;1932;202;0;
6670;2025.07.16 12:45;-12;19.3125;31.5625;28.625;1935;202;0;
6671;2025.07.16 13:00;-12;19.875;33;29.375;1937;202;0;
6672;2025.07.16 13:15;-12;20.5;34;29.625;1939;202;0;
6673;2025.07.16 13:30;-12;21.125;35.625;30.75;1942;202;0;
6674;2025.07.16 13:45;-12;21.75;36.875;31.375;1945;202;0;
6675;2025.07.16 14:00;-12;22.5;37.625;31.5625;1946;202;0;
6676;2025.07.16 14:15;-12;23.125;38.25;31.75;1947;202;0;
6677;2025.07.16 14:30;-12;23.8125;38.75;32;1947;202;0;
6678;2025.07.16 14:45;-12;24.5;39.625;32.625;1949;202;0;
6679;2025.07.16 15:00;-12;25.125;40.875;33.8125;1950;202;0;
6680;2025.07.16 15:15;-12;25.75;41.25;34.0625;1950;202;0;
6681;2025.07.16 15:30;-12;26.3125;41.5;33.9375;1950;202;0;
6682;2025.07.16 15:45;-12;26.875;41.25;33.875;1948;202;0;
6683;2025.07.16 16:00;-12;27.3125;41.75;34.375;1948;202;0;
6684;2025.07.16 16:15;-12;27.75;41.75;34.625;1946;202;0;
6685;2025.07.16 16:30;-12;28;41.4375;34.6875;1943;202;0;
6686;2025.07.16 16:45;-12;28.25;40.625;34.875;1940;202;0;
6687;2025.07.16 17:00;-12;28.5;39.25;34.5;1937;202;0;
6688;2025.07.16 17:15;-12;28.625;38.125;33.8125;1933;202;0;
6689;2025.07.16 17:30;-12;28.75;36.9375;33.5625;1928;202;0;
6690;2025.07.16 17:45;-12;28.8125;36.125;33.25;1925;202;0;
6691;2025.07.16 18:00;-12;28.875;35.4375;32.875;1922;202;0;
6692;2025.07.16 18:15;-12;28.875;34.5;32.9375;1919;202;0;
6693;2025.07.16 18:30;-12;28.8125;34.0625;32.5;1917;202;0;
6694;2025.07.16 18:45;-12;28.75;33.4375;32;1914;202;0;
6695;2025.07.16 19:00;-12;28.5625;32.625;31.25;1910;202;0;
6696;2025.07.16 19:15;-12;28.375;31.25;30.5;1906;202;0;
6697;2025.07.16 19:30;-12;28.0625;30;29.5;1902;202;0;
6698;2025.07.16 19:45;-12;27.75;28.5;28.625;1898;202;0;
6699;2025.07.16 20:00;-12;27.375;26.625;27.375;1894;202;0;
6700;2025.07.16 20:15;-12;27.0625;24.75;25.875;1889;202;0;
6701;2025.07.16 20:30;-12;26.6875;23;23.625;1886;202;0;
6702;2025.07.16 20:45;-12;26.25;21.0625;20.8125;1882;202;0;
6703;2025.07.16 21:00;-12;25.875;19.125;18.25;1878;202;0;
6704;2025.07.16 21:15;-12;25.5;17.3125;15.875;1875;202;0;
6705;2025.07.16 21:30;-12;25.0625;15.5625;13.375;1872;202;0;
6706;2025.07.16 21:45;-12;24.625;14.375;12.125;1870;202;0;
6707;2025.07.16 22:00;-12;24.25;13.8125;12.375;1868;202;0;
6708;2025.07.16 22:15;-12;23.875;13.125;11.5;1867;202;0;
6709;2025.07.16 22:30;-12;23.5;12.75;11.25;1866;202;0;
6710;2025.07.16 22:45;-12;23.125;12.375;11;1865;202;0;
6711;2025.07.16 23:00;-12;22.875;12.125;11;1864;202;0;
6712;2025.07.16 23:15;-12;22.5625;12.125;11.125;1864;202;0;
6713;2025.07.16 23:30;-12;22.25;11.75;10.5625;1864;202;0;
6714;2025.07.16 23:45;-12;22;11.25;9.75;1863;202;0;
6715;2025.07.17 00:00;-12;21.75;10.9375;9.75;1862;202;0;
6716;2025.07.17 00:15;-12;21.5;12;12.25;1863;202;0;
6717;2025.07.17 00:30;-12;21.3125;12.4375;12.5;1864;202;0;
6718;2025.07.17 00:45;-12;21.125;11.875;11.1875;1863;202;0;
6719;2025.07.17 01:00;-12;21;11.125;10.125;1862;202;0;
6720;2025.07.17 01:15;-12;20.75;10.375;9.125;1861;202;0;
6721;2025.07.17 01:30;-12;20.625;10;8.875;1860;202;0;
6722;2025.07.17 01:45;-12;20.375;10;9.375;1860;202;0;
6723;2025.07.17 02:00;-12;20.25;9.9375;9.375;1860;202;0;
6724;2025.07.17 02:15;-12;20;9.75;9;1860;202;0;
6725;2025.07.17 02:30;-12;19.875;9.6875;8.9375;1860;202;0;
6726;2025.07.17 02:45;-12;19.75;9.5625;8.875;1860;202;0;
6727;2025.07.17 03:00;-12;19.5625;9.875;9.75;1860;202;0;
6728;2025.07.17 03:15;-12;19.4375;9.75;9.25;1860;202;0;
6729;2025.07.17 03:30;-12;19.3125;9.375;8.5;1859;202;0;
6730;2025.07.17 03:45;-12;19.125;9.125;8.125;1859;202;0;
6731;2025.07.17 04:00;-12;19;9;8.4375;1859;202;0;
6732;2025.07.17 04:15;-12;18.875;10.5;11.625;1861;202;0;
6733;2025.07.17 04:30;-12;18.75;11.5;12.5;1862;202;0;
6734;2025.07.17 04:45;-12;18.6875;12.3125;13.25;1863;202;0;
6735;2025.07.17 05:00;-12;18.625;12.1875;12.625;1863;202;0;
6736;2025.07.17 05:15;-12;18.5625;11.25;11.125;1862;202;0;
6737;2025.07.17 05:30;-12;18.5;10.75;10.75;1862;202;0;
6738;2025.07.17 05:45;-12;18.4375;11.25;12;1862;202;0;
6739;2025.07.17 06:00;-12;18.375;11.5;12.25;1863;202;0;
6740;2025.07.17 06:15;-12;18.25;10.5;10.25;1862;202;0;
6741;2025.07.17 06:30;-12;18.1875;9.5;9.25;1860;202;0;
6742;2025.07.17 06:45;-12;18.125;10.75;11.625;1862;202;0;
6743;2025.07.17 07:00;-12;18;11;11.6875;1862;202;0;
6744;2025.07.17 07:15;-12;17.9375;11;11.625;1863;202;0;
6745;2025.07.17 07:30;-12;17.875;10.8125;11.125;1862;202;0;
6746;2025.07.17 07:45;-12;17.8125;10.375;10.625;1862;202;0;
6747;2025.07.17 08:00;-12;17.75;11.125;12;1863;202;0;
6748;2025.07.17 08:15;-12;17.6875;11.375;11.875;1863;202;0;
6749;2025.07.17 08:30;-12;17.625;11.0625;11.5;1863;202;0;
6750;2025.07.17 08:45;-12;17.5625;12.25;13.4375;1865;202;0;
6751;2025.07.17 09:00;-12;17.5;12.625;13.5;1865;202;0;
6752;2025.07.17 09:15;-12;17.5;12.5;13.5;1865;202;0;
6753;2025.07.17 09:30;-12;17.5;12.8125;13.75;1866;202;0;
6754;2025.07.17 09:45;-12;17.375;12.625;13.25;1866;202;0;
6755;2025.07.17 10:00;-12;17.375;11.9375;12.875;1865;202;0;
6756;2025.07.17 10:15;-12;17.375;12.875;14.875;1866;202;0;
6757;2025.07.17 10:30;-12;17.375;14.9375;18.375;1869;202;0;
6758;2025.07.17 10:45;-12;17.375;16.875;20;1872;202;0;
6759;2025.07.17 11:00;-12;17.4375;18.625;21.125;1875;202;0;
6760;2025.07.17 11:15;-12;17.625;20.5;22.375;1879;202;0;
6761;2025.07.17 11:30;-12;17.75;22.5625;23.5;1882;202;0;
6762;2025.07.17 11:45;-12;18.0625;24.3125;24.25;1886;202;0;
6763;2025.07.17 12:00;-12;18.375;26.25;25.5;1889;202;0;
6764;2025.07.17 12:15;-12;18.75;28;26.125;1892;202;0;
6765;2025.07.17 12:30;-12;19.25;29.1875;26.5;1895;202;0;
6766;2025.07.17 12:45;-12;19.75;30.0625;27;1896;202;0;
6767;2025.07.17 13:00;-12;20.25;31.5;28;1899;202;0;
6768;2025.07.17 13:15;-12;20.8125;32.6875;28.875;1901;202;0;
6769;2025.07.17 13:30;-12;21.375;34.125;29.3125;1904;202;0;
6770;2025.07.17 13:45;-12;22;35.25;29.9375;1906;202;0;
6771;2025.07.17 14:00;-12;22.625;37;31;1909;202;0;
6772;2025.07.17 14:15;-12;23.25;38.125;31.625;1910;202;0;
6773;2025.07.17 14:30;-12;23.9375;38.5;31.5;1911;202;0;
6774;2025.07.17 14:45;-12;24.625;39.0625;31.8125;1912;202;0;
6775;2025.07.17 15:00;-12;25.25;39.75;32.25;1912;202;0;
6776;2025.07.17 15:15;-12;25.875;40.6875;33.3125;1913;202;0;
6777;2025.07.17 15:30;-12;26.375;40.125;32.375;1911;202;0;
6778;2025.07.17 15:45;-12;26.875;40.875;33.4375;1911;202;0;
6779;2025.07.17 16:00;-12;27.375;40.875;33.1875;1910;202;0;
6780;2025.07.17 16:15;-12;27.75;40.3125;32.6875;1907;202;0;
6781;2025.07.17 16:30;-12;28;40.125;33.6875;1905;202;0;
6782;2025.07.17 16:45;-12;28.25;40;34.25;1903;202;0;
6783;2025.07.17 17:00;-12;28.5;38.375;33.4375;1899;202;0;
6784;2025.07.17 17:15;-12;28.625;37.0625;33;1894;202;0;
6785;2025.07.17 17:30;-12;28.75;36.375;33;1891;202;0;
6786;2025.07.17 17:45;-12;28.75;35.75;33.125;1888;202;0;
6787;2025.07.17 18:00;-12;28.8125;35.875;33.625;1886;202;0;
6788;2025.07.17 18:15;-12;28.875;35.125;33.375;1884;202;0;
6789;2025.07.17 18:30;-12;28.875;34.375;32.25;1881;202;0;
6790;2025.07.17 18:45;-12;28.75;33.25;31.5;1877;202;0;
6791;2025.07.17 19:00;-12;28.625;32.375;31.125;1873;202;0;
6792;2025.07.17 19:15;-12;28.375;31.375;30.375;1870;202;0;
6793;2025.07.17 19:30;-12;28.125;30.375;29.75;1867;202;0;
6794;2025.07.17 19:45;-12;27.875;28.875;28.875;1863;202;0;
6795;2025.07.17 20:00;-12;27.625;27.1875;28;1859;202;0;
6796;2025.07.17 20:15;-12;27.25;25.1875;26;1854;202;0;
6797;2025.07.17 20:30;-12;26.875;23.125;23.4375;1850;202;0;
6798;2025.07.17 20:45;-12;26.5;21.125;20.375;1847;202;0;
6799;2025.07.17 21:00;-12;26.125;18.9375;16.9375;1843;202;0;
6800;2025.07.17 21:15;-12;25.75;17.125;15.0625;1839;202;0;
6801;2025.07.17 21:30;-12;25.25;16.125;14.5;1837;202;0;
6802;2025.07.17 21:45;-12;24.875;15.5625;14.75;1836;202;0;
6803;2025.07.17 22:00;-12;24.5;15.625;15.4375;1835;202;0;
6804;2025.07.17 22:15;-12;24.125;14.75;13.625;1833;202;0;
6805;2025.07.17 22:30;-12;23.8125;14.125;13.25;1832;202;0;
6806;2025.07.17 22:45;-12;23.5;13.375;12.125;1831;202;0;
6807;2025.07.17 23:00;-12;23.1875;12.75;11.5;1829;202;0;
6808;2025.07.17 23:15;-12;22.875;12.5;11.875;1829;202;0;
6809;2025.07.17 23:30;-12;22.625;12.9375;13;1829;202;0;
6810;2025.07.17 23:45;-12;22.375;13.875;14.375;1830;202;0;
6811;2025.07.18 00:00;-12;22.125;14.125;14.5;1830;202;0;
6812;2025.07.18 00:15;-12;21.9375;13.8125;13.875;1830;202;0;
6813;2025.07.18 00:30;-12;21.75;13.25;13.125;1829;202;0;
6814;2025.07.18 00:45;-12;21.5625;12.5625;12;1828;202;0;
6815;2025.07.18 01:00;-12;21.375;11.8125;11.125;1826;202;0;
6816;2025.07.18 01:15;-12;21.1875;11.625;11.25;1826;202;0;
6817;2025.07.18 01:30;-12;21;11.625;11.5625;1826;202;0;
6818;2025.07.18 01:45;-12;20.8125;11.25;10.75;1825;202;0;
6819;2025.07.18 02:00;-12;20.625;11.0625;10.75;1825;202;0;
6820;2025.07.18 02:15;-12;20.5;11.3125;11.375;1825;202;0;
6821;2025.07.18 02:30;-12;20.3125;11.375;11.25;1825;202;0;
6822;2025.07.18 02:45;-12;20.125;10.875;10.4375;1824;202;0;
6823;2025.07.18 03:00;-12;20;10.5;10;1824;202;0;
6824;2025.07.18 03:15;-12;19.875;10.375;9.9375;1824;202;0;
6825;2025.07.18 03:30;-12;19.75;10.125;9.75;1824;202;0;
6826;2025.07.18 03:45;-12;19.625;9.875;9.5;1823;202;0;
6827;2025.07.18 04:00;-12;19.5;10.25;10.375;1824;202;0;
6828;2025.07.18 04:15;-12;19.3125;10.25;10.25;1824;202;0;
6829;2025.07.18 04:30;-12;19.25;9.5;8.875;1823;202;0;
6830;2025.07.18 04:45;-12;19.125;9.125;8.875;1822;202;0;
6831;2025.07.18 05:00;-12;19;10.3125;11.25;1824;202;0;
6832;2025.07.18 05:15;-12;18.875;10.75;11.125;1824;202;0;
6833;2025.07.18 05:30;-12;18.75;10;9.8125;1824;202;0;
6834;2025.07.18 05:45;-12;18.625;9.75;9.75;1823;202;0;
6835;2025.07.18 06:00;-12;18.5;9.875;9.875;1823;202;0;
6836;2025.07.18 06:15;-12;18.4375;9.75;9.875;1823;202;0;
6837;2025.07.18 06:30;-12;18.375;9.875;9.875;1824;202;0;
6838;2025.07.18 06:45;-12;18.25;9.75;9.75;1824;202;0;
6839;2025.07.18 07:00;-12;18.1875;9.75;9.8125;1823;202;0;
6840;2025.07.18 07:15;-12;18.125;9.625;9.6875;1823;202;0;
6841;2025.07.18 07:30;-12;18;9.1875;9.25;1823;202;0;
6842;2025.07.18 07:45;-12;17.875;9.0625;9.25;1823;202;0;
6843;2025.07.18 08:00;-12;17.875;9.5;9.9375;1823;202;0;
6844;2025.07.18 08:15;-12;17.75;9.875;10.5;1824;202;0;
6845;2025.07.18 08:30;-12;17.6875;9.6875;10.125;1824;202;0;
6846;2025.07.18 08:45;-12;17.625;9.625;10.125;1824;202;0;
6847;2025.07.18 09:00;-12;17.5;9.875;10.4375;1824;202;0;
6848;2025.07.18 09:15;-12;17.5;10.0625;10.5;1825;202;0;
6849;2025.07.18 09:30;-12;17.375;9.5;9.5;1824;202;0;
6850;2025.07.18 09:45;-12;17.375;9.1875;9.3125;1824;202;0;
6851;2025.07.18 10:00;-12;17.25;9.9375;10.75;1825;202;0;
6852;2025.07.18 10:15;-12;17.25;11.4375;13.5;1827;202;0;
6853;2025.07.18 10:30;-12;17.1875;13.75;18;1831;202;0;
6854;2025.07.18 10:45;-12;17.25;16.5;20.75;1835;202;0;
6855;2025.07.18 11:00;-12;17.375;18.9375;22.875;1839;202;0;
6856;2025.07.18 11:15;-12;17.5;21.25;23.875;1843;202;0;
6857;2025.07.18 11:30;-12;17.75;23.75;25.5;1848;202;0;
6858;2025.07.18 11:45;-12;18.0625;25.5;25.875;1851;202;0;
6859;2025.07.18 12:00;-12;18.4375;26.9375;26.3125;1854;202;0;
6860;2025.07.18 12:15;-12;18.875;28.25;26.625;1857;202;0;
6861;2025.07.18 12:30;-12;19.3125;29.9375;27.625;1859;202;0;
6862;2025.07.18 12:45;-12;19.8125;31.375;28.6875;1862;202;0;
6863;2025.07.18 13:00;-12;20.375;32.25;28.625;1864;202;0;
6864;2025.07.18 13:15;-12;20.9375;33.875;29.5625;1867;202;0;
6865;2025.07.18 13:30;-12;21.5;35.625;30.625;1870;202;0;
6866;2025.07.18 13:45;-12;22.125;36.9375;31.375;1873;202;0;
6867;2025.07.18 14:00;-12;22.875;38.5;32.5;1875;202;0;
6868;2025.07.18 14:15;-12;23.5;39.0625;32.25;1876;202;0;
6869;2025.07.18 14:30;-12;24.25;40.375;33.5;1878;202;0;
6870;2025.07.18 14:45;-12;24.875;40.5625;33.375;1879;202;0;
6871;2025.07.18 15:00;-12;25.5;41.25;33.875;1879;202;0;
6872;2025.07.18 15:15;-12;26.125;41.25;33.5625;1879;202;0;
6873;2025.07.18 15:30;-12;26.75;42;34.5;1879;202;0;
6874;2025.07.18 15:45;-12;27.25;41.875;34.125;1878;202;0;
6875;2025.07.18 16:00;-12;27.6875;41.75;34.5;1876;202;0;
6876;2025.07.18 16:15;-12;28.0625;41.875;34.5625;1875;202;0;
6877;2025.07.18 16:30;-12;28.375;41.25;34.1875;1871;202;0;
6878;2025.07.18 16:45;-12;28.625;40.125;34;1867;202;0;
6879;2025.07.18 17:00;-12;28.75;39;34.375;1864;202;0;
6880;2025.07.18 17:15;-12;28.9375;38.25;34.25;1860;202;0;
6881;2025.07.18 17:30;-12;29;37.5625;33.875;1857;202;0;
6882;2025.07.18 17:45;-12;29.125;36.5;33.625;1853;202;0;
6883;2025.07.18 18:00;-12;29.125;35.5;33.25;1849;202;0;
6884;2025.07.18 18:15;-12;29.125;34.25;32.25;1846;202;0;
6885;2025.07.18 18:30;-12;29.125;33.75;32;1843;202;0;
6886;2025.07.18 18:45;-12;28.9375;33.1875;31.625;1840;202;0;
6887;2025.07.18 19:00;-12;28.75;32.875;31.6875;1838;202;0;
6888;2025.07.18 19:15;-12;28.625;31.625;30.5;1834;202;0;
6889;2025.07.18 19:30;-12;28.375;27.375;25.375;1826;202;0;
6890;2025.07.18 19:45;-12;28;27.25;27.25;1825;202;0;
6891;2025.07.18 20:00;-12;27.625;27;26.875;1823;202;0;
6892;2025.07.18 20:15;-12;27.3125;25.375;25.5;1819;202;0;
6893;2025.07.18 20:30;-12;27;23.5;23;1816;202;0;
6894;2025.07.18 20:45;-12;26.625;21.75;20.875;1812;202;0;
6895;2025.07.18 21:00;-12;26.25;19.875;18.5;1808;202;0;
6896;2025.07.18 21:15;-12;25.875;18.25;16.4375;1805;202;0;
6897;2025.07.18 21:30;-12;25.5;17;15.3125;1802;202;0;
6898;2025.07.18 21:45;-12;25.125;16;14.375;1800;202;0;
6899;2025.07.18 22:00;-12;24.75;15.5;14.375;1799;202;0;
6900;2025.07.18 22:15;-12;24.375;15.125;14.1875;1798;202;0;
6901;2025.07.18 22:30;-12;24.125;15.0625;14.5;1797;202;0;
6902;2025.07.18 22:45;-12;23.75;14.8125;14.375;1797;202;0;
6903;2025.07.18 23:00;-12;23.5;14;13.25;1795;202;0;
6904;2025.07.18 23:15;-12;23.25;13.125;12.25;1793;202;0;
6905;2025.07.18 23:30;-12;22.9375;13.375;13.3125;1793;202;0;
6906;2025.07.18 23:45;-12;22.625;13.25;13.0625;1793;202;0;
6907;2025.07.19 00:00;-12;22.4375;13.125;12.875;1792;202;0;
6908;2025.07.19 00:15;-12;22.1875;12.25;11.6875;1791;202;0;
6909;2025.07.19 00:30;-12;22;12.25;12.125;1791;202;0;
6910;2025.07.19 00:45;-12;21.75;12.25;12.375;1790;202;0;
6911;2025.07.19 01:00;-12;21.5625;11.625;11.25;1790;202;0;
6912;2025.07.19 01:15;-12;21.375;11.375;11;1789;202;0;
6913;2025.07.19 01:30;-12;21.125;11;10.5;1788;202;0;
6914;2025.07.19 01:45;-12;21;10.75;10.375;1788;202;0;
6915;2025.07.19 02:00;-12;20.75;10.5625;10;1788;202;0;
6916;2025.07.19 02:15;-12;20.625;10.125;9.125;1787;202;0;
6917;2025.07.19 02:30;-12;20.4375;9.625;8.625;1786;202;0;
6918;2025.07.19 02:45;-12;20.25;9.3125;8.375;1785;202;0;
6919;2025.07.19 03:00;-12;20.125;8.875;7.6875;1785;202;0;
6920;2025.07.19 03:15;-12;19.875;8.875;7.875;1785;202;0;
6921;2025.07.19 03:30;-12;19.75;8.8125;8.0625;1785;202;0;
6922;2025.07.19 03:45;-12;19.625;8.6875;7.75;1784;202;0;
6923;2025.07.19 04:00;-12;19.4375;8.5;7.625;1784;202;0;
6924;2025.07.19 04:15;-12;19.25;8.375;7.375;1784;202;0;
6925;2025.07.19 04:30;-12;19.125;8.375;7.5625;1784;202;0;
6926;2025.07.19 04:45;-12;19;8.3125;7.625;1784;202;0;
6927;2025.07.19 05:00;-12;18.875;8.125;7.25;1784;202;0;
6928;2025.07.19 05:15;-12;18.75;8.125;7.375;1784;202;0;
6929;2025.07.19 05:30;-12;18.625;8;7.125;1784;202;0;
6930;2025.07.19 05:45;-12;18.5;8;7.375;1784;202;0;
6931;2025.07.19 06:00;-12;18.375;8;7.5;1784;202;0;
6932;2025.07.19 06:15;-12;18.25;7.9375;7.25;1784;202;0;
6933;2025.07.19 06:30;-12;18.1875;7.875;7.25;1784;202;0;
6934;2025.07.19 06:45;-12;18.125;7.875;7.25;1784;202;0;
6935;2025.07.19 07:00;-12;18;7.75;7;1784;202;0;
6936;2025.07.19 07:15;-12;17.875;7.4375;6.75;1783;202;0;
6937;2025.07.19 07:30;-12;17.75;7.25;6.875;1783;202;0;
6938;2025.07.19 07:45;-12;17.6875;8;8.25;1784;202;0;
6939;2025.07.19 08:00;-12;17.625;8.9375;9.5625;1785;202;0;
6940;2025.07.19 08:15;-12;17.5;9.25;9.8125;1786;202;0;
6941;2025.07.19 08:30;-12;17.5;9;9;1786;202;0;
6942;2025.07.19 08:45;-12;17.375;8.5625;8.375;1786;202;0;
6943;2025.07.19 09:00;-12;17.375;8.375;8.25;1785;202;0;
6944;2025.07.19 09:15;-12;17.25;8;7.875;1785;202;0;
6945;2025.07.19 09:30;-12;17.1875;8.0625;8.25;1785;202;0;
6946;2025.07.19 09:45;-12;17.125;9.3125;10.1875;1787;202;0;
6947;2025.07.19 10:00;-12;17.0625;9.875;10.75;1788;202;0;
6948;2025.07.19 10:15;-12;17;11.0625;13;1790;202;0;
6949;2025.07.19 10:30;-12;17;13.75;17.875;1794;202;0;
6950;2025.07.19 10:45;-12;17.0625;16.625;20.625;1798;202;0;
6951;2025.07.19 11:00;-12;17.1875;19.25;23;1803;202;0;
6952;2025.07.19 11:15;-12;17.375;21.9375;25.5;1808;202;0;
6953;2025.07.19 11:30;-12;17.625;24.75;27.25;1813;202;0;
6954;2025.07.19 11:45;-12;18;26.9375;28.0625;1817;202;0;
6955;2025.07.19 12:00;-12;18.4375;29.125;29.25;1822;202;0;
6956;2025.07.19 12:15;-12;18.875;30.75;29.5625;1825;202;0;
6957;2025.07.19 12:30;-12;19.4375;32.0625;29.875;1827;202;0;
6958;2025.07.19 12:45;-12;20;33.5;30.75;1830;202;0;
6959;2025.07.19 13:00;-12;20.5625;34.875;31.5;1833;202;0;
6960;2025.07.19 13:15;-12;21.1875;36;31.875;1835;202;0;
6961;2025.07.19 13:30;-12;21.8125;37.5;32.8125;1838;202;0;
6962;2025.07.19 13:45;-12;22.5;38.3125;32.75;1839;202;0;
6963;2025.07.19 14:00;-12;23.1875;39.375;33.3125;1841;202;0;
6964;2025.07.19 14:15;-12;23.875;39.8125;33.1875;1842;202;0;
6965;2025.07.19 14:30;-12;24.5;40.4375;33.625;1843;202;0;
6966;2025.07.19 14:45;-12;25.125;41.1875;34.375;1844;202;0;
6967;2025.07.19 15:00;-12;25.75;41.75;34.25;1845;202;0;
6968;2025.07.19 15:15;-12;26.375;42.375;34.875;1845;202;0;
6969;2025.07.19 15:30;-12;26.9375;42.4375;34.875;1844;202;0;
6970;2025.07.19 15:45;-12;27.5;42.5;34.9375;1843;202;0;
6971;2025.07.19 16:00;-12;27.875;42.75;34.75;1843;202;0;
6972;2025.07.19 16:15;-12;28.3125;42.5;34.875;1840;202;0;
6973;2025.07.19 16:30;-12;28.625;42.375;35.125;1838;202;0;
6974;2025.07.19 16:45;-12;28.875;41.375;35.125;1834;202;0;
6975;2025.07.19 17:00;-12;29.0625;39.75;34.75;1829;202;0;
6976;2025.07.19 17:15;-12;29.1875;38.875;34.75;1826;202;0;
6977;2025.07.19 17:30;-12;29.25;38.25;35;1822;202;0;
6978;2025.07.19 17:45;-12;29.375;37.125;34.125;1818;202;0;
6979;2025.07.19 18:00;-12;29.375;36.375;34;1815;202;0;
6980;2025.07.19 18:15;-12;29.375;35.5;33.0625;1813;202;0;
6981;2025.07.19 18:30;-12;29.375;35.5;33.625;1811;202;0;
6982;2025.07.19 18:45;-12;29.25;34.4375;32.625;1807;202;0;
6983;2025.07.19 19:00;-12;29.125;33.625;32.5625;1804;202;0;
6984;2025.07.19 19:15;-12;28.9375;32.375;31.5;1800;202;0;
6985;2025.07.19 19:30;-12;28.6875;31.3125;31.25;1796;202;0;
6986;2025.07.19 19:45;-12;28.375;30;30.0625;1793;202;0;
6987;2025.07.19 20:00;-12;28.125;28.25;29;1788;202;0;
6988;2025.07.19 20:15;-12;27.75;26.125;27.125;1784;202;0;
6989;2025.07.19 20:30;-12;27.375;24.125;24.625;1780;202;0;
6990;2025.07.19 20:45;-12;27;22;21.25;1775;202;0;
6991;2025.07.19 21:00;-12;26.625;20;18.5625;1771;202;0;
6992;2025.07.19 21:15;-12;26.25;18.4375;17.5;1768;202;0;
6993;2025.07.19 21:30;-12;25.8125;17;15.5625;1765;202;0;
6994;2025.07.19 21:45;-12;25.375;15.875;14.25;1763;202;0;
6995;2025.07.19 22:00;-12;25;15.375;14.5;1761;202;0;
6996;2025.07.19 22:15;-12;24.625;14.5;13.125;1759;202;0;
6997;2025.07.19 22:30;-12;24.25;14.0625;13.1875;1758;202;0;
6998;2025.07.19 22:45;-12;23.9375;13.625;12.9375;1757;202;0;
6999;2025.07.19 23:00;-12;23.625;14.125;14.25;1757;202;0;
7000;2025.07.19 23:15;-12;23.375;13.875;13.5;1756;202;0;
7001;2025.07.19 23:30;-12;23.0625;13;12.125;1755;202;0;
7002;2025.07.19 23:45;-12;22.8125;13;12.75;1754;202;0;
7003;2025.07.20 00:00;-12;22.5625;12.5625;12;1754;202;0;
7004;2025.07.20 00:15;-12;22.3125;11.875;11;1752;202;0;
7005;2025.07.20 00:30;-12;22.125;11.375;10.5;1751;202;0;
7006;2025.07.20 00:45;-12;21.875;11;10.1875;1750;202;0;
7007;2025.07.20 01:00;-12;21.625;10.875;10.25;1750;202;0;
7008;2025.07.20 01:15;-12;21.4375;10.625;9.75;1750;202;0;
7009;2025.07.20 01:30;-12;21.25;10.3125;9.375;1749;202;0;
7010;2025.07.20 01:45;-12;21;10.0625;9.125;1749;202;0;
7011;2025.07.20 02:00;-12;20.875;10.1875;9.625;1749;202;0;
7012;2025.07.20 02:15;-12;20.625;10.1875;9.5625;1748;202;0;
7013;2025.07.20 02:30;-12;20.5;9.75;8.6875;1748;202;0;
7014;2025.07.20 02:45;-12;20.3125;9.5625;8.6875;1747;202;0;
7015;2025.07.20 03:00;-12;20.125;9.625;8.875;1747;202;0;
7016;2025.07.20 03:15;-12;20;9.4375;8.625;1747;202;0;
7017;2025.07.20 03:30;-12;19.875;9.3125;8.625;1747;202;0;
7018;2025.07.20 03:45;-12;19.75;9.125;8.4375;1747;202;0;
7019;2025.07.20 04:00;-12;19.5625;9;8.3125;1746;202;0;
7020;2025.07.20 04:15;-12;19.4375;8.6875;7.8125;1746;202;0;
7021;2025.07.20 04:30;-12;19.25;8.5;7.875;1746;202;0;
7022;2025.07.20 04:45;-12;19.125;8.375;7.6875;1746;202;0;
7023;2025.07.20 05:00;-12;19;8.3125;7.625;1746;202;0;
7024;2025.07.20 05:15;-12;18.875;8.375;8;1746;202;0;
7025;2025.07.20 05:30;-12;18.75;8.75;8.8125;1746;202;0;
7026;2025.07.20 05:45;-12;18.625;9.125;9.25;1747;202;0;
7027;2025.07.20 06:00;-12;18.5625;9.5625;9.875;1747;202;0;
7028;2025.07.20 06:15;-12;18.5;9.375;9.5;1747;202;0;
7029;2025.07.20 06:30;-12;18.375;10.5625;11.625;1749;202;0;
7030;2025.07.20 06:45;-12;18.3125;10.4375;11;1749;202;0;
7031;2025.07.20 07:00;-12;18.25;11.0625;11.9375;1750;202;0;
7032;2025.07.20 07:15;-12;18.25;11.625;12.5;1751;202;0;
7033;2025.07.20 07:30;-12;18.125;11.4375;12.125;1751;202;0;
7034;2025.07.20 07:45;-12;18.125;10.6875;10.625;1750;202;0;
7035;2025.07.20 08:00;-12;18.0625;9.5625;9;1748;202;0;
7036;2025.07.20 08:15;-12;18;8.875;8.5625;1747;202;0;
7037;2025.07.20 08:30;-12;17.875;9.3125;9.9375;1748;202;0;
7038;2025.07.20 08:45;-12;17.8125;9.875;10.875;1749;202;0;
7039;2025.07.20 09:00;-12;17.75;10.375;11.25;1750;202;0;
7040;2025.07.20 09:15;-12;17.6875;9.9375;10.125;1749;202;0;
7041;2025.07.20 09:30;-12;17.625;9.5;9.6875;1749;202;0;
7042;2025.07.20 09:45;-12;17.5625;9.625;10;1749;202;0;
7043;2025.07.20 10:00;-12;17.5;10.5;11.5625;1750;202;0;
7044;2025.07.20 10:15;-12;17.4375;12.125;14.125;1753;202;0;
7045;2025.07.20 10:30;-12;17.4375;14.875;19.375;1757;202;0;
7046;2025.07.20 10:45;-12;17.5;17.5;21.875;1761;202;0;
7047;2025.07.20 11:00;-12;17.625;19.9375;24.125;1766;202;0;
7048;2025.07.20 11:15;-12;17.75;22.625;26.125;1771;202;0;
7049;2025.07.20 11:30;-12;18;25.125;27.125;1775;202;0;
7050;2025.07.20 11:45;-12;18.375;27;27.75;1779;202;0;
7051;2025.07.20 12:00;-12;18.75;28.375;27.8125;1782;202;0;
7052;2025.07.20 12:15;-12;19.25;30;28.5625;1786;202;0;
7053;2025.07.20 12:30;-12;19.6875;31.625;29.5;1789;202;0;
7054;2025.07.20 12:45;-12;20.25;33;30.1875;1791;202;0;
7055;2025.07.20 13:00;-12;20.75;33.9375;30.375;1793;202;0;
7056;2025.07.20 13:15;-12;21.375;35;30.875;1795;202;0;
7057;2025.07.20 13:30;-12;21.875;36.25;31.375;1798;202;0;
7058;2025.07.20 13:45;-12;22.5625;37.875;32.4375;1801;202;0;
7059;2025.07.20 14:00;-12;23.25;38.125;32.25;1802;202;0;
7060;2025.07.20 14:15;-12;23.875;39.375;33.25;1804;202;0;
7061;2025.07.20 14:30;-12;24.5;40.375;33.75;1805;202;0;
7062;2025.07.20 14:45;-12;25.1875;41.5;34.75;1807;202;0;
7063;2025.07.20 15:00;-12;25.875;42.1875;34.9375;1808;202;0;
7064;2025.07.20 15:15;-12;26.4375;41.625;34;1806;202;0;
7065;2025.07.20 15:30;-12;27;42.625;35.25;1808;202;0;
7066;2025.07.20 15:45;-12;27.5;42.875;35.375;1807;202;0;
7067;2025.07.20 16:00;-12;28;42.625;34.75;1805;202;0;
7068;2025.07.20 16:15;-12;28.375;42.875;35.5;1804;202;0;
7069;2025.07.20 16:30;-12;28.6875;42.625;35.375;1801;202;0;
7070;2025.07.20 16:45;-12;28.9375;41.875;36.1875;1798;202;0;
7071;2025.07.20 17:00;-12;29.125;40.625;36;1794;202;0;
7072;2025.07.20 17:15;-12;29.25;39.625;35.625;1790;202;0;
7073;2025.07.20 17:30;-12;29.375;38.5;35.125;1786;202;0;
7074;2025.07.20 17:45;-12;29.4375;38;35.125;1783;202;0;
7075;2025.07.20 18:00;-12;29.5;36.875;34.625;1779;202;0;
7076;2025.07.20 18:15;-12;29.5;35.6875;33.625;1775;202;0;
7077;2025.07.20 18:30;-12;29.5;35.375;33.0625;1773;202;0;
7078;2025.07.20 18:45;-12;29.375;34.625;32.75;1770;202;0;
7079;2025.07.20 19:00;-12;29.25;34;32.6875;1767;202;0;
7080;2025.07.20 19:15;-12;29;32.5625;31.625;1763;202;0;
7081;2025.07.20 19:30;-12;28.75;31.375;31.375;1759;202;0;
7082;2025.07.20 19:45;-12;28.5;30.125;30.1875;1756;202;0;
7083;2025.07.20 20:00;-12;28.25;28.5;29.375;1751;202;0;
7084;2025.07.20 20:15;-12;27.875;26.5;27.625;1747;202;0;
7085;2025.07.20 20:30;-12;27.5;24.375;24.875;1742;202;0;
7086;2025.07.20 20:45;-12;27.125;22.3125;21.75;1738;202;0;
7087;2025.07.20 21:00;-12;26.75;20.125;18.5;1734;202;0;
7088;2025.07.20 21:15;-12;26.375;18.375;16.625;1730;202;0;
7089;2025.07.20 21:30;-12;25.9375;17;15.1875;1727;202;0;
7090;2025.07.20 21:45;-12;25.5;15.875;14.25;1724;202;0;
7091;2025.07.20 22:00;-12;25.125;15.1875;13.75;1723;202;0;
7092;2025.07.20 22:15;-12;24.75;14.625;13.375;1721;202;0;
7093;2025.07.20 22:30;-12;24.375;14.3125;13.5;1720;202;0;
7094;2025.07.20 22:45;-12;24.0625;14;13.25;1719;202;0;
7095;2025.07.20 23:00;-12;23.75;13.6875;13;1718;202;0;
7096;2025.07.20 23:15;-12;23.5;13.75;13.5;1718;202;0;
7097;2025.07.20 23:30;-12;23.25;14.125;14.125;1718;202;0;
7098;2025.07.20 23:45;-12;23;13.75;13.375;1717;202;0;
7099;2025.07.21 00:00;-12;22.75;13;12.3125;1716;202;0;
7100;2025.07.21 00:15;-12;22.5;12.8125;12.375;1715;202;0;
7101;2025.07.21 00:30;-12;22.25;12.375;11.5;1714;202;0;
7102;2025.07.21 00:45;-12;22.0625;11.75;10.5;1713;202;0;
7103;2025.07.21 01:00;-12;21.875;11.625;10.8125;1713;202;0;
7104;2025.07.21 01:15;-12;21.625;11.5;10.6875;1712;202;0;
7105;2025.07.21 01:30;-12;21.5;11.1875;10.125;1712;202;0;
7106;2025.07.21 01:45;-12;21.25;11;10;1711;202;0;
7107;2025.07.21 02:00;-12;21.125;10.75;10;1711;202;0;
7108;2025.07.21 02:15;-12;20.875;10.5;9.75;1710;202;0;
7109;2025.07.21 02:30;-12;20.75;10.5;9.875;1710;202;0;
7110;2025.07.21 02:45;-12;20.625;10.25;9.625;1710;202;0;
7111;2025.07.21 03:00;-12;20.4375;10.0625;9.25;1709;202;0;
7112;2025.07.21 03:15;-12;20.25;10.125;9.6875;1709;202;0;
7113;2025.07.21 03:30;-12;20.125;10.0625;9.6875;1709;202;0;
7114;2025.07.21 03:45;-12;20;10.125;9.9375;1709;202;0;
7115;2025.07.21 04:00;-12;19.875;10.5;10.375;1710;202;0;
7116;2025.07.21 04:15;-12;19.75;10.4375;10;1710;202;0;
7117;2025.07.21 04:30;-12;19.625;10.125;9.5;1709;202;0;
7118;2025.07.21 04:45;-12;19.5;10;9.375;1709;202;0;
7119;2025.07.21 05:00;-12;19.375;9.75;9.25;1709;202;0;
7120;2025.07.21 05:15;-12;19.25;9.625;9;1709;202;0;
7121;2025.07.21 05:30;-12;19.1875;9.375;8.75;1708;202;0;
7122;2025.07.21 05:45;-12;19.0625;9.625;9.8125;1708;202;0;
7123;2025.07.21 06:00;-12;19;10.375;10.9375;1710;202;0;
7124;2025.07.21 06:15;-12;18.875;10.5;10.9375;1710;202;0;
7125;2025.07.21 06:30;-12;18.75;11.375;12.5;1711;202;0;
7126;2025.07.21 06:45;-12;18.75;12.375;13.5;1713;202;0;
7127;2025.07.21 07:00;-12;18.6875;13.125;14.125;1714;202;0;
7128;2025.07.21 07:15;-12;18.625;13.625;14.5625;1715;202;0;
7129;2025.07.21 07:30;-12;18.625;13.75;14.5;1716;202;0;
7130;2025.07.21 07:45;-12;18.625;13.75;14.8125;1716;202;0;
7131;2025.07.21 08:00;-12;18.625;13.625;14.375;1716;202;0;
7132;2025.07.21 08:15;-12;18.625;13.625;14.625;1716;202;0;
7133;2025.07.21 08:30;-12;18.5;13.625;14.6875;1716;202;0;
7134;2025.07.21 08:45;-12;18.5;13.5;14.3125;1716;202;0;
7135;2025.07.21 09:00;-12;18.5;13.75;14.875;1716;202;0;
7136;2025.07.21 09:15;-12;18.5;14;15.125;1717;202;0;
7137;2025.07.21 09:30;-12;18.4375;14.5;15.8125;1717;202;0;
7138;2025.07.21 09:45;-12;18.375;14.5;15.4375;1718;202;0;
7139;2025.07.21 10:00;-12;18.375;14.625;15.8125;1718;202;0;
7140;2025.07.21 10:15;-12;18.375;14.625;15.9375;1718;202;0;
7141;2025.07.21 10:30;-12;18.375;16.5;20.375;1721;202;0;
7142;2025.07.21 10:45;-12;18.375;18.625;22.25;1724;202;0;
7143;2025.07.21 11:00;-12;18.5;20.5;23.5625;1728;202;0;
7144;2025.07.21 11:15;-12;18.625;22.4375;24.75;1732;202;0;
7145;2025.07.21 11:30;-12;18.8125;24.375;25.5;1735;202;0;
7146;2025.07.21 11:45;-12;19.125;26.25;26.5;1739;202;0;
7147;2025.07.21 12:00;-12;19.4375;27.9375;27.125;1743;202;0;
7148;2025.07.21 12:15;-12;19.875;29.6875;28.0625;1746;202;0;
7149;2025.07.21 12:30;-12;20.25;31.5;29.0625;1750;202;0;
7150;2025.07.21 12:45;-12;20.75;32.125;28.8125;1751;202;0;
7151;2025.07.21 13:00;-12;21.25;32.875;29.25;1753;202;0;
7152;2025.07.21 13:15;-12;21.8125;34.625;30.5;1756;202;0;
7153;2025.07.21 13:30;-12;22.375;35.75;30.875;1759;202;0;
7154;2025.07.21 13:45;-12;23;36.5;31.1875;1761;202;0;
7155;2025.07.21 14:00;-12;23.5625;38.5;32.75;1764;202;0;
7156;2025.07.21 14:15;-12;24.25;39.25;32.9375;1766;202;0;
7157;2025.07.21 14:30;-12;24.875;40.4375;33.625;1768;202;0;
7158;2025.07.21 14:45;-12;25.5;39.5;32.375;1765;202;0;
7159;2025.07.21 15:00;-12;26.125;40.375;33.75;1767;202;0;
7160;2025.07.21 15:15;-12;26.5625;37.5;32;1759;202;0;
7161;2025.07.21 15:30;-12;26.75;39.25;33.875;1762;202;0;
7162;2025.07.21 15:45;-12;27.125;37.1875;32;1757;202;0;
7163;2025.07.21 16:00;-12;27.25;40.125;34.5;1762;202;0;
7164;2025.07.21 16:15;-12;27.625;40.375;34.375;1761;202;0;
7165;2025.07.21 16:30;-12;27.875;38.75;33.25;1756;202;0;
7166;2025.07.21 16:45;-12;28.125;40;34.875;1757;202;0;
7167;2025.07.21 17:00;-12;28.375;40.0625;35.25;1756;202;0;
7168;2025.07.21 17:15;-12;28.5;37.5;33.75;1749;202;0;
7169;2025.07.21 17:30;-12;28.625;37.875;35.125;1749;202;0;
7170;2025.07.21 17:45;-12;28.625;37.4375;34.75;1746;202;0;
7171;2025.07.21 18:00;-12;28.75;37.8125;35.75;1745;202;0;
7172;2025.07.21 18:15;-12;28.875;37.125;35.3125;1743;202;0;
7173;2025.07.21 18:30;-12;29;36.25;33.875;1740;202;0;
7174;2025.07.21 18:45;-12;29;33.0625;30;1733;202;0;
7175;2025.07.21 19:00;-12;28.875;33.3125;32.125;1731;202;0;
7176;2025.07.21 19:15;-12;28.625;34;33.25;1731;202;0;
7177;2025.07.21 19:30;-12;28.5;32.6875;32;1727;202;0;
7178;2025.07.21 19:45;-12;28.3125;31.875;31.5625;1725;202;0;
7179;2025.07.21 20:00;-12;28.125;30.0625;29.25;1720;202;0;
7180;2025.07.21 20:15;-12;27.875;28.375;27.3125;1716;202;0;
7181;2025.07.21 20:30;-12;27.625;26.75;25.5625;1713;202;0;
7182;2025.07.21 20:45;-12;27.375;25.375;24.125;1710;202;0;
7183;2025.07.21 21:00;-12;27;23.9375;23;1706;202;0;
7184;2025.07.21 21:15;-12;26.75;22.375;21.5;1703;202;0;
7185;2025.07.21 21:30;-12;26.375;21.25;20.4375;1700;202;0;
7186;2025.07.21 21:45;-12;26;20;19.25;1697;202;0;
7187;2025.07.21 22:00;-12;25.6875;18.9375;18.125;1695;202;0;
7188;2025.07.21 22:15;-12;25.375;18.1875;17.75;1693;202;0;
7189;2025.07.21 22:30;-12;25;17.6875;17.375;1692;202;0;
7190;2025.07.21 22:45;-12;24.75;17.125;16.5;1690;202;0;
7191;2025.07.21 23:00;-12;24.4375;16.5625;16.125;1689;202;0;
7192;2025.07.21 23:15;-12;24.125;15.6875;14.8125;1687;202;0;
7193;2025.07.21 23:30;-12;23.875;14.6875;13.375;1685;202;0;
7194;2025.07.21 23:45;-12;23.625;13.875;12.5;1683;202;0;
7195;2025.07.22 00:00;-12;23.375;13.5;12.5;1682;202;0;
7196;2025.07.22 00:15;-12;23.125;13.375;12.8125;1682;202;0;
7197;2025.07.22 00:30;-12;22.875;13.375;12.8125;1681;202;0;
7198;2025.07.22 00:45;-12;22.625;12.875;11.8125;1680;202;0;
7199;2025.07.22 01:00;-12;22.375;12.5;11.6875;1680;202;0;
7200;2025.07.22 01:15;-12;22.1875;12.375;11.8125;1679;202;0;
7201;2025.07.22 01:30;-12;22;12.4375;12;1679;202;0;
7202;2025.07.22 01:45;-12;21.8125;12.625;12.6875;1679;202;0;
7203;2025.07.22 02:00;-12;21.625;12.1875;11.625;1678;202;0;
7204;2025.07.22 02:15;-12;21.5;12.0625;11.625;1678;202;0;
7205;2025.07.22 02:30;-12;21.3125;12;11.625;1678;202;0;
7206;2025.07.22 02:45;-12;21.125;11.5625;10.875;1677;202;0;
7207;2025.07.22 03:00;-12;21;11.625;11.375;1677;202;0;
7208;2025.07.22 03:15;-12;20.875;11.6875;11.375;1677;202;0;
7209;2025.07.22 03:30;-12;20.75;11.875;11.875;1677;202;0;
7210;2025.07.22 03:45;-12;20.625;12.5;13;1678;202;0;
7211;2025.07.22 04:00;-12;20.5;13.125;13.75;1679;202;0;
7212;2025.07.22 04:15;-12;20.375;13.4375;14.0625;1680;202;0;
7213;2025.07.22 04:30;-12;20.25;13.75;14.375;1680;202;0;
7214;2025.07.22 04:45;-12;20.25;14.125;14.8125;1681;202;0;
7215;2025.07.22 05:00;-12;20.125;14.3125;14.9375;1681;202;0;
7216;2025.07.22 05:15;-12;20.125;14.375;15.25;1681;202;0;
7217;2025.07.22 05:30;-12;20;15.5625;17;1683;202;0;
7218;2025.07.22 05:45;-12;20;15.75;16.8125;1683;202;0;
7219;2025.07.22 06:00;-12;19.9375;16.25;17.375;1684;202;0;
7220;2025.07.22 06:15;-12;19.875;15.9375;16.75;1684;202;0;
7221;2025.07.22 06:30;-12;19.875;14.5;14.875;1682;202;0;
7222;2025.07.22 06:45;-12;19.8125;13;13;1679;202;0;
7223;2025.07.22 07:00;-12;19.75;13.375;14.25;1680;202;0;
7224;2025.07.22 07:15;-12;19.625;13.875;14.875;1680;202;0;
7225;2025.07.22 07:30;-12;19.5;14.375;15.25;1681;202;0;
7226;2025.07.22 07:45;-12;19.5;13.75;14.1875;1680;202;0;
7227;2025.07.22 08:00;-12;19.375;13.5;14.125;1680;202;0;
7228;2025.07.22 08:15;-12;19.375;13.5;14.1875;1680;202;0;
7229;2025.07.22 08:30;-12;19.25;13.9375;15.125;1681;202;0;
7230;2025.07.22 08:45;-12;19.25;14.125;15.25;1681;202;0;
7231;2025.07.22 09:00;-12;19.125;13.625;14.375;1680;202;0;
7232;2025.07.22 09:15;-12;19.125;13.125;13.625;1680;202;0;
7233;2025.07.22 09:30;-12;19;12.875;13.375;1679;202;0;
7234;2025.07.22 09:45;-12;19;12.625;13.25;1679;202;0;
7235;2025.07.22 10:00;-12;18.875;13.0625;14;1680;202;0;
7236;2025.07.22 10:15;-12;18.875;14.125;15.75;1681;202;0;
7237;2025.07.22 10:30;-12;18.8125;16.5;20.75;1685;202;0;
7238;2025.07.22 10:45;-12;18.8125;18.875;22.6875;1689;202;0;
7239;2025.07.22 11:00;-12;18.875;20.9375;24.375;1693;202;0;
7240;2025.07.22 11:15;-12;19;22.875;25.25;1697;202;0;
7241;2025.07.22 11:30;-12;19.25;25.0625;26.3125;1701;202;0;
7242;2025.07.22 11:45;-12;19.5;26.9375;27.375;1705;202;0;
7243;2025.07.22 12:00;-12;19.875;28.625;27.75;1708;202;0;
7244;2025.07.22 12:15;-12;20.25;30.75;29.25;1713;202;0;
7245;2025.07.22 12:30;-12;20.75;32.5;30.3125;1716;202;0;
7246;2025.07.22 12:45;-12;21.25;34.0625;31.1875;1719;202;0;
7247;2025.07.22 13:00;-12;21.75;35.375;31.625;1722;202;0;
7248;2025.07.22 13:15;-12;22.375;36.375;31.875;1725;202;0;
7249;2025.07.22 13:30;-12;23;37.8125;32.75;1728;202;0;
7250;2025.07.22 13:45;-12;23.625;38.875;33;1730;202;0;
7251;2025.07.22 14:00;-12;24.25;40;33.875;1732;202;0;
7252;2025.07.22 14:15;-12;24.875;41.625;34.75;1736;202;0;
7253;2025.07.22 14:30;-12;25.625;42.5;35.25;1738;202;0;
7254;2025.07.22 14:45;-12;26.25;43.4375;35.875;1739;202;0;
7255;2025.07.22 15:00;-12;26.875;44;36.5;1740;202;0;
7256;2025.07.22 15:15;-12;27.5625;44.5;37;1741;202;0;
7257;2025.07.22 15:30;-12;28.125;44.5625;36.625;1740;202;0;
7258;2025.07.22 15:45;-12;28.6875;44.875;36.625;1740;202;0;
7259;2025.07.22 16:00;-12;29.125;44.875;36.9375;1738;202;0;
7260;2025.07.22 16:15;-12;29.5625;45;37.125;1737;202;0;
7261;2025.07.22 16:30;-12;29.875;42;35.75;1728;202;0;
7262;2025.07.22 16:45;-12;30;42.3125;37;1727;202;0;
7263;2025.07.22 17:00;-12;30.125;41;35.0625;1722;202;0;
7264;2025.07.22 17:15;-12;30.25;40.25;36;1719;202;0;
7265;2025.07.22 17:30;-12;30.3125;41.125;36.5;1719;202;0;
7266;2025.07.22 17:45;-12;30.375;35.9375;31.125;1707;202;0;
7267;2025.07.22 18:00;-12;30.25;34.125;31;1701;202;0;
7268;2025.07.22 18:15;-12;30;32.875;30.375;1697;202;0;
7269;2025.07.22 18:30;-12;29.75;31.625;29.375;1694;202;0;
7270;2025.07.22 18:45;-12;29.5;30.8125;29.375;1691;202;0;
7271;2025.07.22 19:00;-12;29.1875;30.625;29.875;1689;202;0;
7272;2025.07.22 19:15;-12;28.875;32.125;32.3125;1690;202;0;
7273;2025.07.22 19:30;-12;28.625;30.375;29.5;1686;202;0;
7274;2025.07.22 19:45;-12;28.4375;30.125;30.25;1684;202;0;
7275;2025.07.22 20:00;-12;28.1875;28.9375;29.5;1681;202;0;
7276;2025.07.22 20:15;-12;27.9375;27.25;27.875;1677;202;0;
7277;2025.07.22 20:30;-12;27.625;25.625;26.125;1673;202;0;
7278;2025.07.22 20:45;-12;27.375;24.25;24;1670;202;0;
7279;2025.07.22 21:00;-12;27;22.75;21.875;1667;202;0;
7280;2025.07.22 21:15;-12;26.75;21.375;19.8125;1664;202;0;
7281;2025.07.22 21:30;-12;26.375;20.3125;19.25;1661;202;0;
7282;2025.07.22 21:45;-12;26.0625;19.75;19.0625;1660;202;0;
7283;2025.07.22 22:00;-12;25.75;18.5;17.5;1657;202;0;
7284;2025.07.22 22:15;-12;25.4375;18;17.75;1655;202;0;
7285;2025.07.22 22:30;-12;25.125;17;16.1875;1653;202;0;
7286;2025.07.22 22:45;-12;24.875;16.125;15.125;1651;202;0;
7287;2025.07.22 23:00;-12;24.5;15.375;14.125;1650;202;0;
7288;2025.07.22 23:15;-12;24.25;14.875;13.875;1649;202;0;
7289;2025.07.22 23:30;-12;24;14.625;13.5;1648;202;0;
7290;2025.07.22 23:45;-12;23.75;14.5;13.875;1647;202;0;
7291;2025.07.23 00:00;-12;23.5;14;12.875;1646;202;0;
7292;2025.07.23 00:15;-12;23.25;14;13.75;1646;202;0;
7293;2025.07.23 00:30;-12;23;13.5;12.6875;1645;202;0;
7294;2025.07.23 00:45;-12;22.8125;13.375;12.875;1644;202;0;
7295;2025.07.23 01:00;-12;22.625;13.25;12.9375;1644;202;0;
7296;2025.07.23 01:15;-12;22.4375;14.1875;14.75;1645;202;0;
7297;2025.07.23 01:30;-12;22.25;13.625;13.5625;1644;202;0;
7298;2025.07.23 01:45;-12;22.125;13.875;14;1644;202;0;
7299;2025.07.23 02:00;-12;21.9375;14.5625;14.875;1645;202;0;
7300;2025.07.23 02:15;-12;21.8125;15.25;15.75;1646;202;0;
7301;2025.07.23 02:30;-12;21.6875;15.25;15.25;1646;202;0;
7302;2025.07.23 02:45;-12;21.625;14.875;15;1646;202;0;
7303;2025.07.23 03:00;-12;21.5;14.5625;14.9375;1645;202;0;
7304;2025.07.23 03:15;-12;21.375;14.1875;14.5;1644;202;0;
7305;2025.07.23 03:30;-12;21.25;13.875;14;1644;202;0;
7306;2025.07.23 03:45;-12;21.1875;13.25;12.875;1643;202;0;
7307;2025.07.23 04:00;-12;21.0625;12.75;11.9375;1642;202;0;
7308;2025.07.23 04:15;-12;20.9375;13.6875;14.125;1643;202;0;
7309;2025.07.23 04:30;-12;20.8125;13.5625;13.375;1643;202;0;
7310;2025.07.23 04:45;-12;20.75;13.125;12.875;1643;202;0;
7311;2025.07.23 05:00;-12;20.625;12.625;12.1875;1642;202;0;
7312;2025.07.23 05:15;-12;20.5;12.1875;11.875;1641;202;0;
7313;2025.07.23 05:30;-12;20.375;12.75;13.125;1642;202;0;
7314;2025.07.23 05:45;-12;20.3125;12.75;13;1642;202;0;
7315;2025.07.23 06:00;-12;20.1875;13.375;14.0625;1642;202;0;
7316;2025.07.23 06:15;-12;20.125;12.375;12.125;1641;202;0;
7317;2025.07.23 06:30;-12;20;12.5;12.75;1641;202;0;
7318;2025.07.23 06:45;-12;19.875;12.625;13;1641;202;0;
7319;2025.07.23 07:00;-12;19.875;12.0625;12.125;1641;202;0;
7320;2025.07.23 07:15;-12;19.75;11.1875;10.6875;1639;202;0;
7321;2025.07.23 07:30;-12;19.625;11.5;12;1640;202;0;
7322;2025.07.23 07:45;-12;19.5;12.375;13.25;1641;202;0;
7323;2025.07.23 08:00;-12;19.4375;13;14.0625;1642;202;0;
7324;2025.07.23 08:15;-12;19.375;13;13.75;1642;202;0;
7325;2025.07.23 08:30;-12;19.3125;13.125;13.875;1642;202;0;
7326;2025.07.23 08:45;-12;19.25;13;13.5625;1642;202;0;
7327;2025.07.23 09:00;-12;19.1875;12.625;13.125;1642;202;0;
7328;2025.07.23 09:15;-12;19.125;11.8125;11.875;1641;202;0;
7329;2025.07.23 09:30;-12;19.0625;12;12.625;1641;202;0;
7330;2025.07.23 09:45;-12;19;12.75;13.8125;1642;202;0;
7331;2025.07.23 10:00;-12;18.9375;13.5;14.625;1643;202;0;
7332;2025.07.23 10:15;-12;18.875;14.4375;16;1645;202;0;
7333;2025.07.23 10:30;-12;18.875;16.625;20.5;1648;202;0;
7334;2025.07.23 10:45;-12;18.875;18.9375;22.875;1652;202;0;
7335;2025.07.23 11:00;-12;19;21.1875;24.75;1656;202;0;
7336;2025.07.23 11:15;-12;19.125;23.25;25.75;1661;202;0;
7337;2025.07.23 11:30;-12;19.375;25.375;26.75;1665;202;0;
7338;2025.07.23 11:45;-12;19.625;26.9375;27.0625;1668;202;0;
7339;2025.07.23 12:00;-12;20;29;28.125;1672;202;0;
7340;2025.07.23 12:15;-12;20.4375;30.5;28.6875;1676;202;0;
7341;2025.07.23 12:30;-12;20.875;31.8125;29.25;1678;202;0;
7342;2025.07.23 12:45;-12;21.375;33.1875;30.125;1681;202;0;
7343;2025.07.23 13:00;-12;21.875;34.875;31.25;1685;202;0;
7344;2025.07.23 13:15;-12;22.4375;35.5;31.125;1687;202;0;
7345;2025.07.23 13:30;-12;23;36.875;32;1690;202;0;
7346;2025.07.23 13:45;-12;23.625;37.875;32.5;1692;202;0;
7347;2025.07.23 14:00;-12;24.25;38.25;32.5;1693;202;0;
7348;2025.07.23 14:15;-12;24.8125;39.3125;33;1695;202;0;
7349;2025.07.23 14:30;-12;25.4375;39.875;33.4375;1696;202;0;
7350;2025.07.23 14:45;-12;26;41.25;34.375;1699;202;0;
7351;2025.07.23 15:00;-12;26.625;42.125;34.9375;1701;202;0;
7352;2025.07.23 15:15;-12;27.25;42.25;35.125;1701;202;0;
7353;2025.07.23 15:30;-12;27.75;43.0625;35.5625;1701;202;0;
7354;2025.07.23 15:45;-12;28.25;42.875;35.25;1700;202;0;
7355;2025.07.23 16:00;-12;28.75;43.625;36.875;1701;202;0;
7356;2025.07.23 16:15;-12;29.125;42.625;35.375;1697;202;0;
7357;2025.07.23 16:30;-12;29.4375;41.125;35;1691;202;0;
7358;2025.07.23 16:45;-12;29.5625;41.875;36.75;1691;202;0;
7359;2025.07.23 17:00;-12;29.75;39.25;34.5;1684;202;0;
7360;2025.07.23 17:15;-12;29.875;39.75;36.125;1683;202;0;
7361;2025.07.23 17:30;-12;29.9375;39.625;36.5;1681;202;0;
7362;2025.07.23 17:45;-12;30;37.875;34;1677;202;0;
7363;2025.07.23 18:00;-12;30.125;33.625;30.25;1666;202;0;
7364;2025.07.23 18:15;-12;29.875;31.75;29.125;1661;202;0;
7365;2025.07.23 18:30;-12;29.625;30.75;29;1658;202;0;
7366;2025.07.23 18:45;-12;29.3125;31.625;30.5;1658;202;0;
7367;2025.07.23 19:00;-12;29.0625;31.25;30.875;1655;202;0;
7368;2025.07.23 19:15;-12;28.75;31.75;31.875;1655;202;0;
7369;2025.07.23 19:30;-12;28.5625;29.25;28.0625;1650;202;0;
7370;2025.07.23 19:45;-12;28.3125;29.125;29.25;1648;202;0;
7371;2025.07.23 20:00;-12;28;27.875;28.375;1645;202;0;
7372;2025.07.23 20:15;-12;27.75;27;28;1642;202;0;
7373;2025.07.23 20:30;-12;27.5;25.125;25.4375;1639;202;0;
7374;2025.07.23 20:45;-12;27.1875;23.125;22.375;1634;202;0;
7375;2025.07.23 21:00;-12;26.875;21.125;19.5625;1630;202;0;
7376;2025.07.23 21:15;-12;26.5;19.5;17.875;1627;202;0;
7377;2025.07.23 21:30;-12;26.125;18;16.25;1623;202;0;
7378;2025.07.23 21:45;-12;25.75;17.25;16.375;1621;202;0;
7379;2025.07.23 22:00;-12;25.375;16.5625;15.875;1620;202;0;
7380;2025.07.23 22:15;-12;25.0625;16.3125;15.9375;1618;202;0;
7381;2025.07.23 22:30;-12;24.75;15.75;15.1875;1617;202;0;
7382;2025.07.23 22:45;-12;24.4375;15.5625;15.3125;1616;202;0;
7383;2025.07.23 23:00;-12;24.125;15.3125;15.125;1615;202;0;
7384;2025.07.23 23:15;-12;23.875;14.875;14.6875;1614;202;0;
7385;2025.07.23 23:30;-12;23.625;14.625;14.625;1613;202;0;
7386;2025.07.23 23:45;-12;23.375;14.5;14.75;1613;202;0;
7387;2025.07.24 00:00;-12;23.125;14.0625;13.875;1612;202;0;
7388;2025.07.24 00:15;-12;23;13.5;13.125;1611;202;0;
7389;2025.07.24 00:30;-12;22.75;13.3125;13.1875;1610;202;0;
7390;2025.07.24 00:45;-12;22.5;13;12.75;1609;202;0;
7391;2025.07.24 01:00;-12;22.375;12.6875;12.5;1608;202;0;
7392;2025.07.24 01:15;-12;22.125;12.4375;12.3125;1608;202;0;
7393;2025.07.24 01:30;-12;22;12.4375;12.5;1608;202;0;
7394;2025.07.24 01:45;-12;21.75;12.375;12.5;1607;202;0;
7395;2025.07.24 02:00;-12;21.625;12.125;12.0625;1607;202;0;
7396;2025.07.24 02:15;-12;21.4375;12.125;12.0625;1607;202;0;
7397;2025.07.24 02:30;-12;21.25;11.875;11.5625;1606;202;0;
7398;2025.07.24 02:45;-12;21.125;11.5;11;1605;202;0;
7399;2025.07.24 03:00;-12;21;11.75;11.8125;1606;202;0;
7400;2025.07.24 03:15;-12;20.875;11.1875;10.75;1605;202;0;
7401;2025.07.24 03:30;-12;20.75;10.6875;10;1604;202;0;
7402;2025.07.24 03:45;-12;20.5625;10.3125;9.5;1603;202;0;
7403;2025.07.24 04:00;-12;20.375;10.25;9.8125;1603;202;0;
7404;2025.07.24 04:15;-12;20.25;10.25;9.875;1603;202;0;
7405;2025.07.24 04:30;-12;20.125;10.375;10.1875;1603;202;0;
7406;2025.07.24 04:45;-12;20;10.625;10.75;1603;202;0;
7407;2025.07.24 05:00;-12;19.875;10.375;10;1603;202;0;
7408;2025.07.24 05:15;-12;19.75;10.1875;9.9375;1603;202;0;
7409;2025.07.24 05:30;-12;19.6875;10.25;10.25;1603;202;0;
7410;2025.07.24 05:45;-12;19.625;10.5625;11.125;1603;202;0;
7411;2025.07.24 06:00;-12;19.5;11.1875;12;1604;202;0;
7412;2025.07.24 06:15;-12;19.375;11.8125;12.75;1605;202;0;
7413;2025.07.24 06:30;-12;19.375;12.375;13.25;1606;202;0;
7414;2025.07.24 06:45;-12;19.25;11.625;11.9375;1605;202;0;
7415;2025.07.24 07:00;-12;19.25;11.1875;11.375;1604;202;0;
7416;2025.07.24 07:15;-12;19.125;11.25;11.5;1604;202;0;
7417;2025.07.24 07:30;-12;19;11.125;11.625;1604;202;0;
7418;2025.07.24 07:45;-12;19;10.625;11;1603;202;0;
7419;2025.07.24 08:00;-12;18.875;10.625;11.4375;1603;202;0;
7420;2025.07.24 08:15;-12;18.8125;11.125;11.875;1604;202;0;
7421;2025.07.24 08:30;-12;18.75;10.75;11.3125;1604;202;0;
7422;2025.07.24 08:45;-12;18.625;10.875;11.5625;1604;202;0;
7423;2025.07.24 09:00;-12;18.625;11.25;12.125;1604;202;0;
7424;2025.07.24 09:15;-12;18.5;10.625;11.125;1604;202;0;
7425;2025.07.24 09:30;-12;18.5;10.5;11.125;1603;202;0;
7426;2025.07.24 09:45;-12;18.375;11.25;12.25;1605;202;0;
7427;2025.07.24 10:00;-12;18.375;11.875;13.125;1606;202;0;
7428;2025.07.24 10:15;-12;18.3125;12.6875;14.25;1607;202;0;
7429;2025.07.24 10:30;-12;18.25;15.5;20.4375;1612;202;0;
7430;2025.07.24 10:45;-12;18.3125;18.1875;23.75;1616;202;0;
7431;2025.07.24 11:00;-12;18.4375;20.9375;25.625;1621;202;0;
7432;2025.07.24 11:15;-12;18.625;23.25;26.75;1626;202;0;
7433;2025.07.24 11:30;-12;18.875;25.0625;26.5;1630;202;0;
7434;2025.07.24 11:45;-12;19.1875;26.5;26.875;1633;202;0;
7435;2025.07.24 12:00;-12;19.5;28;27.3125;1637;202;0;
7436;2025.07.24 12:15;-12;19.9375;29.75;28.25;1640;202;0;
7437;2025.07.24 12:30;-12;20.375;31.375;29.0625;1644;202;0;
7438;2025.07.24 12:45;-12;20.875;32.5;29.375;1646;202;0;
7439;2025.07.24 13:00;-12;21.375;34;30.25;1650;202;0;
7440;2025.07.24 13:15;-12;22;34.875;30.875;1652;202;0;
7441;2025.07.24 13:30;-12;22.5;36.125;31.375;1655;202;0;
7442;2025.07.24 13:45;-12;23.125;37.375;31.9375;1658;202;0;
7443;2025.07.24 14:00;-12;23.75;38.5;32.75;1661;202;0;
7444;2025.07.24 14:15;-12;24.4375;39.3125;33;1662;202;0;
7445;2025.07.24 14:30;-12;25.125;39.875;32.875;1663;202;0;
7446;2025.07.24 14:45;-12;25.75;40.375;33.375;1664;202;0;
7447;2025.07.24 15:00;-12;26.375;41.25;34.1875;1666;202;0;
7448;2025.07.24 15:15;-12;26.9375;41.25;33.875;1666;202;0;
7449;2025.07.24 15:30;-12;27.5;41.75;34.4375;1666;202;0;
7450;2025.07.24 15:45;-12;28;42.5625;35;1667;202;0;
7451;2025.07.24 16:00;-12;28.4375;42.1875;34.8125;1665;202;0;
7452;2025.07.24 16:15;-12;28.875;42.75;35.75;1665;202;0;
7453;2025.07.24 16:30;-12;29.125;42.4375;35.75;1662;202;0;
7454;2025.07.24 16:45;-12;29.375;41.125;35.25;1658;202;0;
7455;2025.07.24 17:00;-12;29.625;40.125;35.5;1654;202;0;
7456;2025.07.24 17:15;-12;29.75;39;35;1650;202;0;
7457;2025.07.24 17:30;-12;29.8125;38.25;34.75;1647;202;0;
7458;2025.07.24 17:45;-12;29.875;37.375;34.375;1643;202;0;
7459;2025.07.24 18:00;-12;29.875;37.375;35;1642;202;0;
7460;2025.07.24 18:15;-12;29.9375;36.875;34.875;1640;202;0;
7461;2025.07.24 18:30;-12;29.9375;36.125;33.875;1636;202;0;
7462;2025.07.24 18:45;-12;29.875;35.625;33.625;1633;202;0;
7463;2025.07.24 19:00;-12;29.75;35.125;34;1630;202;0;
7464;2025.07.24 19:15;-12;29.5625;34.375;33.1875;1628;202;0;
7465;2025.07.24 19:30;-12;29.375;33;32.5;1624;202;0;
7466;2025.07.24 19:45;-12;29.125;31.375;31.4375;1620;202;0;
7467;2025.07.24 20:00;-12;28.875;29.5;30.125;1615;202;0;
7468;2025.07.24 20:15;-12;28.5;27.4375;28.5625;1610;202;0;
7469;2025.07.24 20:30;-12;28.1875;25.125;25.375;1605;202;0;
7470;2025.07.24 20:45;-12;27.75;22.8125;21.75;1600;202;0;
7471;2025.07.24 21:00;-12;27.375;20.5;18.8125;1596;202;0;
7472;2025.07.24 21:15;-12;27;18.75;17.125;1592;202;0;
7473;2025.07.24 21:30;-12;26.5625;17.375;16;1589;202;0;
7474;2025.07.24 21:45;-12;26.125;16.5;15.125;1586;202;0;
7475;2025.07.24 22:00;-12;25.75;15.8125;14.875;1584;202;0;
7476;2025.07.24 22:15;-12;25.375;15.25;14.25;1583;202;0;
7477;2025.07.24 22:30;-12;25;14.75;13.9375;1581;202;0;
7478;2025.07.24 22:45;-12;24.625;14.25;13.6875;1580;202;0;
7479;2025.07.24 23:00;-12;24.3125;14.375;14.25;1579;202;0;
7480;2025.07.24 23:15;-12;24;13.8125;13.125;1578;202;0;
7481;2025.07.24 23:30;-12;23.75;13.1875;12.3125;1577;202;0;
7482;2025.07.24 23:45;-12;23.5;12.75;12;1575;202;0;
7483;2025.07.25 00:00;-12;23.1875;12.375;11.625;1574;202;0;
7484;2025.07.25 00:15;-12;22.9375;12.0625;11.125;1574;202;0;
7485;2025.07.25 00:30;-12;22.6875;12.125;11.75;1573;202;0;
7486;2025.07.25 00:45;-12;22.5;12.125;11.75;1573;202;0;
7487;2025.07.25 01:00;-12;22.25;11.875;11.5625;1572;202;0;
7488;2025.07.25 01:15;-12;22.0625;12.0625;12.125;1572;202;0;
7489;2025.07.25 01:30;-12;21.875;11.875;11.75;1572;202;0;
7490;2025.07.25 01:45;-12;21.6875;11.75;11.5;1571;202;0;
7491;2025.07.25 02:00;-12;21.5;11.25;10.75;1570;202;0;
7492;2025.07.25 02:15;-12;21.375;11;10.75;1570;202;0;
7493;2025.07.25 02:30;-12;21.1875;10.875;10.375;1570;202;0;
7494;2025.07.25 02:45;-12;21;10.625;9.875;1569;202;0;
7495;2025.07.25 03:00;-12;20.875;10.4375;9.6875;1569;202;0;
7496;2025.07.25 03:15;-12;20.75;10.375;9.75;1568;202;0;
7497;2025.07.25 03:30;-12;20.5625;10.5;10.25;1568;202;0;
7498;2025.07.25 03:45;-12;20.4375;10.5;10.25;1568;202;0;
7499;2025.07.25 04:00;-12;20.3125;10.5;10.25;1568;202;0;
7500;2025.07.25 04:15;-12;20.125;10.8125;10.9375;1569;202;0;
7501;2025.07.25 04:30;-12;20.0625;11.25;11.625;1569;202;0;
7502;2025.07.25 04:45;-12;20;11.5;11.9375;1570;202;0;
7503;2025.07.25 05:00;-12;19.875;12.375;13.375;1571;202;0;
7504;2025.07.25 05:15;-12;19.75;13;14.125;1572;202;0;
7505;2025.07.25 05:30;-12;19.75;12.9375;13.5;1572;202;0;
7506;2025.07.25 05:45;-12;19.625;13.8125;15.25;1573;202;0;
7507;2025.07.25 06:00;-12;19.625;13.625;14.625;1573;202;0;
7508;2025.07.25 06:15;-12;19.5625;13.75;14.625;1573;202;0;
7509;2025.07.25 06:30;-12;19.5;14;15.125;1574;202;0;
7510;2025.07.25 06:45;-12;19.5;14.125;15.125;1574;202;0;
7511;2025.07.25 07:00;-12;19.375;14.4375;15.5625;1574;202;0;
7512;2025.07.25 07:15;-12;19.375;14.25;15.0625;1574;202;0;
7513;2025.07.25 07:30;-12;19.3125;14;14.875;1574;202;0;
7514;2025.07.25 07:45;-12;19.25;13.6875;14.375;1573;202;0;
7515;2025.07.25 08:00;-12;19.25;13.375;14.125;1573;202;0;
7516;2025.07.25 08:15;-12;19.125;13;13.6875;1572;202;0;
7517;2025.07.25 08:30;-12;19.125;13.1875;14.0625;1572;202;0;
7518;2025.07.25 08:45;-12;19.0625;13.125;14;1572;202;0;
7519;2025.07.25 09:00;-12;19;13.125;14.125;1572;202;0;
7520;2025.07.25 09:15;-12;18.9375;12.9375;13.6875;1572;202;0;
7521;2025.07.25 09:30;-12;18.875;13;13.875;1572;202;0;
7522;2025.07.25 09:45;-12;18.8125;13.5;14.75;1573;202;0;
7523;2025.07.25 10:00;-12;18.75;13.875;15.125;1574;202;0;
7524;2025.07.25 10:15;-12;18.75;14;15.4375;1574;202;0;
7525;2025.07.25 10:30;-12;18.75;16.625;21;1578;202;0;
7526;2025.07.25 10:45;-12;18.75;19;22.9375;1582;202;0;
7527;2025.07.25 11:00;-12;18.8125;21;24.375;1586;202;0;
7528;2025.07.25 11:15;-12;19;22.875;25;1590;202;0;
7529;2025.07.25 11:30;-12;19.1875;24.8125;26.125;1594;202;0;
7530;2025.07.25 11:45;-12;19.5;26.8125;27.5;1598;202;0;
7531;2025.07.25 12:00;-12;19.8125;28.25;27.5;1602;202;0;
7532;2025.07.25 12:15;-12;20.25;30.25;29;1606;202;0;
7533;2025.07.25 12:30;-12;20.625;31.9375;29.625;1609;202;0;
7534;2025.07.25 12:45;-12;21.125;33.25;30.4375;1612;202;0;
7535;2025.07.25 13:00;-12;21.75;34.6875;31.125;1615;202;0;
7536;2025.07.25 13:15;-12;22.25;35.75;31.5625;1618;202;0;
7537;2025.07.25 13:30;-12;22.875;37.25;32.5;1622;202;0;
7538;2025.07.25 13:45;-12;23.5;38.3125;32.6875;1625;202;0;
7539;2025.07.25 14:00;-12;24.125;39.625;33.75;1627;202;0;
7540;2025.07.25 14:15;-12;24.875;40.8125;34.25;1630;202;0;
7541;2025.07.25 14:30;-12;25.5;41.25;34.125;1631;202;0;
7542;2025.07.25 14:45;-12;26.125;40.0625;33.25;1629;202;0;
7543;2025.07.25 15:00;-12;26.6875;42.25;35.375;1633;202;0;
7544;2025.07.25 15:15;-12;27.25;42.875;35.625;1634;202;0;
7545;2025.07.25 15:30;-12;27.8125;39.8125;32.75;1627;202;0;
7546;2025.07.25 15:45;-12;28.1875;41.5625;35.75;1630;202;0;
7547;2025.07.25 16:00;-12;28.5;42.25;35.3125;1630;202;0;
7548;2025.07.25 16:15;-12;28.875;43.375;36.75;1632;202;0;
7549;2025.07.25 16:30;-12;29.25;43.5;36.75;1630;202;0;
7550;2025.07.25 16:45;-12;29.5;42.6875;36.6875;1626;202;0;
7551;2025.07.25 17:00;-12;29.75;41;36.25;1621;202;0;
7552;2025.07.25 17:15;-12;29.875;40.125;36.625;1618;202;0;
7553;2025.07.25 17:30;-12;30;39.5;36.4375;1615;202;0;
7554;2025.07.25 17:45;-12;30.125;38.875;36;1612;202;0;
7555;2025.07.25 18:00;-12;30.1875;38.25;35.75;1610;202;0;
7556;2025.07.25 18:15;-12;30.25;37.625;35.3125;1607;202;0;
7557;2025.07.25 18:30;-12;30.25;37;34.75;1605;202;0;
7558;2025.07.25 18:45;-12;30.25;36.875;35;1602;202;0;
7559;2025.07.25 19:00;-12;30.125;36;34.125;1599;202;0;
7560;2025.07.25 19:15;-12;30;34.6875;33.625;1595;202;0;
7561;2025.07.25 19:30;-12;29.75;33.9375;33.3125;1592;202;0;
7562;2025.07.25 19:45;-12;29.5;32.9375;32.375;1589;202;0;
7563;2025.07.25 20:00;-12;29.3125;31.5;31.75;1585;202;0;
7564;2025.07.25 20:15;-12;29.0625;29.6875;30.25;1581;202;0;
7565;2025.07.25 20:30;-12;28.75;28.1875;28.25;1577;202;0;
7566;2025.07.25 20:45;-12;28.4375;26.6875;25.875;1574;202;0;
7567;2025.07.25 21:00;-12;28.125;25.125;24;1570;202;0;
7568;2025.07.25 21:15;-12;27.75;23.625;22.75;1566;202;0;
7569;2025.07.25 21:30;-12;27.375;22.375;21.1875;1564;202;0;
7570;2025.07.25 21:45;-12;27.0625;20.9375;20.25;1560;202;0;
7571;2025.07.25 22:00;-12;26.6875;19.375;18.5;1557;202;0;
7572;2025.07.25 22:15;-12;26.3125;19.25;19.125;1556;202;0;
7573;2025.07.25 22:30;-12;26;18.5625;18.1875;1554;202;0;
7574;2025.07.25 22:45;-12;25.625;17.5625;17.125;1552;202;0;
7575;2025.07.25 23:00;-12;25.3125;16.5;15.75;1549;202;0;
7576;2025.07.25 23:15;-12;25;15.875;15.25;1548;202;0;
7577;2025.07.25 23:30;-12;24.6875;15.75;15.75;1547;202;0;
7578;2025.07.25 23:45;-12;24.375;15.875;16.0625;1546;202;0;
7579;2025.07.26 00:00;-12;24.125;15;14.25;1545;202;0;
7580;2025.07.26 00:15;-12;23.875;14.375;13.6875;1543;202;0;
7581;2025.07.26 00:30;-12;23.625;13.4375;12.3125;1541;202;0;
7582;2025.07.26 00:45;-12;23.375;13.125;12.375;1541;202;0;
7583;2025.07.26 01:00;-12;23.125;13.5;13.5625;1540;202;0;
7584;2025.07.26 01:15;-12;22.875;13.5;13.625;1540;202;0;
7585;2025.07.26 01:30;-12;22.6875;14;14.5;1541;202;0;
7586;2025.07.26 01:45;-12;22.5;13.75;13.75;1540;202;0;
7587;2025.07.26 02:00;-12;22.3125;13.125;12.75;1539;202;0;
7588;2025.07.26 02:15;-12;22.125;12.25;11.625;1537;202;0;
7589;2025.07.26 02:30;-12;22;12;11.625;1537;202;0;
7590;2025.07.26 02:45;-12;21.75;11.75;11.375;1536;202;0;
7591;2025.07.26 03:00;-12;21.625;12.375;12.5;1537;202;0;
7592;2025.07.26 03:15;-12;21.5;12;11.625;1536;202;0;
7593;2025.07.26 03:30;-12;21.3125;11.9375;11.75;1536;202;0;
7594;2025.07.26 03:45;-12;21.125;12.875;13.75;1537;202;0;
7595;2025.07.26 04:00;-12;21;15.25;17;1540;202;0;
7596;2025.07.26 04:15;-12;21;16.0625;17.5;1542;202;0;
7597;2025.07.26 04:30;-12;20.875;16.1875;17.25;1542;202;0;
7598;2025.07.26 04:45;-12;20.875;15.5625;16.1875;1541;202;0;
7599;2025.07.26 05:00;-12;20.75;15.625;16.5625;1541;202;0;
7600;2025.07.26 05:15;-12;20.75;15.25;15.875;1541;202;0;
7601;2025.07.26 05:30;-12;20.625;15.25;16;1541;202;0;
7602;2025.07.26 05:45;-12;20.625;15.25;16.0625;1541;202;0;
7603;2025.07.26 06:00;-12;20.5;15.25;16.125;1540;202;0;
7604;2025.07.26 06:15;-12;20.5;15.375;16.25;1541;202;0;
7605;2025.07.26 06:30;-12;20.375;15.5;16.375;1541;202;0;
7606;2025.07.26 06:45;-12;20.3125;15.4375;16.3125;1541;202;0;
7607;2025.07.26 07:00;-12;20.25;16.125;17.375;1542;202;0;
7608;2025.07.26 07:15;-12;20.25;16.25;17.4375;1542;202;0;
7609;2025.07.26 07:30;-12;20.125;15.125;16;1540;202;0;
7610;2025.07.26 07:45;-12;20.125;14.5625;15.5;1539;202;0;
7611;2025.07.26 08:00;-12;20;14.5;15.625;1539;202;0;
7612;2025.07.26 08:15;-12;20;14.75;16.125;1539;202;0;
7613;2025.07.26 08:30;-12;19.875;14.8125;15.875;1540;202;0;
7614;2025.07.26 08:45;-12;19.875;14.625;15.5625;1539;202;0;
7615;2025.07.26 09:00;-12;19.75;14.5;15.5;1539;202;0;
7616;2025.07.26 09:15;-12;19.75;14.4375;15.5625;1539;202;0;
7617;2025.07.26 09:30;-12;19.625;14.625;15.875;1539;202;0;
7618;2025.07.26 09:45;-12;19.5625;15.125;16.5;1540;202;0;
7619;2025.07.26 10:00;-12;19.5;15.5;17.125;1541;202;0;
7620;2025.07.26 10:15;-12;19.5;16.1875;18.125;1542;202;0;
7621;2025.07.26 10:30;-12;19.5;18;22.125;1545;202;0;
7622;2025.07.26 10:45;-12;19.5;20;23.8125;1548;202;0;
7623;2025.07.26 11:00;-12;19.625;22;25.375;1552;202;0;
7624;2025.07.26 11:15;-12;19.75;23.875;26.3125;1556;202;0;
7625;2025.07.26 11:30;-12;19.9375;26;27.625;1561;202;0;
7626;2025.07.26 11:45;-12;20.25;27.875;28.375;1565;202;0;
7627;2025.07.26 12:00;-12;20.5625;29.5;28.75;1568;202;0;
7628;2025.07.26 12:15;-12;21;31;29.25;1571;202;0;
7629;2025.07.26 12:30;-12;21.375;32.75;30.25;1575;202;0;
7630;2025.07.26 12:45;-12;21.875;34.1875;31;1578;202;0;
7631;2025.07.26 13:00;-12;22.4375;35.25;31.125;1581;202;0;
7632;2025.07.26 13:15;-12;23;36.5;31.75;1584;202;0;
7633;2025.07.26 13:30;-12;23.5625;37;31.8125;1586;202;0;
7634;2025.07.26 13:45;-12;24.1875;38.125;32.125;1589;202;0;
7635;2025.07.26 14:00;-12;24.75;39.25;33.125;1591;202;0;
7636;2025.07.26 14:15;-12;25.375;40.1875;33.5625;1594;202;0;
7637;2025.07.26 14:30;-12;26.125;41.625;34.75;1597;202;0;
7638;2025.07.26 14:45;-12;26.75;41.8125;34.5;1598;202;0;
7639;2025.07.26 15:00;-12;27.3125;41.125;33.625;1596;202;0;
7640;2025.07.26 15:15;-12;27.875;41.3125;34;1596;202;0;
7641;2025.07.26 15:30;-12;28.375;41.25;34;1596;202;0;
7642;2025.07.26 15:45;-12;28.875;42;34.625;1596;202;0;
7643;2025.07.26 16:00;-12;29.25;42.75;35.5;1597;202;0;
7644;2025.07.26 16:15;-12;29.625;42.75;35.5625;1596;202;0;
7645;2025.07.26 16:30;-12;29.9375;42.25;35.375;1592;202;0;
7646;2025.07.26 16:45;-12;30.125;41.125;35.4375;1588;202;0;
7647;2025.07.26 17:00;-12;30.3125;39.8125;35.1875;1584;202;0;
7648;2025.07.26 17:15;-12;30.4375;39;35.5;1580;202;0;
7649;2025.07.26 17:30;-12;30.5;37.9375;34.375;1577;202;0;
7650;2025.07.26 17:45;-12;30.5;37.5;34.625;1574;202;0;
7651;2025.07.26 18:00;-12;30.5625;36.25;33.375;1571;202;0;
7652;2025.07.26 18:15;-12;30.5625;35.5;33.125;1568;202;0;
7653;2025.07.26 18:30;-12;30.5;35.25;33.125;1566;202;0;
7654;2025.07.26 18:45;-12;30.375;35;33;1564;202;0;
7655;2025.07.26 19:00;-12;30.25;33.75;31.8125;1560;202;0;
7656;2025.07.26 19:15;-12;30.0625;33.0625;31.875;1557;202;0;
7657;2025.07.26 19:30;-12;29.8125;31.6875;30.6875;1553;202;0;
7658;2025.07.26 19:45;-12;29.5;30.4375;30.25;1550;202;0;
7659;2025.07.26 20:00;-12;29.25;26.9375;25.5;1543;202;0;
7660;2025.07.26 20:15;-12;28.875;24.5;23.625;1537;202;0;
7661;2025.07.26 20:30;-12;28.4375;23.0625;22.4375;1533;202;0;
7662;2025.07.26 20:45;-12;28;21.6875;20.9375;1530;202;0;
7663;2025.07.26 21:00;-12;27.625;20.3125;19.25;1527;202;0;
7664;2025.07.26 21:15;-12;27.125;18.75;17.4375;1523;202;0;
7665;2025.07.26 21:30;-12;26.75;17.75;16.625;1521;202;0;
7666;2025.07.26 21:45;-12;26.375;16.6875;15.375;1518;202;0;
7667;2025.07.26 22:00;-12;26;16.125;15.125;1517;202;0;
7668;2025.07.26 22:15;-12;25.625;15.25;13.875;1515;202;0;
7669;2025.07.26 22:30;-12;25.25;14.4375;13.0625;1513;202;0;
7670;2025.07.26 22:45;-12;24.875;14.625;14.4375;1512;202;0;
7671;2025.07.26 23:00;-12;24.5625;14.25;13.5625;1511;202;0;
7672;2025.07.26 23:15;-12;24.25;13.375;12;1509;202;0;
7673;2025.07.26 23:30;-12;24;13;12.0625;1508;202;0;
7674;2025.07.26 23:45;-12;23.75;12.75;12.125;1507;202;0;
7675;2025.07.27 00:00;-12;23.4375;12.375;11.5625;1506;202;0;
7676;2025.07.27 00:15;-12;23.1875;12.125;11.5;1506;202;0;
7677;2025.07.27 00:30;-12;23;11.875;11.0625;1505;202;0;
7678;2025.07.27 00:45;-12;22.75;11.9375;11.5;1505;202;0;
7679;2025.07.27 01:00;-12;22.5;11.625;10.75;1504;202;0;
7680;2025.07.27 01:15;-12;22.3125;11.375;10.6875;1503;202;0;
7681;2025.07.27 01:30;-12;22.125;11.375;10.875;1503;202;0;
7682;2025.07.27 01:45;-12;21.875;11.375;11.0625;1503;202;0;
7683;2025.07.27 02:00;-12;21.75;11.4375;11.25;1502;202;0;
7684;2025.07.27 02:15;-12;21.625;12.125;12.25;1503;202;0;
7685;2025.07.27 02:30;-12;21.4375;12.0625;12;1503;202;0;
7686;2025.07.27 02:45;-12;21.25;13.375;14.375;1505;202;0;
7687;2025.07.27 03:00;-12;21.1875;14.375;15.625;1506;202;0;
7688;2025.07.27 03:15;-12;21.125;14.5625;15.5;1507;202;0;
7689;2025.07.27 03:30;-12;21;14.5625;15.4375;1507;202;0;
7690;2025.07.27 03:45;-12;20.875;14.625;15.625;1506;202;0;
7691;2025.07.27 04:00;-12;20.875;15;16.1875;1507;202;0;
7692;2025.07.27 04:15;-12;20.75;15.25;16.3125;1507;202;0;
7693;2025.07.27 04:30;-12;20.6875;14.375;15;1506;202;0;
7694;2025.07.27 04:45;-12;20.625;13.375;13.625;1504;202;0;
7695;2025.07.27 05:00;-12;20.5;13.625;14.5;1505;202;0;
7696;2025.07.27 05:15;-12;20.375;13.25;13.875;1504;202;0;
7697;2025.07.27 05:30;-12;20.3125;12.75;13.25;1503;202;0;
7698;2025.07.27 05:45;-12;20.25;11.875;11.875;1502;202;0;
7699;2025.07.27 06:00;-12;20.125;11.5625;12.125;1501;202;0;
7700;2025.07.27 06:15;-12;20;11.5;12.5;1501;202;0;
7701;2025.07.27 06:30;-12;19.875;12.75;14.25;1502;202;0;
7702;2025.07.27 06:45;-12;19.75;13.125;14.5;1503;202;0;
7703;2025.07.27 07:00;-12;19.6875;13.75;15.1875;1504;202;0;
7704;2025.07.27 07:15;-12;19.625;13.5;14.375;1504;202;0;
7705;2025.07.27 07:30;-12;19.5625;12.875;13.5;1503;202;0;
7706;2025.07.27 07:45;-12;19.5;12.875;13.8125;1502;202;0;
7707;2025.07.27 08:00;-12;19.375;13;13.875;1503;202;0;
7708;2025.07.27 08:15;-12;19.375;12.875;13.625;1502;202;0;
7709;2025.07.27 08:30;-12;19.25;13.25;14.5;1503;202;0;
7710;2025.07.27 08:45;-12;19.1875;12.9375;13.8125;1502;202;0;
7711;2025.07.27 09:00;-12;19.125;13.875;15.3125;1504;202;0;
7712;2025.07.27 09:15;-12;19.0625;14;15.0625;1504;202;0;
7713;2025.07.27 09:30;-12;19;13.375;14.125;1503;202;0;
7714;2025.07.27 09:45;-12;19;12.375;12.8125;1502;202;0;
7715;2025.07.27 10:00;-12;18.9375;12;12.75;1501;202;0;
7716;2025.07.27 10:15;-12;18.875;13.125;15.5;1503;202;0;
7717;2025.07.27 10:30;-12;18.8125;16;20.75;1507;202;0;
7718;2025.07.27 10:45;-12;18.8125;18.6875;22.875;1512;202;0;
7719;2025.07.27 11:00;-12;18.875;20.875;24.375;1516;202;0;
7720;2025.07.27 11:15;-12;19.0625;22.9375;25.375;1521;202;0;
7721;2025.07.27 11:30;-12;19.25;24.625;26;1525;202;0;
7722;2025.07.27 11:45;-12;19.5625;26.25;26.5;1528;202;0;
7723;2025.07.27 12:00;-12;19.9375;28;27.125;1532;202;0;
7724;2025.07.27 12:15;-12;20.3125;29.5;27.875;1536;202;0;
7725;2025.07.27 12:30;-12;20.75;31;28.5625;1539;202;0;
7726;2025.07.27 12:45;-12;21.25;32.625;29.625;1543;202;0;
7727;2025.07.27 13:00;-12;21.8125;34.25;30.5;1547;202;0;
7728;2025.07.27 13:15;-12;22.375;36.0625;31.375;1551;202;0;
7729;2025.07.27 13:30;-12;23;37;31.75;1553;202;0;
7730;2025.07.27 13:45;-12;23.625;38;32.1875;1556;202;0;
7731;2025.07.27 14:00;-12;24.25;38.25;32.125;1557;202;0;
7732;2025.07.27 14:15;-12;24.875;39.5;33.125;1560;202;0;
7733;2025.07.27 14:30;-12;25.625;40.125;33.125;1562;202;0;
7734;2025.07.27 14:45;-12;26.25;40.875;33.625;1563;202;0;
7735;2025.07.27 15:00;-12;26.875;41.375;33.875;1565;202;0;
7736;2025.07.27 15:15;-12;27.4375;42.125;34.5;1566;202;0;
7737;2025.07.27 15:30;-12;28;42.8125;35.375;1567;202;0;
7738;2025.07.27 15:45;-12;28.5625;43.25;35.6875;1567;202;0;
7739;2025.07.27 16:00;-12;29;43.3125;35.75;1567;202;0;
7740;2025.07.27 16:15;-12;29.375;43.1875;35.9375;1565;202;0;
7741;2025.07.27 16:30;-12;29.75;42.0625;35.4375;1561;202;0;
7742;2025.07.27 16:45;-12;30;41.8125;36.5;1558;202;0;
7743;2025.07.27 17:00;-12;30.125;39.875;35.5;1553;202;0;
7744;2025.07.27 17:15;-12;30.25;38.875;35.375;1549;202;0;
7745;2025.07.27 17:30;-12;30.375;38.25;35.375;1546;202;0;
7746;2025.07.27 17:45;-12;30.375;38.3125;35.625;1545;202;0;
7747;2025.07.27 18:00;-12;30.5;37.25;34.8125;1542;202;0;
7748;2025.07.27 18:15;-12;30.5;36.625;34.375;1540;202;0;
7749;2025.07.27 18:30;-12;30.5;36.375;33.5;1538;202;0;
7750;2025.07.27 18:45;-12;30.4375;36.125;33.75;1535;202;0;
7751;2025.07.27 19:00;-12;30.3125;35.1875;33.5;1532;202;0;
7752;2025.07.27 19:15;-12;30.125;33.75;32.5;1528;202;0;
7753;2025.07.27 19:30;-12;29.875;32.75;32.125;1525;202;0;
7754;2025.07.27 19:45;-12;29.625;31.125;30.75;1521;202;0;
7755;2025.07.27 20:00;-12;29.375;29.25;29.5625;1516;202;0;
7756;2025.07.27 20:15;-12;29;27.125;27.9375;1511;202;0;
7757;2025.07.27 20:30;-12;28.625;24.875;25.25;1506;202;0;
7758;2025.07.27 20:45;-12;28.25;22.75;22;1502;202;0;
7759;2025.07.27 21:00;-12;27.875;20.5;19;1497;202;0;
7760;2025.07.27 21:15;-12;27.375;18.625;17.125;1493;202;0;
7761;2025.07.27 21:30;-12;27;17.25;15.75;1490;202;0;
7762;2025.07.27 21:45;-12;26.5;16.375;15.25;1487;202;0;
7763;2025.07.27 22:00;-12;26.125;15.625;14.5;1485;202;0;
7764;2025.07.27 22:15;-12;25.6875;15.125;14.3125;1484;202;0;
7765;2025.07.27 22:30;-12;25.25;14.3125;12.875;1482;202;0;
7766;2025.07.27 22:45;-12;24.9375;14.0625;13.625;1481;202;0;
7767;2025.07.27 23:00;-12;24.625;13.625;12.8125;1479;202;0;
7768;2025.07.27 23:15;-12;24.25;12.9375;11.375;1478;202;0;
7769;2025.07.27 23:30;-12;24;12.5625;11.5;1477;202;0;
7770;2025.07.27 23:45;-12;23.6875;12.125;10.9375;1475;202;0;
7771;2025.07.28 00:00;-12;23.375;11.8125;10.625;1474;202;0;
7772;2025.07.28 00:15;-12;23.125;11.625;10.625;1474;202;0;
7773;2025.07.28 00:30;-12;22.875;11.25;10;1473;202;0;
7774;2025.07.28 00:45;-12;22.625;11;9.875;1472;202;0;
7775;2025.07.28 01:00;-12;22.375;10.875;10;1472;202;0;
7776;2025.07.28 01:15;-12;22.1875;10.8125;9.75;1471;202;0;
7777;2025.07.28 01:30;-12;22;10.5625;9.4375;1471;202;0;
7778;2025.07.28 01:45;-12;21.75;10.125;8.6875;1470;202;0;
7779;2025.07.28 02:00;-12;21.625;9.75;8.125;1469;202;0;
7780;2025.07.28 02:15;-12;21.375;10;9.625;1469;202;0;
7781;2025.07.28 02:30;-12;21.1875;10.25;10.125;1469;202;0;
7782;2025.07.28 02:45;-12;21;11;11.25;1470;202;0;
7783;2025.07.28 03:00;-12;20.875;11.0625;11;1470;202;0;
7784;2025.07.28 03:15;-12;20.75;11.125;11.125;1470;202;0;
7785;2025.07.28 03:30;-12;20.625;11.25;11.5;1470;202;0;
7786;2025.07.28 03:45;-12;20.5;11.8125;12.5625;1471;202;0;
7787;2025.07.28 04:00;-12;20.375;12.375;13;1472;202;0;
7788;2025.07.28 04:15;-12;20.3125;11.875;12.0625;1471;202;0;
7789;2025.07.28 04:30;-12;20.25;11.5;11.75;1470;202;0;
7790;2025.07.28 04:45;-12;20.125;11.625;12.1875;1470;202;0;
7791;2025.07.28 05:00;-12;20;11.125;11;1470;202;0;
7792;2025.07.28 05:15;-12;19.875;10.75;10.625;1469;202;0;
7793;2025.07.28 05:30;-12;19.8125;10.625;11.125;1469;202;0;
7794;2025.07.28 05:45;-12;19.75;10.6875;11.375;1469;202;0;
7795;2025.07.28 06:00;-12;19.625;11;11.75;1469;202;0;
7796;2025.07.28 06:15;-12;19.5;11;11.5;1469;202;0;
7797;2025.07.28 06:30;-12;19.375;11.25;11.875;1469;202;0;
7798;2025.07.28 06:45;-12;19.375;11.375;12.125;1470;202;0;
7799;2025.07.28 07:00;-12;19.25;10.6875;11.0625;1469;202;0;
7800;2025.07.28 07:15;-12;19.1875;10.625;11.1875;1469;202;0;
7801;2025.07.28 07:30;-12;19.125;10.75;11.25;1469;202;0;
7802;2025.07.28 07:45;-12;19;11.625;12.5;1470;202;0;
7803;2025.07.28 08:00;-12;19;11.25;11.875;1470;202;0;
7804;2025.07.28 08:15;-12;18.875;11.3125;12.125;1470;202;0;
7805;2025.07.28 08:30;-12;18.8125;12.125;13.5;1471;202;0;
7806;2025.07.28 08:45;-12;18.75;12.375;13.5;1471;202;0;
7807;2025.07.28 09:00;-12;18.75;11.5;12;1470;202;0;
7808;2025.07.28 09:15;-12;18.6875;11.375;12.375;1470;202;0;
7809;2025.07.28 09:30;-12;18.625;11.625;12.625;1470;202;0;
7810;2025.07.28 09:45;-12;18.5625;11.875;13;1471;202;0;
7811;2025.07.28 10:00;-12;18.5;12.625;14;1472;202;0;
7812;2025.07.28 10:15;-12;18.5;14.1875;16.875;1475;202;0;
7813;2025.07.28 10:30;-12;18.5;16.3125;20.625;1478;202;0;
7814;2025.07.28 10:45;-12;18.5;18.6875;22.6875;1482;202;0;
7815;2025.07.28 11:00;-12;18.625;20.875;24.5;1487;202;0;
7816;2025.07.28 11:15;-12;18.8125;23.1875;26.25;1492;202;0;
7817;2025.07.28 11:30;-12;19.0625;25.625;27.875;1497;202;0;
7818;2025.07.28 11:45;-12;19.375;28;29.25;1502;202;0;
7819;2025.07.28 12:00;-12;19.8125;30.1875;30.4375;1506;202;0;
7820;2025.07.28 12:15;-12;20.25;32.125;31.375;1511;202;0;
7821;2025.07.28 12:30;-12;20.8125;33.9375;32.1875;1515;202;0;
7822;2025.07.28 12:45;-12;21.375;35.5;33.25;1519;202;0;
7823;2025.07.28 13:00;-12;22;37.125;33.8125;1523;202;0;
7824;2025.07.28 13:15;-12;22.625;37.875;33.5625;1525;202;0;
7825;2025.07.28 13:30;-12;23.25;38.8125;34;1528;202;0;
7826;2025.07.28 13:45;-12;23.9375;39.5625;34.25;1530;202;0;
7827;2025.07.28 14:00;-12;24.625;40.4375;34.625;1533;202;0;
7828;2025.07.28 14:15;-12;25.3125;41.375;35;1535;202;0;
7829;2025.07.28 14:30;-12;25.9375;42.0625;35.25;1538;202;0;
7830;2025.07.28 14:45;-12;26.625;42.25;35.1875;1538;202;0;
7831;2025.07.28 15:00;-12;27.25;42.9375;35.625;1540;202;0;
7832;2025.07.28 15:15;-12;27.875;43.5;35.6875;1541;202;0;
7833;2025.07.28 15:30;-12;28.375;43.5;35.8125;1541;202;0;
7834;2025.07.28 15:45;-12;28.9375;44.25;36.625;1542;202;0;
7835;2025.07.28 16:00;-12;29.375;44.375;36.875;1541;202;0;
7836;2025.07.28 16:15;-12;29.8125;43.75;36.625;1538;202;0;
7837;2025.07.28 16:30;-12;30.125;42.25;35.875;1533;202;0;
7838;2025.07.28 16:45;-12;30.25;40.8125;35.4375;1528;202;0;
7839;2025.07.28 17:00;-12;30.375;40.1875;36.25;1525;202;0;
7840;2025.07.28 17:15;-12;30.375;38.625;34.75;1520;202;0;
7841;2025.07.28 17:30;-12;30.4375;38.5625;36;1519;202;0;
7842;2025.07.28 17:45;-12;30.5;37.9375;35.375;1516;202;0;
7843;2025.07.28 18:00;-12;30.5;37.875;35.5;1515;202;0;
7844;2025.07.28 18:15;-12;30.5;37.8125;35.5625;1514;202;0;
7845;2025.07.28 18:30;-12;30.5;36.3125;33.625;1510;202;0;
7846;2025.07.28 18:45;-12;30.5;35.6875;33;1508;202;0;
7847;2025.07.28 19:00;-12;30.375;35.375;33.1875;1505;202;0;
7848;2025.07.28 19:15;-12;30.125;33.8125;31.875;1501;202;0;
7849;2025.07.28 19:30;-12;29.9375;31.875;30.4375;1496;202;0;
7850;2025.07.28 19:45;-12;29.625;30.875;30.625;1493;202;0;
7851;2025.07.28 20:00;-12;29.375;29.4375;29.4375;1489;202;0;
7852;2025.07.28 20:15;-12;29;27.375;27.6875;1484;202;0;
7853;2025.07.28 20:30;-12;28.625;25.375;25.375;1480;202;0;
7854;2025.07.28 20:45;-12;28.25;23.75;23.5;1476;202;0;
7855;2025.07.28 21:00;-12;27.875;21.625;20.625;1472;202;0;
7856;2025.07.28 21:15;-12;27.4375;19.625;18.25;1467;202;0;
7857;2025.07.28 21:30;-12;27;18.0625;16.3125;1464;202;0;
7858;2025.07.28 21:45;-12;26.5625;16.75;14.875;1461;202;0;
7859;2025.07.28 22:00;-12;26.125;16;14.125;1459;202;0;
7860;2025.07.28 22:15;-12;25.75;15.5;14.0625;1457;202;0;
7861;2025.07.28 22:30;-12;25.375;15.0625;14;1456;202;0;
7862;2025.07.28 22:45;-12;25.0625;14.75;13.75;1455;202;0;
7863;2025.07.28 23:00;-12;24.75;14.375;13.25;1454;202;0;
7864;2025.07.28 23:15;-12;24.375;14.0625;13;1453;202;0;
7865;2025.07.28 23:30;-12;24.125;14;13.1875;1452;202;0;
7866;2025.07.28 23:45;-12;23.875;13.75;12.75;1452;202;0;
7867;2025.07.29 00:00;-12;23.625;13.375;12.5;1451;202;0;
7868;2025.07.29 00:15;-12;23.375;13.0625;12.25;1450;202;0;
7869;2025.07.29 00:30;-12;23.125;12.875;12.0625;1449;202;0;
7870;2025.07.29 00:45;-12;22.875;12.5625;11.75;1448;202;0;
7871;2025.07.29 01:00;-12;22.6875;12.25;11.4375;1447;202;0;
7872;2025.07.29 01:15;-12;22.5;12;11.25;1447;202;0;
7873;2025.07.29 01:30;-12;22.25;11.875;11.125;1446;202;0;
7874;2025.07.29 01:45;-12;22.125;11.625;10.8125;1446;202;0;
7875;2025.07.29 02:00;-12;21.875;11.375;10.5;1445;202;0;
7876;2025.07.29 02:15;-12;21.75;11.25;10.375;1445;202;0;
7877;2025.07.29 02:30;-12;21.5;11;10.3125;1444;202;0;
7878;2025.07.29 02:45;-12;21.375;10.9375;10.25;1444;202;0;
7879;2025.07.29 03:00;-12;21.1875;10.875;10.375;1443;202;0;
7880;2025.07.29 03:15;-12;21;10.875;10.375;1443;202;0;
7881;2025.07.29 03:30;-12;20.875;10.75;10;1443;202;0;
7882;2025.07.29 03:45;-12;20.75;10.75;10.375;1443;202;0;
7883;2025.07.29 04:00;-12;20.625;10.75;10.375;1443;202;0;
7884;2025.07.29 04:15;-12;20.5;10.5;10;1442;202;0;
7885;2025.07.29 04:30;-12;20.375;10.75;10.75;1442;202;0;
7886;2025.07.29 04:45;-12;20.25;10.6875;10.4375;1442;202;0;
7887;2025.07.29 05:00;-12;20.125;10.5;10;1442;202;0;
7888;2025.07.29 05:15;-12;20;10.5;10.375;1442;202;0;
7889;2025.07.29 05:30;-12;19.875;10.5;10.125;1442;202;0;
7890;2025.07.29 05:45;-12;19.8125;10.25;9.75;1441;202;0;
7891;2025.07.29 06:00;-12;19.6875;10.25;9.875;1441;202;0;
7892;2025.07.29 06:15;-12;19.625;9.9375;9.25;1441;202;0;
7893;2025.07.29 06:30;-12;19.5;10;9.625;1441;202;0;
7894;2025.07.29 06:45;-12;19.375;9.875;9.375;1441;202;0;
7895;2025.07.29 07:00;-12;19.3125;9.875;9.375;1441;202;0;
7896;2025.07.29 07:15;-12;19.1875;9.875;9.5;1441;202;0;
7897;2025.07.29 07:30;-12;19.125;9.9375;9.625;1441;202;0;
7898;2025.07.29 07:45;-12;19;10.3125;10.5;1441;202;0;
7899;2025.07.29 08:00;-12;18.9375;10;9.875;1441;202;0;
7900;2025.07.29 08:15;-12;18.875;9.75;9.5;1441;202;0;
7901;2025.07.29 08:30;-12;18.75;9.625;9.375;1440;202;0;
7902;2025.07.29 08:45;-12;18.6875;9.5;9.25;1440;202;0;
7903;2025.07.29 09:00;-12;18.625;9.25;8.75;1440;202;0;
7904;2025.07.29 09:15;-12;18.5;8.9375;8.375;1439;202;0;
7905;2025.07.29 09:30;-12;18.4375;8.625;7.875;1439;202;0;
7906;2025.07.29 09:45;-12;18.375;8.625;7.875;1439;202;0;
7907;2025.07.29 10:00;-12;18.25;9.25;9.625;1440;202;0;
7908;2025.07.29 10:15;-12;18.1875;10.375;12.0625;1442;202;0;
7909;2025.07.29 10:30;-12;18.125;13.625;18.5;1447;202;0;
7910;2025.07.29 10:45;-12;18.1875;17.1875;22.25;1453;202;0;
7911;2025.07.29 11:00;-12;18.3125;20.5;24.75;1460;202;0;
7912;2025.07.29 11:15;-12;18.5;23.25;26.5;1465;202;0;
7913;2025.07.29 11:30;-12;18.8125;25.5625;27.375;1470;202;0;
7914;2025.07.29 11:45;-12;19.1875;27.75;28.5;1475;202;0;
7915;2025.07.29 12:00;-12;19.625;28.625;28.25;1478;202;0;
7916;2025.07.29 12:15;-12;20.125;29.8125;29;1481;202;0;
7917;2025.07.29 12:30;-12;20.5625;32.1875;30.875;1486;202;0;
7918;2025.07.29 12:45;-12;21.125;33.875;31.375;1490;202;0;
7919;2025.07.29 13:00;-12;21.625;35.625;32.5;1494;202;0;
7920;2025.07.29 13:15;-12;22.25;37.5;33.4375;1499;202;0;
7921;2025.07.29 13:30;-12;23;38.625;34.125;1502;202;0;
7922;2025.07.29 13:45;-12;23.625;39.875;34.25;1506;202;0;
7923;2025.07.29 14:00;-12;24.4375;41;35;1509;202;0;
7924;2025.07.29 14:15;-12;25.125;42.25;36.0625;1512;202;0;
7925;2025.07.29 14:30;-12;25.875;42.3125;35;1512;202;0;
7926;2025.07.29 14:45;-12;26.5625;43.125;36.4375;1515;202;0;
7927;2025.07.29 15:00;-12;27.1875;42.625;35.875;1514;202;0;
7928;2025.07.29 15:15;-12;27.75;43.4375;36.875;1516;202;0;
7929;2025.07.29 15:30;-12;28.375;44;37;1517;202;0;
7930;2025.07.29 15:45;-12;28.875;45;38;1519;202;0;
7931;2025.07.29 16:00;-12;29.375;44.9375;37.5;1518;202;0;
7932;2025.07.29 16:15;-12;29.8125;43.875;35.9375;1514;202;0;
7933;2025.07.29 16:30;-12;30.125;42.375;35.625;1509;202;0;
7934;2025.07.29 16:45;-12;30.375;42;36.75;1507;202;0;
7935;2025.07.29 17:00;-12;30.5;40.6875;36.375;1502;202;0;
7936;2025.07.29 17:15;-12;30.625;40.4375;36.8125;1500;202;0;
7937;2025.07.29 17:30;-12;30.6875;39.75;36.5;1497;202;0;
7938;2025.07.29 17:45;-12;30.75;39.0625;36.125;1495;202;0;
7939;2025.07.29 18:00;-12;30.75;38.25;35.5;1492;202;0;
7940;2025.07.29 18:15;-12;30.8125;38.1875;35.75;1491;202;0;
7941;2025.07.29 18:30;-12;30.875;37.75;34.875;1489;202;0;
7942;2025.07.29 18:45;-12;30.75;36.875;34.25;1486;202;0;
7943;2025.07.29 19:00;-12;30.6875;35.9375;33.375;1483;202;0;
7944;2025.07.29 19:15;-12;30.5;34.875;33.25;1480;202;0;
7945;2025.07.29 19:30;-12;30.3125;33.8125;32.4375;1476;202;0;
7946;2025.07.29 19:45;-12;30.0625;32.25;31.875;1472;202;0;
7947;2025.07.29 20:00;-12;29.75;30.375;30.125;1468;202;0;
7948;2025.07.29 20:15;-12;29.4375;28.1875;28.25;1463;202;0;
7949;2025.07.29 20:30;-12;29.0625;26.25;26.25;1458;202;0;
7950;2025.07.29 20:45;-12;28.625;24.375;23.8125;1454;202;0;
7951;2025.07.29 21:00;-12;28.25;22.375;21.375;1450;202;0;
7952;2025.07.29 21:15;-12;27.8125;20.3125;18.375;1445;202;0;
7953;2025.07.29 21:30;-12;27.375;18.6875;16.625;1442;202;0;
7954;2025.07.29 21:45;-12;26.9375;17.5;15.625;1439;202;0;
7955;2025.07.29 22:00;-12;26.5;16.8125;15;1437;202;0;
7956;2025.07.29 22:15;-12;26.125;16.375;14.875;1436;202;0;
7957;2025.07.29 22:30;-12;25.75;16.25;15;1435;202;0;
7958;2025.07.29 22:45;-12;25.375;16;14.8125;1434;202;0;
7959;2025.07.29 23:00;-12;25.125;15.5;14.25;1432;202;0;
7960;2025.07.29 23:15;-12;24.75;15.125;14;1431;202;0;
7961;2025.07.29 23:30;-12;24.5;14.625;13.375;1430;202;0;
7962;2025.07.29 23:45;-12;24.25;14.25;13.1875;1429;202;0;
7963;2025.07.30 00:00;-12;24;13.75;12.5;1428;202;0;
7964;2025.07.30 00:15;-12;23.75;13.625;12.625;1427;202;0;
7965;2025.07.30 00:30;-12;23.5;13.375;12.4375;1427;202;0;
7966;2025.07.30 00:45;-12;23.25;13;12.125;1426;202;0;
7967;2025.07.30 01:00;-12;23;12.875;12.125;1425;202;0;
7968;2025.07.30 01:15;-12;22.75;12.6875;12;1425;202;0;
7969;2025.07.30 01:30;-12;22.5625;12.4375;11.5;1424;202;0;
7970;2025.07.30 01:45;-12;22.375;12.25;11.375;1423;202;0;
7971;2025.07.30 02:00;-12;22.1875;12.125;11.1875;1423;202;0;
7972;2025.07.30 02:15;-12;22;11.875;10.875;1422;202;0;
7973;2025.07.30 02:30;-12;21.8125;11.75;11.0625;1422;202;0;
7974;2025.07.30 02:45;-12;21.625;11.75;11.125;1422;202;0;
7975;2025.07.30 03:00;-12;21.5;11.8125;11.25;1422;202;0;
7976;2025.07.30 03:15;-12;21.375;12;11.5;1422;202;0;
7977;2025.07.30 03:30;-12;21.25;12;11.375;1422;202;0;
7978;2025.07.30 03:45;-12;21.125;11.75;11.0625;1421;202;0;
7979;2025.07.30 04:00;-12;20.9375;11.875;11.625;1422;202;0;
7980;2025.07.30 04:15;-12;20.875;12.4375;12.625;1422;202;0;
7981;2025.07.30 04:30;-12;20.75;12.375;12.375;1422;202;0;
7982;2025.07.30 04:45;-12;20.625;12.5;12.5625;1422;202;0;
7983;2025.07.30 05:00;-12;20.5;12.9375;13.125;1423;202;0;
7984;2025.07.30 05:15;-12;20.4375;13.125;13.1875;1424;202;0;
7985;2025.07.30 05:30;-12;20.375;13.5;13.875;1424;202;0;
7986;2025.07.30 05:45;-12;20.3125;13.75;14.125;1425;202;0;
7987;2025.07.30 06:00;-12;20.25;13.6875;13.875;1425;202;0;
7988;2025.07.30 06:15;-12;20.1875;13.75;14.0625;1425;202;0;
7989;2025.07.30 06:30;-12;20.125;13.1875;13.25;1424;202;0;
7990;2025.07.30 06:45;-12;20.125;12.75;12.8125;1423;202;0;
7991;2025.07.30 07:00;-12;20;12.8125;13;1423;202;0;
7992;2025.07.30 07:15;-12;19.9375;13;13.25;1424;202;0;
7993;2025.07.30 07:30;-12;19.875;12.6875;12.8125;1423;202;0;
7994;2025.07.30 07:45;-12;19.8125;12.625;12.75;1423;202;0;
7995;2025.07.30 08:00;-12;19.75;12.875;13.375;1424;202;0;
7996;2025.07.30 08:15;-12;19.625;13.25;13.875;1424;202;0;
7997;2025.07.30 08:30;-12;19.625;14;14.875;1426;202;0;
7998;2025.07.30 08:45;-12;19.5625;14.125;14.75;1426;202;0;
7999;2025.07.30 09:00;-12;19.5;14.375;15.125;1426;202;0;
8000;2025.07.30 09:15;-12;19.5;14.5625;15.25;1427;202;0;
8001;2025.07.30 09:30;-12;19.5;14.3125;14.75;1427;202;0;
8002;2025.07.30 09:45;-12;19.5;14.4375;15.125;1427;202;0;
8003;2025.07.30 10:00;-12;19.4375;15;15.9375;1428;202;0;
8004;2025.07.30 10:15;-12;19.375;15.75;17.5;1429;202;0;
8005;2025.07.30 10:30;-12;19.375;17.25;20.125;1432;202;0;
8006;2025.07.30 10:45;-12;19.4375;18.875;21.625;1435;202;0;
8007;2025.07.30 11:00;-12;19.5;20.625;23.125;1438;202;0;
8008;2025.07.30 11:15;-12;19.625;22.375;24;1442;202;0;
8009;2025.07.30 11:30;-12;19.8125;23.875;24.75;1445;202;0;
8010;2025.07.30 11:45;-12;20.0625;25.375;25.4375;1449;202;0;
8011;2025.07.30 12:00;-12;20.375;27.1875;26.5;1453;202;0;
8012;2025.07.30 12:15;-12;20.75;28.5625;27.125;1456;202;0;
8013;2025.07.30 12:30;-12;21.125;30.375;28.375;1460;202;0;
8014;2025.07.30 12:45;-12;21.625;31.875;29.25;1464;202;0;
8015;2025.07.30 13:00;-12;22.125;33.25;30.0625;1467;202;0;
8016;2025.07.30 13:15;-12;22.625;34.8125;30.875;1471;202;0;
8017;2025.07.30 13:30;-12;23.25;36.5;31.875;1476;202;0;
8018;2025.07.30 13:45;-12;23.875;37.75;32.5;1479;202;0;
8019;2025.07.30 14:00;-12;24.5625;39;33.0625;1482;202;0;
8020;2025.07.30 14:15;-12;25.25;39.875;33.5;1485;202;0;
8021;2025.07.30 14:30;-12;26;41.125;34.5;1488;202;0;
8022;2025.07.30 14:45;-12;26.6875;41.9375;34.875;1491;202;0;
8023;2025.07.30 15:00;-12;27.375;43.5;36.5625;1494;202;0;
8024;2025.07.30 15:15;-12;28;43.25;36.125;1493;202;0;
8025;2025.07.30 15:30;-12;28.625;42.25;35.25;1490;202;0;
8026;2025.07.30 15:45;-12;29;40.5;35.25;1486;202;0;
8027;2025.07.30 16:00;-12;29.125;35.5;30.75;1473;202;0;
8028;2025.07.30 16:15;-12;29;37.625;34.375;1477;202;0;
8029;2025.07.30 16:30;-12;29;42.625;38.5;1486;202;0;
8030;2025.07.30 16:45;-12;29.3125;43.5625;39;1487;202;0;
8031;2025.07.30 17:00;-12;29.75;41.5;37.125;1482;202;0;
8032;2025.07.30 17:15;-12;30;41.75;38.625;1481;202;0;
8033;2025.07.30 17:30;-12;30.25;40.4375;37.25;1478;202;0;
8034;2025.07.30 17:45;-12;30.375;40.375;37.25;1477;202;0;
8035;2025.07.30 18:00;-12;30.5625;39.25;35.6875;1474;202;0;
8036;2025.07.30 18:15;-12;30.625;38.1875;35.75;1471;202;0;
8037;2025.07.30 18:30;-12;30.6875;37.625;35.5;1469;202;0;
8038;2025.07.30 18:45;-12;30.625;37.5;34.9375;1467;202;0;
8039;2025.07.30 19:00;-12;30.625;36.5;34.1875;1464;202;0;
8040;2025.07.30 19:15;-12;30.5;34.5;32.5625;1459;202;0;
8041;2025.07.30 19:30;-12;30.25;33.6875;32.75;1456;202;0;
8042;2025.07.30 19:45;-12;30;32.375;31.875;1453;202;0;
8043;2025.07.30 20:00;-12;29.75;30.625;30.625;1448;202;0;
8044;2025.07.30 20:15;-12;29.5;28.4375;28.6875;1443;202;0;
8045;2025.07.30 20:30;-12;29.125;26.625;26.8125;1439;202;0;
8046;2025.07.30 20:45;-12;28.6875;24.875;24.4375;1435;202;0;
8047;2025.07.30 21:00;-12;28.3125;23;22;1431;202;0;
8048;2025.07.30 21:15;-12;27.875;20.75;18.875;1426;202;0;
8049;2025.07.30 21:30;-12;27.5;19.4375;17.875;1423;202;0;
8050;2025.07.30 21:45;-12;27.0625;18.25;16.375;1420;202;0;
8051;2025.07.30 22:00;-12;26.625;17.25;15.9375;1418;202;0;
8052;2025.07.30 22:15;-12;26.25;16.5;15.25;1416;202;0;
8053;2025.07.30 22:30;-12;25.875;17.375;17.75;1416;202;0;
8054;2025.07.30 22:45;-12;25.5;17.125;16.9375;1416;202;0;
8055;2025.07.30 23:00;-12;25.25;16.75;16.5;1415;202;0;
8056;2025.07.30 23:15;-12;24.9375;16.125;15.5;1413;202;0;
8057;2025.07.30 23:30;-12;24.625;15.9375;15.5625;1413;202;0;
8058;2025.07.30 23:45;-12;24.375;16.125;16.1875;1412;202;0;
8059;2025.07.31 00:00;-12;24.125;16.375;16.5625;1413;202;0;
8060;2025.07.31 00:15;-12;23.9375;16.1875;16.125;1412;202;0;
8061;2025.07.31 00:30;-12;23.75;15.875;15.8125;1411;202;0;
8062;2025.07.31 00:45;-12;23.5;15.5625;15.375;1410;202;0;
8063;2025.07.31 01:00;-12;23.375;15.875;16.1875;1411;202;0;
8064;2025.07.31 01:15;-12;23.125;15.9375;16.125;1411;202;0;
8065;2025.07.31 01:30;-12;23;15.875;15.875;1410;202;0;
8066;2025.07.31 01:45;-12;22.875;15.5;15.4375;1410;202;0;
8067;2025.07.31 02:00;-12;22.6875;15.5;15.625;1410;202;0;
8068;2025.07.31 02:15;-12;22.5625;15.625;15.5;1410;202;0;
8069;2025.07.31 02:30;-12;22.4375;16.125;16.375;1410;202;0;
8070;2025.07.31 02:45;-12;22.3125;16;16.1875;1410;202;0;
8071;2025.07.31 03:00;-12;22.25;15.625;15.75;1409;202;0;
8072;2025.07.31 03:15;-12;22.125;15.75;15.875;1409;202;0;
8073;2025.07.31 03:30;-12;22;15.875;16;1410;202;0;
8074;2025.07.31 03:45;-12;21.875;15.625;15.625;1409;202;0;
8075;2025.07.31 04:00;-12;21.8125;15.125;14.75;1408;202;0;
8076;2025.07.31 04:15;-12;21.75;14.75;14.5;1408;202;0;
8077;2025.07.31 04:30;-12;21.625;14.9375;15.0625;1408;202;0;
8078;2025.07.31 04:45;-12;21.5;15.875;16.875;1409;202;0;
8079;2025.07.31 05:00;-12;21.375;15.5;16;1408;202;0;
8080;2025.07.31 05:15;-12;21.3125;14.75;15;1407;202;0;
8081;2025.07.31 05:30;-12;21.25;14.25;14.625;1406;202;0;
8082;2025.07.31 05:45;-12;21.125;14.25;14.625;1406;202;0;
8083;2025.07.31 06:00;-12;21;13.3125;13.1875;1405;202;0;
8084;2025.07.31 06:15;-12;20.875;13.9375;14.6875;1405;202;0;
8085;2025.07.31 06:30;-12;20.75;14.25;15;1406;202;0;
8086;2025.07.31 06:45;-12;20.625;14.125;14.75;1406;202;0;
8087;2025.07.31 07:00;-12;20.5;14.625;15.5;1406;202;0;
8088;2025.07.31 07:15;-12;20.5;14.75;15.5;1406;202;0;
8089;2025.07.31 07:30;-12;20.375;14.6875;15.375;1406;202;0;
8090;2025.07.31 07:45;-12;20.3125;14.875;15.625;1407;202;0;
8091;2025.07.31 08:00;-12;20.25;15;15.75;1407;202;0;
8092;2025.07.31 08:15;-12;20.1875;14.875;15.5625;1407;202;0;
8093;2025.07.31 08:30;-12;20.125;14.6875;15.1875;1406;202;0;
8094;2025.07.31 08:45;-12;20.125;13.875;13.875;1405;202;0;
8095;2025.07.31 09:00;-12;20;13.25;13.125;1404;202;0;
8096;2025.07.31 09:15;-12;19.9375;13.5;14.125;1404;202;0;
8097;2025.07.31 09:30;-12;19.875;14.25;15.4375;1405;202;0;
8098;2025.07.31 09:45;-12;19.75;15.125;16.375;1407;202;0;
8099;2025.07.31 10:00;-12;19.75;15.625;16.6875;1408;202;0;
8100;2025.07.31 10:15;-12;19.75;17.25;19.4375;1411;202;0;
8101;2025.07.31 10:30;-12;19.75;19.5;22.5625;1415;202;0;
8102;2025.07.31 10:45;-12;19.8125;21.125;23.1875;1418;202;0;
8103;2025.07.31 11:00;-12;19.9375;21.3125;22.125;1419;202;0;
8104;2025.07.31 11:15;-12;20.125;22.25;23.1875;1421;202;0;
8105;2025.07.31 11:30;-12;20.25;23.25;24;1423;202;0;
8106;2025.07.31 11:45;-12;20.5;25.25;25.375;1427;202;0;
8107;2025.07.31 12:00;-12;20.75;26.875;26.125;1430;202;0;
8108;2025.07.31 12:15;-12;21;28.6875;27.5;1434;202;0;
8109;2025.07.31 12:30;-12;21.375;30.3125;28.1875;1438;202;0;
8110;2025.07.31 12:45;-12;21.875;31.4375;28.9375;1441;202;0;
8111;2025.07.31 13:00;-12;22.3125;33.1875;29.875;1445;202;0;
8112;2025.07.31 13:15;-12;22.875;33.6875;29.875;1448;202;0;
8113;2025.07.31 13:30;-12;23.375;35.125;31;1451;202;0;
8114;2025.07.31 13:45;-12;24;36.125;31.375;1454;202;0;
8115;2025.07.31 14:00;-12;24.625;37.625;32.25;1458;202;0;
8116;2025.07.31 14:15;-12;25.25;38.625;32.8125;1461;202;0;
8117;2025.07.31 14:30;-12;25.875;40.1875;34.0625;1465;202;0;
8118;2025.07.31 14:45;-12;26.625;41.25;34.4375;1468;202;0;
8119;2025.07.31 15:00;-12;27.25;42;35.25;1470;202;0;
8120;2025.07.31 15:15;-12;27.9375;42.75;35.5;1471;202;0;
8121;2025.07.31 15:30;-12;28.5625;43.125;35.75;1472;202;0;
8122;2025.07.31 15:45;-12;29.125;43.5;36.125;1473;202;0;
8123;2025.07.31 16:00;-12;29.625;43.625;36.5;1473;202;0;
8124;2025.07.31 16:15;-12;30.0625;43.4375;36.625;1471;202;0;
8125;2025.07.31 16:30;-12;30.375;40.375;34.875;1462;202;0;
8126;2025.07.31 16:45;-12;30.375;37.1875;32.875;1454;202;0;
8127;2025.07.31 17:00;-12;30.3125;37.625;35;1453;202;0;
8128;2025.07.31 17:15;-12;30.25;39.1875;37.125;1455;202;0;
8129;2025.07.31 17:30;-12;30.375;39.625;37.5;1455;202;0;
8130;2025.07.31 17:45;-12;30.5;39.5;37.0625;1454;202;0;
8131;2025.07.31 18:00;-12;30.625;38.9375;36.125;1453;202;0;
8132;2025.07.31 18:15;-12;30.75;39;36.625;1452;202;0;
8133;2025.07.31 18:30;-12;30.875;38.625;36.0625;1450;202;0;
8134;2025.07.31 18:45;-12;30.875;38.3125;35.625;1449;202;0;
8135;2025.07.31 19:00;-12;30.875;37.4375;35.25;1445;202;0;
8136;2025.07.31 19:15;-12;30.75;36.375;34.25;1442;202;0;
8137;2025.07.31 19:30;-12;30.625;34.8125;32.875;1438;202;0;
8138;2025.07.31 19:45;-12;30.5;33.1875;32.125;1434;202;0;
8139;2025.07.31 20:00;-12;30.25;31.375;30.875;1430;202;0;
8140;2025.07.31 20:15;-12;29.875;29.0625;29;1424;202;0;
8141;2025.07.31 20:30;-12;29.5625;26.875;26.75;1419;202;0;
8142;2025.07.31 20:45;-12;29.125;24.625;23.8125;1414;202;0;
8143;2025.07.31 21:00;-12;28.75;22.625;21.625;1410;202;0;
8144;2025.07.31 21:15;-12;28.25;21.125;20.25;1406;202;0;
8145;2025.07.31 21:30;-12;27.875;19.875;19;1403;202;0;
8146;2025.07.31 21:45;-12;27.375;18.625;17.4375;1400;202;0;
8147;2025.07.31 22:00;-12;27;17.6875;16.375;1398;202;0;
8148;2025.07.31 22:15;-12;26.5625;17.5;16.75;1397;202;0;
8149;2025.07.31 22:30;-12;26.1875;17.25;16.75;1396;202;0;
8150;2025.07.31 22:45;-12;25.875;16.6875;16.125;1394;202;0;
8151;2025.07.31 23:00;-12;25.5;16.0625;15.25;1393;202;0;
8152;2025.07.31 23:15;-12;25.1875;15.75;15.125;1392;202;0;
8153;2025.07.31 23:30;-12;24.875;15.75;15.75;1391;202;0;
8154;2025.07.31 23:45;-12;24.625;15;14.375;1390;202;0;
8155;2025.08.01 00:00;-12;24.375;14.5;13.8125;1389;202;0;
8156;2025.08.01 00:15;-12;24.125;14.25;13.75;1388;202;0;
8157;2025.08.01 00:30;-12;23.875;13.875;13.4375;1387;202;0;
8158;2025.08.01 00:45;-12;23.625;13.875;13.6875;1387;202;0;
8159;2025.08.01 01:00;-12;23.375;14.875;15.25;1388;202;0;
8160;2025.08.01 01:15;-12;23.125;14.75;14.5625;1388;202;0;
8161;2025.08.01 01:30;-12;23;14.75;14.75;1387;202;0;
8162;2025.08.01 01:45;-12;22.875;15.375;15.9375;1388;202;0;
8163;2025.08.01 02:00;-12;22.6875;15.9375;16.75;1389;202;0;
8164;2025.08.01 02:15;-12;22.5;16;16.75;1389;202;0;
8165;2025.08.01 02:30;-12;22.4375;17.25;18.4375;1391;202;0;
8166;2025.08.01 02:45;-12;22.3125;18;19.125;1392;202;0;
8167;2025.08.01 03:00;-12;22.25;18.375;19.4375;1393;202;0;
8168;2025.08.01 03:15;-12;22.25;18.625;19.5;1393;202;0;
8169;2025.08.01 03:30;-12;22.125;18.625;19.5;1393;202;0;
8170;2025.08.01 03:45;-12;22.125;18.5625;19.3125;1393;202;0;
8171;2025.08.01 04:00;-12;22.0625;18.625;19.375;1393;202;0;
8172;2025.08.01 04:15;-12;22;18.375;19;1393;202;0;
8173;2025.08.01 04:30;-12;22;18.125;18.75;1393;202;0;
8174;2025.08.01 04:45;-12;21.875;17.75;18.3125;1392;202;0;
8175;2025.08.01 05:00;-12;21.875;18;18.875;1392;202;0;
8176;2025.08.01 05:15;-12;21.75;18.25;19.0625;1393;202;0;
8177;2025.08.01 05:30;-12;21.75;18.25;19;1393;202;0;
8178;2025.08.01 05:45;-12;21.625;18.25;19.125;1393;202;0;
8179;2025.08.01 06:00;-12;21.625;18.125;18.9375;1393;202;0;
8180;2025.08.01 06:15;-12;21.5625;17.75;18.625;1392;202;0;
8181;2025.08.01 06:30;-12;21.5;17.75;18.5625;1392;202;0;
8182;2025.08.01 06:45;-12;21.4375;17.9375;18.75;1393;202;0;
8183;2025.08.01 07:00;-12;21.375;17.875;18.5625;1392;202;0;
8184;2025.08.01 07:15;-12;21.375;18.125;19;1393;202;0;
8185;2025.08.01 07:30;-12;21.25;18.25;18.875;1393;202;0;
8186;2025.08.01 07:45;-12;21.25;18.125;18.75;1393;202;0;
8187;2025.08.01 08:00;-12;21.25;17.75;18.25;1393;202;0;
8188;2025.08.01 08:15;-12;21.1875;17.625;18.125;1392;202;0;
8189;2025.08.01 08:30;-12;21.125;17.5;18;1392;202;0;
8190;2025.08.01 08:45;-12;21.0625;17.125;17.5;1392;202;0;
8191;2025.08.01 09:00;-12;21;16.625;16.9375;1391;202;0;
8192;2025.08.01 09:15;-12;21;16.1875;16.625;1390;202;0;
8193;2025.08.01 09:30;-12;20.875;16.625;17.4375;1391;202;0;
8194;2025.08.01 09:45;-12;20.8125;16.6875;17.375;1391;202;0;
8195;2025.08.01 10:00;-12;20.75;16.875;17.625;1391;202;0;
8196;2025.08.01 10:15;-12;20.75;17.9375;19.0625;1393;202;0;
8197;2025.08.01 10:30;-12;20.75;18.5;19.0625;1395;202;0;
8198;2025.08.01 10:45;-12;20.75;18.375;18.75;1395;202;0;
8199;2025.08.01 11:00;-12;20.75;18.75;19.1875;1396;202;0;
8200;2025.08.01 11:15;-12;20.75;19.125;19.9375;1396;202;0;
8201;2025.08.01 11:30;-12;20.875;23.5;25.0625;1405;202;0;
8202;2025.08.01 11:45;-12;21;26.25;26.5;1410;202;0;
8203;2025.08.01 12:00;-12;21.25;27.1875;25.75;1413;202;0;
8204;2025.08.01 12:15;-12;21.625;28.875;27.125;1417;202;0;
8205;2025.08.01 12:30;-12;22;30.25;27.625;1420;202;0;
8206;2025.08.01 12:45;-12;22.5;32.4375;29.375;1425;202;0;
8207;2025.08.01 13:00;-12;23;34.25;30.375;1430;202;0;
8208;2025.08.01 13:15;-12;23.625;34.625;29.75;1432;202;0;
8209;2025.08.01 13:30;-12;24.25;35.875;30.625;1436;202;0;
8210;2025.08.01 13:45;-12;24.875;37;31;1439;202;0;
8211;2025.08.01 14:00;-12;25.5;38.375;31.9375;1443;202;0;
8212;2025.08.01 14:15;-12;26.125;39.125;32.375;1445;202;0;
8213;2025.08.01 14:30;-12;26.8125;39.75;32.875;1447;202;0;
8214;2025.08.01 14:45;-12;27.5;38.125;31.0625;1444;202;0;
8215;2025.08.01 15:00;-12;28;38.5;32.25;1445;202;0;
8216;2025.08.01 15:15;-12;28.5;41.125;34.25;1451;202;0;
8217;2025.08.01 15:30;-12;29;41.9375;34.625;1453;202;0;
8218;2025.08.01 15:45;-12;29.5;42.375;34.875;1454;202;0;
8219;2025.08.01 16:00;-12;30;43;36.0625;1455;202;0;
8220;2025.08.01 16:15;-12;30.5;43.75;36.5;1455;202;0;
8221;2025.08.01 16:30;-12;30.875;43.4375;36.3125;1453;202;0;
8222;2025.08.01 16:45;-12;31.125;36.75;30.9375;1437;202;0;
8223;2025.08.01 17:00;-12;31.125;36.1875;32.75;1434;202;0;
8224;2025.08.01 17:15;-12;31;38.25;35.5;1437;202;0;
8225;2025.08.01 17:30;-12;31;37.25;34.5625;1434;202;0;
8226;2025.08.01 17:45;-12;31;37.6875;34.4375;1435;202;0;
8227;2025.08.01 18:00;-12;31.125;36.5;33.6875;1432;202;0;
8228;2025.08.01 18:15;-12;31.125;36.25;33.5;1431;202;0;
8229;2025.08.01 18:30;-12;31.125;36.5;33.375;1430;202;0;
8230;2025.08.01 18:45;-12;31.125;34.375;31.375;1425;202;0;
8231;2025.08.01 19:00;-12;31;34.25;32.125;1423;202;0;
8232;2025.08.01 19:15;-12;30.875;33.625;31.75;1421;202;0;
8233;2025.08.01 19:30;-12;30.625;32;30.5625;1417;202;0;
8234;2025.08.01 19:45;-12;30.375;30.625;29.5625;1413;202;0;
8235;2025.08.01 20:00;-12;30;28.875;28.625;1408;202;0;
8236;2025.08.01 20:15;-12;29.75;26.875;27.0625;1404;202;0;
8237;2025.08.01 20:30;-12;29.3125;25.125;25;1399;202;0;
8238;2025.08.01 20:45;-12;28.875;23.3125;22.6875;1395;202;0;
8239;2025.08.01 21:00;-12;28.5;21.4375;20.3125;1391;202;0;
8240;2025.08.01 21:15;-12;28.0625;20;19.125;1388;202;0;
8241;2025.08.01 21:30;-12;27.625;18.75;17.75;1385;202;0;
8242;2025.08.01 21:45;-12;27.1875;17.875;17.25;1383;202;0;
8243;2025.08.01 22:00;-12;26.75;16.625;15.375;1380;202;0;
8244;2025.08.01 22:15;-12;26.375;15.625;14.5;1377;202;0;
8245;2025.08.01 22:30;-12;26;14.625;13.125;1375;202;0;
8246;2025.08.01 22:45;-12;25.625;13.875;12.5;1373;202;0;
8247;2025.08.01 23:00;-12;25.25;13.375;11.875;1372;202;0;
8248;2025.08.01 23:15;-12;24.875;13.25;12.25;1371;202;0;
8249;2025.08.01 23:30;-12;24.5625;13;12;1370;202;0;
8250;2025.08.01 23:45;-12;24.25;13.1875;12.75;1370;202;0;
8251;2025.08.02 00:00;-12;24;13.5;13.5;1370;202;0;
8252;2025.08.02 00:15;-12;23.75;13.0625;12.4375;1369;202;0;
8253;2025.08.02 00:30;-12;23.5;13;12.6875;1369;202;0;
8254;2025.08.02 00:45;-12;23.25;12.625;11.875;1368;202;0;
8255;2025.08.02 01:00;-12;23;15.25;16.75;1372;202;0;
8256;2025.08.02 01:15;-12;22.875;17.125;18.5625;1375;202;0;
8257;2025.08.02 01:30;-12;22.75;17.375;18.3125;1375;202;0;
8258;2025.08.02 01:45;-12;22.625;16.4375;17;1374;202;0;
8259;2025.08.02 02:00;-12;22.5;16.375;17.3125;1374;202;0;
8260;2025.08.02 02:15;-12;22.4375;16.4375;17.375;1374;202;0;
8261;2025.08.02 02:30;-12;22.3125;16.6875;17.75;1374;202;0;
8262;2025.08.02 02:45;-12;22.25;16.875;17.875;1374;202;0;
8263;2025.08.02 03:00;-12;22.125;17.125;18.125;1375;202;0;
8264;2025.08.02 03:15;-12;22;17.125;18.125;1375;202;0;
8265;2025.08.02 03:30;-12;21.9375;17.125;18;1375;202;0;
8266;2025.08.02 03:45;-12;21.875;17.0625;18;1374;202;0;
8267;2025.08.02 04:00;-12;21.75;16.75;17.625;1374;202;0;
8268;2025.08.02 04:15;-12;21.6875;16.375;17.125;1373;202;0;
8269;2025.08.02 04:30;-12;21.625;15.625;16.25;1372;202;0;
8270;2025.08.02 04:45;-12;21.5;15.375;16.0625;1371;202;0;
8271;2025.08.02 05:00;-12;21.375;15.25;16.0625;1371;202;0;
8272;2025.08.02 05:15;-12;21.3125;15.625;16.8125;1372;202;0;
8273;2025.08.02 05:30;-12;21.1875;16.3125;17.375;1373;202;0;
8274;2025.08.02 05:45;-12;21.125;16.1875;17.125;1372;202;0;
8275;2025.08.02 06:00;-12;21;15.875;16.8125;1372;202;0;
8276;2025.08.02 06:15;-12;21;15.875;16.9375;1372;202;0;
8277;2025.08.02 06:30;-12;20.875;15.875;16.75;1372;202;0;
8278;2025.08.02 06:45;-12;20.8125;16;16.875;1372;202;0;
8279;2025.08.02 07:00;-12;20.75;15.875;16.6875;1372;202;0;
8280;2025.08.02 07:15;-12;20.625;15.25;15.8125;1371;202;0;
8281;2025.08.02 07:30;-12;20.625;14.3125;14.75;1369;202;0;
8282;2025.08.02 07:45;-12;20.5;14.625;15.625;1370;202;0;
8283;2025.08.02 08:00;-12;20.375;14.9375;15.625;1370;202;0;
8284;2025.08.02 08:15;-12;20.375;14.5;15.125;1370;202;0;
8285;2025.08.02 08:30;-12;20.25;14;14.5;1369;202;0;
8286;2025.08.02 08:45;-12;20.125;13.375;13.875;1368;202;0;
8287;2025.08.02 09:00;-12;20.0625;13;13.625;1367;202;0;
8288;2025.08.02 09:15;-12;20;13.25;14.1875;1367;202;0;
8289;2025.08.02 09:30;-12;19.875;14;15.125;1369;202;0;
8290;2025.08.02 09:45;-12;19.75;14;15;1369;202;0;
8291;2025.08.02 10:00;-12;19.75;14.25;15.375;1369;202;0;
8292;2025.08.02 10:15;-12;19.625;14.875;16.9375;1370;202;0;
8293;2025.08.02 10:30;-12;19.625;16.5;20.25;1373;202;0;
8294;2025.08.02 10:45;-12;19.625;18.3125;21.25;1376;202;0;
8295;2025.08.02 11:00;-12;19.6875;20;22.125;1380;202;0;
8296;2025.08.02 11:15;-12;19.8125;21.5;22.75;1383;202;0;
8297;2025.08.02 11:30;-12;20;22.875;23.3125;1387;202;0;
8298;2025.08.02 11:45;-12;20.25;24.625;24.3125;1391;202;0;
8299;2025.08.02 12:00;-12;20.5;26.4375;25.125;1395;202;0;
8300;2025.08.02 12:15;-12;20.875;28;26;1399;202;0;
8301;2025.08.02 12:30;-12;21.375;30;27.25;1403;202;0;
8302;2025.08.02 12:45;-12;21.875;31.75;28.25;1408;202;0;
8303;2025.08.02 13:00;-12;22.375;32.25;27.75;1411;202;0;
8304;2025.08.02 13:15;-12;23;33.25;28.375;1414;202;0;
8305;2025.08.02 13:30;-12;23.625;33.5;28.25;1415;202;0;
8306;2025.08.02 13:45;-12;24.25;35.125;29.3125;1420;202;0;
8307;2025.08.02 14:00;-12;24.875;36.125;30.125;1423;202;0;
8308;2025.08.02 14:15;-12;25.5;36;29.625;1423;202;0;
8309;2025.08.02 14:30;-12;26.125;37.5;30.9375;1427;202;0;
8310;2025.08.02 14:45;-12;26.75;37.8125;30.8125;1428;202;0;
8311;2025.08.02 15:00;-12;27.375;37.625;30.75;1428;202;0;
8312;2025.08.02 15:15;-12;27.875;38;30.75;1429;202;0;
8313;2025.08.02 15:30;-12;28.375;39.1875;32.125;1432;202;0;
8314;2025.08.02 15:45;-12;28.875;39;31.8125;1431;202;0;
8315;2025.08.02 16:00;-12;29.375;39.25;32.125;1431;202;0;
8316;2025.08.02 16:15;-12;29.75;38.5;31.75;1429;202;0;
8317;2025.08.02 16:30;-12;30;37.625;31.625;1425;202;0;
8318;2025.08.02 16:45;-12;30.125;36.8125;31.875;1421;202;0;
8319;2025.08.02 17:00;-12;30.25;36;32.3125;1418;202;0;
8320;2025.08.02 17:15;-12;30.375;35.1875;32;1415;202;0;
8321;2025.08.02 17:30;-12;30.375;35.0625;32.25;1414;202;0;
8322;2025.08.02 17:45;-12;30.375;35.0625;32.1875;1414;202;0;
8323;2025.08.02 18:00;-12;30.4375;33.75;31.0625;1411;202;0;
8324;2025.08.02 18:15;-12;30.5;33.375;30.75;1410;202;0;
8325;2025.08.02 18:30;-12;30.4375;33.375;30.375;1408;202;0;
8326;2025.08.02 18:45;-12;30.375;33.375;30.75;1408;202;0;
8327;2025.08.02 19:00;-12;30.25;32.1875;29.6875;1404;202;0;
8328;2025.08.02 19:15;-12;30.0625;30.75;28.75;1400;202;0;
8329;2025.08.02 19:30;-12;29.8125;29.4375;28.1875;1396;202;0;
8330;2025.08.02 19:45;-12;29.5;28.125;27.4375;1392;202;0;
8331;2025.08.02 20:00;-12;29.1875;26.5;26.6875;1388;202;0;
8332;2025.08.02 20:15;-12;28.8125;24.75;25.3125;1384;202;0;
8333;2025.08.02 20:30;-12;28.375;23;23.375;1380;202;0;
8334;2025.08.02 20:45;-12;28;21.375;21.25;1376;202;0;
8335;2025.08.02 21:00;-12;27.5625;19.5;18.75;1372;202;0;
8336;2025.08.02 21:15;-12;27.125;17.625;16.125;1368;202;0;
8337;2025.08.02 21:30;-12;26.625;15.875;14.25;1364;202;0;
8338;2025.08.02 21:45;-12;26.25;14.5;12.875;1361;202;0;
8339;2025.08.02 22:00;-12;25.75;13.875;12.75;1359;202;0;
8340;2025.08.02 22:15;-12;25.375;12.9375;11.375;1357;202;0;
8341;2025.08.02 22:30;-12;25;12.375;11.25;1355;202;0;
8342;2025.08.02 22:45;-12;24.5625;11.75;10.4375;1353;202;0;
8343;2025.08.02 23:00;-12;24.25;11.375;10.125;1352;202;0;
8344;2025.08.02 23:15;-12;23.875;11.0625;10;1351;202;0;
8345;2025.08.02 23:30;-12;23.5;11.0625;10.3125;1351;202;0;
8346;2025.08.02 23:45;-12;23.25;10.8125;10;1350;202;0;
8347;2025.08.03 00:00;-12;23;10.5;9.625;1349;202;0;
8348;2025.08.03 00:15;-12;22.6875;10.375;9.625;1348;202;0;
8349;2025.08.03 00:30;-12;22.4375;10.25;9.6875;1348;202;0;
8350;2025.08.03 00:45;-12;22.1875;10.0625;9.375;1347;202;0;
8351;2025.08.03 01:00;-12;22;9.875;9.1875;1347;202;0;
8352;2025.08.03 01:15;-12;21.75;11.625;12.625;1349;202;0;
8353;2025.08.03 01:30;-12;21.5625;12.3125;13;1350;202;0;
8354;2025.08.03 01:45;-12;21.375;12.625;13.375;1351;202;0;
8355;2025.08.03 02:00;-12;21.25;12.4375;13;1350;202;0;
8356;2025.08.03 02:15;-12;21.125;12.375;13;1350;202;0;
8357;2025.08.03 02:30;-12;21;13.125;14.125;1351;202;0;
8358;2025.08.03 02:45;-12;20.875;13.75;14.75;1352;202;0;
8359;2025.08.03 03:00;-12;20.75;14.25;15.25;1353;202;0;
8360;2025.08.03 03:15;-12;20.6875;14.125;14.875;1353;202;0;
8361;2025.08.03 03:30;-12;20.625;13.75;14.4375;1352;202;0;
8362;2025.08.03 03:45;-12;20.5;13.0625;13.375;1351;202;0;
8363;2025.08.03 04:00;-12;20.4375;12.875;13.3125;1351;202;0;
8364;2025.08.03 04:15;-12;20.3125;13.0625;13.875;1351;202;0;
8365;2025.08.03 04:30;-12;20.25;12.875;13.375;1351;202;0;
8366;2025.08.03 04:45;-12;20.125;12.625;13.1875;1350;202;0;
8367;2025.08.03 05:00;-12;20;12.25;12.625;1349;202;0;
8368;2025.08.03 05:15;-12;19.875;11.375;11.3125;1348;202;0;
8369;2025.08.03 05:30;-12;19.8125;10.9375;11;1347;202;0;
8370;2025.08.03 05:45;-12;19.6875;10.8125;11.0625;1347;202;0;
8371;2025.08.03 06:00;-12;19.5625;10.8125;11.25;1347;202;0;
8372;2025.08.03 06:15;-12;19.5;10.625;10.875;1347;202;0;
8373;2025.08.03 06:30;-12;19.375;10.375;10.5;1346;202;0;
8374;2025.08.03 06:45;-12;19.25;10.25;10.5;1346;202;0;
8375;2025.08.03 07:00;-12;19.125;9.875;10.125;1345;202;0;
8376;2025.08.03 07:15;-12;19;9.375;9.3125;1344;202;0;
8377;2025.08.03 07:30;-12;18.875;9.125;9.5;1344;202;0;
8378;2025.08.03 07:45;-12;18.75;9.75;10.875;1345;202;0;
8379;2025.08.03 08:00;-12;18.6875;11.625;13.25;1348;202;0;
8380;2025.08.03 08:15;-12;18.625;11.9375;13.125;1348;202;0;
8381;2025.08.03 08:30;-12;18.5625;11.9375;13;1348;202;0;
8382;2025.08.03 08:45;-12;18.5;11.375;12.375;1348;202;0;
8383;2025.08.03 09:00;-12;18.4375;11.1875;12;1347;202;0;
8384;2025.08.03 09:15;-12;18.375;11.625;12.9375;1348;202;0;
8385;2025.08.03 09:30;-12;18.3125;12.3125;13.375;1349;202;0;
8386;2025.08.03 09:45;-12;18.25;12.5;13.4375;1350;202;0;
8387;2025.08.03 10:00;-12;18.25;13.25;14.4375;1351;202;0;
8388;2025.08.03 10:15;-12;18.25;14.125;16.25;1353;202;0;
8389;2025.08.03 10:30;-12;18.25;15.75;18.25;1356;202;0;
8390;2025.08.03 10:45;-12;18.25;17.125;19.25;1358;202;0;
8391;2025.08.03 11:00;-12;18.375;18.5625;20.25;1362;202;0;
8392;2025.08.03 11:15;-12;18.5;20.25;21.375;1365;202;0;
8393;2025.08.03 11:30;-12;18.75;21.8125;22.25;1369;202;0;
8394;2025.08.03 11:45;-12;19;23.4375;23.125;1373;202;0;
8395;2025.08.03 12:00;-12;19.3125;24.875;23.75;1377;202;0;
8396;2025.08.03 12:15;-12;19.75;27;25.0625;1381;202;0;
8397;2025.08.03 12:30;-12;20.125;27.875;25.125;1384;202;0;
8398;2025.08.03 12:45;-12;20.625;28.4375;25.25;1387;202;0;
8399;2025.08.03 13:00;-12;21.1875;29.75;26;1390;202;0;
8400;2025.08.03 13:15;-12;21.75;31;26.75;1394;202;0;
8401;2025.08.03 13:30;-12;22.375;32.625;27.75;1399;202;0;
8402;2025.08.03 13:45;-12;23;34.3125;28.75;1403;202;0;
8403;2025.08.03 14:00;-12;23.625;36.1875;30.0625;1408;202;0;
8404;2025.08.03 14:15;-12;24.375;37.4375;30.4375;1412;202;0;
8405;2025.08.03 14:30;-12;25.125;38.5;31.4375;1415;202;0;
8406;2025.08.03 14:45;-12;25.875;39.25;31.625;1418;202;0;
8407;2025.08.03 15:00;-12;26.625;40.25;32.5625;1421;202;0;
8408;2025.08.03 15:15;-12;27.375;41.375;33.4375;1423;202;0;
8409;2025.08.03 15:30;-12;28;41.3125;33;1424;202;0;
8410;2025.08.03 15:45;-12;28.625;41.5;33.8125;1424;202;0;
8411;2025.08.03 16:00;-12;29.1875;41.625;33.875;1424;202;0;
8412;2025.08.03 16:15;-12;29.625;41.125;34.5;1422;202;0;
8413;2025.08.03 16:30;-12;29.875;36.25;30.125;1409;202;0;
8414;2025.08.03 16:45;-12;29.875;32.375;28;1399;202;0;
8415;2025.08.03 17:00;-12;29.625;34.125;32.25;1401;202;0;
8416;2025.08.03 17:15;-12;29.375;36.875;34.375;1405;202;0;
8417;2025.08.03 17:30;-12;29.5;38.25;35.8125;1407;202;0;
8418;2025.08.03 17:45;-12;29.625;37.75;34.5;1406;202;0;
8419;2025.08.03 18:00;-12;29.875;37.125;34.125;1405;202;0;
8420;2025.08.03 18:15;-12;30;36.125;32.25;1403;202;0;
8421;2025.08.03 18:30;-12;30.125;32.375;29.375;1394;202;0;
8422;2025.08.03 18:45;-12;29.9375;29.4375;26.625;1387;202;0;
8423;2025.08.03 19:00;-12;29.625;28;26;1383;202;0;
8424;2025.08.03 19:15;-12;29.25;30.625;29.4375;1387;202;0;
8425;2025.08.03 19:30;-12;29;31.75;30.5;1388;202;0;
8426;2025.08.03 19:45;-12;28.875;30.375;29.25;1385;202;0;
8427;2025.08.03 20:00;-12;28.6875;29.125;28.75;1382;202;0;
8428;2025.08.03 20:15;-12;28.5;27.3125;27;1377;202;0;
8429;2025.08.03 20:30;-12;28.1875;24.75;23.625;1372;202;0;
8430;2025.08.03 20:45;-12;27.875;22.5;21.0625;1367;202;0;
8431;2025.08.03 21:00;-12;27.5;20.625;19.0625;1363;202;0;
8432;2025.08.03 21:15;-12;27.125;19;17.8125;1359;202;0;
8433;2025.08.03 21:30;-12;26.625;17.6875;16.5;1356;202;0;
8434;2025.08.03 21:45;-12;26.25;16.4375;14.9375;1353;202;0;
8435;2025.08.03 22:00;-12;25.8125;15.625;14.5;1351;202;0;
8436;2025.08.03 22:15;-12;25.4375;14.875;13.6875;1349;202;0;
8437;2025.08.03 22:30;-12;25.0625;14.4375;13.625;1347;202;0;
8438;2025.08.03 22:45;-12;24.6875;14;13.4375;1346;202;0;
8439;2025.08.03 23:00;-12;24.375;13.75;13.125;1345;202;0;
8440;2025.08.03 23:15;-12;24;12.875;11.75;1343;202;0;
8441;2025.08.03 23:30;-12;23.75;12.625;12.125;1342;202;0;
8442;2025.08.03 23:45;-12;23.375;12.375;11.75;1341;202;0;
8443;2025.08.04 00:00;-12;23.125;12.0625;11.375;1341;202;0;
8444;2025.08.04 00:15;-12;22.875;11.375;10.5;1339;202;0;
8445;2025.08.04 00:30;-12;22.625;11.0625;10.375;1338;202;0;
8446;2025.08.04 00:45;-12;22.375;10.875;10.25;1338;202;0;
8447;2025.08.04 01:00;-12;22.125;11.125;11;1338;202;0;
8448;2025.08.04 01:15;-12;21.875;11.125;11;1338;202;0;
8449;2025.08.04 01:30;-12;21.625;10.75;10.375;1337;202;0;
8450;2025.08.04 01:45;-12;21.5;10.375;10.1875;1336;202;0;
8451;2025.08.04 02:00;-12;21.25;11.125;11.625;1337;202;0;
8452;2025.08.04 02:15;-12;21.125;11.625;12;1337;202;0;
8453;2025.08.04 02:30;-12;20.9375;11.375;11.625;1337;202;0;
8454;2025.08.04 02:45;-12;20.75;11.625;12.0625;1337;202;0;
8455;2025.08.04 03:00;-12;20.625;10.875;10.875;1336;202;0;
8456;2025.08.04 03:15;-12;20.5;11.375;12.125;1337;202;0;
8457;2025.08.04 03:30;-12;20.375;11.0625;11;1336;202;0;
8458;2025.08.04 03:45;-12;20.25;10.6875;10.8125;1336;202;0;
8459;2025.08.04 04:00;-12;20.125;10.875;11.375;1336;202;0;
8460;2025.08.04 04:15;-12;20;11.375;12.375;1337;202;0;
8461;2025.08.04 04:30;-12;19.875;12.375;13.375;1338;202;0;
8462;2025.08.04 04:45;-12;19.75;12.75;13.875;1339;202;0;
8463;2025.08.04 05:00;-12;19.6875;13.3125;14.375;1340;202;0;
8464;2025.08.04 05:15;-12;19.625;13.125;13.9375;1340;202;0;
8465;2025.08.04 05:30;-12;19.5625;13.625;14.875;1340;202;0;
8466;2025.08.04 05:45;-12;19.5;13.125;13.625;1340;202;0;
8467;2025.08.04 06:00;-12;19.5;13.4375;14.5;1340;202;0;
8468;2025.08.04 06:15;-12;19.375;14.125;15.3125;1341;202;0;
8469;2025.08.04 06:30;-12;19.375;14;14.9375;1341;202;0;
8470;2025.08.04 06:45;-12;19.3125;14.25;15.25;1342;202;0;
8471;2025.08.04 07:00;-12;19.25;13.875;14.625;1341;202;0;
8472;2025.08.04 07:15;-12;19.25;12.875;13.3125;1340;202;0;
8473;2025.08.04 07:30;-12;19.125;12.4375;13.125;1339;202;0;
8474;2025.08.04 07:45;-12;19.0625;12.625;13.625;1339;202;0;
8475;2025.08.04 08:00;-12;19;13.125;14.125;1340;202;0;
8476;2025.08.04 08:15;-12;18.875;13.125;14.125;1340;202;0;
8477;2025.08.04 08:30;-12;18.875;13.125;14.25;1340;202;0;
8478;2025.08.04 08:45;-12;18.75;13.5;14.75;1340;202;0;
8479;2025.08.04 09:00;-12;18.75;13.75;15.125;1341;202;0;
8480;2025.08.04 09:15;-12;18.6875;13.875;15.125;1341;202;0;
8481;2025.08.04 09:30;-12;18.625;13.875;15;1341;202;0;
8482;2025.08.04 09:45;-12;18.625;13.75;15;1341;202;0;
8483;2025.08.04 10:00;-12;18.5625;14.1875;15.5625;1342;202;0;
8484;2025.08.04 10:15;-12;18.5;15.125;17.625;1344;202;0;
8485;2025.08.04 10:30;-12;18.5;17;20.625;1347;202;0;
8486;2025.08.04 10:45;-12;18.625;18.8125;22;1350;202;0;
8487;2025.08.04 11:00;-12;18.6875;20.5;22.75;1354;202;0;
8488;2025.08.04 11:15;-12;18.875;22.25;23.625;1358;202;0;
8489;2025.08.04 11:30;-12;19.125;23.625;24.0625;1361;202;0;
8490;2025.08.04 11:45;-12;19.375;25.625;25.75;1366;202;0;
8491;2025.08.04 12:00;-12;19.75;26.5;25.5625;1369;202;0;
8492;2025.08.04 12:15;-12;20.125;28.625;27;1374;202;0;
8493;2025.08.04 12:30;-12;20.5625;30.6875;28;1379;202;0;
8494;2025.08.04 12:45;-12;21.125;31.625;28.625;1382;202;0;
8495;2025.08.04 13:00;-12;21.6875;33.5;30;1387;202;0;
8496;2025.08.04 13:15;-12;22.3125;35.75;31.125;1392;202;0;
8497;2025.08.04 13:30;-12;23;37.375;32.3125;1397;202;0;
8498;2025.08.04 13:45;-12;23.75;39.25;33.75;1402;202;0;
8499;2025.08.04 14:00;-12;24.5;39.875;33.625;1405;202;0;
8500;2025.08.04 14:15;-12;25.3125;40.875;34.125;1408;202;0;
8501;2025.08.04 14:30;-12;26.0625;41.625;34.5625;1411;202;0;
8502;2025.08.04 14:45;-12;26.8125;42.5;35.375;1414;202;0;
8503;2025.08.04 15:00;-12;27.5625;43.4375;36.4375;1416;202;0;
8504;2025.08.04 15:15;-12;28.25;40.25;33.75;1408;202;0;
8505;2025.08.04 15:30;-12;28.625;38.9375;33.875;1405;202;0;
8506;2025.08.04 15:45;-12;28.875;42.25;36.75;1412;202;0;
8507;2025.08.04 16:00;-12;29.25;41.0625;34.875;1409;202;0;
8508;2025.08.04 16:15;-12;29.625;39.3125;33.3125;1405;202;0;
8509;2025.08.04 16:30;-12;29.8125;39.1875;34.625;1403;202;0;
8510;2025.08.04 16:45;-12;29.875;39.5;34.8125;1402;202;0;
8511;2025.08.04 17:00;-12;30;35;29.875;1392;202;0;
8512;2025.08.04 17:15;-12;30;32.0625;28.5;1385;202;0;
8513;2025.08.04 17:30;-12;29.75;34.5;33;1388;202;0;
8514;2025.08.04 17:45;-12;29.625;36.5625;33.5625;1392;202;0;
8515;2025.08.04 18:00;-12;29.6875;32.75;28.9375;1385;202;0;
8516;2025.08.04 18:15;-12;29.625;29.5;26.6875;1377;202;0;
8517;2025.08.04 18:30;-12;29.375;27.75;25.75;1372;202;0;
8518;2025.08.04 18:45;-12;29;26.625;25;1369;202;0;
8519;2025.08.04 19:00;-12;28.625;26;24.6875;1367;202;0;
8520;2025.08.04 19:15;-12;28.25;25.625;24.5;1365;202;0;
8521;2025.08.04 19:30;-12;27.875;25.375;24.4375;1364;202;0;
8522;2025.08.04 19:45;-12;27.625;25.25;24.375;1363;202;0;
8523;2025.08.04 20:00;-12;27.375;24.875;24.125;1362;202;0;
8524;2025.08.04 20:15;-12;27.0625;24.375;23.625;1360;202;0;
8525;2025.08.04 20:30;-12;26.875;24.375;24.875;1360;202;0;
8526;2025.08.04 20:45;-12;26.625;23.625;23.25;1358;202;0;
8527;2025.08.04 21:00;-12;26.375;22.625;21.6875;1356;202;0;
8528;2025.08.04 21:15;-12;26.125;21.875;20.75;1354;202;0;
8529;2025.08.04 21:30;-12;25.875;21.375;20.25;1353;202;0;
8530;2025.08.04 21:45;-12;25.625;21;19.8125;1352;202;0;
8531;2025.08.04 22:00;-12;25.375;20.6875;20;1351;202;0;
8532;2025.08.04 22:15;-12;25.1875;20.5;19.9375;1350;202;0;
8533;2025.08.04 22:30;-12;25;20.125;19.375;1349;202;0;
8534;2025.08.04 22:45;-12;24.75;19.375;18.75;1347;202;0;
8535;2025.08.04 23:00;-12;24.625;18.75;18;1346;202;0;
8536;2025.08.04 23:15;-12;24.375;17.8125;17.125;1344;202;0;
8537;2025.08.04 23:30;-12;24.125;16.625;15.875;1341;202;0;
8538;2025.08.04 23:45;-12;23.875;15.5;14.875;1339;202;0;
8539;2025.08.05 00:00;-12;23.625;14.875;14.4375;1338;202;0;
8540;2025.08.05 00:15;-12;23.375;14.125;13.5625;1336;202;0;
8541;2025.08.05 00:30;-12;23.125;13.75;13.125;1335;202;0;
8542;2025.08.05 00:45;-12;22.875;13.375;12.8125;1334;202;0;
8543;2025.08.05 01:00;-12;22.625;12.875;12;1333;202;0;
8544;2025.08.05 01:15;-12;22.4375;12.125;11.125;1332;202;0;
8545;2025.08.05 01:30;-12;22.25;12.125;11.625;1331;202;0;
8546;2025.08.05 01:45;-12;22;12.125;12.125;1331;202;0;
8547;2025.08.05 02:00;-12;21.75;11.75;11;1330;202;0;
8548;2025.08.05 02:15;-12;21.625;11.25;10.125;1329;202;0;
8549;2025.08.05 02:30;-12;21.375;10.875;10;1328;202;0;
8550;2025.08.05 02:45;-12;21.1875;10.625;9.6875;1328;202;0;
8551;2025.08.05 03:00;-12;21;10.75;10.1875;1328;202;0;
8552;2025.08.05 03:15;-12;20.875;11.1875;11;1328;202;0;
8553;2025.08.05 03:30;-12;20.6875;11.25;10.75;1328;202;0;
8554;2025.08.05 03:45;-12;20.5;11.25;10.75;1329;202;0;
8555;2025.08.05 04:00;-12;20.375;11.6875;11.4375;1329;202;0;
8556;2025.08.05 04:15;-12;20.3125;11.75;11.375;1329;202;0;
8557;2025.08.05 04:30;-12;20.25;11.875;11.375;1330;202;0;
8558;2025.08.05 04:45;-12;20.125;11.875;11.375;1330;202;0;
8559;2025.08.05 05:00;-12;20;11.75;11.375;1330;202;0;
8560;2025.08.05 05:15;-12;19.9375;11.625;11.25;1329;202;0;
8561;2025.08.05 05:30;-12;19.875;11.5;11.125;1329;202;0;
8562;2025.08.05 05:45;-12;19.75;11.375;11.125;1329;202;0;
8563;2025.08.05 06:00;-12;19.625;11.1875;10.875;1329;202;0;
8564;2025.08.05 06:15;-12;19.5625;12.875;13.625;1331;202;0;
8565;2025.08.05 06:30;-12;19.5;14.375;15.375;1334;202;0;
8566;2025.08.05 06:45;-12;19.5;14;14.4375;1334;202;0;
8567;2025.08.05 07:00;-12;19.5;14;14.5;1334;202;0;
8568;2025.08.05 07:15;-12;19.4375;14.125;14.875;1334;202;0;
8569;2025.08.05 07:30;-12;19.375;13.4375;13.875;1333;202;0;
8570;2025.08.05 07:45;-12;19.375;13.125;13.625;1332;202;0;
8571;2025.08.05 08:00;-12;19.25;13.375;14;1333;202;0;
8572;2025.08.05 08:15;-12;19.25;12.75;13.0625;1332;202;0;
8573;2025.08.05 08:30;-12;19.125;12.875;13.625;1332;202;0;
8574;2025.08.05 08:45;-12;19.125;13.5;14.3125;1333;202;0;
8575;2025.08.05 09:00;-12;19.0625;14.3125;15.25;1334;202;0;
8576;2025.08.05 09:15;-12;19;14.625;15.25;1335;202;0;
8577;2025.08.05 09:30;-12;19;14.1875;14.8125;1335;202;0;
8578;2025.08.05 09:45;-12;19;14.0625;14.875;1335;202;0;
8579;2025.08.05 10:00;-12;19;14.4375;15.375;1335;202;0;
8580;2025.08.05 10:15;-12;18.9375;15.4375;16.625;1337;202;0;
8581;2025.08.05 10:30;-12;18.9375;16.875;18.25;1340;202;0;
8582;2025.08.05 10:45;-12;19;19.0625;21.25;1344;202;0;
8583;2025.08.05 11:00;-12;19.125;21.25;23.0625;1349;202;0;
8584;2025.08.05 11:15;-12;19.25;21.8125;22.875;1350;202;0;
8585;2025.08.05 11:30;-12;19.5;21.375;21.75;1350;202;0;
8586;2025.08.05 11:45;-12;19.75;22.125;22.3125;1352;202;0;
8587;2025.08.05 12:00;-12;19.9375;24.6875;24.875;1358;202;0;
8588;2025.08.05 12:15;-12;20.25;26.4375;26.125;1362;202;0;
8589;2025.08.05 12:30;-12;20.625;30;28.6875;1369;202;0;
8590;2025.08.05 12:45;-12;21.125;31.5;29.5625;1373;202;0;
8591;2025.08.05 13:00;-12;21.625;32.0625;30;1375;202;0;
8592;2025.08.05 13:15;-12;22.125;34.875;31.8125;1382;202;0;
8593;2025.08.05 13:30;-12;22.75;36;32.5625;1385;202;0;
8594;2025.08.05 13:45;-12;23.375;37.375;33.375;1389;202;0;
8595;2025.08.05 14:00;-12;24.0625;39.375;34.5;1395;202;0;
8596;2025.08.05 14:15;-12;24.75;38.75;33.875;1394;202;0;
8597;2025.08.05 14:30;-12;25.4375;37.875;33.25;1392;202;0;
8598;2025.08.05 14:45;-12;26;39.25;34.75;1396;202;0;
8599;2025.08.05 15:00;-12;26.5;38.8125;33.6875;1395;202;0;
8600;2025.08.05 15:15;-12;27;41.375;35.9375;1402;202;0;
8601;2025.08.05 15:30;-12;27.625;42.75;36.75;1406;202;0;
8602;2025.08.05 15:45;-12;28.25;42.625;36.25;1406;202;0;
8603;2025.08.05 16:00;-12;28.75;41.0625;34.875;1402;202;0;
8604;2025.08.05 16:15;-12;29.125;42.5;37;1404;202;0;
8605;2025.08.05 16:30;-12;29.5;39.125;33.125;1395;202;0;
8606;2025.08.05 16:45;-12;29.75;38.75;35;1393;202;0;
8607;2025.08.05 17:00;-12;29.75;35.75;31.25;1386;202;0;
8608;2025.08.05 17:15;-12;29.75;33.625;30.625;1381;202;0;
8609;2025.08.05 17:30;-12;29.5625;33.25;30.9375;1379;202;0;
8610;2025.08.05 17:45;-12;29.375;36;34.625;1384;202;0;
8611;2025.08.05 18:00;-12;29.375;35.875;33.875;1383;202;0;
8612;2025.08.05 18:15;-12;29.375;36.25;34;1384;202;0;
8613;2025.08.05 18:30;-12;29.4375;33.75;30.5;1378;202;0;
8614;2025.08.05 18:45;-12;29.375;33.0625;31;1375;202;0;
8615;2025.08.05 19:00;-12;29.25;31;28.1875;1371;202;0;
8616;2025.08.05 19:15;-12;29.125;28.6875;26.5625;1366;202;0;
8617;2025.08.05 19:30;-12;28.875;27.125;25.375;1362;202;0;
8618;2025.08.05 19:45;-12;28.5;26.5625;25.25;1359;202;0;
8619;2025.08.05 20:00;-12;28.1875;26.5;25.5625;1359;202;0;
8620;2025.08.05 20:15;-12;27.875;26.375;25.75;1358;202;0;
8621;2025.08.05 20:30;-12;27.625;25.625;24.625;1356;202;0;
8622;2025.08.05 20:45;-12;27.375;24.5;23.625;1353;202;0;
8623;2025.08.05 21:00;-12;27.125;23.5;22.5;1350;202;0;
8624;2025.08.05 21:15;-12;26.8125;22.625;21.375;1348;202;0;
8625;2025.08.05 21:30;-12;26.5;21.625;20.3125;1346;202;0;
8626;2025.08.05 21:45;-12;26.25;20.625;19.3125;1344;202;0;
8627;2025.08.05 22:00;-12;25.9375;19.5;18.1875;1341;202;0;
8628;2025.08.05 22:15;-12;25.625;18.875;17.625;1340;202;0;
8629;2025.08.05 22:30;-12;25.375;18.375;17.25;1339;202;0;
8630;2025.08.05 22:45;-12;25.0625;18.5;17.75;1338;202;0;
8631;2025.08.05 23:00;-12;24.875;18.0625;17.375;1337;202;0;
8632;2025.08.05 23:15;-12;24.625;17;15.8125;1335;202;0;
8633;2025.08.05 23:30;-12;24.375;16.4375;15.25;1334;202;0;
8634;2025.08.05 23:45;-12;24.125;16;15;1333;202;0;
8635;2025.08.06 00:00;-12;23.875;15.5;14.5;1331;202;0;
8636;2025.08.06 00:15;-12;23.625;15;14;1330;202;0;
8637;2025.08.06 00:30;-12;23.375;14.75;13.75;1330;202;0;
8638;2025.08.06 00:45;-12;23.125;14.25;13.1875;1328;202;0;
8639;2025.08.06 01:00;-12;22.9375;13.875;12.875;1327;202;0;
8640;2025.08.06 01:15;-12;22.75;13.5;12.5;1327;202;0;
8641;2025.08.06 01:30;-12;22.5;13.375;12.5;1326;202;0;
8642;2025.08.06 01:45;-12;22.3125;13.25;12.375;1326;202;0;
8643;2025.08.06 02:00;-12;22.125;13.3125;12.625;1326;202;0;
8644;2025.08.06 02:15;-12;22;13.25;12.8125;1326;202;0;
8645;2025.08.06 02:30;-12;21.8125;13.375;13.125;1326;202;0;
8646;2025.08.06 02:45;-12;21.625;13.125;12.625;1325;202;0;
8647;2025.08.06 03:00;-12;21.5;13.25;12.75;1325;202;0;
8648;2025.08.06 03:15;-12;21.375;13.0625;12.6875;1325;202;0;
8649;2025.08.06 03:30;-12;21.25;12.875;12.5;1325;202;0;
8650;2025.08.06 03:45;-12;21.125;12.625;12.125;1324;202;0;
8651;2025.08.06 04:00;-12;21;12.625;12.375;1324;202;0;
8652;2025.08.06 04:15;-12;20.875;12.75;12.75;1324;202;0;
8653;2025.08.06 04:30;-12;20.75;12.5;12.25;1324;202;0;
8654;2025.08.06 04:45;-12;20.625;12.1875;11.75;1323;202;0;
8655;2025.08.06 05:00;-12;20.5;12.0625;11.9375;1323;202;0;
8656;2025.08.06 05:15;-12;20.375;12.625;12.875;1324;202;0;
8657;2025.08.06 05:30;-12;20.25;12.5;12.6875;1324;202;0;
8658;2025.08.06 05:45;-12;20.1875;12.5;12.75;1324;202;0;
8659;2025.08.06 06:00;-12;20.125;11.8125;11.625;1322;202;0;
8660;2025.08.06 06:15;-12;20;11.75;12.0625;1322;202;0;
8661;2025.08.06 06:30;-12;19.875;12.875;14;1324;202;0;
8662;2025.08.06 06:45;-12;19.75;13.375;14.1875;1325;202;0;
8663;2025.08.06 07:00;-12;19.75;13;13.25;1324;202;0;
8664;2025.08.06 07:15;-12;19.625;12.625;12.875;1324;202;0;
8665;2025.08.06 07:30;-12;19.625;12.3125;12.5;1323;202;0;
8666;2025.08.06 07:45;-12;19.5;11.625;11.4375;1322;202;0;
8667;2025.08.06 08:00;-12;19.375;11.875;12.375;1322;202;0;
8668;2025.08.06 08:15;-12;19.3125;11.25;11.25;1322;202;0;
8669;2025.08.06 08:30;-12;19.25;11.0625;11.3125;1321;202;0;
8670;2025.08.06 08:45;-12;19.125;10.875;11.125;1321;202;0;
8671;2025.08.06 09:00;-12;19;11.25;11.8125;1321;202;0;
8672;2025.08.06 09:15;-12;18.9375;11.5;12.1875;1322;202;0;
8673;2025.08.06 09:30;-12;18.875;12.625;13.875;1324;202;0;
8674;2025.08.06 09:45;-12;18.8125;13.875;15.25;1326;202;0;
8675;2025.08.06 10:00;-12;18.75;14.625;16.0625;1327;202;0;
8676;2025.08.06 10:15;-12;18.75;15.875;18.75;1330;202;0;
8677;2025.08.06 10:30;-12;18.75;17.625;21.375;1333;202;0;
8678;2025.08.06 10:45;-12;18.875;19.5;22.5;1337;202;0;
8679;2025.08.06 11:00;-12;19;21.125;23.125;1340;202;0;
8680;2025.08.06 11:15;-12;19.125;22.625;24.1875;1344;202;0;
8681;2025.08.06 11:30;-12;19.375;24.5625;25.5;1348;202;0;
8682;2025.08.06 11:45;-12;19.6875;27.0625;27.5;1353;202;0;
8683;2025.08.06 12:00;-12;20.0625;28.75;27.9375;1358;202;0;
8684;2025.08.06 12:15;-12;20.5;30.8125;29.25;1362;202;0;
8685;2025.08.06 12:30;-12;21;31.625;29.0625;1365;202;0;
8686;2025.08.06 12:45;-12;21.625;32.375;29.25;1368;202;0;
8687;2025.08.06 13:00;-12;22.125;33.875;30.25;1372;202;0;
8688;2025.08.06 13:15;-12;22.75;35.5;31;1377;202;0;
8689;2025.08.06 13:30;-12;23.4375;37.25;31.75;1382;202;0;
8690;2025.08.06 13:45;-12;24.125;38.5625;32.875;1386;202;0;
8691;2025.08.06 14:00;-12;24.875;39.5;32.875;1389;202;0;
8692;2025.08.06 14:15;-12;25.6875;41;34.3125;1393;202;0;
8693;2025.08.06 14:30;-12;26.5;42.0625;34.875;1396;202;0;
8694;2025.08.06 14:45;-12;27.25;44.875;38.0625;1404;202;0;
8695;2025.08.06 15:00;-12;28;44.75;37.25;1403;202;0;
8696;2025.08.06 15:15;-12;28.75;38.375;31.875;1388;202;0;
8697;2025.08.06 15:30;-12;29;33.75;29.5625;1377;202;0;
8698;2025.08.06 15:45;-12;28.8125;31.625;28.75;1371;202;0;
8699;2025.08.06 16:00;-12;28.5;30.9375;28.8125;1369;202;0;
8700;2025.08.06 16:15;-12;28.25;30.625;28.875;1367;202;0;
8701;2025.08.06 16:30;-12;27.9375;30.875;29.625;1367;202;0;
8702;2025.08.06 16:45;-12;27.75;31.125;29.875;1366;202;0;
8703;2025.08.06 17:00;-12;27.625;30.75;29.375;1365;202;0;
8704;2025.08.06 17:15;-12;27.5;30.25;28.8125;1363;202;0;
8705;2025.08.06 17:30;-12;27.375;31.25;30.125;1364;202;0;
8706;2025.08.06 17:45;-12;27.375;34.625;34.25;1371;202;0;
8707;2025.08.06 18:00;-12;27.5;33.5625;32.5625;1369;202;0;
8708;2025.08.06 18:15;-12;27.625;30.25;28.375;1362;202;0;
8709;2025.08.06 18:30;-12;27.5625;28.375;27;1358;202;0;
8710;2025.08.06 18:45;-12;27.375;29.125;28.8125;1359;202;0;
8711;2025.08.06 19:00;-12;27.25;33.25;33.375;1366;202;0;
8712;2025.08.06 19:15;-12;27.25;33.625;32.875;1366;202;0;
8713;2025.08.06 19:30;-12;27.3125;32.9375;32.375;1365;202;0;
8714;2025.08.06 19:45;-12;27.375;32;32.125;1362;202;0;
8715;2025.08.06 20:00;-12;27.3125;30.875;31.5;1360;202;0;
8716;2025.08.06 20:15;-12;27.25;28.75;29;1355;202;0;
8717;2025.08.06 20:30;-12;27.0625;26.5625;26.875;1351;202;0;
8718;2025.08.06 20:45;-12;26.8125;24.625;24.625;1346;202;0;
8719;2025.08.06 21:00;-12;26.5;22.125;21.25;1341;202;0;
8720;2025.08.06 21:15;-12;26.25;19.75;17.875;1336;202;0;
8721;2025.08.06 21:30;-12;25.875;17.9375;16.125;1333;202;0;
8722;2025.08.06 21:45;-12;25.5;16.875;15.25;1330;202;0;
8723;2025.08.06 22:00;-12;25.125;16.125;14.875;1328;202;0;
8724;2025.08.06 22:15;-12;24.75;15.4375;14.25;1326;202;0;
8725;2025.08.06 22:30;-12;24.375;14.875;13.6875;1325;202;0;
8726;2025.08.06 22:45;-12;24.125;14.5;13.4375;1324;202;0;
8727;2025.08.06 23:00;-12;23.75;14;13.0625;1322;202;0;
8728;2025.08.06 23:15;-12;23.5;13.75;13;1321;202;0;
8729;2025.08.06 23:30;-12;23.25;13.5;12.75;1321;202;0;
8730;2025.08.06 23:45;-12;23;13.25;12.5;1320;202;0;
8731;2025.08.07 00:00;-12;22.75;13.125;12.6875;1320;202;0;
8732;2025.08.07 00:15;-12;22.5;13;12.75;1319;202;0;
8733;2025.08.07 00:30;-12;22.25;12.9375;12.625;1319;202;0;
8734;2025.08.07 00:45;-12;22.0625;12.75;12.25;1318;202;0;
8735;2025.08.07 01:00;-12;21.875;12.875;12.875;1318;202;0;
8736;2025.08.07 01:15;-12;21.6875;12.75;12.875;1318;202;0;
8737;2025.08.07 01:30;-12;21.5;12.875;13.3125;1318;202;0;
8738;2025.08.07 01:45;-12;21.375;13;13.5;1318;202;0;
8739;2025.08.07 02:00;-12;21.1875;13.4375;14.1875;1319;202;0;
8740;2025.08.07 02:15;-12;21.0625;13.5;14.375;1319;202;0;
8741;2025.08.07 02:30;-12;20.9375;13.75;14.625;1319;202;0;
8742;2025.08.07 02:45;-12;20.8125;13.125;13.25;1318;202;0;
8743;2025.08.07 03:00;-12;20.75;12.5;12.4375;1317;202;0;
8744;2025.08.07 03:15;-12;20.625;12.1875;12.25;1316;202;0;
8745;2025.08.07 03:30;-12;20.4375;12.6875;13;1317;202;0;
8746;2025.08.07 03:45;-12;20.375;13.25;13.625;1318;202;0;
8747;2025.08.07 04:00;-12;20.25;13.625;14.1875;1319;202;0;
8748;2025.08.07 04:15;-12;20.1875;14.4375;15.375;1320;202;0;
8749;2025.08.07 04:30;-12;20.125;15.125;16.375;1321;202;0;
8750;2025.08.07 04:45;-12;20.125;14.625;15.375;1321;202;0;
8751;2025.08.07 05:00;-12;20;13.75;14.125;1319;202;0;
8752;2025.08.07 05:15;-12;19.9375;13.9375;14.9375;1319;202;0;
8753;2025.08.07 05:30;-12;19.875;13.8125;14.8125;1319;202;0;
8754;2025.08.07 05:45;-12;19.75;13.75;14.625;1319;202;0;
8755;2025.08.07 06:00;-12;19.75;14.375;15.75;1320;202;0;
8756;2025.08.07 06:15;-12;19.625;14.625;15.625;1321;202;0;
8757;2025.08.07 06:30;-12;19.5625;15.125;16.125;1322;202;0;
8758;2025.08.07 06:45;-12;19.5;15.625;16.5625;1323;202;0;
8759;2025.08.07 07:00;-12;19.5;15.6875;16.5;1323;202;0;
8760;2025.08.07 07:15;-12;19.5;15.375;15.9375;1323;202;0;
8761;2025.08.07 07:30;-12;19.5;15;15.875;1322;202;0;
8762;2025.08.07 07:45;-12;19.5;14.1875;14.625;1321;202;0;
8763;2025.08.07 08:00;-12;19.375;13.375;13.75;1319;202;0;
8764;2025.08.07 08:15;-12;19.3125;12.875;13.375;1319;202;0;
8765;2025.08.07 08:30;-12;19.25;12.625;13.1875;1318;202;0;
8766;2025.08.07 08:45;-12;19.125;12.625;13.3125;1318;202;0;
8767;2025.08.07 09:00;-12;19.0625;12.6875;13.625;1318;202;0;
8768;2025.08.07 09:15;-12;19;13.1875;14.25;1319;202;0;
8769;2025.08.07 09:30;-12;18.875;13.125;14.0625;1319;202;0;
8770;2025.08.07 09:45;-12;18.875;13.25;14.125;1319;202;0;
8771;2025.08.07 10:00;-12;18.75;13.375;14.25;1320;202;0;
8772;2025.08.07 10:15;-12;18.75;14.5;16.125;1321;202;0;
8773;2025.08.07 10:30;-12;18.75;15.25;17.0625;1323;202;0;
8774;2025.08.07 10:45;-12;18.75;18;21.375;1328;202;0;
8775;2025.08.07 11:00;-12;18.75;21.5;24.875;1335;202;0;
8776;2025.08.07 11:15;-12;19;23.75;25.5625;1340;202;0;
8777;2025.08.07 11:30;-12;19.25;25.375;26.25;1344;202;0;
8778;2025.08.07 11:45;-12;19.5625;26.875;26.75;1347;202;0;
8779;2025.08.07 12:00;-12;19.9375;28.5;27.5625;1351;202;0;
8780;2025.08.07 12:15;-12;20.375;30.125;28.5625;1355;202;0;
8781;2025.08.07 12:30;-12;20.875;32;29.5625;1360;202;0;
8782;2025.08.07 12:45;-12;21.5;32.9375;29.625;1363;202;0;
8783;2025.08.07 13:00;-12;22.0625;34.875;31.1875;1368;202;0;
8784;2025.08.07 13:15;-12;22.625;36.625;32.25;1373;202;0;
8785;2025.08.07 13:30;-12;23.375;38.625;33.875;1379;202;0;
8786;2025.08.07 13:45;-12;24.1875;40.875;35.5;1385;202;0;
8787;2025.08.07 14:00;-12;25;41.875;35.75;1388;202;0;
8788;2025.08.07 14:15;-12;25.875;42.75;36.375;1391;202;0;
8789;2025.08.07 14:30;-12;26.625;43.5;36.875;1394;202;0;
8790;2025.08.07 14:45;-12;27.4375;43.75;36.625;1396;202;0;
8791;2025.08.07 15:00;-12;28.1875;44.3125;37.1875;1397;202;0;
8792;2025.08.07 15:15;-12;28.875;44.25;37.125;1398;202;0;
8793;2025.08.07 15:30;-12;29.5;45.375;37.875;1401;202;0;
8794;2025.08.07 15:45;-12;30.125;46;38.625;1402;202;0;
8795;2025.08.07 16:00;-12;30.625;46.125;38.5625;1402;202;0;
8796;2025.08.07 16:15;-12;31.125;44.875;37.125;1398;202;0;
8797;2025.08.07 16:30;-12;31.5;41.75;36.5;1389;202;0;
8798;2025.08.07 16:45;-12;31.5;41.625;36.75;1386;202;0;
8799;2025.08.07 17:00;-12;31.5;36.125;31.5625;1374;202;0;
8800;2025.08.07 17:15;-12;31.3125;35.25;33.25;1370;202;0;
8801;2025.08.07 17:30;-12;31;37.6875;36.625;1373;202;0;
8802;2025.08.07 17:45;-12;30.875;38.625;36.75;1375;202;0;
8803;2025.08.07 18:00;-12;31;39.25;37;1377;202;0;
8804;2025.08.07 18:15;-12;31.0625;38.8125;35.625;1375;202;0;
8805;2025.08.07 18:30;-12;31.1875;38.5;35.375;1374;202;0;
8806;2025.08.07 18:45;-12;31.1875;38;34.8125;1372;202;0;
8807;2025.08.07 19:00;-12;31.125;35.125;31.5;1365;202;0;
8808;2025.08.07 19:15;-12;31;35;33.3125;1364;202;0;
8809;2025.08.07 19:30;-12;30.8125;34.75;33.3125;1362;202;0;
8810;2025.08.07 19:45;-12;30.625;33.1875;32.0625;1358;202;0;
8811;2025.08.07 20:00;-12;30.375;31.6875;31.4375;1354;202;0;
8812;2025.08.07 20:15;-12;30;29.875;29.8125;1350;202;0;
8813;2025.08.07 20:30;-12;29.6875;27.6875;26.75;1345;202;0;
8814;2025.08.07 20:45;-12;29.3125;25.75;25.1875;1340;202;0;
8815;2025.08.07 21:00;-12;28.875;23.375;22.25;1335;202;0;
8816;2025.08.07 21:15;-12;28.5;21.125;19.25;1330;202;0;
8817;2025.08.07 21:30;-12;28;19.625;17.875;1327;202;0;
8818;2025.08.07 21:45;-12;27.625;18.4375;16.625;1324;202;0;
8819;2025.08.07 22:00;-12;27.125;17.5;15.5625;1321;202;0;
8820;2025.08.07 22:15;-12;26.75;16.75;15.0625;1319;202;0;
8821;2025.08.07 22:30;-12;26.3125;16.5;15.375;1318;202;0;
8822;2025.08.07 22:45;-12;25.875;16.1875;15.3125;1317;202;0;
8823;2025.08.07 23:00;-12;25.5625;15.6875;14.875;1315;202;0;
8824;2025.08.07 23:15;-12;25.25;15.25;14.125;1314;202;0;
8825;2025.08.07 23:30;-12;24.875;14.625;13.375;1313;202;0;
8826;2025.08.07 23:45;-12;24.625;14.375;13.5;1312;202;0;
8827;2025.08.08 00:00;-12;24.25;14.125;13.25;1311;202;0;
8828;2025.08.08 00:15;-12;24;14.0625;13.125;1310;202;0;
8829;2025.08.08 00:30;-12;23.75;14.3125;13.5;1311;202;0;
8830;2025.08.08 00:45;-12;23.5;14.0625;13.4375;1310;202;0;
8831;2025.08.08 01:00;-12;23.3125;13.5;12.75;1309;202;0;
8832;2025.08.08 01:15;-12;23.125;13.5;13.5;1309;202;0;
8833;2025.08.08 01:30;-12;22.875;13.375;13.25;1308;202;0;
8834;2025.08.08 01:45;-12;22.625;13.25;13;1308;202;0;
8835;2025.08.08 02:00;-12;22.5;13.125;12.75;1307;202;0;
8836;2025.08.08 02:15;-12;22.25;12.75;12.25;1307;202;0;
8837;2025.08.08 02:30;-12;22.125;12.6875;12.25;1306;202;0;
8838;2025.08.08 02:45;-12;21.9375;12.375;11.5;1306;202;0;
8839;2025.08.08 03:00;-12;21.75;12.25;11.75;1305;202;0;
8840;2025.08.08 03:15;-12;21.625;12;11.4375;1305;202;0;
8841;2025.08.08 03:30;-12;21.4375;12;11.25;1305;202;0;
8842;2025.08.08 03:45;-12;21.3125;12.5;12.375;1305;202;0;
8843;2025.08.08 04:00;-12;21.125;12.3125;11.875;1305;202;0;
8844;2025.08.08 04:15;-12;21;12.1875;11.75;1305;202;0;
8845;2025.08.08 04:30;-12;20.875;12.3125;12.1875;1305;202;0;
8846;2025.08.08 04:45;-12;20.75;12.8125;12.75;1306;202;0;
8847;2025.08.08 05:00;-12;20.6875;13.3125;13.125;1307;202;0;
8848;2025.08.08 05:15;-12;20.625;13.375;12.875;1307;202;0;
8849;2025.08.08 05:30;-12;20.5;13.625;13.5;1308;202;0;
8850;2025.08.08 05:45;-12;20.5;13.625;13.375;1308;202;0;
8851;2025.08.08 06:00;-12;20.375;13.375;13.0625;1308;202;0;
8852;2025.08.08 06:15;-12;20.375;12.75;12.375;1307;202;0;
8853;2025.08.08 06:30;-12;20.25;12.3125;12;1306;202;0;
8854;2025.08.08 06:45;-12;20.1875;11.9375;11.6875;1305;202;0;
8855;2025.08.08 07:00;-12;20.0625;11.6875;11.5;1305;202;0;
8856;2025.08.08 07:15;-12;20;12.375;13.125;1306;202;0;
8857;2025.08.08 07:30;-12;19.875;12.125;12.5;1305;202;0;
8858;2025.08.08 07:45;-12;19.75;11.875;12.125;1305;202;0;
8859;2025.08.08 08:00;-12;19.6875;12;12.5;1305;202;0;
8860;2025.08.08 08:15;-12;19.625;12.125;13;1306;202;0;
8861;2025.08.08 08:30;-12;19.5;12.4375;13.75;1306;202;0;
8862;2025.08.08 08:45;-12;19.4375;12.625;13.9375;1306;202;0;
8863;2025.08.08 09:00;-12;19.375;12.375;13.375;1306;202;0;
8864;2025.08.08 09:15;-12;19.25;12.875;14.25;1307;202;0;
8865;2025.08.08 09:30;-12;19.25;13.3125;14.75;1308;202;0;
8866;2025.08.08 09:45;-12;19.1875;14.25;15.875;1309;202;0;
8867;2025.08.08 10:00;-12;19.125;16;17.875;1313;202;0;
8868;2025.08.08 10:15;-12;19.1875;18.4375;22.125;1317;202;0;
8869;2025.08.08 10:30;-12;19.25;21.625;25.9375;1323;202;0;
8870;2025.08.08 10:45;-12;19.5;24.375;27.6875;1329;202;0;
8871;2025.08.08 11:00;-12;19.75;26.75;29.5625;1335;202;0;
8872;2025.08.08 11:15;-12;20.125;26.5;27.3125;1335;202;0;
8873;2025.08.08 11:30;-12;20.5;28.375;29.4375;1340;202;0;
8874;2025.08.08 11:45;-12;20.875;30.5;31.125;1344;202;0;
8875;2025.08.08 12:00;-12;21.25;32.4375;32.0625;1349;202;0;
8876;2025.08.08 12:15;-12;21.75;34.25;32.875;1353;202;0;
8877;2025.08.08 12:30;-12;22.375;34.375;32;1355;202;0;
8878;2025.08.08 12:45;-12;22.875;31.1875;29.125;1349;202;0;
8879;2025.08.08 13:00;-12;23.25;31.125;29.3125;1349;202;0;
8880;2025.08.08 13:15;-12;23.625;36.5;33.75;1361;202;0;
8881;2025.08.08 13:30;-12;24.125;38.75;34.5;1367;202;0;
8882;2025.08.08 13:45;-12;24.8125;39.8125;34.625;1371;202;0;
8883;2025.08.08 14:00;-12;25.5625;41.25;35.625;1376;202;0;
8884;2025.08.08 14:15;-12;26.3125;42.25;36;1379;202;0;
8885;2025.08.08 14:30;-12;27.125;42.875;36.125;1382;202;0;
8886;2025.08.08 14:45;-12;27.875;43.625;37;1384;202;0;
8887;2025.08.08 15:00;-12;28.5625;44;37;1386;202;0;
8888;2025.08.08 15:15;-12;29.25;44.75;37.5625;1388;202;0;
8889;2025.08.08 15:30;-12;29.9375;45.625;38.1875;1390;202;0;
8890;2025.08.08 15:45;-12;30.5;45.875;38.875;1391;202;0;
8891;2025.08.08 16:00;-12;31.125;46.4375;38.625;1391;202;0;
8892;2025.08.08 16:15;-12;31.5;42.5;35.3125;1381;202;0;
8893;2025.08.08 16:30;-12;31.75;42.4375;36.25;1378;202;0;
8894;2025.08.08 16:45;-12;31.875;39;33.75;1370;202;0;
8895;2025.08.08 17:00;-12;31.8125;37.75;33.75;1366;202;0;
8896;2025.08.08 17:15;-12;31.6875;39.5;37.625;1367;202;0;
8897;2025.08.08 17:30;-12;31.625;37.625;33.625;1363;202;0;
8898;2025.08.08 17:45;-12;31.5625;35.3125;32;1358;202;0;
8899;2025.08.08 18:00;-12;31.4375;36;33.5;1359;202;0;
8900;2025.08.08 18:15;-12;31.25;33.6875;30.9375;1353;202;0;
8901;2025.08.08 18:30;-12;31.125;33;31.125;1351;202;0;
8902;2025.08.08 18:45;-12;30.875;33.75;32.25;1351;202;0;
8903;2025.08.08 19:00;-12;30.625;36.0625;34.1875;1355;202;0;
8904;2025.08.08 19:15;-12;30.5;36.125;34.375;1354;202;0;
8905;2025.08.08 19:30;-12;30.5;35.0625;33.375;1351;202;0;
8906;2025.08.08 19:45;-12;30.375;33.375;32.25;1347;202;0;
8907;2025.08.08 20:00;-12;30.1875;31.375;30.625;1343;202;0;
8908;2025.08.08 20:15;-12;29.9375;29.125;28.5;1337;202;0;
8909;2025.08.08 20:30;-12;29.625;26.625;25.5;1332;202;0;
8910;2025.08.08 20:45;-12;29.25;24.875;24.125;1328;202;0;
8911;2025.08.08 21:00;-12;28.875;23.5;22.75;1324;202;0;
8912;2025.08.08 21:15;-12;28.4375;21.875;21;1320;202;0;
8913;2025.08.08 21:30;-12;28;20.25;18.6875;1317;202;0;
8914;2025.08.08 21:45;-12;27.625;19.25;17.4375;1314;202;0;
8915;2025.08.08 22:00;-12;27.1875;19.375;18;1314;202;0;
8916;2025.08.08 22:15;-12;26.8125;19.375;18.3125;1313;202;0;
8917;2025.08.08 22:30;-12;26.5;18.9375;17.75;1312;202;0;
8918;2025.08.08 22:45;-12;26.1875;18.625;17.375;1311;202;0;
8919;2025.08.08 23:00;-12;25.875;18.5;17.375;1311;202;0;
8920;2025.08.08 23:15;-12;25.625;18.125;17.0625;1310;202;0;
8921;2025.08.08 23:30;-12;25.375;17.875;16.75;1309;202;0;
8922;2025.08.08 23:45;-12;25.1875;17.5625;16.375;1308;202;0;
8923;2025.08.09 00:00;-12;25;17;15.875;1307;202;0;
8924;2025.08.09 00:15;-12;24.75;16.5;15.3125;1306;202;0;
8925;2025.08.09 00:30;-12;24.5;15.875;14.6875;1304;202;0;
8926;2025.08.09 00:45;-12;24.25;15.6875;14.625;1304;202;0;
8927;2025.08.09 01:00;-12;24;15.625;14.8125;1303;202;0;
8928;2025.08.09 01:15;-12;23.875;15.25;14.4375;1303;202;0;
8929;2025.08.09 01:30;-12;23.625;15;14.1875;1302;202;0;
8930;2025.08.09 01:45;-12;23.4375;14.75;13.9375;1301;202;0;
8931;2025.08.09 02:00;-12;23.25;14.4375;13.625;1301;202;0;
8932;2025.08.09 02:15;-12;23;14.375;13.625;1300;202;0;
8933;2025.08.09 02:30;-12;22.875;14.25;13.625;1300;202;0;
8934;2025.08.09 02:45;-12;22.6875;14.0625;13.375;1300;202;0;
8935;2025.08.09 03:00;-12;22.5;14.0625;13.5;1300;202;0;
8936;2025.08.09 03:15;-12;22.375;13.875;13.25;1299;202;0;
8937;2025.08.09 03:30;-12;22.25;13.75;13.125;1299;202;0;
8938;2025.08.09 03:45;-12;22.0625;13.6875;13.125;1299;202;0;
8939;2025.08.09 04:00;-12;21.875;13.625;13.125;1298;202;0;
8940;2025.08.09 04:15;-12;21.75;13.625;13.5;1298;202;0;
8941;2025.08.09 04:30;-12;21.625;13.3125;12.75;1298;202;0;
8942;2025.08.09 04:45;-12;21.5;12.9375;12.25;1297;202;0;
8943;2025.08.09 05:00;-12;21.375;12.75;12.25;1297;202;0;
8944;2025.08.09 05:15;-12;21.25;12.875;12.625;1297;202;0;
8945;2025.08.09 05:30;-12;21.125;12.875;12.5;1297;202;0;
8946;2025.08.09 05:45;-12;21;12.9375;12.625;1297;202;0;
8947;2025.08.09 06:00;-12;20.875;12.8125;12.4375;1297;202;0;
8948;2025.08.09 06:15;-12;20.75;12.6875;12.25;1297;202;0;
8949;2025.08.09 06:30;-12;20.6875;12.625;12;1297;202;0;
8950;2025.08.09 06:45;-12;20.625;12.5;12;1297;202;0;
8951;2025.08.09 07:00;-12;20.5;13;12.6875;1297;202;0;
8952;2025.08.09 07:15;-12;20.375;13.125;12.8125;1298;202;0;
8953;2025.08.09 07:30;-12;20.375;12.6875;12.25;1297;202;0;
8954;2025.08.09 07:45;-12;20.25;12.625;12.25;1297;202;0;
8955;2025.08.09 08:00;-12;20.125;12.75;12.4375;1297;202;0;
8956;2025.08.09 08:15;-12;20.125;13.125;12.875;1298;202;0;
8957;2025.08.09 08:30;-12;20;13.5;13.25;1299;202;0;
8958;2025.08.09 08:45;-12;20;13.5;13.125;1299;202;0;
8959;2025.08.09 09:00;-12;19.9375;13.25;12.8125;1299;202;0;
8960;2025.08.09 09:15;-12;19.875;12.8125;12.25;1298;202;0;
8961;2025.08.09 09:30;-12;19.8125;12.625;12.25;1298;202;0;
8962;2025.08.09 09:45;-12;19.75;12.8125;12.625;1298;202;0;
8963;2025.08.09 10:00;-12;19.6875;13.875;14;1300;202;0;
8964;2025.08.09 10:15;-12;19.625;15.25;15.5625;1303;202;0;
8965;2025.08.09 10:30;-12;19.6875;16.375;16.75;1305;202;0;
8966;2025.08.09 10:45;-12;19.75;17.3125;17.5625;1308;202;0;
8967;2025.08.09 11:00;-12;19.875;18.375;18.75;1310;202;0;
8968;2025.08.09 11:15;-12;20;20;20.75;1313;202;0;
8969;2025.08.09 11:30;-12;20.125;21.6875;22.75;1317;202;0;
8970;2025.08.09 11:45;-12;20.3125;24;25.25;1322;202;0;
8971;2025.08.09 12:00;-12;20.625;26.875;27.875;1328;202;0;
8972;2025.08.09 12:15;-12;20.9375;26.875;27;1328;202;0;
8973;2025.08.09 12:30;-12;21.25;30.125;30.0625;1335;202;0;
8974;2025.08.09 12:45;-12;21.6875;34.25;32.25;1344;202;0;
8975;2025.08.09 13:00;-12;22.25;35.875;32.6875;1349;202;0;
8976;2025.08.09 13:15;-12;22.9375;37.875;34;1355;202;0;
8977;2025.08.09 13:30;-12;23.75;39.25;34.5;1359;202;0;
8978;2025.08.09 13:45;-12;24.5;40.625;35.375;1364;202;0;
8979;2025.08.09 14:00;-12;25.3125;42.625;36.875;1369;202;0;
8980;2025.08.09 14:15;-12;26.125;43.5;36.75;1372;202;0;
8981;2025.08.09 14:30;-12;27;44.125;37.625;1375;202;0;
8982;2025.08.09 14:45;-12;27.75;43.75;37.125;1375;202;0;
8983;2025.08.09 15:00;-12;28.5;45;38.375;1378;202;0;
8984;2025.08.09 15:15;-12;29.125;42.75;36;1372;202;0;
8985;2025.08.09 15:30;-12;29.625;40.375;34.875;1366;202;0;
8986;2025.08.09 15:45;-12;29.8125;43;38;1372;202;0;
8987;2025.08.09 16:00;-12;30.125;46.3125;39.875;1380;202;0;
8988;2025.08.09 16:15;-12;30.625;46.25;39.25;1379;202;0;
8989;2025.08.09 16:30;-12;31.125;44.75;38.375;1374;202;0;
8990;2025.08.09 16:45;-12;31.5;43.5;38.25;1370;202;0;
8991;2025.08.09 17:00;-12;31.75;42.75;38.625;1367;202;0;
8992;2025.08.09 17:15;-12;32;38.25;32.75;1358;202;0;
8993;2025.08.09 17:30;-12;32;37.75;35.8125;1355;202;0;
8994;2025.08.09 17:45;-12;31.875;39.25;36.625;1358;202;0;
8995;2025.08.09 18:00;-12;31.875;39.3125;36.4375;1358;202;0;
8996;2025.08.09 18:15;-12;31.9375;38.875;35.5;1357;202;0;
8997;2025.08.09 18:30;-12;32;37.5;33.625;1353;202;0;
8998;2025.08.09 18:45;-12;31.9375;37.625;34.5;1352;202;0;
8999;2025.08.09 19:00;-12;31.875;36;32.625;1348;202;0;
9000;2025.08.09 19:15;-12;31.6875;35.375;32.875;1345;202;0;
9001;2025.08.09 19:30;-12;31.5;33.8125;31.875;1341;202;0;
9002;2025.08.09 19:45;-12;31.25;32.375;31.6875;1337;202;0;
9003;2025.08.09 20:00;-12;30.875;30.625;30.125;1333;202;0;
9004;2025.08.09 20:15;-12;30.5625;28.75;28.875;1328;202;0;
9005;2025.08.09 20:30;-12;30.125;26.875;27;1323;202;0;
9006;2025.08.09 20:45;-12;29.75;25.1875;25.125;1319;202;0;
9007;2025.08.09 21:00;-12;29.25;23.5625;23.125;1315;202;0;
9008;2025.08.09 21:15;-12;28.875;21.875;21.25;1311;202;0;
9009;2025.08.09 21:30;-12;28.375;19.875;18.5;1307;202;0;
9010;2025.08.09 21:45;-12;27.9375;18.3125;16.5;1303;202;0;
9011;2025.08.09 22:00;-12;27.5;17.0625;15.1875;1300;202;0;
9012;2025.08.09 22:15;-12;27;16.125;14.25;1298;202;0;
9013;2025.08.09 22:30;-12;26.625;15.4375;13.75;1296;202;0;
9014;2025.08.09 22:45;-12;26.25;15.125;14;1295;202;0;
9015;2025.08.09 23:00;-12;25.8125;14.75;13.5;1293;202;0;
9016;2025.08.09 23:15;-12;25.5;14.125;13;1292;202;0;
9017;2025.08.09 23:30;-12;25.125;13.875;12.8125;1291;202;0;
9018;2025.08.09 23:45;-12;24.75;13.4375;12.375;1290;202;0;
9019;2025.08.10 00:00;-12;24.5;13.25;12.375;1289;202;0;
9020;2025.08.10 00:15;-12;24.1875;13.0625;12.375;1288;202;0;
9021;2025.08.10 00:30;-12;23.875;12.75;12;1288;202;0;
9022;2025.08.10 00:45;-12;23.625;12.625;11.875;1287;202;0;
9023;2025.08.10 01:00;-12;23.375;12.5625;12;1287;202;0;
9024;2025.08.10 01:15;-12;23.125;12.375;11.6875;1286;202;0;
9025;2025.08.10 01:30;-12;22.9375;12.1875;11.5;1286;202;0;
9026;2025.08.10 01:45;-12;22.75;11.9375;11.1875;1285;202;0;
9027;2025.08.10 02:00;-12;22.5;11.75;11.25;1285;202;0;
9028;2025.08.10 02:15;-12;22.3125;11.5;10.875;1284;202;0;
9029;2025.08.10 02:30;-12;22.125;11.6875;11.375;1284;202;0;
9030;2025.08.10 02:45;-12;21.875;11.625;11.25;1284;202;0;
9031;2025.08.10 03:00;-12;21.75;11.75;11.625;1284;202;0;
9032;2025.08.10 03:15;-12;21.625;11.625;11.5;1284;202;0;
9033;2025.08.10 03:30;-12;21.4375;11.5;11.125;1284;202;0;
9034;2025.08.10 03:45;-12;21.25;11.125;10.5;1283;202;0;
9035;2025.08.10 04:00;-12;21.125;11.5;11.5;1283;202;0;
9036;2025.08.10 04:15;-12;21;11.5;11.375;1283;202;0;
9037;2025.08.10 04:30;-12;20.875;12.1875;12.6875;1284;202;0;
9038;2025.08.10 04:45;-12;20.75;12;12.125;1284;202;0;
9039;2025.08.10 05:00;-12;20.625;11.9375;12;1284;202;0;
9040;2025.08.10 05:15;-12;20.5;12.75;13.375;1285;202;0;
9041;2025.08.10 05:30;-12;20.4375;13;13.5;1286;202;0;
9042;2025.08.10 05:45;-12;20.375;12.875;13.1875;1286;202;0;
9043;2025.08.10 06:00;-12;20.25;12.4375;12.5;1285;202;0;
9044;2025.08.10 06:15;-12;20.1875;12.125;12.25;1285;202;0;
9045;2025.08.10 06:30;-12;20.125;12.25;12.75;1285;202;0;
9046;2025.08.10 06:45;-12;20;12.625;13.375;1286;202;0;
9047;2025.08.10 07:00;-12;19.9375;12.8125;13.5;1286;202;0;
9048;2025.08.10 07:15;-12;19.875;12.75;13.3125;1286;202;0;
9049;2025.08.10 07:30;-12;19.75;12.625;13.125;1286;202;0;
9050;2025.08.10 07:45;-12;19.75;12.625;13.25;1286;202;0;
9051;2025.08.10 08:00;-12;19.625;12.75;13.375;1286;202;0;
9052;2025.08.10 08:15;-12;19.5625;13.0625;13.8125;1287;202;0;
9053;2025.08.10 08:30;-12;19.5;13.375;14.125;1287;202;0;
9054;2025.08.10 08:45;-12;19.4375;13.4375;14.25;1288;202;0;
9055;2025.08.10 09:00;-12;19.375;13.5;14.25;1288;202;0;
9056;2025.08.10 09:15;-12;19.3125;13.5;14.25;1288;202;0;
9057;2025.08.10 09:30;-12;19.25;13.625;14.375;1288;202;0;
9058;2025.08.10 09:45;-12;19.25;13.8125;14.75;1289;202;0;
9059;2025.08.10 10:00;-12;19.125;14.125;15.125;1289;202;0;
9060;2025.08.10 10:15;-12;19.125;15.375;18.125;1292;202;0;
9061;2025.08.10 10:30;-12;19.125;17.125;20.0625;1295;202;0;
9062;2025.08.10 10:45;-12;19.1875;18.8125;21.625;1298;202;0;
9063;2025.08.10 11:00;-12;19.25;20.5625;22.625;1302;202;0;
9064;2025.08.10 11:15;-12;19.4375;22.125;23.4375;1305;202;0;
9065;2025.08.10 11:30;-12;19.625;23.75;24.25;1309;202;0;
9066;2025.08.10 11:45;-12;19.875;25.1875;25.0625;1313;202;0;
9067;2025.08.10 12:00;-12;20.25;27.125;26.3125;1317;202;0;
9068;2025.08.10 12:15;-12;20.625;28.375;26.875;1320;202;0;
9069;2025.08.10 12:30;-12;21.125;30.125;28;1325;202;0;
9070;2025.08.10 12:45;-12;21.625;31.625;28.875;1329;202;0;
9071;2025.08.10 13:00;-12;22.125;33.5;30.125;1334;202;0;
9072;2025.08.10 13:15;-12;22.75;35.5;31.25;1340;202;0;
9073;2025.08.10 13:30;-12;23.5;37.25;32.1875;1344;202;0;
9074;2025.08.10 13:45;-12;24.125;38.6875;33;1349;202;0;
9075;2025.08.10 14:00;-12;25;40.4375;34.375;1354;202;0;
9076;2025.08.10 14:15;-12;25.75;41.125;34.25;1357;202;0;
9077;2025.08.10 14:30;-12;26.625;43.1875;36.625;1362;202;0;
9078;2025.08.10 14:45;-12;27.375;43.625;35.875;1364;202;0;
9079;2025.08.10 15:00;-12;28.1875;44.1875;36.625;1366;202;0;
9080;2025.08.10 15:15;-12;28.875;44.375;36.75;1367;202;0;
9081;2025.08.10 15:30;-12;29.625;44.5;37.375;1368;202;0;
9082;2025.08.10 15:45;-12;30.25;45.25;38;1370;202;0;
9083;2025.08.10 16:00;-12;30.75;45.375;38.3125;1369;202;0;
9084;2025.08.10 16:15;-12;31.125;45.25;37.625;1367;202;0;
9085;2025.08.10 16:30;-12;31.5625;44.0625;37.25;1363;202;0;
9086;2025.08.10 16:45;-12;31.75;42.375;36.875;1357;202;0;
9087;2025.08.10 17:00;-12;31.9375;41.125;37;1353;202;0;
9088;2025.08.10 17:15;-12;32;39.9375;36.5625;1349;202;0;
9089;2025.08.10 17:30;-12;32.0625;39.25;36.5;1347;202;0;
9090;2025.08.10 17:45;-12;32.0625;39.125;36.1875;1347;202;0;
9091;2025.08.10 18:00;-12;32.125;38.9375;35.875;1347;202;0;
9092;2025.08.10 18:15;-12;32.125;38.75;35.5;1346;202;0;
9093;2025.08.10 18:30;-12;32.1875;36.125;32.25;1340;202;0;
9094;2025.08.10 18:45;-12;32.0625;35.625;33.25;1337;202;0;
9095;2025.08.10 19:00;-12;31.875;34.875;32.75;1335;202;0;
9096;2025.08.10 19:15;-12;31.625;34.9375;32.75;1334;202;0;
9097;2025.08.10 19:30;-12;31.375;34;32.1875;1331;202;0;
9098;2025.08.10 19:45;-12;31.125;32.125;31.125;1326;202;0;
9099;2025.08.10 20:00;-12;30.8125;30.375;30.125;1321;202;0;
9100;2025.08.10 20:15;-12;30.5;28.5;28.625;1317;202;0;
9101;2025.08.10 20:30;-12;30.0625;27;27;1313;202;0;
9102;2025.08.10 20:45;-12;29.625;25.25;25.0625;1309;202;0;
9103;2025.08.10 21:00;-12;29.25;24;23.625;1305;202;0;
9104;2025.08.10 21:15;-12;28.8125;22;21;1301;202;0;
9105;2025.08.10 21:30;-12;28.375;19.875;18.125;1296;202;0;
9106;2025.08.10 21:45;-12;27.9375;18.375;16.4375;1293;202;0;
9107;2025.08.10 22:00;-12;27.5;17.25;15.4375;1290;202;0;
9108;2025.08.10 22:15;-12;27;16.625;15.125;1288;202;0;
9109;2025.08.10 22:30;-12;26.625;15.9375;14.25;1286;202;0;
9110;2025.08.10 22:45;-12;26.25;15.375;13.875;1285;202;0;
9111;2025.08.10 23:00;-12;25.875;14.875;13.5;1283;202;0;
9112;2025.08.10 23:15;-12;25.5;14.5;13.25;1282;202;0;
9113;2025.08.10 23:30;-12;25.125;14.125;12.9375;1281;202;0;
9114;2025.08.10 23:45;-12;24.875;14.0625;12.9375;1280;202;0;
9115;2025.08.11 00:00;-12;24.5625;14.0625;13.3125;1280;202;0;
9116;2025.08.11 00:15;-12;24.25;13.875;13.125;1279;202;0;
9117;2025.08.11 00:30;-12;24;13.625;12.8125;1279;202;0;
9118;2025.08.11 00:45;-12;23.75;13.25;12.125;1278;202;0;
9119;2025.08.11 01:00;-12;23.5;13;12.0625;1277;202;0;
9120;2025.08.11 01:15;-12;23.25;12.875;12.25;1277;202;0;
9121;2025.08.11 01:30;-12;23.0625;12.875;12.0625;1276;202;0;
9122;2025.08.11 01:45;-12;22.875;12.625;12;1276;202;0;
9123;2025.08.11 02:00;-12;22.625;12.4375;11.75;1276;202;0;
9124;2025.08.11 02:15;-12;22.5;12.3125;11.6875;1275;202;0;
9125;2025.08.11 02:30;-12;22.25;12.0625;11.25;1275;202;0;
9126;2025.08.11 02:45;-12;22.125;11.875;11.3125;1274;202;0;
9127;2025.08.11 03:00;-12;21.875;12;11.625;1274;202;0;
9128;2025.08.11 03:15;-12;21.75;11.875;11.375;1274;202;0;
9129;2025.08.11 03:30;-12;21.625;11.5625;10.875;1273;202;0;
9130;2025.08.11 03:45;-12;21.4375;11.375;10.625;1273;202;0;
9131;2025.08.11 04:00;-12;21.25;11.125;10.625;1273;202;0;
9132;2025.08.11 04:15;-12;21.125;11.0625;10.625;1272;202;0;
9133;2025.08.11 04:30;-12;21;11;10.625;1272;202;0;
9134;2025.08.11 04:45;-12;20.8125;10.9375;10.5;1272;202;0;
9135;2025.08.11 05:00;-12;20.6875;11.5;11.5;1273;202;0;
9136;2025.08.11 05:15;-12;20.5625;11.8125;11.625;1274;202;0;
9137;2025.08.11 05:30;-12;20.4375;13.3125;14.75;1276;202;0;
9138;2025.08.11 05:45;-12;20.375;14.625;16.125;1278;202;0;
9139;2025.08.11 06:00;-12;20.25;13.25;13.1875;1276;202;0;
9140;2025.08.11 06:15;-12;20.25;12;11.5;1274;202;0;
9141;2025.08.11 06:30;-12;20.125;11.875;12.125;1274;202;0;
9142;2025.08.11 06:45;-12;20;12.125;12.5;1274;202;0;
9143;2025.08.11 07:00;-12;19.9375;11.75;12.0625;1274;202;0;
9144;2025.08.11 07:15;-12;19.8125;11.625;11.875;1273;202;0;
9145;2025.08.11 07:30;-12;19.75;11.5625;11.875;1273;202;0;
9146;2025.08.11 07:45;-12;19.625;11.25;11.5;1273;202;0;
9147;2025.08.11 08:00;-12;19.5;11.375;11.875;1273;202;0;
9148;2025.08.11 08:15;-12;19.375;11.375;11.75;1273;202;0;
9149;2025.08.11 08:30;-12;19.3125;10.8125;10.75;1272;202;0;
9150;2025.08.11 08:45;-12;19.25;10.25;9.8125;1271;202;0;
9151;2025.08.11 09:00;-12;19.125;10.1875;10.125;1271;202;0;
9152;2025.08.11 09:15;-12;19;10.125;10.1875;1271;202;0;
9153;2025.08.11 09:30;-12;18.875;10.25;10.625;1271;202;0;
9154;2025.08.11 09:45;-12;18.8125;10.3125;10.625;1271;202;0;
9155;2025.08.11 10:00;-12;18.75;11.125;12;1273;202;0;
9156;2025.08.11 10:15;-12;18.625;13.625;17.375;1277;202;0;
9157;2025.08.11 10:30;-12;18.625;16.75;20.125;1282;202;0;
9158;2025.08.11 10:45;-12;18.75;19;22.5;1287;202;0;
9159;2025.08.11 11:00;-12;18.875;20.125;21.625;1290;202;0;
9160;2025.08.11 11:15;-12;19.0625;22;23.8125;1294;202;0;
9161;2025.08.11 11:30;-12;19.3125;24.25;25.5625;1299;202;0;
9162;2025.08.11 11:45;-12;19.625;25.75;25.875;1303;202;0;
9163;2025.08.11 12:00;-12;20;27.875;27.375;1307;202;0;
9164;2025.08.11 12:15;-12;20.375;29.875;28.25;1312;202;0;
9165;2025.08.11 12:30;-12;20.9375;31.6875;29.5;1317;202;0;
9166;2025.08.11 12:45;-12;21.5;33.5;30.5;1322;202;0;
9167;2025.08.11 13:00;-12;22.125;34.875;31.125;1327;202;0;
9168;2025.08.11 13:15;-12;22.875;36.375;31.75;1331;202;0;
9169;2025.08.11 13:30;-12;23.5;37.875;32.625;1336;202;0;
9170;2025.08.11 13:45;-12;24.3125;39.375;33.625;1340;202;0;
9171;2025.08.11 14:00;-12;25.125;40.4375;34;1344;202;0;
9172;2025.08.11 14:15;-12;26;41.75;35;1348;202;0;
9173;2025.08.11 14:30;-12;26.75;42.375;35.0625;1350;202;0;
9174;2025.08.11 14:45;-12;27.5625;43.625;36.625;1354;202;0;
9175;2025.08.11 15:00;-12;28.3125;44;36.375;1356;202;0;
9176;2025.08.11 15:15;-12;29;44.375;36.75;1358;202;0;
9177;2025.08.11 15:30;-12;29.75;44.75;36.9375;1359;202;0;
9178;2025.08.11 15:45;-12;30.375;45.125;37.4375;1360;202;0;
9179;2025.08.11 16:00;-12;30.875;45.125;37.5;1359;202;0;
9180;2025.08.11 16:15;-12;31.375;44.5;37.125;1356;202;0;
9181;2025.08.11 16:30;-12;31.6875;43.5;37;1352;202;0;
9182;2025.08.11 16:45;-12;31.875;42.4375;37.0625;1347;202;0;
9183;2025.08.11 17:00;-12;32;41.125;36.9375;1343;202;0;
9184;2025.08.11 17:15;-12;32.125;40.125;36.875;1340;202;0;
9185;2025.08.11 17:30;-12;32.125;39.0625;36;1337;202;0;
9186;2025.08.11 17:45;-12;32.125;39.0625;36;1337;202;0;
9187;2025.08.11 18:00;-12;32.25;38.375;35.4375;1336;202;0;
9188;2025.08.11 18:15;-12;32.25;38.125;34.75;1335;202;0;
9189;2025.08.11 18:30;-12;32.25;37.75;34.375;1333;202;0;
9190;2025.08.11 18:45;-12;32.125;37.125;33.4375;1331;202;0;
9191;2025.08.11 19:00;-12;32.0625;35.75;32.75;1327;202;0;
9192;2025.08.11 19:15;-12;31.875;35.5;32.8125;1326;202;0;
9193;2025.08.11 19:30;-12;31.75;34;32.125;1321;202;0;
9194;2025.08.11 19:45;-12;31.5;31.375;29.75;1315;202;0;
9195;2025.08.11 20:00;-12;31.125;30.125;29.75;1311;202;0;
9196;2025.08.11 20:15;-12;30.75;28.125;28.25;1306;202;0;
9197;2025.08.11 20:30;-12;30.375;26.25;26.375;1302;202;0;
9198;2025.08.11 20:45;-12;29.875;24.5;24.375;1297;202;0;
9199;2025.08.11 21:00;-12;29.375;22.875;22.375;1293;202;0;
9200;2025.08.11 21:15;-12;28.9375;21.375;20.9375;1290;202;0;
9201;2025.08.11 21:30;-12;28.5;19.25;17.875;1285;202;0;
9202;2025.08.11 21:45;-12;28;17.375;15.375;1281;202;0;
9203;2025.08.11 22:00;-12;27.5;16.125;14;1278;202;0;
9204;2025.08.11 22:15;-12;27;15.1875;13.25;1276;202;0;
9205;2025.08.11 22:30;-12;26.625;14.5;12.8125;1274;202;0;
9206;2025.08.11 22:45;-12;26.125;13.875;12.25;1272;202;0;
9207;2025.08.11 23:00;-12;25.75;13.5625;12.25;1271;202;0;
9208;2025.08.11 23:15;-12;25.375;13.125;12;1269;202;0;
9209;2025.08.11 23:30;-12;25;12.75;11.625;1268;202;0;
9210;2025.08.11 23:45;-12;24.625;12.375;11.125;1267;202;0;
9211;2025.08.12 00:00;-12;24.3125;12.125;10.9375;1266;202;0;
9212;2025.08.12 00:15;-12;24;12;11;1265;202;0;
9213;2025.08.12 00:30;-12;23.75;11.75;10.75;1265;202;0;
9214;2025.08.12 00:45;-12;23.4375;11.5;10.5;1264;202;0;
9215;2025.08.12 01:00;-12;23.1875;11.25;10.375;1263;202;0;
9216;2025.08.12 01:15;-12;22.9375;11.125;10.3125;1263;202;0;
9217;2025.08.12 01:30;-12;22.6875;11.125;10.625;1263;202;0;
9218;2025.08.12 01:45;-12;22.4375;10.6875;9.8125;1262;202;0;
9219;2025.08.12 02:00;-12;22.25;10.8125;10.375;1262;202;0;
9220;2025.08.12 02:15;-12;22;10.6875;10.25;1261;202;0;
9221;2025.08.12 02:30;-12;21.8125;10.3125;9.625;1261;202;0;
9222;2025.08.12 02:45;-12;21.625;10.0625;9.5;1260;202;0;
9223;2025.08.12 03:00;-12;21.375;10.25;10;1260;202;0;
9224;2025.08.12 03:15;-12;21.25;10;9.4375;1260;202;0;
9225;2025.08.12 03:30;-12;21.0625;9.75;9.25;1259;202;0;
9226;2025.08.12 03:45;-12;20.875;9.625;9.1875;1259;202;0;
9227;2025.08.12 04:00;-12;20.6875;9.5;9;1259;202;0;
9228;2025.08.12 04:15;-12;20.5;9.125;8.5;1258;202;0;
9229;2025.08.12 04:30;-12;20.375;8.9375;8.4375;1258;202;0;
9230;2025.08.12 04:45;-12;20.25;8.875;8.5625;1257;202;0;
9231;2025.08.12 05:00;-12;20.0625;9;8.8125;1257;202;0;
9232;2025.08.12 05:15;-12;19.875;8.75;8.25;1257;202;0;
9233;2025.08.12 05:30;-12;19.75;8.375;7.625;1256;202;0;
9234;2025.08.12 05:45;-12;19.625;8.125;7.625;1256;202;0;
9235;2025.08.12 06:00;-12;19.5;8.0625;7.625;1256;202;0;
9236;2025.08.12 06:15;-12;19.3125;7.875;7.375;1255;202;0;
9237;2025.08.12 06:30;-12;19.125;7.6875;7.125;1255;202;0;
9238;2025.08.12 06:45;-12;19;7.5625;7.25;1255;202;0;
9239;2025.08.12 07:00;-12;18.875;7.375;7.125;1255;202;0;
9240;2025.08.12 07:15;-12;18.75;7.125;6.6875;1254;202;0;
9241;2025.08.12 07:30;-12;18.625;7;6.625;1254;202;0;
9242;2025.08.12 07:45;-12;18.5;6.8125;6.375;1254;202;0;
9243;2025.08.12 08:00;-12;18.375;6.75;6.625;1253;202;0;
9244;2025.08.12 08:15;-12;18.25;6.8125;6.875;1253;202;0;
9245;2025.08.12 08:30;-12;18.125;6.75;6.875;1253;202;0;
9246;2025.08.12 08:45;-12;18;7;7;1254;202;0;
9247;2025.08.12 09:00;-12;17.875;7.25;7.375;1254;202;0;
9248;2025.08.12 09:15;-12;17.8125;7.25;7.25;1254;202;0;
9249;2025.08.12 09:30;-12;17.75;7.375;7.5;1255;202;0;
9250;2025.08.12 09:45;-12;17.625;7.5;7.5625;1255;202;0;
9251;2025.08.12 10:00;-12;17.5;8.25;8.875;1256;202;0;
9252;2025.08.12 10:15;-12;17.5;10.375;13.875;1260;202;0;
9253;2025.08.12 10:30;-12;17.5;14.375;18.75;1267;202;0;
9254;2025.08.12 10:45;-12;17.5625;17.5;21.3125;1273;202;0;
9255;2025.08.12 11:00;-12;17.75;20.125;23.375;1279;202;0;
9256;2025.08.12 11:15;-12;18;22.625;25;1284;202;0;
9257;2025.08.12 11:30;-12;18.3125;24.875;26.375;1290;202;0;
9258;2025.08.12 11:45;-12;18.75;26.5;27.0625;1294;202;0;
9259;2025.08.12 12:00;-12;19.1875;28.75;28.25;1299;202;0;
9260;2025.08.12 12:15;-12;19.75;30.5;29.0625;1304;202;0;
9261;2025.08.12 12:30;-12;20.3125;32.25;30.25;1309;202;0;
9262;2025.08.12 12:45;-12;20.9375;33.8125;30.875;1313;202;0;
9263;2025.08.12 13:00;-12;21.625;35.875;32.25;1319;202;0;
9264;2025.08.12 13:15;-12;22.375;37.625;33.1875;1324;202;0;
9265;2025.08.12 13:30;-12;23.25;39.5;34.75;1330;202;0;
9266;2025.08.12 13:45;-12;24;40.9375;35.375;1335;202;0;
9267;2025.08.12 14:00;-12;24.875;41.875;35.5;1339;202;0;
9268;2025.08.12 14:15;-12;25.8125;42.4375;35.5;1341;202;0;
9269;2025.08.12 14:30;-12;26.625;43.0625;36.125;1344;202;0;
9270;2025.08.12 14:45;-12;27.4375;43.375;35.8125;1345;202;0;
9271;2025.08.12 15:00;-12;28.1875;43.625;36.4375;1347;202;0;
9272;2025.08.12 15:15;-12;28.875;44.25;37.0625;1349;202;0;
9273;2025.08.12 15:30;-12;29.625;44.6875;37.5;1350;202;0;
9274;2025.08.12 15:45;-12;30.25;44.75;37.25;1350;202;0;
9275;2025.08.12 16:00;-12;30.75;43.875;36.625;1348;202;0;
9276;2025.08.12 16:15;-12;31.125;43.625;36.75;1346;202;0;
9277;2025.08.12 16:30;-12;31.4375;42.875;36.5;1342;202;0;
9278;2025.08.12 16:45;-12;31.625;41.625;36.4375;1337;202;0;
9279;2025.08.12 17:00;-12;31.75;39.5;35.5625;1332;202;0;
9280;2025.08.12 17:15;-12;31.8125;38.9375;35.625;1329;202;0;
9281;2025.08.12 17:30;-12;31.8125;39.125;36.5625;1329;202;0;
9282;2025.08.12 17:45;-12;31.8125;38.375;35.375;1328;202;0;
9283;2025.08.12 18:00;-12;31.875;37.9375;34.875;1326;202;0;
9284;2025.08.12 18:15;-12;31.875;36.875;33.125;1324;202;0;
9285;2025.08.12 18:30;-12;31.8125;36.625;34;1322;202;0;
9286;2025.08.12 18:45;-12;31.75;36.75;33.875;1322;202;0;
9287;2025.08.12 19:00;-12;31.625;35.375;32.875;1318;202;0;
9288;2025.08.12 19:15;-12;31.5;33.375;30.875;1313;202;0;
9289;2025.08.12 19:30;-12;31.25;31.25;29.1875;1308;202;0;
9290;2025.08.12 19:45;-12;30.9375;29.375;27.75;1303;202;0;
9291;2025.08.12 20:00;-12;30.5625;28;26.5625;1299;202;0;
9292;2025.08.12 20:15;-12;30.1875;26.5625;25.375;1295;202;0;
9293;2025.08.12 20:30;-12;29.8125;25.1875;24.125;1292;202;0;
9294;2025.08.12 20:45;-12;29.375;23.625;22.25;1288;202;0;
9295;2025.08.12 21:00;-12;28.9375;22.125;20.625;1284;202;0;
9296;2025.08.12 21:15;-12;28.5;20.625;18.6875;1281;202;0;
9297;2025.08.12 21:30;-12;28.0625;19.375;17.375;1278;202;0;
9298;2025.08.12 21:45;-12;27.625;18.5;16.625;1275;202;0;
9299;2025.08.12 22:00;-12;27.25;17.75;16.125;1273;202;0;
9300;2025.08.12 22:15;-12;26.8125;17.1875;15.75;1271;202;0;
9301;2025.08.12 22:30;-12;26.4375;16.5;14.9375;1270;202;0;
9302;2025.08.12 22:45;-12;26.0625;16;14.625;1268;202;0;
9303;2025.08.12 23:00;-12;25.75;15.5;14.1875;1267;202;0;
9304;2025.08.12 23:15;-12;25.375;15.0625;14;1266;202;0;
9305;2025.08.12 23:30;-12;25.0625;14.625;13.625;1264;202;0;
9306;2025.08.12 23:45;-12;24.75;14.375;13.375;1263;202;0;
9307;2025.08.13 00:00;-12;24.5;14.125;13.125;1263;202;0;
9308;2025.08.13 00:15;-12;24.1875;13.5625;12.1875;1261;202;0;
9309;2025.08.13 00:30;-12;23.875;13.25;12.125;1261;202;0;
9310;2025.08.13 00:45;-12;23.625;13.0625;12.1875;1260;202;0;
9311;2025.08.13 01:00;-12;23.375;12.875;12;1259;202;0;
9312;2025.08.13 01:15;-12;23.1875;12.625;11.75;1259;202;0;
9313;2025.08.13 01:30;-12;22.9375;12.375;11.5;1258;202;0;
9314;2025.08.13 01:45;-12;22.75;12;11.125;1257;202;0;
9315;2025.08.13 02:00;-12;22.5;11.9375;11.25;1257;202;0;
9316;2025.08.13 02:15;-12;22.25;11.75;11;1257;202;0;
9317;2025.08.13 02:30;-12;22.125;11.625;10.875;1256;202;0;
9318;2025.08.13 02:45;-12;21.875;11.5;10.75;1256;202;0;
9319;2025.08.13 03:00;-12;21.75;11.5;10.875;1256;202;0;
9320;2025.08.13 03:15;-12;21.5625;11.375;10.6875;1256;202;0;
9321;2025.08.13 03:30;-12;21.375;11.375;10.75;1255;202;0;
9322;2025.08.13 03:45;-12;21.25;11.4375;10.9375;1256;202;0;
9323;2025.08.13 04:00;-12;21.125;11.25;10.625;1255;202;0;
9324;2025.08.13 04:15;-12;20.9375;11.125;10.375;1255;202;0;
9325;2025.08.13 04:30;-12;20.8125;11.0625;10.5625;1255;202;0;
9326;2025.08.13 04:45;-12;20.625;10.8125;10.3125;1254;202;0;
9327;2025.08.13 05:00;-12;20.5;10.6875;10.25;1254;202;0;
9328;2025.08.13 05:15;-12;20.375;10.4375;9.75;1254;202;0;
9329;2025.08.13 05:30;-12;20.25;10.375;9.75;1254;202;0;
9330;2025.08.13 05:45;-12;20.125;10.3125;10.0625;1254;202;0;
9331;2025.08.13 06:00;-12;20;10.375;10.5;1254;202;0;
9332;2025.08.13 06:15;-12;19.875;10.25;10.25;1253;202;0;
9333;2025.08.13 06:30;-12;19.75;10.125;9.75;1253;202;0;
9334;2025.08.13 06:45;-12;19.625;10.3125;10;1254;202;0;
9335;2025.08.13 07:00;-12;19.5625;10.125;9.5625;1253;202;0;
9336;2025.08.13 07:15;-12;19.4375;10.25;9.875;1254;202;0;
9337;2025.08.13 07:30;-12;19.375;10.125;9.75;1254;202;0;
9338;2025.08.13 07:45;-12;19.25;10.25;10;1254;202;0;
9339;2025.08.13 08:00;-12;19.125;10;9.5625;1253;202;0;
9340;2025.08.13 08:15;-12;19.0625;9.875;9.625;1253;202;0;
9341;2025.08.13 08:30;-12;19;10;9.75;1253;202;0;
9342;2025.08.13 08:45;-12;18.875;9.875;9.625;1253;202;0;
9343;2025.08.13 09:00;-12;18.75;10.625;11.125;1254;202;0;
9344;2025.08.13 09:15;-12;18.75;11.125;11.875;1255;202;0;
9345;2025.08.13 09:30;-12;18.625;11.625;12.375;1256;202;0;
9346;2025.08.13 09:45;-12;18.625;12.75;14.125;1258;202;0;
9347;2025.08.13 10:00;-12;18.5625;14.625;16.375;1262;202;0;
9348;2025.08.13 10:15;-12;18.5625;16.125;18.5;1265;202;0;
9349;2025.08.13 10:30;-12;18.625;18.5;22.125;1269;202;0;
9350;2025.08.13 10:45;-12;18.75;20.4375;24;1273;202;0;
9351;2025.08.13 11:00;-12;18.9375;22.75;25.5625;1278;202;0;
9352;2025.08.13 11:15;-12;19.1875;24;25.375;1282;202;0;
9353;2025.08.13 11:30;-12;19.5;25.3125;25.8125;1285;202;0;
9354;2025.08.13 11:45;-12;19.875;27.25;27.625;1290;202;0;
9355;2025.08.13 12:00;-12;20.25;29.25;28.875;1294;202;0;
9356;2025.08.13 12:15;-12;20.75;31.3125;29.75;1299;202;0;
9357;2025.08.13 12:30;-12;21.25;33;30.625;1304;202;0;
9358;2025.08.13 12:45;-12;21.875;34.5;31.6875;1309;202;0;
9359;2025.08.13 13:00;-12;22.5;36.25;32.5625;1314;202;0;
9360;2025.08.13 13:15;-12;23.25;37.125;32.625;1317;202;0;
9361;2025.08.13 13:30;-12;24;38.125;33.75;1320;202;0;
9362;2025.08.13 13:45;-12;24.625;39.6875;34.75;1325;202;0;
9363;2025.08.13 14:00;-12;25.4375;40.9375;35.125;1329;202;0;
9364;2025.08.13 14:15;-12;26.25;41.9375;36.375;1332;202;0;
9365;2025.08.13 14:30;-12;27;43.875;38;1338;202;0;
9366;2025.08.13 14:45;-12;27.75;44.625;38.3125;1341;202;0;
9367;2025.08.13 15:00;-12;28.5625;45;37.8125;1342;202;0;
9368;2025.08.13 15:15;-12;29.25;45.625;38.9375;1345;202;0;
9369;2025.08.13 15:30;-12;30;45.625;38.5;1345;202;0;
9370;2025.08.13 15:45;-12;30.625;45.375;38.25;1345;202;0;
9371;2025.08.13 16:00;-12;31.125;45.625;38.75;1345;202;0;
9372;2025.08.13 16:15;-12;31.625;45.9375;38.875;1344;202;0;
9373;2025.08.13 16:30;-12;32;45.375;39.4375;1341;202;0;
9374;2025.08.13 16:45;-12;32.25;43.9375;39.125;1336;202;0;
9375;2025.08.13 17:00;-12;32.4375;42.625;38.5625;1332;202;0;
9376;2025.08.13 17:15;-12;32.5625;41.125;37.125;1328;202;0;
9377;2025.08.13 17:30;-12;32.625;41.875;39.25;1329;202;0;
9378;2025.08.13 17:45;-12;32.75;42.75;39.875;1331;202;0;
9379;2025.08.13 18:00;-12;32.875;40.5625;36.8125;1327;202;0;
9380;2025.08.13 18:15;-12;32.875;37.625;33.5;1319;202;0;
9381;2025.08.13 18:30;-12;32.8125;33.625;30.25;1310;202;0;
9382;2025.08.13 18:45;-12;32.5;33.0625;30.5;1308;202;0;
9383;2025.08.13 19:00;-12;32.125;31.25;29.125;1303;202;0;
9384;2025.08.13 19:15;-12;31.75;30.9375;29.625;1301;202;0;
9385;2025.08.13 19:30;-12;31.3125;32.25;31.25;1303;202;0;
9386;2025.08.13 19:45;-12;31;30.75;29.125;1299;202;0;
9387;2025.08.13 20:00;-12;30.75;28.875;27.375;1294;202;0;
9388;2025.08.13 20:15;-12;30.375;27.125;25.875;1290;202;0;
9389;2025.08.13 20:30;-12;30;26.5;26;1288;202;0;
9390;2025.08.13 20:45;-12;29.625;26.25;26;1286;202;0;
9391;2025.08.13 21:00;-12;29.25;25.25;24.625;1284;202;0;
9392;2025.08.13 21:15;-12;28.875;23.625;22.75;1280;202;0;
9393;2025.08.13 21:30;-12;28.5;22.625;21.875;1277;202;0;
9394;2025.08.13 21:45;-12;28.1875;22.3125;21.75;1276;202;0;
9395;2025.08.13 22:00;-12;27.875;21.625;21.25;1275;202;0;
9396;2025.08.13 22:15;-12;27.5;21;20.375;1273;202;0;
9397;2025.08.13 22:30;-12;27.1875;20.625;20.125;1272;202;0;
9398;2025.08.13 22:45;-12;26.875;19.8125;19.25;1270;202;0;
9399;2025.08.13 23:00;-12;26.625;18.5;17.25;1267;202;0;
9400;2025.08.13 23:15;-12;26.25;17.6875;16.625;1265;202;0;
9401;2025.08.13 23:30;-12;26;17.0625;15.875;1264;202;0;
9402;2025.08.13 23:45;-12;25.625;16.8125;16.0625;1263;202;0;
9403;2025.08.14 00:00;-12;25.375;16.625;15.875;1262;202;0;
9404;2025.08.14 00:15;-12;25.125;16.5;15.875;1262;202;0;
9405;2025.08.14 00:30;-12;24.875;16.625;16.375;1262;202;0;
9406;2025.08.14 00:45;-12;24.625;16.5;16.125;1261;202;0;
9407;2025.08.14 01:00;-12;24.375;16.125;15.8125;1260;202;0;
9408;2025.08.14 01:15;-12;24.1875;15.9375;15.75;1260;202;0;
9409;2025.08.14 01:30;-12;24;15.625;15.25;1259;202;0;
9410;2025.08.14 01:45;-12;23.8125;15.375;15;1259;202;0;
9411;2025.08.14 02:00;-12;23.625;15.125;14.75;1258;202;0;
9412;2025.08.14 02:15;-12;23.375;14.875;14.5;1257;202;0;
9413;2025.08.14 02:30;-12;23.25;14.875;14.75;1257;202;0;
9414;2025.08.14 02:45;-12;23.0625;14.5;14;1256;202;0;
9415;2025.08.14 03:00;-12;22.875;14.375;14.125;1256;202;0;
9416;2025.08.14 03:15;-12;22.75;13.875;13.125;1255;202;0;
9417;2025.08.14 03:30;-12;22.5625;13.625;13.1875;1255;202;0;
9418;2025.08.14 03:45;-12;22.375;13.3125;12.875;1254;202;0;
9419;2025.08.14 04:00;-12;22.25;13.625;13.75;1254;202;0;
9420;2025.08.14 04:15;-12;22.0625;14;14.25;1255;202;0;
9421;2025.08.14 04:30;-12;21.9375;14.0625;13.875;1255;202;0;
9422;2025.08.14 04:45;-12;21.8125;14.375;14.375;1256;202;0;
9423;2025.08.14 05:00;-12;21.75;14.25;14.25;1256;202;0;
9424;2025.08.14 05:15;-12;21.625;13.75;13.5;1255;202;0;
9425;2025.08.14 05:30;-12;21.5;13.25;12.875;1254;202;0;
9426;2025.08.14 05:45;-12;21.375;13.0625;12.625;1254;202;0;
9427;2025.08.14 06:00;-12;21.25;12.5625;12.125;1253;202;0;
9428;2025.08.14 06:15;-12;21.125;12.75;12.6875;1253;202;0;
9429;2025.08.14 06:30;-12;21;12.75;12.625;1253;202;0;
9430;2025.08.14 06:45;-12;20.875;12.75;12.625;1253;202;0;
9431;2025.08.14 07:00;-12;20.75;12.75;12.8125;1254;202;0;
9432;2025.08.14 07:15;-12;20.625;12.625;12.5;1253;202;0;
9433;2025.08.14 07:30;-12;20.5625;12.125;12;1253;202;0;
9434;2025.08.14 07:45;-12;20.5;12.375;12.625;1253;202;0;
9435;2025.08.14 08:00;-12;20.375;12.5;12.375;1253;202;0;
9436;2025.08.14 08:15;-12;20.25;12.125;11.75;1253;202;0;
9437;2025.08.14 08:30;-12;20.1875;12.125;12.25;1253;202;0;
9438;2025.08.14 08:45;-12;20.125;12.25;12.3125;1253;202;0;
9439;2025.08.14 09:00;-12;20;12.25;12.3125;1253;202;0;
9440;2025.08.14 09:15;-12;19.875;12.3125;12.3125;1253;202;0;
9441;2025.08.14 09:30;-12;19.875;12.25;12.125;1253;202;0;
9442;2025.08.14 09:45;-12;19.75;12.375;12.25;1254;202;0;
9443;2025.08.14 10:00;-12;19.6875;12.75;12.75;1255;202;0;
9444;2025.08.14 10:15;-12;19.625;14.4375;17.125;1258;202;0;
9445;2025.08.14 10:30;-12;19.625;17;21.1875;1263;202;0;
9446;2025.08.14 10:45;-12;19.75;20.0625;23.75;1269;202;0;
9447;2025.08.14 11:00;-12;19.875;22.6875;25.1875;1274;202;0;
9448;2025.08.14 11:15;-12;20.125;23.375;24.375;1276;202;0;
9449;2025.08.14 11:30;-12;20.375;25.75;27.25;1281;202;0;
9450;2025.08.14 11:45;-12;20.6875;28.1875;28.8125;1287;202;0;
9451;2025.08.14 12:00;-12;21.125;30.5;30.125;1292;202;0;
9452;2025.08.14 12:15;-12;21.625;32.25;30.75;1297;202;0;
9453;2025.08.14 12:30;-12;22.125;33.5;30.875;1301;202;0;
9454;2025.08.14 12:45;-12;22.75;35;31.875;1305;202;0;
9455;2025.08.14 13:00;-12;23.375;36.75;32.875;1311;202;0;
9456;2025.08.14 13:15;-12;24.0625;38.625;34.0625;1316;202;0;
9457;2025.08.14 13:30;-12;24.875;40.375;35.625;1321;202;0;
9458;2025.08.14 13:45;-12;25.625;36.9375;32.125;1314;202;0;
9459;2025.08.14 14:00;-12;26.25;33.5625;30.125;1307;202;0;
9460;2025.08.14 14:15;-12;26.5;31.75;29.25;1303;202;0;
9461;2025.08.14 14:30;-12;26.5;32.3125;30.5;1304;202;0;
9462;2025.08.14 14:45;-12;26.625;41.125;37.875;1325;202;0;
9463;2025.08.14 15:00;-12;27.25;42.625;36.3125;1329;202;0;
9464;2025.08.14 15:15;-12;28;41.0625;34.4375;1326;202;0;
9465;2025.08.14 15:30;-12;28.625;35.125;30.75;1312;202;0;
9466;2025.08.14 15:45;-12;28.75;34.0625;31.6875;1309;202;0;
9467;2025.08.14 16:00;-12;28.75;36.625;33.25;1315;202;0;
9468;2025.08.14 16:15;-12;28.875;33.4375;30.4375;1307;202;0;
9469;2025.08.14 16:30;-12;28.875;33;31.125;1305;202;0;
9470;2025.08.14 16:45;-12;28.75;36.25;35;1311;202;0;
9471;2025.08.14 17:00;-12;28.75;34;31.75;1306;202;0;
9472;2025.08.14 17:15;-12;28.8125;31.9375;29.875;1302;202;0;
9473;2025.08.14 17:30;-12;28.75;33.625;33.75;1304;202;0;
9474;2025.08.14 17:45;-12;28.625;37.1875;37;1311;202;0;
9475;2025.08.14 18:00;-12;28.875;39.375;38.25;1317;202;0;
9476;2025.08.14 18:15;-12;29.25;39.625;36.375;1318;202;0;
9477;2025.08.14 18:30;-12;29.625;33.625;30;1305;202;0;
9478;2025.08.14 18:45;-12;29.625;31;29;1299;202;0;
9479;2025.08.14 19:00;-12;29.5;34.25;33.5625;1305;202;0;
9480;2025.08.14 19:15;-12;29.375;35.25;34.125;1306;202;0;
9481;2025.08.14 19:30;-12;29.375;31.5625;29.25;1299;202;0;
9482;2025.08.14 19:45;-12;29.25;29.0625;27.375;1293;202;0;
9483;2025.08.14 20:00;-12;29;27.375;26.375;1289;202;0;
9484;2025.08.14 20:15;-12;28.75;27.5;26.75;1289;202;0;
9485;2025.08.14 20:30;-12;28.4375;26.8125;25.9375;1286;202;0;
9486;2025.08.14 20:45;-12;28.1875;25.625;24.625;1284;202;0;
9487;2025.08.14 21:00;-12;27.875;23.375;22.125;1279;202;0;
9488;2025.08.14 21:15;-12;27.5625;21.5;20.125;1275;202;0;
9489;2025.08.14 21:30;-12;27.25;19.875;18.4375;1271;202;0;
9490;2025.08.14 21:45;-12;26.875;18.8125;17.625;1269;202;0;
9491;2025.08.14 22:00;-12;26.5;18.125;17.25;1267;202;0;
9492;2025.08.14 22:15;-12;26.125;17.5;16.375;1265;202;0;
9493;2025.08.14 22:30;-12;25.75;16.875;15.875;1264;202;0;
9494;2025.08.14 22:45;-12;25.4375;16.375;15.3125;1262;202;0;
9495;2025.08.14 23:00;-12;25.125;15.8125;14.75;1261;202;0;
9496;2025.08.14 23:15;-12;24.8125;15.5;14.875;1260;202;0;
9497;2025.08.14 23:30;-12;24.5;15.1875;14.5;1259;202;0;
9498;2025.08.14 23:45;-12;24.25;14.8125;14.1875;1258;202;0;
9499;2025.08.15 00:00;-12;24;14.5;13.75;1257;202;0;
9500;2025.08.15 00:15;-12;23.75;14.0625;13.3125;1256;202;0;
9501;2025.08.15 00:30;-12;23.5;13.8125;13;1255;202;0;
9502;2025.08.15 00:45;-12;23.25;13.875;13.5;1255;202;0;
9503;2025.08.15 01:00;-12;23;14;14;1255;202;0;
9504;2025.08.15 01:15;-12;22.875;13.75;13.5;1255;202;0;
9505;2025.08.15 01:30;-12;22.625;13.6875;13.625;1254;202;0;
9506;2025.08.15 01:45;-12;22.5;13.625;13.5625;1254;202;0;
9507;2025.08.15 02:00;-12;22.25;13.5625;13.5;1254;202;0;
9508;2025.08.15 02:15;-12;22.125;13.6875;13.9375;1254;202;0;
9509;2025.08.15 02:30;-12;22;13.8125;14;1254;202;0;
9510;2025.08.15 02:45;-12;21.8125;13.5625;13.5;1254;202;0;
9511;2025.08.15 03:00;-12;21.6875;13.4375;13.25;1253;202;0;
9512;2025.08.15 03:15;-12;21.5625;13.8125;13.875;1254;202;0;
9513;2025.08.15 03:30;-12;21.375;13.5625;13.375;1254;202;0;
9514;2025.08.15 03:45;-12;21.3125;13.5;13.5;1254;202;0;
9515;2025.08.15 04:00;-12;21.1875;13.5;13.625;1254;202;0;
9516;2025.08.15 04:15;-12;21.125;13.4375;13.375;1254;202;0;
9517;2025.08.15 04:30;-12;21;13.1875;12.9375;1253;202;0;
9518;2025.08.15 04:45;-12;20.875;12.875;12.5625;1253;202;0;
9519;2025.08.15 05:00;-12;20.75;13.125;13.375;1253;202;0;
9520;2025.08.15 05:15;-12;20.625;14.0625;15;1255;202;0;
9521;2025.08.15 05:30;-12;20.5625;14.4375;15.1875;1255;202;0;
9522;2025.08.15 05:45;-12;20.5;15.0625;16.25;1256;202;0;
9523;2025.08.15 06:00;-12;20.4375;15.4375;16.625;1257;202;0;
9524;2025.08.15 06:15;-12;20.375;15.625;16.75;1258;202;0;
9525;2025.08.15 06:30;-12;20.375;15.75;16.875;1258;202;0;
9526;2025.08.15 06:45;-12;20.3125;16.25;17.5625;1259;202;0;
9527;2025.08.15 07:00;-12;20.25;16.8125;18.125;1260;202;0;
9528;2025.08.15 07:15;-12;20.25;17.625;19;1262;202;0;
9529;2025.08.15 07:30;-12;20.25;18.375;19.5;1263;202;0;
9530;2025.08.15 07:45;-12;20.25;18.875;19.875;1264;202;0;
9531;2025.08.15 08:00;-12;20.3125;18.875;19.75;1264;202;0;
9532;2025.08.15 08:15;-12;20.375;18.75;19.5625;1264;202;0;
9533;2025.08.15 08:30;-12;20.375;18.25;18.875;1264;202;0;
9534;2025.08.15 08:45;-12;20.375;18.25;19.0625;1264;202;0;
9535;2025.08.15 09:00;-12;20.375;18.125;19;1264;202;0;
9536;2025.08.15 09:15;-12;20.375;17.625;18.375;1263;202;0;
9537;2025.08.15 09:30;-12;20.375;17.125;17.6875;1262;202;0;
9538;2025.08.15 09:45;-12;20.25;17;17.9375;1262;202;0;
9539;2025.08.15 10:00;-12;20.25;17.75;19;1263;202;0;
9540;2025.08.15 10:15;-12;20.25;18.875;21.5;1265;202;0;
9541;2025.08.15 10:30;-12;20.25;20.125;22.75;1268;202;0;
9542;2025.08.15 10:45;-12;20.25;21.625;23.875;1271;202;0;
9543;2025.08.15 11:00;-12;20.375;23.5;25.5;1275;202;0;
9544;2025.08.15 11:15;-12;20.5;24.375;25.125;1277;202;0;
9545;2025.08.15 11:30;-12;20.75;26.5;26.875;1282;202;0;
9546;2025.08.15 11:45;-12;21;26.5625;25.75;1283;202;0;
9547;2025.08.15 12:00;-12;21.375;28.3125;27.625;1287;202;0;
9548;2025.08.15 12:15;-12;21.6875;29.375;27.75;1290;202;0;
9549;2025.08.15 12:30;-12;22.125;31.75;29.625;1295;202;0;
9550;2025.08.15 12:45;-12;22.5625;33.25;30.4375;1300;202;0;
9551;2025.08.15 13:00;-12;23.125;34.9375;31;1305;202;0;
9552;2025.08.15 13:15;-12;23.75;36.25;31.75;1309;202;0;
9553;2025.08.15 13:30;-12;24.4375;37.25;32.0625;1312;202;0;
9554;2025.08.15 13:45;-12;25.125;39.6875;34.3125;1318;202;0;
9555;2025.08.15 14:00;-12;25.9375;40.5;34.625;1321;202;0;
9556;2025.08.15 14:15;-12;26.6875;41.875;35.5;1326;202;0;
9557;2025.08.15 14:30;-12;27.5;41.25;34.25;1325;202;0;
9558;2025.08.15 14:45;-12;28.25;40.25;33.5;1324;202;0;
9559;2025.08.15 15:00;-12;28.8125;41;34.875;1326;202;0;
9560;2025.08.15 15:15;-12;29.375;39.875;34.5;1323;202;0;
9561;2025.08.15 15:30;-12;29.75;39.6875;33.875;1323;202;0;
9562;2025.08.15 15:45;-12;30.125;41.75;35.75;1328;202;0;
9563;2025.08.15 16:00;-12;30.5;43.5;37.125;1332;202;0;
9564;2025.08.15 16:15;-12;31;41.9375;34.9375;1327;202;0;
9565;2025.08.15 16:30;-12;31.375;42.625;37.25;1326;202;0;
9566;2025.08.15 16:45;-12;31.625;42.125;37.1875;1323;202;0;
9567;2025.08.15 17:00;-12;31.875;37.75;32.8125;1314;202;0;
9568;2025.08.15 17:15;-12;31.875;36.25;32.125;1310;202;0;
9569;2025.08.15 17:30;-12;31.875;36.1875;34.25;1308;202;0;
9570;2025.08.15 17:45;-12;31.6875;33.0625;29.75;1302;202;0;
9571;2025.08.15 18:00;-12;31.5;35.625;34.375;1307;202;0;
9572;2025.08.15 18:15;-12;31.375;37.75;35.375;1311;202;0;
9573;2025.08.15 18:30;-12;31.375;37.125;33.8125;1309;202;0;
9574;2025.08.15 18:45;-12;31.375;35.125;32;1304;202;0;
9575;2025.08.15 19:00;-12;31.375;36;33.625;1304;202;0;
9576;2025.08.15 19:15;-12;31.25;35.25;33;1302;202;0;
9577;2025.08.15 19:30;-12;31.125;33.4375;31.75;1298;202;0;
9578;2025.08.15 19:45;-12;30.875;32;31.125;1294;202;0;
9579;2025.08.15 20:00;-12;30.625;30.375;30.25;1290;202;0;
9580;2025.08.15 20:15;-12;30.375;28.75;29;1285;202;0;
9581;2025.08.15 20:30;-12;30;26.875;27.375;1281;202;0;
9582;2025.08.15 20:45;-12;29.5625;24.875;24.875;1276;202;0;
9583;2025.08.15 21:00;-12;29.125;22.75;21.8125;1271;202;0;
9584;2025.08.15 21:15;-12;28.6875;21;19.75;1267;202;0;
9585;2025.08.15 21:30;-12;28.25;19.625;18.5;1264;202;0;
9586;2025.08.15 21:45;-12;27.75;18.1875;16.5625;1261;202;0;
9587;2025.08.15 22:00;-12;27.375;17.125;15.75;1258;202;0;
9588;2025.08.15 22:15;-12;26.875;16.4375;15.5;1256;202;0;
9589;2025.08.15 22:30;-12;26.5;16.375;16.125;1255;202;0;
9590;2025.08.15 22:45;-12;26.125;16.875;17;1255;202;0;
9591;2025.08.15 23:00;-12;25.75;17.3125;17.375;1255;202;0;
9592;2025.08.15 23:15;-12;25.4375;16.875;16.125;1255;202;0;
9593;2025.08.15 23:30;-12;25.1875;16.8125;16.25;1254;202;0;
9594;2025.08.15 23:45;-12;24.9375;17;16.25;1254;202;0;
9595;2025.08.16 00:00;-12;24.75;17.375;16.875;1255;202;0;
9596;2025.08.16 00:15;-12;24.5;17.5;16.875;1255;202;0;
9597;2025.08.16 00:30;-12;24.375;17.5;16.875;1255;202;0;
9598;2025.08.16 00:45;-12;24.1875;17.6875;17.25;1255;202;0;
9599;2025.08.16 01:00;-12;24;17.6875;17.25;1255;202;0;
9600;2025.08.16 01:15;-12;23.875;17.1875;17.1875;1254;202;0;
9601;2025.08.16 01:30;-12;23.75;16.375;16.375;1252;202;0;
9602;2025.08.16 01:45;-12;23.5625;15.5;15.4375;1250;202;0;
9603;2025.08.16 02:00;-12;23.375;14.625;14.5;1248;202;0;
9604;2025.08.16 02:15;-12;23.125;15.0625;15.75;1249;202;0;
9605;2025.08.16 02:30;-12;22.9375;15.5;16.4375;1249;202;0;
9606;2025.08.16 02:45;-12;22.75;15.625;16.5;1249;202;0;
9607;2025.08.16 03:00;-12;22.5625;14.875;15.25;1248;202;0;
9608;2025.08.16 03:15;-12;22.375;14.6875;15.3125;1247;202;0;
9609;2025.08.16 03:30;-12;22.25;16;17.5;1249;202;0;
9610;2025.08.16 03:45;-12;22.125;16.75;18;1250;202;0;
9611;2025.08.16 04:00;-12;22;17.25;18.4375;1251;202;0;
9612;2025.08.16 04:15;-12;21.875;17.5;18.6875;1252;202;0;
9613;2025.08.16 04:30;-12;21.75;17.5625;18.75;1252;202;0;
9614;2025.08.16 04:45;-12;21.6875;17.0625;18.0625;1251;202;0;
9615;2025.08.16 05:00;-12;21.625;16.625;17.625;1250;202;0;
9616;2025.08.16 05:15;-12;21.5;16.375;17.4375;1250;202;0;
9617;2025.08.16 05:30;-12;21.375;16;16.875;1249;202;0;
9618;2025.08.16 05:45;-12;21.25;15.3125;16.125;1248;202;0;
9619;2025.08.16 06:00;-12;21.1875;15.25;16.375;1248;202;0;
9620;2025.08.16 06:15;-12;21.0625;16;17.375;1249;202;0;
9621;2025.08.16 06:30;-12;20.9375;16;17.125;1249;202;0;
9622;2025.08.16 06:45;-12;20.875;16.25;17.375;1249;202;0;
9623;2025.08.16 07:00;-12;20.75;16;17;1249;202;0;
9624;2025.08.16 07:15;-12;20.6875;15.375;16.25;1248;202;0;
9625;2025.08.16 07:30;-12;20.625;15.3125;16.5;1248;202;0;
9626;2025.08.16 07:45;-12;20.5;15;15.875;1247;202;0;
9627;2025.08.16 08:00;-12;20.375;15;15.875;1247;202;0;
9628;2025.08.16 08:15;-12;20.3125;14.875;15.875;1247;202;0;
9629;2025.08.16 08:30;-12;20.25;15;16.125;1247;202;0;
9630;2025.08.16 08:45;-12;20.125;15.125;16.25;1247;202;0;
9631;2025.08.16 09:00;-12;20.125;14.875;15.6875;1247;202;0;
9632;2025.08.16 09:15;-12;20;14.4375;15.125;1246;202;0;
9633;2025.08.16 09:30;-12;19.9375;13.75;14.625;1245;202;0;
9634;2025.08.16 09:45;-12;19.875;13.625;14.875;1245;202;0;
9635;2025.08.16 10:00;-12;19.75;15;16.5;1247;202;0;
9636;2025.08.16 10:15;-12;19.6875;16.75;19.625;1250;202;0;
9637;2025.08.16 10:30;-12;19.6875;18.3125;20.625;1254;202;0;
9638;2025.08.16 10:45;-12;19.75;19.75;21.75;1257;202;0;
9639;2025.08.16 11:00;-12;19.875;21;22.25;1260;202;0;
9640;2025.08.16 11:15;-12;20;22.375;23.1875;1263;202;0;
9641;2025.08.16 11:30;-12;20.25;24;24.125;1267;202;0;
9642;2025.08.16 11:45;-12;20.5;26;25.625;1271;202;0;
9643;2025.08.16 12:00;-12;20.8125;26.9375;25.5;1274;202;0;
9644;2025.08.16 12:15;-12;21.1875;27.125;25.3125;1276;202;0;
9645;2025.08.16 12:30;-12;21.625;29;26.6875;1281;202;0;
9646;2025.08.16 12:45;-12;22.0625;30.875;27.875;1286;202;0;
9647;2025.08.16 13:00;-12;22.625;32.75;29;1291;202;0;
9648;2025.08.16 13:15;-12;23.25;33.9375;29.5;1295;202;0;
9649;2025.08.16 13:30;-12;23.875;35.3125;30.125;1299;202;0;
9650;2025.08.16 13:45;-12;24.625;35.8125;30.5;1301;202;0;
9651;2025.08.16 14:00;-12;25.375;36.25;30.5;1303;202;0;
9652;2025.08.16 14:15;-12;26;38;31.9375;1308;202;0;
9653;2025.08.16 14:30;-12;26.75;39;32.25;1312;202;0;
9654;2025.08.16 14:45;-12;27.5;39.75;33;1314;202;0;
9655;2025.08.16 15:00;-12;28.25;40.875;34;1318;202;0;
9656;2025.08.16 15:15;-12;28.875;41.875;34.625;1321;202;0;
9657;2025.08.16 15:30;-12;29.625;41.875;34.5625;1321;202;0;
9658;2025.08.16 15:45;-12;30.1875;41.625;34.375;1321;202;0;
9659;2025.08.16 16:00;-12;30.6875;41.75;34.75;1321;202;0;
9660;2025.08.16 16:15;-12;31.125;41.5625;34.75;1318;202;0;
9661;2025.08.16 16:30;-12;31.375;41.125;35.375;1315;202;0;
9662;2025.08.16 16:45;-12;31.625;40.375;35.75;1311;202;0;
9663;2025.08.16 17:00;-12;31.75;39.1875;35.75;1307;202;0;
9664;2025.08.16 17:15;-12;31.8125;38.25;35.1875;1305;202;0;
9665;2025.08.16 17:30;-12;31.875;38.0625;35.375;1304;202;0;
9666;2025.08.16 17:45;-12;31.9375;37.8125;35.125;1304;202;0;
9667;2025.08.16 18:00;-12;32;37.5;34.375;1304;202;0;
9668;2025.08.16 18:15;-12;32.125;37.625;34.25;1304;202;0;
9669;2025.08.16 18:30;-12;32.125;36.75;32.875;1302;202;0;
9670;2025.08.16 18:45;-12;32.125;37.125;33.75;1301;202;0;
9671;2025.08.16 19:00;-12;32.125;36.125;32.875;1298;202;0;
9672;2025.08.16 19:15;-12;32;34.375;31.8125;1293;202;0;
9673;2025.08.16 19:30;-12;31.75;32.5;30.6875;1288;202;0;
9674;2025.08.16 19:45;-12;31.5;31.25;30.25;1285;202;0;
9675;2025.08.16 20:00;-12;31.125;29.5;29.25;1281;202;0;
9676;2025.08.16 20:15;-12;30.75;27.625;27.8125;1276;202;0;
9677;2025.08.16 20:30;-12;30.375;25.6875;26.125;1271;202;0;
9678;2025.08.16 20:45;-12;29.875;23.6875;23.6875;1266;202;0;
9679;2025.08.16 21:00;-12;29.375;21.625;20.625;1261;202;0;
9680;2025.08.16 21:15;-12;28.875;19.5;18;1257;202;0;
9681;2025.08.16 21:30;-12;28.375;18;16.5;1253;202;0;
9682;2025.08.16 21:45;-12;27.9375;16.75;15.25;1250;202;0;
9683;2025.08.16 22:00;-12;27.4375;15.75;14.375;1247;202;0;
9684;2025.08.16 22:15;-12;27;15.875;15.625;1246;202;0;
9685;2025.08.16 22:30;-12;26.5;15;14.125;1244;202;0;
9686;2025.08.16 22:45;-12;26.125;14.5;13.625;1243;202;0;
9687;2025.08.16 23:00;-12;25.75;13.875;13;1241;202;0;
9688;2025.08.16 23:15;-12;25.375;13.375;12.75;1239;202;0;
9689;2025.08.16 23:30;-12;25;13.875;14.0625;1240;202;0;
9690;2025.08.16 23:45;-12;24.625;13.625;13.4375;1239;202;0;
9691;2025.08.17 00:00;-12;24.375;13;12.375;1238;202;0;
9692;2025.08.17 00:15;-12;24.0625;12.875;12.5;1237;202;0;
9693;2025.08.17 00:30;-12;23.75;12.25;11.625;1236;202;0;
9694;2025.08.17 00:45;-12;23.5;12.0625;11.625;1235;202;0;
9695;2025.08.17 01:00;-12;23.25;12;11.875;1235;202;0;
9696;2025.08.17 01:15;-12;23;11.625;11.25;1234;202;0;
9697;2025.08.17 01:30;-12;22.75;11.3125;11;1233;202;0;
9698;2025.08.17 01:45;-12;22.5;11;10.625;1232;202;0;
9699;2025.08.17 02:00;-12;22.3125;11.1875;11.125;1232;202;0;
9700;2025.08.17 02:15;-12;22.125;11.8125;12.375;1233;202;0;
9701;2025.08.17 02:30;-12;21.875;12.8125;13.75;1235;202;0;
9702;2025.08.17 02:45;-12;21.75;14.375;16;1237;202;0;
9703;2025.08.17 03:00;-12;21.625;15.25;16.5;1239;202;0;
9704;2025.08.17 03:15;-12;21.5;15.75;16.875;1240;202;0;
9705;2025.08.17 03:30;-12;21.4375;15;15.625;1239;202;0;
9706;2025.08.17 03:45;-12;21.375;14.875;15.75;1238;202;0;
9707;2025.08.17 04:00;-12;21.25;15.375;16.75;1239;202;0;
9708;2025.08.17 04:15;-12;21.125;16;17.25;1240;202;0;
9709;2025.08.17 04:30;-12;21.0625;16.1875;17.375;1241;202;0;
9710;2025.08.17 04:45;-12;21;16.1875;17.25;1241;202;0;
9711;2025.08.17 05:00;-12;20.9375;16.125;17.375;1241;202;0;
9712;2025.08.17 05:15;-12;20.875;16;17;1240;202;0;
9713;2025.08.17 05:30;-12;20.8125;15.25;16.1875;1239;202;0;
9714;2025.08.17 05:45;-12;20.75;14.625;15.375;1238;202;0;
9715;2025.08.17 06:00;-12;20.625;14.375;15.375;1238;202;0;
9716;2025.08.17 06:15;-12;20.5;14.625;15.75;1238;202;0;
9717;2025.08.17 06:30;-12;20.4375;14.5;15.625;1238;202;0;
9718;2025.08.17 06:45;-12;20.3125;14.25;15.125;1237;202;0;
9719;2025.08.17 07:00;-12;20.25;13.75;14.625;1237;202;0;
9720;2025.08.17 07:15;-12;20.125;13.3125;14;1236;202;0;
9721;2025.08.17 07:30;-12;20;12.75;13.1875;1235;202;0;
9722;2025.08.17 07:45;-12;19.875;12.125;12.5;1234;202;0;
9723;2025.08.17 08:00;-12;19.8125;12.125;12.875;1234;202;0;
9724;2025.08.17 08:15;-12;19.6875;12.3125;13.125;1234;202;0;
9725;2025.08.17 08:30;-12;19.5625;12.625;14.125;1234;202;0;
9726;2025.08.17 08:45;-12;19.5;14.0625;15.6875;1237;202;0;
9727;2025.08.17 09:00;-12;19.375;14;15.25;1237;202;0;
9728;2025.08.17 09:15;-12;19.3125;14.125;15.25;1237;202;0;
9729;2025.08.17 09:30;-12;19.25;13.875;14.875;1237;202;0;
9730;2025.08.17 09:45;-12;19.1875;13.3125;14.25;1236;202;0;
9731;2025.08.17 10:00;-12;19.125;14;15.8125;1237;202;0;
9732;2025.08.17 10:15;-12;19.125;15.5;19.125;1240;202;0;
9733;2025.08.17 10:30;-12;19.125;17.875;21.875;1244;202;0;
9734;2025.08.17 10:45;-12;19.125;20.1875;23.375;1249;202;0;
9735;2025.08.17 11:00;-12;19.25;22.125;24.25;1254;202;0;
9736;2025.08.17 11:15;-12;19.5;24.125;25.375;1258;202;0;
9737;2025.08.17 11:30;-12;19.75;25.5;25.75;1262;202;0;
9738;2025.08.17 11:45;-12;20.125;26.75;26.25;1265;202;0;
9739;2025.08.17 12:00;-12;20.5;28.375;27.25;1269;202;0;
9740;2025.08.17 12:15;-12;21;30.125;28.25;1274;202;0;
9741;2025.08.17 12:30;-12;21.5;31.25;28.5;1278;202;0;
9742;2025.08.17 12:45;-12;22;32.5;28.9375;1282;202;0;
9743;2025.08.17 13:00;-12;22.625;34.375;30.125;1287;202;0;
9744;2025.08.17 13:15;-12;23.375;35.125;30.1875;1290;202;0;
9745;2025.08.17 13:30;-12;24.0625;36.5;31;1294;202;0;
9746;2025.08.17 13:45;-12;24.8125;38.25;32.25;1300;202;0;
9747;2025.08.17 14:00;-12;25.625;39.3125;33.125;1304;202;0;
9748;2025.08.17 14:15;-12;26.375;40.3125;33.3125;1307;202;0;
9749;2025.08.17 14:30;-12;27.25;41;33.625;1310;202;0;
9750;2025.08.17 14:45;-12;28;41.625;34.25;1312;202;0;
9751;2025.08.17 15:00;-12;28.75;42.125;34.625;1314;202;0;
9752;2025.08.17 15:15;-12;29.4375;42.125;34.75;1315;202;0;
9753;2025.08.17 15:30;-12;30.0625;42.1875;34.875;1316;202;0;
9754;2025.08.17 15:45;-12;30.625;43.0625;36.25;1318;202;0;
9755;2025.08.17 16:00;-12;31.125;42.875;35.375;1316;202;0;
9756;2025.08.17 16:15;-12;31.5;41.875;35.375;1313;202;0;
9757;2025.08.17 16:30;-12;31.75;40.625;34.6875;1307;202;0;
9758;2025.08.17 16:45;-12;32;39.625;34.75;1303;202;0;
9759;2025.08.17 17:00;-12;32;38.5625;35.25;1299;202;0;
9760;2025.08.17 17:15;-12;32.0625;37.6875;34.5625;1296;202;0;
9761;2025.08.17 17:30;-12;32.0625;37.5;34.75;1296;202;0;
9762;2025.08.17 17:45;-12;32.0625;37.125;34.25;1296;202;0;
9763;2025.08.17 18:00;-12;32.125;37.375;34.5;1297;202;0;
9764;2025.08.17 18:15;-12;32.1875;36.875;33.5625;1295;202;0;
9765;2025.08.17 18:30;-12;32.25;36.6875;33;1294;202;0;
9766;2025.08.17 18:45;-12;32.1875;36.25;32.875;1292;202;0;
9767;2025.08.17 19:00;-12;32.125;35.0625;32;1289;202;0;
9768;2025.08.17 19:15;-12;32;33.75;31.375;1285;202;0;
9769;2025.08.17 19:30;-12;31.75;32.4375;30.875;1281;202;0;
9770;2025.08.17 19:45;-12;31.4375;30.875;29.9375;1277;202;0;
9771;2025.08.17 20:00;-12;31.125;29.375;29;1273;202;0;
9772;2025.08.17 20:15;-12;30.75;27.625;27.625;1268;202;0;
9773;2025.08.17 20:30;-12;30.3125;25.875;26.375;1264;202;0;
9774;2025.08.17 20:45;-12;29.875;24.125;24.5;1259;202;0;
9775;2025.08.17 21:00;-12;29.375;22.5;22;1256;202;0;
9776;2025.08.17 21:15;-12;28.9375;20.1875;18.5;1251;202;0;
9777;2025.08.17 21:30;-12;28.5;18.1875;16;1246;202;0;
9778;2025.08.17 21:45;-12;28;16.75;14.625;1243;202;0;
9779;2025.08.17 22:00;-12;27.5;15.75;13.75;1240;202;0;
9780;2025.08.17 22:15;-12;27;15;13.375;1238;202;0;
9781;2025.08.17 22:30;-12;26.5625;14.375;12.8125;1236;202;0;
9782;2025.08.17 22:45;-12;26.125;13.9375;12.5;1235;202;0;
9783;2025.08.17 23:00;-12;25.75;13.5;12.0625;1233;202;0;
9784;2025.08.17 23:15;-12;25.375;13.125;11.625;1232;202;0;
9785;2025.08.17 23:30;-12;25;12.75;11.625;1231;202;0;
9786;2025.08.17 23:45;-12;24.6875;12.5625;11.625;1230;202;0;
9787;2025.08.18 00:00;-12;24.375;12.25;11;1229;202;0;
9788;2025.08.18 00:15;-12;24.0625;12;11.0625;1229;202;0;
9789;2025.08.18 00:30;-12;23.75;11.75;10.6875;1228;202;0;
9790;2025.08.18 00:45;-12;23.5;11.5;10.625;1227;202;0;
9791;2025.08.18 01:00;-12;23.25;11.3125;10.3125;1227;202;0;
9792;2025.08.18 01:15;-12;23;11.1875;10.25;1226;202;0;
9793;2025.08.18 01:30;-12;22.75;11.125;10.5;1226;202;0;
9794;2025.08.18 01:45;-12;22.5;11.125;10.625;1226;202;0;
9795;2025.08.18 02:00;-12;22.25;11.125;10.6875;1226;202;0;
9796;2025.08.18 02:15;-12;22.125;11;10.6875;1225;202;0;
9797;2025.08.18 02:30;-12;21.875;11.75;12.375;1226;202;0;
9798;2025.08.18 02:45;-12;21.75;11.5;11.625;1226;202;0;
9799;2025.08.18 03:00;-12;21.5625;11.75;12.125;1226;202;0;
9800;2025.08.18 03:15;-12;21.375;11.75;12.125;1226;202;0;
9801;2025.08.18 03:30;-12;21.25;11.75;12.375;1226;202;0;
9802;2025.08.18 03:45;-12;21.125;11.375;11.875;1226;202;0;
9803;2025.08.18 04:00;-12;21;11.5;12.125;1226;202;0;
9804;2025.08.18 04:15;-12;20.8125;11.5625;12.125;1226;202;0;
9805;2025.08.18 04:30;-12;20.6875;12.125;12.9375;1226;202;0;
9806;2025.08.18 04:45;-12;20.5625;12.5;13.375;1227;202;0;
9807;2025.08.18 05:00;-12;20.5;12.6875;13.375;1228;202;0;
9808;2025.08.18 05:15;-12;20.375;13;13.875;1228;202;0;
9809;2025.08.18 05:30;-12;20.25;13.125;14.1875;1229;202;0;
9810;2025.08.18 05:45;-12;20.1875;13.125;14.125;1229;202;0;
9811;2025.08.18 06:00;-12;20.125;13.125;14;1229;202;0;
9812;2025.08.18 06:15;-12;20.0625;13.25;14.25;1229;202;0;
9813;2025.08.18 06:30;-12;20;13.375;14.25;1229;202;0;
9814;2025.08.18 06:45;-12;19.875;13.3125;14.125;1229;202;0;
9815;2025.08.18 07:00;-12;19.875;13.0625;13.75;1229;202;0;
9816;2025.08.18 07:15;-12;19.75;12.875;13.5;1229;202;0;
9817;2025.08.18 07:30;-12;19.6875;12.5;13.125;1228;202;0;
9818;2025.08.18 07:45;-12;19.625;11.4375;11.5625;1227;202;0;
9819;2025.08.18 08:00;-12;19.5;11.75;12.5625;1227;202;0;
9820;2025.08.18 08:15;-12;19.375;12.25;13.1875;1228;202;0;
9821;2025.08.18 08:30;-12;19.3125;11.375;11.75;1227;202;0;
9822;2025.08.18 08:45;-12;19.25;10.75;11.125;1226;202;0;
9823;2025.08.18 09:00;-12;19.125;10.25;10.4375;1225;202;0;
9824;2025.08.18 09:15;-12;19;9.875;10.125;1224;202;0;
9825;2025.08.18 09:30;-12;18.875;10;10.5;1224;202;0;
9826;2025.08.18 09:45;-12;18.75;10.9375;12.4375;1226;202;0;
9827;2025.08.18 10:00;-12;18.75;11.25;13;1227;202;0;
9828;2025.08.18 10:15;-12;18.625;14.25;19;1232;202;0;
9829;2025.08.18 10:30;-12;18.625;18;22.1875;1238;202;0;
9830;2025.08.18 10:45;-12;18.75;20.75;23.875;1244;202;0;
9831;2025.08.18 11:00;-12;18.9375;22.625;24.75;1249;202;0;
9832;2025.08.18 11:15;-12;19.1875;24.25;25.625;1253;202;0;
9833;2025.08.18 11:30;-12;19.5;26;26.625;1257;202;0;
9834;2025.08.18 11:45;-12;19.875;28;28.125;1261;202;0;
9835;2025.08.18 12:00;-12;20.25;29.5;28.625;1265;202;0;
9836;2025.08.18 12:15;-12;20.75;31;29.25;1270;202;0;
9837;2025.08.18 12:30;-12;21.3125;32.75;30.25;1275;202;0;
9838;2025.08.18 12:45;-12;21.9375;34.375;31.0625;1280;202;0;
9839;2025.08.18 13:00;-12;22.625;35.5;31.4375;1284;202;0;
9840;2025.08.18 13:15;-12;23.375;35.6875;31.25;1286;202;0;
9841;2025.08.18 13:30;-12;24.0625;36.6875;31.625;1289;202;0;
9842;2025.08.18 13:45;-12;24.75;38.125;32.75;1294;202;0;
9843;2025.08.18 14:00;-12;25.5;39.5625;33.375;1298;202;0;
9844;2025.08.18 14:15;-12;26.375;41.125;34.875;1303;202;0;
9845;2025.08.18 14:30;-12;27.125;42;34.875;1307;202;0;
9846;2025.08.18 14:45;-12;28;42.3125;34.625;1308;202;0;
9847;2025.08.18 15:00;-12;28.75;43.25;36.375;1312;202;0;
9848;2025.08.18 15:15;-12;29.5;43.875;36.5625;1313;202;0;
9849;2025.08.18 15:30;-12;30.125;43.625;36.3125;1314;202;0;
9850;2025.08.18 15:45;-12;30.75;44.1875;37.4375;1315;202;0;
9851;2025.08.18 16:00;-12;31.3125;44.25;36.9375;1314;202;0;
9852;2025.08.18 16:15;-12;31.75;44.25;37.625;1312;202;0;
9853;2025.08.18 16:30;-12;32.125;42.875;36.75;1307;202;0;
9854;2025.08.18 16:45;-12;32.3125;41.8125;37.25;1302;202;0;
9855;2025.08.18 17:00;-12;32.375;40.3125;36.4375;1297;202;0;
9856;2025.08.18 17:15;-12;32.5;39.5;36.625;1294;202;0;
9857;2025.08.18 17:30;-12;32.5;39.125;36.625;1294;202;0;
9858;2025.08.18 17:45;-12;32.5;38.8125;36.25;1294;202;0;
9859;2025.08.18 18:00;-12;32.625;39;36.25;1295;202;0;
9860;2025.08.18 18:15;-12;32.6875;38.125;34.1875;1293;202;0;
9861;2025.08.18 18:30;-12;32.75;38.0625;34.125;1292;202;0;
9862;2025.08.18 18:45;-12;32.75;38;34.375;1291;202;0;
9863;2025.08.18 19:00;-12;32.625;37;33.625;1287;202;0;
9864;2025.08.18 19:15;-12;32.5;33.8125;30.25;1280;202;0;
9865;2025.08.18 19:30;-12;32.25;33.375;32.1875;1277;202;0;
9866;2025.08.18 19:45;-12;31.9375;29.4375;27.375;1269;202;0;
9867;2025.08.18 20:00;-12;31.5;29.1875;29;1267;202;0;
9868;2025.08.18 20:15;-12;31.125;28.1875;28.875;1264;202;0;
9869;2025.08.18 20:30;-12;30.625;26.625;27.375;1259;202;0;
9870;2025.08.18 20:45;-12;30.25;24.75;25.375;1255;202;0;
9871;2025.08.18 21:00;-12;29.75;23;22.5;1251;202;0;
9872;2025.08.18 21:15;-12;29.25;21.125;20;1247;202;0;
9873;2025.08.18 21:30;-12;28.8125;19.625;18.4375;1243;202;0;
9874;2025.08.18 21:45;-12;28.375;18.4375;17.25;1240;202;0;
9875;2025.08.18 22:00;-12;27.875;17.625;16.75;1237;202;0;
9876;2025.08.18 22:15;-12;27.375;17;16;1236;202;0;
9877;2025.08.18 22:30;-12;27;16.3125;15.4375;1234;202;0;
9878;2025.08.18 22:45;-12;26.625;15.6875;14.8125;1232;202;0;
9879;2025.08.18 23:00;-12;26.25;15.125;14.3125;1231;202;0;
9880;2025.08.18 23:15;-12;25.875;14.625;13.75;1229;202;0;
9881;2025.08.18 23:30;-12;25.5;14.1875;13.5;1228;202;0;
9882;2025.08.18 23:45;-12;25.125;13.9375;13.4375;1227;202;0;
9883;2025.08.19 00:00;-12;24.875;13.5625;12.9375;1226;202;0;
9884;2025.08.19 00:15;-12;24.5;13.4375;12.875;1225;202;0;
9885;2025.08.19 00:30;-12;24.25;13.625;13.625;1225;202;0;
9886;2025.08.19 00:45;-12;24;14;13.6875;1226;202;0;
9887;2025.08.19 01:00;-12;23.75;15.1875;15.125;1228;202;0;
9888;2025.08.19 01:15;-12;23.5625;16.25;16.4375;1230;202;0;
9889;2025.08.19 01:30;-12;23.4375;17;17.0625;1231;202;0;
9890;2025.08.19 01:45;-12;23.375;17.375;17.25;1232;202;0;
9891;2025.08.19 02:00;-12;23.25;17.75;17.625;1233;202;0;
9892;2025.08.19 02:15;-12;23.1875;18.0625;18;1233;202;0;
9893;2025.08.19 02:30;-12;23.125;18.25;18.3125;1234;202;0;
9894;2025.08.19 02:45;-12;23.0625;18.375;18.375;1234;202;0;
9895;2025.08.19 03:00;-12;23;18.125;18;1234;202;0;
9896;2025.08.19 03:15;-12;22.9375;16.5;16;1231;202;0;
9897;2025.08.19 03:30;-12;22.875;15;14.5;1228;202;0;
9898;2025.08.19 03:45;-12;22.6875;13.875;13.25;1226;202;0;
9899;2025.08.19 04:00;-12;22.5;13.125;12.625;1224;202;0;
9900;2025.08.19 04:15;-12;22.3125;12.625;12.25;1223;202;0;
9901;2025.08.19 04:30;-12;22.125;12.125;11.625;1222;202;0;
9902;2025.08.19 04:45;-12;21.875;11.6875;11.25;1221;202;0;
9903;2025.08.19 05:00;-12;21.6875;11.5625;11.375;1221;202;0;
9904;2025.08.19 05:15;-12;21.5;11.5625;11.6875;1221;202;0;
9905;2025.08.19 05:30;-12;21.3125;11.5;11.875;1220;202;0;
9906;2025.08.19 05:45;-12;21.125;11.6875;12.1875;1221;202;0;
9907;2025.08.19 06:00;-12;21;11.3125;11.5625;1220;202;0;
9908;2025.08.19 06:15;-12;20.8125;11.375;12.125;1220;202;0;
9909;2025.08.19 06:30;-12;20.625;11.5;12.0625;1220;202;0;
9910;2025.08.19 06:45;-12;20.5;11.25;11.875;1220;202;0;
9911;2025.08.19 07:00;-12;20.375;11.125;11.875;1219;202;0;
9912;2025.08.19 07:15;-12;20.25;11.125;11.875;1219;202;0;
9913;2025.08.19 07:30;-12;20.125;10.875;11.6875;1219;202;0;
9914;2025.08.19 07:45;-12;20;10.625;11.625;1219;202;0;
9915;2025.08.19 08:00;-12;19.875;10.6875;11.625;1219;202;0;
9916;2025.08.19 08:15;-12;19.75;10.75;11.625;1219;202;0;
9917;2025.08.19 08:30;-12;19.625;10.875;11.6875;1219;202;0;
9918;2025.08.19 08:45;-12;19.5;10.75;11.5625;1219;202;0;
9919;2025.08.19 09:00;-12;19.375;10.5;11.3125;1218;202;0;
9920;2025.08.19 09:15;-12;19.25;10.3125;11.25;1218;202;0;
9921;2025.08.19 09:30;-12;19.1875;11;12;1219;202;0;
9922;2025.08.19 09:45;-12;19.125;12;13.6875;1221;202;0;
9923;2025.08.19 10:00;-12;19;13.25;15.4375;1223;202;0;
9924;2025.08.19 10:15;-12;19;15.625;19.25;1228;202;0;
9925;2025.08.19 10:30;-12;19;18.125;21.6875;1232;202;0;
9926;2025.08.19 10:45;-12;19.125;20.4375;23.5;1237;202;0;
9927;2025.08.19 11:00;-12;19.25;22.375;24.375;1242;202;0;
9928;2025.08.19 11:15;-12;19.5;24.125;25.375;1246;202;0;
9929;2025.08.19 11:30;-12;19.8125;25.9375;26.4375;1250;202;0;
9930;2025.08.19 11:45;-12;20.125;27.5;27.25;1254;202;0;
9931;2025.08.19 12:00;-12;20.625;28.625;27.375;1257;202;0;
9932;2025.08.19 12:15;-12;21;30.375;28.5;1262;202;0;
9933;2025.08.19 12:30;-12;21.5625;32.125;29.75;1267;202;0;
9934;2025.08.19 12:45;-12;22.125;33.875;30.5;1272;202;0;
9935;2025.08.19 13:00;-12;22.75;35.25;31.125;1276;202;0;
9936;2025.08.19 13:15;-12;23.5;36.875;32.375;1281;202;0;
9937;2025.08.19 13:30;-12;24.25;38.625;33.5625;1286;202;0;
9938;2025.08.19 13:45;-12;25;39.875;34;1291;202;0;
9939;2025.08.19 14:00;-12;25.875;40.0625;33.25;1293;202;0;
9940;2025.08.19 14:15;-12;26.6875;41;34.625;1296;202;0;
9941;2025.08.19 14:30;-12;27.5;41.5625;34.375;1299;202;0;
9942;2025.08.19 14:45;-12;28.25;42.125;34.9375;1301;202;0;
9943;2025.08.19 15:00;-12;29;42.75;35.25;1303;202;0;
9944;2025.08.19 15:15;-12;29.75;42.375;35.125;1303;202;0;
9945;2025.08.19 15:30;-12;30.375;41.9375;34.9375;1303;202;0;
9946;2025.08.19 15:45;-12;30.875;42.0625;34.75;1303;202;0;
9947;2025.08.19 16:00;-12;31.375;42.375;35.75;1303;202;0;
9948;2025.08.19 16:15;-12;31.75;42.5625;36.125;1301;202;0;
9949;2025.08.19 16:30;-12;32;41.5625;35.625;1297;202;0;
9950;2025.08.19 16:45;-12;32.1875;41;36.75;1293;202;0;
9951;2025.08.19 17:00;-12;32.3125;39.6875;35.875;1289;202;0;
9952;2025.08.19 17:15;-12;32.375;38.875;35.6875;1287;202;0;
9953;2025.08.19 17:30;-12;32.375;38;34.875;1285;202;0;
9954;2025.08.19 17:45;-12;32.4375;37.6875;34.875;1285;202;0;
9955;2025.08.19 18:00;-12;32.5;37.625;34.5625;1286;202;0;
9956;2025.08.19 18:15;-12;32.5625;37.5;33.75;1285;202;0;
9957;2025.08.19 18:30;-12;32.625;38;34.125;1285;202;0;
9958;2025.08.19 18:45;-12;32.625;37.625;33.8125;1283;202;0;
9959;2025.08.19 19:00;-12;32.5;36.875;33.625;1281;202;0;
9960;2025.08.19 19:15;-12;32.4375;36;33.125;1277;202;0;
9961;2025.08.19 19:30;-12;32.25;34.75;32.75;1274;202;0;
9962;2025.08.19 19:45;-12;32;33;32;1269;202;0;
9963;2025.08.19 20:00;-12;31.75;31.125;30.625;1264;202;0;
9964;2025.08.19 20:15;-12;31.375;29.375;29.75;1260;202;0;
9965;2025.08.19 20:30;-12;31;27.25;27.8125;1255;202;0;
9966;2025.08.19 20:45;-12;30.5;25.375;26;1250;202;0;
9967;2025.08.19 21:00;-12;30.0625;23.125;22.3125;1245;202;0;
9968;2025.08.19 21:15;-12;29.625;20.8125;18.875;1240;202;0;
9969;2025.08.19 21:30;-12;29.0625;19.375;17.25;1237;202;0;
9970;2025.08.19 21:45;-12;28.625;19;17.6875;1235;202;0;
9971;2025.08.19 22:00;-12;28.125;17.8125;16.375;1232;202;0;
9972;2025.08.19 22:15;-12;27.625;16.875;15.6875;1229;202;0;
9973;2025.08.19 22:30;-12;27.25;16.1875;15.125;1227;202;0;
9974;2025.08.19 22:45;-12;26.8125;15.5625;14.5;1226;202;0;
9975;2025.08.19 23:00;-12;26.375;15.25;14.5;1224;202;0;
9976;2025.08.19 23:15;-12;26;14.75;14;1223;202;0;
9977;2025.08.19 23:30;-12;25.6875;14.375;13.8125;1222;202;0;
9978;2025.08.19 23:45;-12;25.3125;14;13.5;1221;202;0;
9979;2025.08.20 00:00;-12;25;13.625;13.3125;1220;202;0;
9980;2025.08.20 00:15;-12;24.6875;13.625;13.5625;1219;202;0;
9981;2025.08.20 00:30;-12;24.375;13.75;13.875;1219;202;0;
9982;2025.08.20 00:45;-12;24.125;13.75;14;1218;202;0;
9983;2025.08.20 01:00;-12;23.875;13.875;14.25;1218;202;0;
9984;2025.08.20 01:15;-12;23.625;13.625;13.875;1218;202;0;
9985;2025.08.20 01:30;-12;23.375;13.75;14.25;1218;202;0;
9986;2025.08.20 01:45;-12;23.125;13.4375;13.625;1217;202;0;
9987;2025.08.20 02:00;-12;23;13.125;13.375;1216;202;0;
9988;2025.08.20 02:15;-12;22.75;13.375;14;1217;202;0;
9989;2025.08.20 02:30;-12;22.5625;13.6875;14.6875;1217;202;0;
9990;2025.08.20 02:45;-12;22.375;14.625;16;1218;202;0;
9991;2025.08.20 03:00;-12;22.25;14.5;15.5625;1218;202;0;
9992;2025.08.20 03:15;-12;22.0625;14.5;15.6875;1218;202;0;
9993;2025.08.20 03:30;-12;21.9375;14.875;16.1875;1219;202;0;
9994;2025.08.20 03:45;-12;21.8125;14.6875;15.6875;1218;202;0;
9995;2025.08.20 04:00;-12;21.6875;14.8125;16;1218;202;0;
9996;2025.08.20 04:15;-12;21.5625;14.875;15.875;1219;202;0;
9997;2025.08.20 04:30;-12;21.5;15.125;16.4375;1219;202;0;
9998;2025.08.20 04:45;-12;21.375;14.5;15.3125;1218;202;0;
9999;2025.08.20 05:00;-12;21.25;14.1875;15.125;1217;202;0;
10000;2025.08.20 05:15;-12;21.125;13.8125;14.625;1217;202;0;
10001;2025.08.20 05:30;-12;21;13.625;14.4375;1217;202;0;
10002;2025.08.20 05:45;-12;20.875;12.875;13.25;1215;202;0;
10003;2025.08.20 06:00;-12;20.75;12.6875;13.1875;1215;202;0;
10004;2025.08.20 06:15;-12;20.625;12.5625;13.25;1215;202;0;
10005;2025.08.20 06:30;-12;20.5;12.625;13.375;1215;202;0;
10006;2025.08.20 06:45;-12;20.375;12.5;13.375;1214;202;0;
10007;2025.08.20 07:00;-12;20.25;14;15.75;1217;202;0;
10008;2025.08.20 07:15;-12;20.125;14.5;16;1218;202;0;
10009;2025.08.20 07:30;-12;20.125;14.5;15.75;1218;202;0;
10010;2025.08.20 07:45;-12;20;14.625;16.125;1218;202;0;
10011;2025.08.20 08:00;-12;20;14.375;15.5625;1218;202;0;
10012;2025.08.20 08:15;-12;19.875;14.375;15.625;1218;202;0;
10013;2025.08.20 08:30;-12;19.875;14.3125;15.5625;1218;202;0;
10014;2025.08.20 08:45;-12;19.75;13.9375;14.9375;1218;202;0;
10015;2025.08.20 09:00;-12;19.75;13.0625;13.5;1216;202;0;
10016;2025.08.20 09:15;-12;19.625;11.875;12;1214;202;0;
10017;2025.08.20 09:30;-12;19.5;11.4375;11.75;1214;202;0;
10018;2025.08.20 09:45;-12;19.375;12.1875;13.4375;1215;202;0;
10019;2025.08.20 10:00;-12;19.375;13.6875;16;1217;202;0;
10020;2025.08.20 10:15;-12;19.25;15.5;18.5;1221;202;0;
10021;2025.08.20 10:30;-12;19.25;17.75;21.125;1225;202;0;
10022;2025.08.20 10:45;-12;19.375;20.0625;22.625;1230;202;0;
10023;2025.08.20 11:00;-12;19.5;21.875;23.875;1234;202;0;
10024;2025.08.20 11:15;-12;19.75;23.8125;25.1875;1238;202;0;
10025;2025.08.20 11:30;-12;20;25.5;26.125;1242;202;0;
10026;2025.08.20 11:45;-12;20.3125;27.125;26.75;1246;202;0;
10027;2025.08.20 12:00;-12;20.75;28.5;27.5625;1250;202;0;
10028;2025.08.20 12:15;-12;21.125;30.125;28.625;1255;202;0;
10029;2025.08.20 12:30;-12;21.625;31.8125;29.375;1260;202;0;
10030;2025.08.20 12:45;-12;22.25;33.875;30.8125;1265;202;0;
10031;2025.08.20 13:00;-12;22.875;35.5;31.3125;1270;202;0;
10032;2025.08.20 13:15;-12;23.625;36.875;32.1875;1275;202;0;
10033;2025.08.20 13:30;-12;24.375;38;32.625;1279;202;0;
10034;2025.08.20 13:45;-12;25.125;39.375;33.6875;1283;202;0;
10035;2025.08.20 14:00;-12;26;40.875;34.875;1288;202;0;
10036;2025.08.20 14:15;-12;26.8125;42.0625;35.125;1292;202;0;
10037;2025.08.20 14:30;-12;27.625;43.125;36.25;1296;202;0;
10038;2025.08.20 14:45;-12;28.5;44;36.375;1299;202;0;
10039;2025.08.20 15:00;-12;29.25;43.75;36.25;1299;202;0;
10040;2025.08.20 15:15;-12;30;44.1875;37.5;1301;202;0;
10041;2025.08.20 15:30;-12;30.625;44.375;37;1302;202;0;
10042;2025.08.20 15:45;-12;31.25;43.875;36.1875;1301;202;0;
10043;2025.08.20 16:00;-12;31.75;44.5625;38.0625;1301;202;0;
10044;2025.08.20 16:15;-12;32.125;44.6875;38.25;1300;202;0;
10045;2025.08.20 16:30;-12;32.5;43.5;37.75;1295;202;0;
10046;2025.08.20 16:45;-12;32.625;42.125;37.5;1289;202;0;
10047;2025.08.20 17:00;-12;32.75;41.125;37.625;1286;202;0;
10048;2025.08.20 17:15;-12;32.875;40.375;36.5;1284;202;0;
10049;2025.08.20 17:30;-12;32.875;39.5625;35.875;1282;202;0;
10050;2025.08.20 17:45;-12;33;37.5625;33.625;1279;202;0;
10051;2025.08.20 18:00;-12;33;38.1875;34.9375;1280;202;0;
10052;2025.08.20 18:15;-12;33;38.25;34.625;1280;202;0;
10053;2025.08.20 18:30;-12;33;35.75;31.625;1274;202;0;
10054;2025.08.20 18:45;-12;32.875;36.25;32.875;1273;202;0;
10055;2025.08.20 19:00;-12;32.75;35.875;32.8125;1271;202;0;
10056;2025.08.20 19:15;-12;32.5625;34.875;32.125;1268;202;0;
10057;2025.08.20 19:30;-12;32.375;33.375;31.625;1264;202;0;
10058;2025.08.20 19:45;-12;32;32.125;31.125;1260;202;0;
10059;2025.08.20 20:00;-12;31.75;30.3125;29.6875;1255;202;0;
10060;2025.08.20 20:15;-12;31.375;28.25;28.375;1250;202;0;
10061;2025.08.20 20:30;-12;30.875;26.375;26.75;1245;202;0;
10062;2025.08.20 20:45;-12;30.5;24.25;24.25;1240;202;0;
10063;2025.08.20 21:00;-12;30;22;21.125;1235;202;0;
10064;2025.08.20 21:15;-12;29.4375;19.8125;18.3125;1230;202;0;
10065;2025.08.20 21:30;-12;28.9375;18.625;18;1227;202;0;
10066;2025.08.20 21:45;-12;28.375;17.75;17;1225;202;0;
10067;2025.08.20 22:00;-12;27.875;17;16.5;1222;202;0;
10068;2025.08.20 22:15;-12;27.4375;16.6875;16.5;1221;202;0;
10069;2025.08.20 22:30;-12;27;16.375;16.25;1220;202;0;
10070;2025.08.20 22:45;-12;26.625;15.625;15.25;1218;202;0;
10071;2025.08.20 23:00;-12;26.1875;14.875;14.375;1216;202;0;
10072;2025.08.20 23:15;-12;25.8125;14.75;14.75;1215;202;0;
10073;2025.08.20 23:30;-12;25.5;14.5625;14.375;1214;202;0;
10074;2025.08.20 23:45;-12;25.125;14.6875;14.875;1214;202;0;
10075;2025.08.21 00:00;-12;24.8125;14;13.625;1212;202;0;
10076;2025.08.21 00:15;-12;24.5;13.75;13.875;1211;202;0;
10077;2025.08.21 00:30;-12;24.25;13.875;14.25;1211;202;0;
10078;2025.08.21 00:45;-12;24;13.875;14.25;1211;202;0;
10079;2025.08.21 01:00;-12;23.75;13.375;13.5;1210;202;0;
10080;2025.08.21 01:15;-12;23.5;12.875;13;1209;202;0;
10081;2025.08.21 01:30;-12;23.25;12.625;12.75;1208;202;0;
10082;2025.08.21 01:45;-12;23;12.25;12.125;1207;202;0;
10083;2025.08.21 02:00;-12;22.75;11.75;11.75;1207;202;0;
10084;2025.08.21 02:15;-12;22.5625;11.3125;11.125;1205;202;0;
10085;2025.08.21 02:30;-12;22.375;11.125;11;1205;202;0;
10086;2025.08.21 02:45;-12;22.125;12.4375;14;1207;202;0;
10087;2025.08.21 03:00;-12;21.9375;15.4375;17.5625;1212;202;0;
10088;2025.08.21 03:15;-12;21.8125;16.75;18.5;1214;202;0;
10089;2025.08.21 03:30;-12;21.75;16.8125;18.0625;1214;202;0;
10090;2025.08.21 03:45;-12;21.625;15.75;16.875;1213;202;0;
10091;2025.08.21 04:00;-12;21.5625;16.25;17.8125;1213;202;0;
10092;2025.08.21 04:15;-12;21.5;16.25;17.5;1214;202;0;
10093;2025.08.21 04:30;-12;21.375;15.9375;17.0625;1213;202;0;
10094;2025.08.21 04:45;-12;21.3125;15.375;16.125;1212;202;0;
10095;2025.08.21 05:00;-12;21.25;14.8125;15.625;1211;202;0;
10096;2025.08.21 05:15;-12;21.125;14.75;15.875;1211;202;0;
10097;2025.08.21 05:30;-12;21;15.5;17;1212;202;0;
10098;2025.08.21 05:45;-12;20.9375;15.75;17.25;1213;202;0;
10099;2025.08.21 06:00;-12;20.875;16.0625;17.5;1213;202;0;
10100;2025.08.21 06:15;-12;20.75;16.125;17.5;1214;202;0;
10101;2025.08.21 06:30;-12;20.6875;16;17.25;1214;202;0;
10102;2025.08.21 06:45;-12;20.625;15.75;16.875;1213;202;0;
10103;2025.08.21 07:00;-12;20.5625;15.75;17;1213;202;0;
10104;2025.08.21 07:15;-12;20.5;15.75;17;1213;202;0;
10105;2025.08.21 07:30;-12;20.4375;15.375;16.5625;1213;202;0;
10106;2025.08.21 07:45;-12;20.375;15.25;16.375;1212;202;0;
10107;2025.08.21 08:00;-12;20.25;14.875;16;1212;202;0;
10108;2025.08.21 08:15;-12;20.1875;14.1875;15.0625;1211;202;0;
10109;2025.08.21 08:30;-12;20.125;14.125;15.375;1210;202;0;
10110;2025.08.21 08:45;-12;20;14.125;15.4375;1210;202;0;
10111;2025.08.21 09:00;-12;19.875;13.25;13.875;1209;202;0;
10112;2025.08.21 09:15;-12;19.75;13.4375;14.875;1209;202;0;
10113;2025.08.21 09:30;-12;19.6875;13.3125;14.25;1209;202;0;
10114;2025.08.21 09:45;-12;19.625;14.25;16.3125;1211;202;0;
10115;2025.08.21 10:00;-12;19.5;14.625;17.625;1211;202;0;
10116;2025.08.21 10:15;-12;19.5;15.125;19.625;1212;202;0;
10117;2025.08.21 10:30;-12;19.4375;17.5;22.8125;1217;202;0;
10118;2025.08.21 10:45;-12;19.5;20.125;24.5625;1222;202;0;
10119;2025.08.21 11:00;-12;19.625;22.75;25.75;1228;202;0;
10120;2025.08.21 11:15;-12;19.8125;24.875;26.4375;1232;202;0;
10121;2025.08.21 11:30;-12;20.125;26.875;27.875;1237;202;0;
10122;2025.08.21 11:45;-12;20.5;28.9375;29.25;1242;202;0;
10123;2025.08.21 12:00;-12;20.875;31;30.125;1247;202;0;
10124;2025.08.21 12:15;-12;21.4375;32.125;30.125;1251;202;0;
10125;2025.08.21 12:30;-12;22;34.125;31.5;1257;202;0;
10126;2025.08.21 12:45;-12;22.625;35.625;32.125;1262;202;0;
10127;2025.08.21 13:00;-12;23.375;35.25;31.375;1262;202;0;
10128;2025.08.21 13:15;-12;24;36.75;32.625;1267;202;0;
10129;2025.08.21 13:30;-12;24.75;38.75;33.75;1273;202;0;
10130;2025.08.21 13:45;-12;25.5;39.625;34.125;1276;202;0;
10131;2025.08.21 14:00;-12;26.25;40;34.1875;1278;202;0;
10132;2025.08.21 14:15;-12;27;40.8125;34.25;1282;202;0;
10133;2025.08.21 14:30;-12;27.75;41.8125;34.875;1285;202;0;
10134;2025.08.21 14:45;-12;28.5;41.9375;35;1286;202;0;
10135;2025.08.21 15:00;-12;29.25;42.75;35.8125;1289;202;0;
10136;2025.08.21 15:15;-12;29.875;42.8125;36.1875;1290;202;0;
10137;2025.08.21 15:30;-12;30.5;43;35.875;1291;202;0;
10138;2025.08.21 15:45;-12;31.125;43.125;35.9375;1291;202;0;
10139;2025.08.21 16:00;-12;31.625;43.5;36.625;1291;202;0;
10140;2025.08.21 16:15;-12;32;42.875;36.375;1288;202;0;
10141;2025.08.21 16:30;-12;32.25;42;36.4375;1283;202;0;
10142;2025.08.21 16:45;-12;32.4375;40.1875;35.5;1277;202;0;
10143;2025.08.21 17:00;-12;32.5;38.9375;35.4375;1273;202;0;
10144;2025.08.21 17:15;-12;32.5;38.3125;35.625;1270;202;0;
10145;2025.08.21 17:30;-12;32.5;38.375;35.875;1270;202;0;
10146;2025.08.21 17:45;-12;32.5;38.25;35.5625;1271;202;0;
10147;2025.08.21 18:00;-12;32.5;37.625;34.875;1270;202;0;
10148;2025.08.21 18:15;-12;32.625;38.875;35.25;1273;202;0;
10149;2025.08.21 18:30;-12;32.625;39.125;35.125;1272;202;0;
10150;2025.08.21 18:45;-12;32.6875;36.9375;32.9375;1266;202;0;
10151;2025.08.21 19:00;-12;32.625;36.75;33.375;1265;202;0;
10152;2025.08.21 19:15;-12;32.5;36;33.125;1262;202;0;
10153;2025.08.21 19:30;-12;32.3125;34.5;32.6875;1257;202;0;
10154;2025.08.21 19:45;-12;32.0625;32.75;31.875;1252;202;0;
10155;2025.08.21 20:00;-12;31.75;31.1875;31.375;1249;202;0;
10156;2025.08.21 20:15;-12;31.375;29.125;29.75;1244;202;0;
10157;2025.08.21 20:30;-12;31;26.9375;28.125;1238;202;0;
10158;2025.08.21 20:45;-12;30.5;24.5625;25.5;1232;202;0;
10159;2025.08.21 21:00;-12;30;21.75;20.75;1227;202;0;
10160;2025.08.21 21:15;-12;29.5;19.25;17.5;1221;202;0;
10161;2025.08.21 21:30;-12;28.9375;17.25;15.5;1216;202;0;
10162;2025.08.21 21:45;-12;28.375;16;14.625;1213;202;0;
10163;2025.08.21 22:00;-12;27.875;14.9375;13.6875;1210;202;0;
10164;2025.08.21 22:15;-12;27.3125;14.125;12.875;1208;202;0;
10165;2025.08.21 22:30;-12;26.8125;13.5;12.375;1206;202;0;
10166;2025.08.21 22:45;-12;26.375;12.75;11.25;1204;202;0;
10167;2025.08.21 23:00;-12;25.875;12;10.6875;1202;202;0;
10168;2025.08.21 23:15;-12;25.5;11.625;10.4375;1200;202;0;
10169;2025.08.21 23:30;-12;25.0625;11.125;10;1199;202;0;
10170;2025.08.21 23:45;-12;24.6875;10.8125;9.75;1198;202;0;
10171;2025.08.22 00:00;-12;24.375;10.5625;9.625;1197;202;0;
10172;2025.08.22 00:15;-12;24;10.375;9.625;1196;202;0;
10173;2025.08.22 00:30;-12;23.625;10.25;9.8125;1196;202;0;
10174;2025.08.22 00:45;-12;23.375;10.5;10.375;1196;202;0;
10175;2025.08.22 01:00;-12;23.0625;10.3125;10;1195;202;0;
10176;2025.08.22 01:15;-12;22.8125;10.375;10.4375;1195;202;0;
10177;2025.08.22 01:30;-12;22.5625;10.75;11.5;1195;202;0;
10178;2025.08.22 01:45;-12;22.3125;10.875;11.4375;1195;202;0;
10179;2025.08.22 02:00;-12;22.125;10.75;11.375;1195;202;0;
10180;2025.08.22 02:15;-12;21.875;10.625;10.875;1195;202;0;
10181;2025.08.22 02:30;-12;21.6875;10.125;10.125;1194;202;0;
10182;2025.08.22 02:45;-12;21.5;10.25;10.5625;1194;202;0;
10183;2025.08.22 03:00;-12;21.25;10.125;10.4375;1193;202;0;
10184;2025.08.22 03:15;-12;21.125;11.125;12.5625;1195;202;0;
10185;2025.08.22 03:30;-12;20.9375;12.5;14.1875;1197;202;0;
10186;2025.08.22 03:45;-12;20.8125;12.75;13.875;1197;202;0;
10187;2025.08.22 04:00;-12;20.6875;12.25;13.0625;1197;202;0;
10188;2025.08.22 04:15;-12;20.5625;11.4375;11.875;1195;202;0;
10189;2025.08.22 04:30;-12;20.4375;10.6875;11.25;1194;202;0;
10190;2025.08.22 04:45;-12;20.3125;11.6875;13.125;1195;202;0;
10191;2025.08.22 05:00;-12;20.125;11.625;12.375;1195;202;0;
10192;2025.08.22 05:15;-12;20;11.25;12.125;1195;202;0;
10193;2025.08.22 05:30;-12;19.9375;12.5;14.25;1197;202;0;
10194;2025.08.22 05:45;-12;19.8125;13.1875;14.75;1198;202;0;
10195;2025.08.22 06:00;-12;19.75;12.75;13.875;1198;202;0;
10196;2025.08.22 06:15;-12;19.625;12.6875;14;1197;202;0;
10197;2025.08.22 06:30;-12;19.625;12.9375;14.25;1198;202;0;
10198;2025.08.22 06:45;-12;19.5;12.625;13.6875;1197;202;0;
10199;2025.08.22 07:00;-12;19.375;12.25;13.25;1197;202;0;
10200;2025.08.22 07:15;-12;19.375;12.5;13.75;1197;202;0;
10201;2025.08.22 07:30;-12;19.25;12.875;14.25;1198;202;0;
10202;2025.08.22 07:45;-12;19.1875;13.75;15.25;1199;202;0;
10203;2025.08.22 08:00;-12;19.125;13.875;15.25;1200;202;0;
10204;2025.08.22 08:15;-12;19.0625;14.125;15.5;1200;202;0;
10205;2025.08.22 08:30;-12;19;14;15.375;1200;202;0;
10206;2025.08.22 08:45;-12;19;12.9375;13.6875;1199;202;0;
10207;2025.08.22 09:00;-12;18.9375;12.125;13;1197;202;0;
10208;2025.08.22 09:15;-12;18.875;12;13.0625;1197;202;0;
10209;2025.08.22 09:30;-12;18.75;11.75;12.9375;1197;202;0;
10210;2025.08.22 09:45;-12;18.6875;12.1875;13.6875;1197;202;0;
10211;2025.08.22 10:00;-12;18.625;13.4375;16.8125;1200;202;0;
10212;2025.08.22 10:15;-12;18.5625;15.375;20.25;1203;202;0;
10213;2025.08.22 10:30;-12;18.625;18.0625;22.375;1208;202;0;
10214;2025.08.22 10:45;-12;18.6875;20.5;24;1213;202;0;
10215;2025.08.22 11:00;-12;18.875;22.75;25.25;1218;202;0;
10216;2025.08.22 11:15;-12;19.125;24.5;25.875;1223;202;0;
10217;2025.08.22 11:30;-12;19.4375;25.9375;26.125;1227;202;0;
10218;2025.08.22 11:45;-12;19.8125;27.6875;27.375;1231;202;0;
10219;2025.08.22 12:00;-12;20.25;29.625;28.5;1236;202;0;
10220;2025.08.22 12:15;-12;20.75;31.25;29.125;1241;202;0;
10221;2025.08.22 12:30;-12;21.3125;32.875;30.375;1246;202;0;
10222;2025.08.22 12:45;-12;22;34.625;31.25;1251;202;0;
10223;2025.08.22 13:00;-12;22.625;35.875;31.75;1255;202;0;
10224;2025.08.22 13:15;-12;23.375;37.625;32.75;1261;202;0;
10225;2025.08.22 13:30;-12;24.1875;39.25;33.8125;1266;202;0;
10226;2025.08.22 13:45;-12;25.0625;41.0625;35;1272;202;0;
10227;2025.08.22 14:00;-12;26;42.25;35.75;1276;202;0;
10228;2025.08.22 14:15;-12;26.875;43.6875;37.125;1280;202;0;
10229;2025.08.22 14:30;-12;27.75;44.5;37.375;1284;202;0;
10230;2025.08.22 14:45;-12;28.625;44.6875;37.75;1286;202;0;
10231;2025.08.22 15:00;-12;29.4375;44.5;37.375;1286;202;0;
10232;2025.08.22 15:15;-12;30.1875;45.4375;38.25;1289;202;0;
10233;2025.08.22 15:30;-12;30.875;45.875;38.5;1290;202;0;
10234;2025.08.22 15:45;-12;31.5;46.125;39.125;1291;202;0;
10235;2025.08.22 16:00;-12;32;45.4375;38.25;1289;202;0;
10236;2025.08.22 16:15;-12;32.4375;45.4375;38.75;1286;202;0;
10237;2025.08.22 16:30;-12;32.75;45;39.0625;1282;202;0;
10238;2025.08.22 16:45;-12;32.9375;43.75;39.125;1277;202;0;
10239;2025.08.22 17:00;-12;33.0625;42.375;38.6875;1272;202;0;
10240;2025.08.22 17:15;-12;33.125;41.0625;38.125;1269;202;0;
10241;2025.08.22 17:30;-12;33.125;40.5;38.3125;1268;202;0;
10242;2025.08.22 17:45;-12;33.125;40.3125;37.75;1269;202;0;
10243;2025.08.22 18:00;-12;33.25;40.25;37.1875;1270;202;0;
10244;2025.08.22 18:15;-12;33.375;40.5;37.0625;1270;202;0;
10245;2025.08.22 18:30;-12;33.4375;40.625;36.625;1269;202;0;
10246;2025.08.22 18:45;-12;33.5;40.25;36;1267;202;0;
10247;2025.08.22 19:00;-12;33.4375;39.625;36.3125;1264;202;0;
10248;2025.08.22 19:15;-12;33.3125;38.25;35.4375;1260;202;0;
10249;2025.08.22 19:30;-12;33.125;36.375;34.625;1254;202;0;
10250;2025.08.22 19:45;-12;32.875;34.6875;33.6875;1250;202;0;
10251;2025.08.22 20:00;-12;32.5;32.8125;32.625;1245;202;0;
10252;2025.08.22 20:15;-12;32.125;30.625;31.0625;1239;202;0;
10253;2025.08.22 20:30;-12;31.6875;28.25;29.25;1234;202;0;
10254;2025.08.22 20:45;-12;31.25;25.5;26.25;1228;202;0;
10255;2025.08.22 21:00;-12;30.75;22.375;21.0625;1221;202;0;
10256;2025.08.22 21:15;-12;30.125;19.625;17.1875;1215;202;0;
10257;2025.08.22 21:30;-12;29.625;17.8125;15.625;1211;202;0;
10258;2025.08.22 21:45;-12;29;16.5;14.75;1207;202;0;
10259;2025.08.22 22:00;-12;28.4375;15.5;13.6875;1204;202;0;
10260;2025.08.22 22:15;-12;27.875;15.125;14.375;1202;202;0;
10261;2025.08.22 22:30;-12;27.375;14.8125;14.25;1201;202;0;
10262;2025.08.22 22:45;-12;26.9375;15;15.125;1200;202;0;
10263;2025.08.22 23:00;-12;26.5;14.875;15.125;1199;202;0;
10264;2025.08.22 23:15;-12;26.125;14.75;15;1199;202;0;
10265;2025.08.22 23:30;-12;25.75;14.125;13.875;1197;202;0;
10266;2025.08.22 23:45;-12;25.375;14;13.875;1196;202;0;
10267;2025.08.23 00:00;-12;25;13.125;12.5;1195;202;0;
10268;2025.08.23 00:15;-12;24.75;12.0625;10.875;1192;202;0;
10269;2025.08.23 00:30;-12;24.375;11.8125;10.875;1191;202;0;
10270;2025.08.23 00:45;-12;24.0625;11.5;10.875;1191;202;0;
10271;2025.08.23 01:00;-12;23.75;11.6875;11.9375;1190;202;0;
10272;2025.08.23 01:15;-12;23.5;12;12.5;1191;202;0;
10273;2025.08.23 01:30;-12;23.25;12.4375;13.1875;1191;202;0;
10274;2025.08.23 01:45;-12;23;12.4375;12.75;1191;202;0;
10275;2025.08.23 02:00;-12;22.75;12.125;12.375;1190;202;0;
10276;2025.08.23 02:15;-12;22.5625;11.875;12;1190;202;0;
10277;2025.08.23 02:30;-12;22.375;11.625;11.6875;1189;202;0;
10278;2025.08.23 02:45;-12;22.125;11.8125;12.375;1189;202;0;
10279;2025.08.23 03:00;-12;22;11.875;12.375;1189;202;0;
10280;2025.08.23 03:15;-12;21.8125;12.125;13.125;1190;202;0;
10281;2025.08.23 03:30;-12;21.625;11.75;12.375;1189;202;0;
10282;2025.08.23 03:45;-12;21.5;11.4375;11.875;1188;202;0;
10283;2025.08.23 04:00;-12;21.3125;11.375;11.8125;1188;202;0;
10284;2025.08.23 04:15;-12;21.125;11.3125;12;1188;202;0;
10285;2025.08.23 04:30;-12;21;12.125;13.25;1189;202;0;
10286;2025.08.23 04:45;-12;20.875;11.875;12.5625;1189;202;0;
10287;2025.08.23 05:00;-12;20.75;13.5;15;1191;202;0;
10288;2025.08.23 05:15;-12;20.625;13.4375;14.625;1191;202;0;
10289;2025.08.23 05:30;-12;20.5;13.375;14.375;1191;202;0;
10290;2025.08.23 05:45;-12;20.4375;13.1875;14.1875;1191;202;0;
10291;2025.08.23 06:00;-12;20.375;13.125;14.25;1191;202;0;
10292;2025.08.23 06:15;-12;20.25;13.25;14.375;1191;202;0;
10293;2025.08.23 06:30;-12;20.1875;13.75;15.1875;1192;202;0;
10294;2025.08.23 06:45;-12;20.125;14;15.6875;1193;202;0;
10295;2025.08.23 07:00;-12;20;14.125;15.5625;1193;202;0;
10296;2025.08.23 07:15;-12;20;13;13.625;1191;202;0;
10297;2025.08.23 07:30;-12;19.875;13.5;15;1192;202;0;
10298;2025.08.23 07:45;-12;19.8125;13.375;14.375;1192;202;0;
10299;2025.08.23 08:00;-12;19.75;12.625;13.5;1191;202;0;
10300;2025.08.23 08:15;-12;19.625;12.1875;13.375;1190;202;0;
10301;2025.08.23 08:30;-12;19.5625;12.875;14.3125;1191;202;0;
10302;2025.08.23 08:45;-12;19.5;12.25;13.125;1190;202;0;
10303;2025.08.23 09:00;-12;19.375;12.4375;13.8125;1191;202;0;
10304;2025.08.23 09:15;-12;19.3125;12.375;13.5;1191;202;0;
10305;2025.08.23 09:30;-12;19.25;12.5;13.625;1191;202;0;
10306;2025.08.23 09:45;-12;19.125;13.3125;15;1193;202;0;
10307;2025.08.23 10:00;-12;19.125;15.625;19.0625;1197;202;0;
10308;2025.08.23 10:15;-12;19.125;18;21.375;1201;202;0;
10309;2025.08.23 10:30;-12;19.1875;20.0625;23.25;1206;202;0;
10310;2025.08.23 10:45;-12;19.3125;22;24.3125;1210;202;0;
10311;2025.08.23 11:00;-12;19.5;23.75;25.75;1214;202;0;
10312;2025.08.23 11:15;-12;19.8125;25.625;26.875;1219;202;0;
10313;2025.08.23 11:30;-12;20.125;27.25;27.875;1223;202;0;
10314;2025.08.23 11:45;-12;20.5;28.75;28.5625;1227;202;0;
10315;2025.08.23 12:00;-12;21;30.5;29.875;1231;202;0;
10316;2025.08.23 12:15;-12;21.5;31.125;29.4375;1234;202;0;
10317;2025.08.23 12:30;-12;22;32.5;30.375;1238;202;0;
10318;2025.08.23 12:45;-12;22.5625;34.25;31.6875;1244;202;0;
10319;2025.08.23 13:00;-12;23.1875;35.375;32.125;1247;202;0;
10320;2025.08.23 13:15;-12;23.875;36.75;32.75;1251;202;0;
10321;2025.08.23 13:30;-12;24.5625;37.375;33.375;1254;202;0;
10322;2025.08.23 13:45;-12;25.25;37.625;33.3125;1256;202;0;
10323;2025.08.23 14:00;-12;25.875;39.625;34.6875;1261;202;0;
10324;2025.08.23 14:15;-12;26.5625;41.125;35.75;1266;202;0;
10325;2025.08.23 14:30;-12;27.3125;42;36;1269;202;0;
10326;2025.08.23 14:45;-12;28.0625;41.625;35.25;1269;202;0;
10327;2025.08.23 15:00;-12;28.75;41.75;36.4375;1271;202;0;
10328;2025.08.23 15:15;-12;29.375;44;37.875;1276;202;0;
10329;2025.08.23 15:30;-12;30;44.875;37.9375;1279;202;0;
10330;2025.08.23 15:45;-12;30.625;44.1875;37.25;1278;202;0;
10331;2025.08.23 16:00;-12;31.1875;45.5;39.3125;1281;202;0;
10332;2025.08.23 16:15;-12;31.6875;44.125;37.375;1276;202;0;
10333;2025.08.23 16:30;-12;32.0625;43.6875;38.25;1273;202;0;
10334;2025.08.23 16:45;-12;32.25;42.25;37.75;1267;202;0;
10335;2025.08.23 17:00;-12;32.4375;40.875;37.375;1263;202;0;
10336;2025.08.23 17:15;-12;32.5;40.75;38.25;1262;202;0;
10337;2025.08.23 17:30;-12;32.5625;39.75;36.8125;1260;202;0;
10338;2025.08.23 17:45;-12;32.625;39.8125;37;1261;202;0;
10339;2025.08.23 18:00;-12;32.75;40;37.25;1262;202;0;
10340;2025.08.23 18:15;-12;32.875;39.375;35.875;1261;202;0;
10341;2025.08.23 18:30;-12;32.9375;40;36.1875;1261;202;0;
10342;2025.08.23 18:45;-12;33;40.875;37.375;1262;202;0;
10343;2025.08.23 19:00;-12;33;36.5625;32.875;1252;202;0;
10344;2025.08.23 19:15;-12;32.8125;33.125;30.375;1244;202;0;
10345;2025.08.23 19:30;-12;32.5;31.375;29.25;1239;202;0;
10346;2025.08.23 19:45;-12;32.125;29.375;27.75;1234;202;0;
10347;2025.08.23 20:00;-12;31.625;27.9375;26.625;1230;202;0;
10348;2025.08.23 20:15;-12;31.1875;27.125;26.8125;1227;202;0;
10349;2025.08.23 20:30;-12;30.75;25.875;25.6875;1223;202;0;
10350;2025.08.23 20:45;-12;30.3125;24.5;25;1220;202;0;
10351;2025.08.23 21:00;-12;29.875;22.75;22.125;1216;202;0;
10352;2025.08.23 21:15;-12;29.375;20.875;19.625;1211;202;0;
10353;2025.08.23 21:30;-12;28.875;19.3125;18.0625;1208;202;0;
10354;2025.08.23 21:45;-12;28.375;18.125;16.875;1204;202;0;
10355;2025.08.23 22:00;-12;27.9375;17.25;16.25;1202;202;0;
10356;2025.08.23 22:15;-12;27.5;16.75;16.125;1200;202;0;
10357;2025.08.23 22:30;-12;27;16.25;15.6875;1199;202;0;
10358;2025.08.23 22:45;-12;26.625;16;15.75;1198;202;0;
10359;2025.08.23 23:00;-12;26.25;16.25;16.625;1197;202;0;
10360;2025.08.23 23:15;-12;25.875;15.75;15.875;1196;202;0;
10361;2025.08.23 23:30;-12;25.5625;16;16.5;1196;202;0;
10362;2025.08.23 23:45;-12;25.25;16;16.5;1196;202;0;
10363;2025.08.24 00:00;-12;25;16;16.3125;1195;202;0;
10364;2025.08.24 00:15;-12;24.75;14.875;14.625;1193;202;0;
10365;2025.08.24 00:30;-12;24.5;14.1875;14;1192;202;0;
10366;2025.08.24 00:45;-12;24.1875;14.4375;14.625;1192;202;0;
10367;2025.08.24 01:00;-12;23.9375;14;13.875;1191;202;0;
10368;2025.08.24 01:15;-12;23.75;14.5625;15.125;1191;202;0;
10369;2025.08.24 01:30;-12;23.5;13.875;13.75;1190;202;0;
10370;2025.08.24 01:45;-12;23.25;13.375;13.375;1189;202;0;
10371;2025.08.24 02:00;-12;23.0625;13.5;13.9375;1189;202;0;
10372;2025.08.24 02:15;-12;22.875;13.6875;14.125;1189;202;0;
10373;2025.08.24 02:30;-12;22.6875;13.375;13.6875;1189;202;0;
10374;2025.08.24 02:45;-12;22.5;13;13.125;1188;202;0;
10375;2025.08.24 03:00;-12;22.3125;12.75;12.8125;1188;202;0;
10376;2025.08.24 03:15;-12;22.125;13.625;14.75;1189;202;0;
10377;2025.08.24 03:30;-12;22;14.75;16.25;1191;202;0;
10378;2025.08.24 03:45;-12;21.875;15.5625;17.125;1192;202;0;
10379;2025.08.24 04:00;-12;21.75;15.9375;17.375;1193;202;0;
10380;2025.08.24 04:15;-12;21.6875;16.25;17.625;1193;202;0;
10381;2025.08.24 04:30;-12;21.625;16.75;18.1875;1194;202;0;
10382;2025.08.24 04:45;-12;21.5;17.25;18.6875;1195;202;0;
10383;2025.08.24 05:00;-12;21.5;17;18.125;1195;202;0;
10384;2025.08.24 05:15;-12;21.375;16.375;17.25;1194;202;0;
10385;2025.08.24 05:30;-12;21.3125;16.25;17.25;1194;202;0;
10386;2025.08.24 05:45;-12;21.25;16.1875;17.25;1194;202;0;
10387;2025.08.24 06:00;-12;21.1875;15.4375;16.375;1193;202;0;
10388;2025.08.24 06:15;-12;21.125;15.125;16.375;1192;202;0;
10389;2025.08.24 06:30;-12;21;15.25;16.5;1192;202;0;
10390;2025.08.24 06:45;-12;20.875;15.6875;17;1193;202;0;
10391;2025.08.24 07:00;-12;20.8125;15.875;17;1193;202;0;
10392;2025.08.24 07:15;-12;20.75;15.75;16.8125;1193;202;0;
10393;2025.08.24 07:30;-12;20.625;15.5;16.375;1193;202;0;
10394;2025.08.24 07:45;-12;20.625;14.875;15.6875;1192;202;0;
10395;2025.08.24 08:00;-12;20.5;15.125;16.4375;1192;202;0;
10396;2025.08.24 08:15;-12;20.4375;15.25;16.375;1193;202;0;
10397;2025.08.24 08:30;-12;20.375;14;14.4375;1191;202;0;
10398;2025.08.24 08:45;-12;20.25;12.9375;13.5;1189;202;0;
10399;2025.08.24 09:00;-12;20.125;12.875;14.0625;1189;202;0;
10400;2025.08.24 09:15;-12;20;13.5;14.9375;1190;202;0;
10401;2025.08.24 09:30;-12;19.9375;14;15.375;1191;202;0;
10402;2025.08.24 09:45;-12;19.875;14.25;15.625;1191;202;0;
10403;2025.08.24 10:00;-12;19.75;16;19.25;1194;202;0;
10404;2025.08.24 10:15;-12;19.75;18.0625;21.6875;1198;202;0;
10405;2025.08.24 10:30;-12;19.8125;20.0625;23.5;1202;202;0;
10406;2025.08.24 10:45;-12;19.875;21.9375;24.375;1207;202;0;
10407;2025.08.24 11:00;-12;20.125;23.625;25.25;1210;202;0;
10408;2025.08.24 11:15;-12;20.3125;25.625;26.75;1215;202;0;
10409;2025.08.24 11:30;-12;20.625;27.25;27.3125;1219;202;0;
10410;2025.08.24 11:45;-12;21;28.9375;28.5625;1223;202;0;
10411;2025.08.24 12:00;-12;21.375;30.875;29.75;1228;202;0;
10412;2025.08.24 12:15;-12;21.875;32.3125;30.5;1233;202;0;
10413;2025.08.24 12:30;-12;22.4375;34;31.1875;1238;202;0;
10414;2025.08.24 12:45;-12;23;35.625;32.3125;1243;202;0;
10415;2025.08.24 13:00;-12;23.75;36.9375;32.75;1247;202;0;
10416;2025.08.24 13:15;-12;24.5;38.375;33.75;1252;202;0;
10417;2025.08.24 13:30;-12;25.25;39.5;34.125;1257;202;0;
10418;2025.08.24 13:45;-12;26.0625;40.6875;34.8125;1261;202;0;
10419;2025.08.24 14:00;-12;26.875;41.75;35.5;1264;202;0;
10420;2025.08.24 14:15;-12;27.75;43.625;36.875;1270;202;0;
10421;2025.08.24 14:30;-12;28.5625;44.125;37.375;1273;202;0;
10422;2025.08.24 14:45;-12;29.375;44.875;37.375;1275;202;0;
10423;2025.08.24 15:00;-12;30.125;43.625;36.875;1272;202;0;
10424;2025.08.24 15:15;-12;30.75;43.5;35.5;1273;202;0;
10425;2025.08.24 15:30;-12;31.3125;43.375;37.6875;1272;202;0;
10426;2025.08.24 15:45;-12;31.6875;40.75;34.125;1265;202;0;
10427;2025.08.24 16:00;-12;31.9375;43.875;38.375;1272;202;0;
10428;2025.08.24 16:15;-12;32.25;44.125;37.625;1272;202;0;
10429;2025.08.24 16:30;-12;32.5625;44.25;38.25;1270;202;0;
10430;2025.08.24 16:45;-12;32.8125;38.375;32.5;1257;202;0;
10431;2025.08.24 17:00;-12;32.8125;35.8125;31.875;1249;202;0;
10432;2025.08.24 17:15;-12;32.625;35;32.875;1246;202;0;
10433;2025.08.24 17:30;-12;32.375;38.3125;36.5;1251;202;0;
10434;2025.08.24 17:45;-12;32.25;37.5625;34.0625;1250;202;0;
10435;2025.08.24 18:00;-12;32.25;33.5;30.5625;1242;202;0;
10436;2025.08.24 18:15;-12;32.125;36.125;34.375;1247;202;0;
10437;2025.08.24 18:30;-12;32;38.0625;34.875;1250;202;0;
10438;2025.08.24 18:45;-12;32;38.5;35.125;1251;202;0;
10439;2025.08.24 19:00;-12;32;38.375;34.875;1249;202;0;
10440;2025.08.24 19:15;-12;32;36.75;33.875;1245;202;0;
10441;2025.08.24 19:30;-12;31.875;35.375;33.8125;1241;202;0;
10442;2025.08.24 19:45;-12;31.75;32.375;31.125;1234;202;0;
10443;2025.08.24 20:00;-12;31.4375;31.75;31.625;1232;202;0;
10444;2025.08.24 20:15;-12;31.125;30.125;30.4375;1228;202;0;
10445;2025.08.24 20:30;-12;30.75;27.875;28;1222;202;0;
10446;2025.08.24 20:45;-12;30.375;25.125;24.125;1217;202;0;
10447;2025.08.24 21:00;-12;29.9375;22.6875;21.125;1211;202;0;
10448;2025.08.24 21:15;-12;29.5;20.5625;18.625;1206;202;0;
10449;2025.08.24 21:30;-12;29;19.125;17.75;1203;202;0;
10450;2025.08.24 21:45;-12;28.5;18;16.875;1200;202;0;
10451;2025.08.24 22:00;-12;28;17.4375;16.625;1198;202;0;
10452;2025.08.24 22:15;-12;27.5;17;16.4375;1196;202;0;
10453;2025.08.24 22:30;-12;27.125;16.375;15.5625;1194;202;0;
10454;2025.08.24 22:45;-12;26.6875;15.625;14.625;1193;202;0;
10455;2025.08.24 23:00;-12;26.3125;15.625;15.3125;1192;202;0;
10456;2025.08.24 23:15;-12;25.9375;15.625;15.75;1191;202;0;
10457;2025.08.24 23:30;-12;25.625;15.625;15.875;1191;202;0;
10458;2025.08.24 23:45;-12;25.25;16.75;17.75;1192;202;0;
10459;2025.08.25 00:00;-12;25;16.5;16.9375;1191;202;0;
10460;2025.08.25 00:15;-12;24.75;15.75;15.9375;1190;202;0;
10461;2025.08.25 00:30;-12;24.5;15.1875;15.25;1189;202;0;
10462;2025.08.25 00:45;-12;24.25;14.8125;15;1188;202;0;
10463;2025.08.25 01:00;-12;24;13.75;13.3125;1186;202;0;
10464;2025.08.25 01:15;-12;23.75;13.3125;13.0625;1185;202;0;
10465;2025.08.25 01:30;-12;23.5;13.25;13.5625;1185;202;0;
10466;2025.08.25 01:45;-12;23.3125;12.875;12.75;1184;202;0;
10467;2025.08.25 02:00;-12;23.0625;12.625;12.875;1183;202;0;
10468;2025.08.25 02:15;-12;22.875;13.125;14;1184;202;0;
10469;2025.08.25 02:30;-12;22.625;12.9375;13.5;1183;202;0;
10470;2025.08.25 02:45;-12;22.5;12.125;11.875;1182;202;0;
10471;2025.08.25 03:00;-12;22.25;11.75;11.875;1181;202;0;
10472;2025.08.25 03:15;-12;22.0625;11.5;11.625;1181;202;0;
10473;2025.08.25 03:30;-12;21.875;11.625;12.0625;1181;202;0;
10474;2025.08.25 03:45;-12;21.6875;11.625;12.125;1181;202;0;
10475;2025.08.25 04:00;-12;21.5;13.5;15.375;1183;202;0;
10476;2025.08.25 04:15;-12;21.375;16.5;18.6875;1188;202;0;
10477;2025.08.25 04:30;-12;21.3125;17.25;18.75;1190;202;0;
10478;2025.08.25 04:45;-12;21.25;17.3125;18.625;1190;202;0;
10479;2025.08.25 05:00;-12;21.25;17.25;18.625;1191;202;0;
10480;2025.08.25 05:15;-12;21.25;17.25;18.625;1191;202;0;
10481;2025.08.25 05:30;-12;21.1875;16.875;18;1190;202;0;
10482;2025.08.25 05:45;-12;21.125;16;17;1189;202;0;
10483;2025.08.25 06:00;-12;21.0625;15.625;16.6875;1188;202;0;
10484;2025.08.25 06:15;-12;21;15.5;16.625;1188;202;0;
10485;2025.08.25 06:30;-12;20.875;15.6875;16.875;1188;202;0;
10486;2025.08.25 06:45;-12;20.875;16.625;18.125;1190;202;0;
10487;2025.08.25 07:00;-12;20.75;16.8125;18;1191;202;0;
10488;2025.08.25 07:15;-12;20.75;15.9375;16.5625;1189;202;0;
10489;2025.08.25 07:30;-12;20.625;15.25;16.0625;1188;202;0;
10490;2025.08.25 07:45;-12;20.625;14.8125;15.625;1187;202;0;
10491;2025.08.25 08:00;-12;20.5;15.25;16.5;1188;202;0;
10492;2025.08.25 08:15;-12;20.375;15.875;17.1875;1189;202;0;
10493;2025.08.25 08:30;-12;20.375;15.5;16.5;1189;202;0;
10494;2025.08.25 08:45;-12;20.25;15.75;17;1189;202;0;
10495;2025.08.25 09:00;-12;20.25;14.875;15.75;1188;202;0;
10496;2025.08.25 09:15;-12;20.125;15.25;16.625;1188;202;0;
10497;2025.08.25 09:30;-12;20.0625;14.75;15.5625;1188;202;0;
10498;2025.08.25 09:45;-12;20;15.25;16.625;1189;202;0;
10499;2025.08.25 10:00;-12;19.9375;16.625;19.625;1191;202;0;
10500;2025.08.25 10:15;-12;19.9375;18.625;22.25;1195;202;0;
10501;2025.08.25 10:30;-12;20;20.625;24.1875;1199;202;0;
10502;2025.08.25 10:45;-12;20.0625;22.75;25.5;1203;202;0;
10503;2025.08.25 11:00;-12;20.25;24.875;27;1208;202;0;
10504;2025.08.25 11:15;-12;20.5;26.4375;27.375;1212;202;0;
10505;2025.08.25 11:30;-12;20.75;27.75;27.9375;1215;202;0;
10506;2025.08.25 11:45;-12;21.125;29.5625;29.25;1220;202;0;
10507;2025.08.25 12:00;-12;21.5625;31;29.75;1224;202;0;
10508;2025.08.25 12:15;-12;22;32.5;30.8125;1228;202;0;
10509;2025.08.25 12:30;-12;22.5625;34.1875;31.5625;1233;202;0;
10510;2025.08.25 12:45;-12;23.1875;35.5;32.125;1238;202;0;
10511;2025.08.25 13:00;-12;23.875;37.375;33.375;1243;202;0;
10512;2025.08.25 13:15;-12;24.5;38.5;33.75;1248;202;0;
10513;2025.08.25 13:30;-12;25.375;39.75;34.5;1252;202;0;
10514;2025.08.25 13:45;-12;26.125;40.1875;34.25;1255;202;0;
10515;2025.08.25 14:00;-12;27;41.5;34.875;1259;202;0;
10516;2025.08.25 14:15;-12;27.8125;42.125;35.625;1262;202;0;
10517;2025.08.25 14:30;-12;28.625;43;36.1875;1265;202;0;
10518;2025.08.25 14:45;-12;29.375;44.0625;37;1269;202;0;
10519;2025.08.25 15:00;-12;30.125;44;36.625;1269;202;0;
10520;2025.08.25 15:15;-12;30.875;44.625;37.25;1271;202;0;
10521;2025.08.25 15:30;-12;31.5;44.625;37.5;1272;202;0;
10522;2025.08.25 15:45;-12;32;44.5;37.75;1271;202;0;
10523;2025.08.25 16:00;-12;32.5;45.25;38.25;1272;202;0;
10524;2025.08.25 16:15;-12;32.875;44.1875;37.5;1268;202;0;
10525;2025.08.25 16:30;-12;33.1875;42.75;37.25;1262;202;0;
10526;2025.08.25 16:45;-12;33.3125;41.875;37.5;1257;202;0;
10527;2025.08.25 17:00;-12;33.375;41;37.625;1254;202;0;
10528;2025.08.25 17:15;-12;33.375;39.9375;36.625;1251;202;0;
10529;2025.08.25 17:30;-12;33.375;39.25;36.625;1250;202;0;
10530;2025.08.25 17:45;-12;33.4375;39.875;37.25;1252;202;0;
10531;2025.08.25 18:00;-12;33.5;39.9375;36.4375;1254;202;0;
10532;2025.08.25 18:15;-12;33.625;40.5625;36.5;1254;202;0;
10533;2025.08.25 18:30;-12;33.75;40.375;35.875;1253;202;0;
10534;2025.08.25 18:45;-12;33.75;39.375;34.875;1250;202;0;
10535;2025.08.25 19:00;-12;33.75;38;34.25;1245;202;0;
10536;2025.08.25 19:15;-12;33.625;36.875;34.125;1241;202;0;
10537;2025.08.25 19:30;-12;33.375;35.5;33.5;1237;202;0;
10538;2025.08.25 19:45;-12;33.125;33.625;32.5;1232;202;0;
10539;2025.08.25 20:00;-12;32.75;32.375;31.75;1229;202;0;
10540;2025.08.25 20:15;-12;32.375;30.5;30.5;1224;202;0;
10541;2025.08.25 20:30;-12;31.9375;28.375;29.125;1219;202;0;
10542;2025.08.25 20:45;-12;31.5;26;26.625;1213;202;0;
10543;2025.08.25 21:00;-12;31;23.5625;22.5;1208;202;0;
10544;2025.08.25 21:15;-12;30.5;21.125;19.5;1202;202;0;
10545;2025.08.25 21:30;-12;29.9375;19.5625;18.1875;1198;202;0;
10546;2025.08.25 21:45;-12;29.375;18.0625;16.375;1195;202;0;
10547;2025.08.25 22:00;-12;28.875;17.3125;16.25;1192;202;0;
10548;2025.08.25 22:15;-12;28.375;16.9375;16.3125;1191;202;0;
10549;2025.08.25 22:30;-12;27.875;16.75;16.375;1189;202;0;
10550;2025.08.25 22:45;-12;27.4375;16.25;15.5625;1188;202;0;
10551;2025.08.25 23:00;-12;27;15.6875;15.125;1186;202;0;
10552;2025.08.25 23:15;-12;26.625;15.125;14.5;1185;202;0;
10553;2025.08.25 23:30;-12;26.25;14.375;13.5;1183;202;0;
10554;2025.08.25 23:45;-12;25.875;14.25;13.875;1182;202;0;
10555;2025.08.26 00:00;-12;25.5625;13.875;13.125;1181;202;0;
10556;2025.08.26 00:15;-12;25.25;13.375;12.5625;1180;202;0;
10557;2025.08.26 00:30;-12;24.875;12.9375;12;1179;202;0;
10558;2025.08.26 00:45;-12;24.625;12.625;11.75;1178;202;0;
10559;2025.08.26 01:00;-12;24.375;12.5;11.6875;1177;202;0;
10560;2025.08.26 01:15;-12;24.0625;12.6875;12.5;1177;202;0;
10561;2025.08.26 01:30;-12;23.8125;12.75;12.625;1177;202;0;
10562;2025.08.26 01:45;-12;23.5625;12.8125;12.6875;1177;202;0;
10563;2025.08.26 02:00;-12;23.375;13.25;13.625;1178;202;0;
10564;2025.08.26 02:15;-12;23.125;15;16.5;1180;202;0;
10565;2025.08.26 02:30;-12;23;15.9375;17.1875;1182;202;0;
10566;2025.08.26 02:45;-12;22.875;16.75;18.1875;1183;202;0;
10567;2025.08.26 03:00;-12;22.75;17;18.125;1184;202;0;
10568;2025.08.26 03:15;-12;22.625;16.8125;17.75;1184;202;0;
10569;2025.08.26 03:30;-12;22.5;17.125;18.375;1184;202;0;
10570;2025.08.26 03:45;-12;22.5;17.6875;19.0625;1185;202;0;
10571;2025.08.26 04:00;-12;22.375;17.875;19.25;1186;202;0;
10572;2025.08.26 04:15;-12;22.3125;17.875;19;1186;202;0;
10573;2025.08.26 04:30;-12;22.25;18.0625;19.4375;1186;202;0;
10574;2025.08.26 04:45;-12;22.125;18.125;19.375;1187;202;0;
10575;2025.08.26 05:00;-12;22.125;18.125;19.3125;1187;202;0;
10576;2025.08.26 05:15;-12;22;18.25;19.375;1187;202;0;
10577;2025.08.26 05:30;-12;22;18.25;19.5;1187;202;0;
10578;2025.08.26 05:45;-12;21.9375;18.25;19.375;1187;202;0;
10579;2025.08.26 06:00;-12;21.875;18.125;19.25;1187;202;0;
10580;2025.08.26 06:15;-12;21.8125;17.9375;19.25;1187;202;0;
10581;2025.08.26 06:30;-12;21.75;17.625;18.875;1186;202;0;
10582;2025.08.26 06:45;-12;21.6875;17.125;18.25;1186;202;0;
10583;2025.08.26 07:00;-12;21.625;16.5;17.75;1184;202;0;
10584;2025.08.26 07:15;-12;21.5;16.1875;17.375;1184;202;0;
10585;2025.08.26 07:30;-12;21.375;15.625;16.625;1183;202;0;
10586;2025.08.26 07:45;-12;21.3125;15.4375;16.5;1183;202;0;
10587;2025.08.26 08:00;-12;21.25;15.25;16.375;1182;202;0;
10588;2025.08.26 08:15;-12;21.125;14.25;14.9375;1181;202;0;
10589;2025.08.26 08:30;-12;21;14;15.125;1180;202;0;
10590;2025.08.26 08:45;-12;20.875;14.125;15.3125;1180;202;0;
10591;2025.08.26 09:00;-12;20.75;13.625;14.25;1180;202;0;
10592;2025.08.26 09:15;-12;20.625;13.5;14.375;1179;202;0;
10593;2025.08.26 09:30;-12;20.5;14.875;16.8125;1182;202;0;
10594;2025.08.26 09:45;-12;20.375;17.0625;19.25;1185;202;0;
10595;2025.08.26 10:00;-12;20.375;18.4375;21.625;1188;202;0;
10596;2025.08.26 10:15;-12;20.375;19.9375;23.25;1191;202;0;
10597;2025.08.26 10:30;-12;20.5;21.5;24.4375;1195;202;0;
10598;2025.08.26 10:45;-12;20.5625;23.375;25.75;1199;202;0;
10599;2025.08.26 11:00;-12;20.75;25.125;26.75;1203;202;0;
10600;2025.08.26 11:15;-12;21;26.75;27.75;1207;202;0;
10601;2025.08.26 11:30;-12;21.3125;28.75;29.125;1212;202;0;
10602;2025.08.26 11:45;-12;21.6875;30.5;30.0625;1216;202;0;
10603;2025.08.26 12:00;-12;22.125;32.0625;30.75;1220;202;0;
10604;2025.08.26 12:15;-12;22.625;33.5;31.5;1225;202;0;
10605;2025.08.26 12:30;-12;23.125;35.3125;32.75;1230;202;0;
10606;2025.08.26 12:45;-12;23.75;36.875;33;1235;202;0;
10607;2025.08.26 13:00;-12;24.5;37.75;33.5625;1239;202;0;
10608;2025.08.26 13:15;-12;25.25;39.125;34.125;1244;202;0;
10609;2025.08.26 13:30;-12;26;40.1875;34.5625;1248;202;0;
10610;2025.08.26 13:45;-12;26.8125;41.375;35.125;1252;202;0;
10611;2025.08.26 14:00;-12;27.625;42.375;35.8125;1256;202;0;
10612;2025.08.26 14:15;-12;28.5;42.75;36;1258;202;0;
10613;2025.08.26 14:30;-12;29.25;43.5;36.625;1261;202;0;
10614;2025.08.26 14:45;-12;30.0625;44;36.75;1264;202;0;
10615;2025.08.26 15:00;-12;30.8125;44.625;37.25;1266;202;0;
10616;2025.08.26 15:15;-12;31.5;45.25;37.9375;1268;202;0;
10617;2025.08.26 15:30;-12;32.125;45.0625;37.4375;1268;202;0;
10618;2025.08.26 15:45;-12;32.75;45.5;38.5625;1268;202;0;
10619;2025.08.26 16:00;-12;33.1875;45.3125;38.125;1267;202;0;
10620;2025.08.26 16:15;-12;33.625;44.375;37.25;1263;202;0;
10621;2025.08.26 16:30;-12;33.875;44.25;38.75;1260;202;0;
10622;2025.08.26 16:45;-12;34;42.75;38.25;1254;202;0;
10623;2025.08.26 17:00;-12;34.0625;41.125;37.25;1249;202;0;
10624;2025.08.26 17:15;-12;34.0625;40.625;37.625;1247;202;0;
10625;2025.08.26 17:30;-12;34.0625;40.5;37.875;1247;202;0;
10626;2025.08.26 17:45;-12;34.125;41.3125;39;1250;202;0;
10627;2025.08.26 18:00;-12;34.1875;41.25;37.0625;1251;202;0;
10628;2025.08.26 18:15;-12;34.375;41.1875;36.625;1250;202;0;
10629;2025.08.26 18:30;-12;34.4375;41.375;36.875;1250;202;0;
10630;2025.08.26 18:45;-12;34.5;40.25;35.5;1247;202;0;
10631;2025.08.26 19:00;-12;34.5;39.25;35.25;1243;202;0;
10632;2025.08.26 19:15;-12;34.375;35.375;31.4375;1234;202;0;
10633;2025.08.26 19:30;-12;34.0625;30.875;28.6875;1223;202;0;
10634;2025.08.26 19:45;-12;33.625;30.375;29.75;1220;202;0;
10635;2025.08.26 20:00;-12;33.0625;29;27.75;1216;202;0;
10636;2025.08.26 20:15;-12;32.5625;26.75;25.5625;1211;202;0;
10637;2025.08.26 20:30;-12;32;25.1875;23.875;1207;202;0;
10638;2025.08.26 20:45;-12;31.5;23.625;22.25;1203;202;0;
10639;2025.08.26 21:00;-12;31;22.25;21.25;1199;202;0;
10640;2025.08.26 21:15;-12;30.5;20.875;19.375;1196;202;0;
10641;2025.08.26 21:30;-12;30;19.8125;18.75;1193;202;0;
10642;2025.08.26 21:45;-12;29.5;18.75;17.25;1190;202;0;
10643;2025.08.26 22:00;-12;29;17.875;16.3125;1188;202;0;
10644;2025.08.26 22:15;-12;28.5;17.25;15.875;1186;202;0;
10645;2025.08.26 22:30;-12;28.125;16.875;16;1185;202;0;
10646;2025.08.26 22:45;-12;27.6875;16.8125;16.4375;1184;202;0;
10647;2025.08.26 23:00;-12;27.25;17;17.25;1183;202;0;
10648;2025.08.26 23:15;-12;26.9375;17.25;17.5;1183;202;0;
10649;2025.08.26 23:30;-12;26.625;16.875;16.875;1182;202;0;
10650;2025.08.26 23:45;-12;26.3125;16.375;16.0625;1181;202;0;
10651;2025.08.27 00:00;-12;26;16.1875;16.25;1180;202;0;
10652;2025.08.27 00:15;-12;25.75;15.375;14.75;1179;202;0;
10653;2025.08.27 00:30;-12;25.5;14.9375;14.5625;1178;202;0;
10654;2025.08.27 00:45;-12;25.1875;14.875;14.75;1177;202;0;
10655;2025.08.27 01:00;-12;24.9375;14.1875;13.625;1176;202;0;
10656;2025.08.27 01:15;-12;24.6875;13.8125;13.3125;1175;202;0;
10657;2025.08.27 01:30;-12;24.4375;14;14;1175;202;0;
10658;2025.08.27 01:45;-12;24.1875;14.5;15.0625;1176;202;0;
10659;2025.08.27 02:00;-12;24;14.1875;14.0625;1175;202;0;
10660;2025.08.27 02:15;-12;23.75;13.9375;13.875;1175;202;0;
10661;2025.08.27 02:30;-12;23.625;14.4375;15.0625;1175;202;0;
10662;2025.08.27 02:45;-12;23.375;15.9375;17.3125;1178;202;0;
10663;2025.08.27 03:00;-12;23.25;16.5;17.625;1179;202;0;
10664;2025.08.27 03:15;-12;23.125;17.3125;18.5;1180;202;0;
10665;2025.08.27 03:30;-12;23;16.5625;16.875;1179;202;0;
10666;2025.08.27 03:45;-12;22.9375;15.75;15.75;1178;202;0;
10667;2025.08.27 04:00;-12;22.8125;15.375;15.625;1177;202;0;
10668;2025.08.27 04:15;-12;22.75;15.5625;16.1875;1178;202;0;
10669;2025.08.27 04:30;-12;22.625;15.75;16.625;1178;202;0;
10670;2025.08.27 04:45;-12;22.5;15.875;16.9375;1178;202;0;
10671;2025.08.27 05:00;-12;22.375;16.6875;18;1179;202;0;
10672;2025.08.27 05:15;-12;22.25;17.5625;18.9375;1181;202;0;
10673;2025.08.27 05:30;-12;22.25;17.3125;18.25;1181;202;0;
10674;2025.08.27 05:45;-12;22.125;17.5;18.75;1181;202;0;
10675;2025.08.27 06:00;-12;22.125;17.4375;18.5;1181;202;0;
10676;2025.08.27 06:15;-12;22;17.5;18.6875;1181;202;0;
10677;2025.08.27 06:30;-12;22;17.25;18.3125;1181;202;0;
10678;2025.08.27 06:45;-12;21.875;17.125;18.25;1181;202;0;
10679;2025.08.27 07:00;-12;21.8125;17.0625;18.0625;1181;202;0;
10680;2025.08.27 07:15;-12;21.75;16.875;17.75;1181;202;0;
10681;2025.08.27 07:30;-12;21.625;16.375;17.25;1180;202;0;
10682;2025.08.27 07:45;-12;21.625;16.125;17;1179;202;0;
10683;2025.08.27 08:00;-12;21.5;16.6875;18;1180;202;0;
10684;2025.08.27 08:15;-12;21.4375;16.75;17.9375;1181;202;0;
10685;2025.08.27 08:30;-12;21.375;16.875;18.125;1181;202;0;
10686;2025.08.27 08:45;-12;21.25;17;18.125;1181;202;0;
10687;2025.08.27 09:00;-12;21.25;17.375;18.6875;1182;202;0;
10688;2025.08.27 09:15;-12;21.1875;17.75;18.8125;1183;202;0;
10689;2025.08.27 09:30;-12;21.125;17.5625;18.625;1183;202;0;
10690;2025.08.27 09:45;-12;21.125;17.25;18.25;1182;202;0;
10691;2025.08.27 10:00;-12;21.0625;18.125;20.625;1184;202;0;
10692;2025.08.27 10:15;-12;21.0625;19.625;22.125;1187;202;0;
10693;2025.08.27 10:30;-12;21.0625;21.25;23.5;1190;202;0;
10694;2025.08.27 10:45;-12;21.125;22.875;24.5;1194;202;0;
10695;2025.08.27 11:00;-12;21.25;24.3125;25.25;1197;202;0;
10696;2025.08.27 11:15;-12;21.5;25.75;26.25;1201;202;0;
10697;2025.08.27 11:30;-12;21.75;27.375;27.125;1205;202;0;
10698;2025.08.27 11:45;-12;22.0625;29.125;28.625;1209;202;0;
10699;2025.08.27 12:00;-12;22.4375;30.875;29.5;1214;202;0;
10700;2025.08.27 12:15;-12;22.875;32.375;30.25;1218;202;0;
10701;2025.08.27 12:30;-12;23.4375;34.375;31.625;1224;202;0;
10702;2025.08.27 12:45;-12;24;35.25;31.75;1228;202;0;
10703;2025.08.27 13:00;-12;24.6875;37;32.75;1233;202;0;
10704;2025.08.27 13:15;-12;25.375;37.875;32.9375;1237;202;0;
10705;2025.08.27 13:30;-12;26.1875;39.75;34.5;1242;202;0;
10706;2025.08.27 13:45;-12;27;40.875;34.875;1246;202;0;
10707;2025.08.27 14:00;-12;27.8125;42.375;36;1251;202;0;
10708;2025.08.27 14:15;-12;28.625;43.375;36.625;1255;202;0;
10709;2025.08.27 14:30;-12;29.5;43.875;36.875;1257;202;0;
10710;2025.08.27 14:45;-12;30.25;45.5;38.125;1262;202;0;
10711;2025.08.27 15:00;-12;31.0625;46.625;38.75;1266;202;0;
10712;2025.08.27 15:15;-12;31.875;43.125;34.9375;1256;202;0;
10713;2025.08.27 15:30;-12;32.375;42.625;36.625;1255;202;0;
10714;2025.08.27 15:45;-12;32.625;43.25;37.875;1256;202;0;
10715;2025.08.27 16:00;-12;32.875;43.625;37.25;1256;202;0;
10716;2025.08.27 16:15;-12;33.125;38.625;33.5;1243;202;0;
10717;2025.08.27 16:30;-12;33;34.9375;31.125;1233;202;0;
10718;2025.08.27 16:45;-12;32.75;33.5;31.125;1229;202;0;
10719;2025.08.27 17:00;-12;32.375;39.875;39.375;1238;202;0;
10720;2025.08.27 17:15;-12;32.25;39.125;35.875;1238;202;0;
10721;2025.08.27 17:30;-12;32.25;34.8125;31.25;1229;202;0;
10722;2025.08.27 17:45;-12;32.25;33.5;31.875;1227;202;0;
10723;2025.08.27 18:00;-12;32.0625;39.125;38.125;1239;202;0;
10724;2025.08.27 18:15;-12;32.125;42.375;39;1246;202;0;
10725;2025.08.27 18:30;-12;32.375;38.75;33.125;1238;202;0;
10726;2025.08.27 18:45;-12;32.5625;32.875;29.25;1224;202;0;
10727;2025.08.27 19:00;-12;32.375;30.75;28.375;1219;202;0;
10728;2025.08.27 19:15;-12;32;30.25;28.75;1216;202;0;
10729;2025.08.27 19:30;-12;31.6875;33;33;1220;202;0;
10730;2025.08.27 19:45;-12;31.375;32.25;31.1875;1218;202;0;
10731;2025.08.27 20:00;-12;31.1875;30.625;29.25;1215;202;0;
10732;2025.08.27 20:15;-12;30.9375;27.5;25.9375;1208;202;0;
10733;2025.08.27 20:30;-12;30.625;25.5;24;1203;202;0;
10734;2025.08.27 20:45;-12;30.1875;24.375;24.125;1200;202;0;
10735;2025.08.27 21:00;-12;29.75;22.75;21.5;1197;202;0;
10736;2025.08.27 21:15;-12;29.375;21.0625;19.375;1193;202;0;
10737;2025.08.27 21:30;-12;28.9375;19.75;18.25;1189;202;0;
10738;2025.08.27 21:45;-12;28.5;18.75;17.5;1187;202;0;
10739;2025.08.27 22:00;-12;28.125;18.25;17.625;1185;202;0;
10740;2025.08.27 22:15;-12;27.625;18;17.8125;1184;202;0;
10741;2025.08.27 22:30;-12;27.25;17.75;17.5;1183;202;0;
10742;2025.08.27 22:45;-12;26.875;17.0625;16.25;1181;202;0;
10743;2025.08.27 23:00;-12;26.5625;16;14.75;1179;202;0;
10744;2025.08.27 23:15;-12;26.25;15.5;14.75;1178;202;0;
10745;2025.08.27 23:30;-12;25.875;14.875;14;1176;202;0;
10746;2025.08.27 23:45;-12;25.625;14.375;13.5;1175;202;0;
10747;2025.08.28 00:00;-12;25.25;14.1875;13.6875;1174;202;0;
10748;2025.08.28 00:15;-12;25;14;13.375;1173;202;0;
10749;2025.08.28 00:30;-12;24.6875;13.625;12.75;1172;202;0;
10750;2025.08.28 00:45;-12;24.4375;13.5625;13.125;1172;202;0;
10751;2025.08.28 01:00;-12;24.125;13.625;13.375;1172;202;0;
10752;2025.08.28 01:15;-12;23.9375;14.6875;15.5;1173;202;0;
10753;2025.08.28 01:30;-12;23.75;14.375;14.5;1173;202;0;
10754;2025.08.28 01:45;-12;23.5;14.6875;15;1173;202;0;
10755;2025.08.28 02:00;-12;23.375;14.625;14.8125;1173;202;0;
10756;2025.08.28 02:15;-12;23.1875;15.125;15.875;1174;202;0;
10757;2025.08.28 02:30;-12;23;15.25;15.875;1174;202;0;
10758;2025.08.28 02:45;-12;22.875;15.75;17;1175;202;0;
10759;2025.08.28 03:00;-12;22.75;17.9375;19.8125;1178;202;0;
10760;2025.08.28 03:15;-12;22.6875;19.25;21;1181;202;0;
10761;2025.08.28 03:30;-12;22.625;19.5625;21;1182;202;0;
10762;2025.08.28 03:45;-12;22.625;19.0625;20.1875;1181;202;0;
10763;2025.08.28 04:00;-12;22.5;18.25;19.25;1180;202;0;
10764;2025.08.28 04:15;-12;22.5;17.8125;18.875;1179;202;0;
10765;2025.08.28 04:30;-12;22.375;17.375;18.1875;1178;202;0;
10766;2025.08.28 04:45;-12;22.3125;17.125;18.25;1178;202;0;
10767;2025.08.28 05:00;-12;22.25;17.75;19.375;1179;202;0;
10768;2025.08.28 05:15;-12;22.125;17.5625;18.75;1179;202;0;
10769;2025.08.28 05:30;-12;22;17.375;18.5;1178;202;0;
10770;2025.08.28 05:45;-12;22;17.375;18.625;1178;202;0;
10771;2025.08.28 06:00;-12;21.875;17.25;18.5;1178;202;0;
10772;2025.08.28 06:15;-12;21.75;17.25;18.5;1178;202;0;
10773;2025.08.28 06:30;-12;21.75;17.5;18.75;1179;202;0;
10774;2025.08.28 06:45;-12;21.625;17.5;18.75;1179;202;0;
10775;2025.08.28 07:00;-12;21.625;17.6875;18.875;1179;202;0;
10776;2025.08.28 07:15;-12;21.5;17.25;18.125;1178;202;0;
10777;2025.08.28 07:30;-12;21.4375;17.25;18.5;1178;202;0;
10778;2025.08.28 07:45;-12;21.375;17.3125;18.5;1179;202;0;
10779;2025.08.28 08:00;-12;21.3125;16.8125;17.75;1178;202;0;
10780;2025.08.28 08:15;-12;21.25;16.3125;17.125;1177;202;0;
10781;2025.08.28 08:30;-12;21.1875;16.125;17.1875;1177;202;0;
10782;2025.08.28 08:45;-12;21.125;16;17.125;1177;202;0;
10783;2025.08.28 09:00;-12;21;16;17;1177;202;0;
10784;2025.08.28 09:15;-12;20.875;16;17.125;1177;202;0;
10785;2025.08.28 09:30;-12;20.875;16.4375;17.625;1177;202;0;
10786;2025.08.28 09:45;-12;20.75;16.75;18;1178;202;0;
10787;2025.08.28 10:00;-12;20.75;17.75;20.3125;1180;202;0;
10788;2025.08.28 10:15;-12;20.75;19.5625;22.5;1183;202;0;
10789;2025.08.28 10:30;-12;20.75;21.5;24.25;1187;202;0;
10790;2025.08.28 10:45;-12;20.875;23.4375;25.625;1191;202;0;
10791;2025.08.28 11:00;-12;21;25.125;26.5;1195;202;0;
10792;2025.08.28 11:15;-12;21.25;27;28.125;1200;202;0;
10793;2025.08.28 11:30;-12;21.5;28.625;28.75;1204;202;0;
10794;2025.08.28 11:45;-12;21.875;29.9375;29.375;1208;202;0;
10795;2025.08.28 12:00;-12;22.3125;32;31.0625;1213;202;0;
10796;2025.08.28 12:15;-12;22.75;33.625;31.8125;1217;202;0;
10797;2025.08.28 12:30;-12;23.375;34.625;32;1221;202;0;
10798;2025.08.28 12:45;-12;23.9375;35.625;32.375;1226;202;0;
10799;2025.08.28 13:00;-12;24.625;38.125;34.5;1232;202;0;
10800;2025.08.28 13:15;-12;25.375;39.0625;34.375;1236;202;0;
10801;2025.08.28 13:30;-12;26.125;40.375;35.125;1240;202;0;
10802;2025.08.28 13:45;-12;26.875;41.875;36.375;1245;202;0;
10803;2025.08.28 14:00;-12;27.75;42.625;36.5;1248;202;0;
10804;2025.08.28 14:15;-12;28.625;43.25;36.75;1251;202;0;
10805;2025.08.28 14:30;-12;29.375;44.5;38;1255;202;0;
10806;2025.08.28 14:45;-12;30.1875;45.5625;38.625;1259;202;0;
10807;2025.08.28 15:00;-12;30.875;42.0625;35.875;1249;202;0;
10808;2025.08.28 15:15;-12;31.375;44.25;39.875;1255;202;0;
10809;2025.08.28 15:30;-12;31.75;42.125;36.5;1248;202;0;
10810;2025.08.28 15:45;-12;32;41.125;36.6875;1245;202;0;
10811;2025.08.28 16:00;-12;32.0625;39.375;35;1240;202;0;
10812;2025.08.28 16:15;-12;32.125;40.875;36.625;1243;202;0;
10813;2025.08.28 16:30;-12;32.1875;40.125;36.0625;1240;202;0;
10814;2025.08.28 16:45;-12;32.25;40.875;36.75;1241;202;0;
10815;2025.08.28 17:00;-12;32.375;39.125;35.25;1237;202;0;
10816;2025.08.28 17:15;-12;32.375;37.875;35;1233;202;0;
10817;2025.08.28 17:30;-12;32.375;36.125;33.1875;1229;202;0;
10818;2025.08.28 17:45;-12;32.25;37.625;35.4375;1232;202;0;
10819;2025.08.28 18:00;-12;32.1875;40.3125;37.6875;1239;202;0;
10820;2025.08.28 18:15;-12;32.3125;38;33.5625;1233;202;0;
10821;2025.08.28 18:30;-12;32.375;35;32.25;1226;202;0;
10822;2025.08.28 18:45;-12;32.3125;34.625;32.125;1224;202;0;
10823;2025.08.28 19:00;-12;32.125;32.5625;30.25;1219;202;0;
10824;2025.08.28 19:15;-12;31.9375;30.75;29.375;1214;202;0;
10825;2025.08.28 19:30;-12;31.625;33;32.75;1216;202;0;
10826;2025.08.28 19:45;-12;31.375;32.8125;32.4375;1215;202;0;
10827;2025.08.28 20:00;-12;31.125;31.375;31.25;1212;202;0;
10828;2025.08.28 20:15;-12;30.8125;29.8125;30.125;1208;202;0;
10829;2025.08.28 20:30;-12;30.5;27.875;28.625;1203;202;0;
10830;2025.08.28 20:45;-12;30.125;26;26.5;1199;202;0;
10831;2025.08.28 21:00;-12;29.75;24;23.6875;1195;202;0;
10832;2025.08.28 21:15;-12;29.375;22.125;21.3125;1190;202;0;
10833;2025.08.28 21:30;-12;28.875;20.4375;19.375;1187;202;0;
10834;2025.08.28 21:45;-12;28.5;19;17.75;1183;202;0;
10835;2025.08.28 22:00;-12;28;18.125;17.5;1181;202;0;
10836;2025.08.28 22:15;-12;27.625;17.25;16.125;1179;202;0;
10837;2025.08.28 22:30;-12;27.1875;16.75;16.125;1177;202;0;
10838;2025.08.28 22:45;-12;26.8125;16.8125;16.6875;1176;202;0;
10839;2025.08.28 23:00;-12;26.4375;16.1875;15.5;1175;202;0;
10840;2025.08.28 23:15;-12;26.125;15.875;15.4375;1174;202;0;
10841;2025.08.28 23:30;-12;25.75;15.25;14.5;1172;202;0;
10842;2025.08.28 23:45;-12;25.5;15.125;14.625;1172;202;0;
10843;2025.08.29 00:00;-12;25.125;15.125;15.0625;1171;202;0;
10844;2025.08.29 00:15;-12;24.875;14.8125;14.4375;1171;202;0;
10845;2025.08.29 00:30;-12;24.625;15.625;16.4375;1171;202;0;
10846;2025.08.29 00:45;-12;24.375;16.1875;17.125;1172;202;0;
10847;2025.08.29 01:00;-12;24.1875;18;19.8125;1175;202;0;
10848;2025.08.29 01:15;-12;24;19;20.5625;1177;202;0;
10849;2025.08.29 01:30;-12;23.875;19.5;21;1178;202;0;
10850;2025.08.29 01:45;-12;23.75;19.6875;20.875;1178;202;0;
10851;2025.08.29 02:00;-12;23.625;19.5;20.625;1178;202;0;
10852;2025.08.29 02:15;-12;23.5625;19.75;21;1178;202;0;
10853;2025.08.29 02:30;-12;23.5;19.75;20.9375;1178;202;0;
10854;2025.08.29 02:45;-12;23.375;19.75;20.875;1178;202;0;
10855;2025.08.29 03:00;-12;23.25;19.375;20.375;1178;202;0;
10856;2025.08.29 03:15;-12;23.1875;19.5;20.625;1178;202;0;
10857;2025.08.29 03:30;-12;23.125;19;20.0625;1177;202;0;
10858;2025.08.29 03:45;-12;23;18;18.75;1175;202;0;
10859;2025.08.29 04:00;-12;22.875;16.875;17.6875;1173;202;0;
10860;2025.08.29 04:15;-12;22.75;17.0625;18.375;1173;202;0;
10861;2025.08.29 04:30;-12;22.625;16.8125;18;1173;202;0;
10862;2025.08.29 04:45;-12;22.5;17;18.375;1173;202;0;
10863;2025.08.29 05:00;-12;22.375;17.6875;19.25;1174;202;0;
10864;2025.08.29 05:15;-12;22.25;18.125;19.625;1175;202;0;
10865;2025.08.29 05:30;-12;22.125;18.25;19.5;1175;202;0;
10866;2025.08.29 05:45;-12;22.125;18.125;19.125;1175;202;0;
10867;2025.08.29 06:00;-12;22;17.75;18.6875;1174;202;0;
10868;2025.08.29 06:15;-12;21.9375;17.8125;19;1174;202;0;
10869;2025.08.29 06:30;-12;21.875;17.8125;19;1174;202;0;
10870;2025.08.29 06:45;-12;21.75;18;19.25;1175;202;0;
10871;2025.08.29 07:00;-12;21.6875;18.1875;19.3125;1175;202;0;
10872;2025.08.29 07:15;-12;21.625;18.0625;19.3125;1175;202;0;
10873;2025.08.29 07:30;-12;21.5625;18.125;19.375;1175;202;0;
10874;2025.08.29 07:45;-12;21.5;18.125;19.375;1175;202;0;
10875;2025.08.29 08:00;-12;21.4375;18;19.125;1175;202;0;
10876;2025.08.29 08:15;-12;21.375;17.4375;18.5;1174;202;0;
10877;2025.08.29 08:30;-12;21.3125;17.1875;18.3125;1174;202;0;
10878;2025.08.29 08:45;-12;21.25;17.125;18.25;1173;202;0;
10879;2025.08.29 09:00;-12;21.125;17.25;18.5;1174;202;0;
10880;2025.08.29 09:15;-12;21.0625;17.25;18.375;1174;202;0;
10881;2025.08.29 09:30;-12;21;17.25;18.375;1174;202;0;
10882;2025.08.29 09:45;-12;20.9375;17.3125;18.5625;1174;202;0;
10883;2025.08.29 10:00;-12;20.875;18.1875;20.625;1176;202;0;
10884;2025.08.29 10:15;-12;20.875;19.5;22.25;1178;202;0;
10885;2025.08.29 10:30;-12;20.875;21.125;23.375;1182;202;0;
10886;2025.08.29 10:45;-12;21;22.75;24.625;1185;202;0;
10887;2025.08.29 11:00;-12;21.125;24.625;25.875;1189;202;0;
10888;2025.08.29 11:15;-12;21.3125;26.5625;27.25;1194;202;0;
10889;2025.08.29 11:30;-12;21.625;28.25;28.375;1198;202;0;
10890;2025.08.29 11:45;-12;21.9375;30.125;29.5;1203;202;0;
10891;2025.08.29 12:00;-12;22.375;31.375;30.125;1206;202;0;
10892;2025.08.29 12:15;-12;22.8125;32.75;30.75;1211;202;0;
10893;2025.08.29 12:30;-12;23.375;34.375;31.875;1216;202;0;
10894;2025.08.29 12:45;-12;24;35.25;31.8125;1220;202;0;
10895;2025.08.29 13:00;-12;24.625;36.875;33.25;1225;202;0;
10896;2025.08.29 13:15;-12;25.25;38;33.75;1228;202;0;
10897;2025.08.29 13:30;-12;26;39;33.75;1232;202;0;
10898;2025.08.29 13:45;-12;26.8125;40.125;34.625;1236;202;0;
10899;2025.08.29 14:00;-12;27.5625;41.375;35.25;1240;202;0;
10900;2025.08.29 14:15;-12;28.375;42.4375;36.0625;1244;202;0;
10901;2025.08.29 14:30;-12;29.125;43.3125;36.5625;1247;202;0;
10902;2025.08.29 14:45;-12;29.9375;44.375;37.5;1251;202;0;
10903;2025.08.29 15:00;-12;30.6875;41.875;35.25;1244;202;0;
10904;2025.08.29 15:15;-12;31.125;42.625;37.25;1246;202;0;
10905;2025.08.29 15:30;-12;31.5;40.375;34.875;1239;202;0;
10906;2025.08.29 15:45;-12;31.6875;38.125;33.5;1233;202;0;
10907;2025.08.29 16:00;-12;31.75;36.125;32.125;1228;202;0;
10908;2025.08.29 16:15;-12;31.625;41.25;38;1239;202;0;
10909;2025.08.29 16:30;-12;31.75;41.5;37.1875;1238;202;0;
10910;2025.08.29 16:45;-12;32;41.0625;37.125;1236;202;0;
10911;2025.08.29 17:00;-12;32.25;40.5;36.4375;1234;202;0;
10912;2025.08.29 17:15;-12;32.4375;38.625;33.875;1230;202;0;
10913;2025.08.29 17:30;-12;32.5625;40;37.875;1233;202;0;
10914;2025.08.29 17:45;-12;32.625;37.875;33.25;1229;202;0;
10915;2025.08.29 18:00;-12;32.75;38.125;35.3125;1230;202;0;
10916;2025.08.29 18:15;-12;32.75;38.375;35.5625;1230;202;0;
10917;2025.08.29 18:30;-12;32.75;37.5;34.75;1227;202;0;
10918;2025.08.29 18:45;-12;32.75;37.9375;34.1875;1228;202;0;
10919;2025.08.29 19:00;-12;32.75;36.875;34.125;1225;202;0;
10920;2025.08.29 19:15;-12;32.625;37;34.375;1223;202;0;
10921;2025.08.29 19:30;-12;32.5;36.125;34.0625;1221;202;0;
10922;2025.08.29 19:45;-12;32.375;33.25;30.5;1214;202;0;
10923;2025.08.29 20:00;-12;32.125;29.9375;28.125;1207;202;0;
10924;2025.08.29 20:15;-12;31.8125;28.75;27.625;1203;202;0;
10925;2025.08.29 20:30;-12;31.375;27.875;27.875;1200;202;0;
10926;2025.08.29 20:45;-12;31;26.5625;26.5;1197;202;0;
10927;2025.08.29 21:00;-12;30.5625;24.625;24;1192;202;0;
10928;2025.08.29 21:15;-12;30.125;22.6875;21.625;1188;202;0;
10929;2025.08.29 21:30;-12;29.6875;20.875;19.4375;1184;202;0;
10930;2025.08.29 21:45;-12;29.25;20.375;18.9375;1182;202;0;
10931;2025.08.29 22:00;-12;28.75;20.9375;20.125;1183;202;0;
10932;2025.08.29 22:15;-12;28.375;21.125;20.5625;1182;202;0;
10933;2025.08.29 22:30;-12;28;20.75;19.9375;1181;202;0;
10934;2025.08.29 22:45;-12;27.75;20.25;19.5;1180;202;0;
10935;2025.08.29 23:00;-12;27.4375;20.5;20.25;1180;202;0;
10936;2025.08.29 23:15;-12;27.125;20.9375;20.875;1180;202;0;
10937;2025.08.29 23:30;-12;26.875;20.5625;20.25;1179;202;0;
10938;2025.08.29 23:45;-12;26.6875;20;20.0625;1178;202;0;
10939;2025.08.30 00:00;-12;26.4375;19.625;20.0625;1176;202;0;
10940;2025.08.30 00:15;-12;26.1875;19;19.125;1175;202;0;
10941;2025.08.30 00:30;-12;25.9375;19.375;20;1175;202;0;
10942;2025.08.30 00:45;-12;25.6875;19.75;20.75;1175;202;0;
10943;2025.08.30 01:00;-12;25.5;20.0625;20.9375;1176;202;0;
10944;2025.08.30 01:15;-12;25.25;19.875;20.75;1175;202;0;
10945;2025.08.30 01:30;-12;25.125;19.8125;20.75;1175;202;0;
10946;2025.08.30 01:45;-12;24.875;19.875;20.75;1175;202;0;
10947;2025.08.30 02:00;-12;24.75;20.1875;21;1175;202;0;
10948;2025.08.30 02:15;-12;24.625;19.875;20.75;1175;202;0;
10949;2025.08.30 02:30;-12;24.4375;19.375;20;1174;202;0;
10950;2025.08.30 02:45;-12;24.25;19.125;19.875;1173;202;0;
10951;2025.08.30 03:00;-12;24.125;18.625;19.3125;1172;202;0;
10952;2025.08.30 03:15;-12;24;19;20;1173;202;0;
10953;2025.08.30 03:30;-12;23.875;18.875;19.75;1172;202;0;
10954;2025.08.30 03:45;-12;23.75;18.875;20;1173;202;0;
10955;2025.08.30 04:00;-12;23.625;19;20;1172;202;0;
10956;2025.08.30 04:15;-12;23.5;18.625;19.4375;1172;202;0;
10957;2025.08.30 04:30;-12;23.375;18.125;18.625;1171;202;0;
10958;2025.08.30 04:45;-12;23.25;17.875;18.625;1170;202;0;
10959;2025.08.30 05:00;-12;23.125;17.625;18.375;1170;202;0;
10960;2025.08.30 05:15;-12;23;17.5;18.25;1170;202;0;
10961;2025.08.30 05:30;-12;22.875;17.375;18.125;1169;202;0;
10962;2025.08.30 05:45;-12;22.75;17;17.75;1169;202;0;
10963;2025.08.30 06:00;-12;22.625;17.125;18.125;1169;202;0;
10964;2025.08.30 06:15;-12;22.5;17.1875;18.0625;1169;202;0;
10965;2025.08.30 06:30;-12;22.375;17.3125;18.3125;1169;202;0;
10966;2025.08.30 06:45;-12;22.25;17;17.6875;1169;202;0;
10967;2025.08.30 07:00;-12;22.1875;16.5;17.25;1168;202;0;
10968;2025.08.30 07:15;-12;22.125;15.9375;16.625;1167;202;0;
10969;2025.08.30 07:30;-12;22;15.625;16.375;1167;202;0;
10970;2025.08.30 07:45;-12;21.875;16.125;17.125;1167;202;0;
10971;2025.08.30 08:00;-12;21.75;16.75;17.75;1169;202;0;
10972;2025.08.30 08:15;-12;21.6875;16.875;17.625;1169;202;0;
10973;2025.08.30 08:30;-12;21.625;16.875;17.75;1169;202;0;
10974;2025.08.30 08:45;-12;21.5;16.625;17.375;1169;202;0;
10975;2025.08.30 09:00;-12;21.5;16.5;17.125;1169;202;0;
10976;2025.08.30 09:15;-12;21.375;16;16.625;1168;202;0;
10977;2025.08.30 09:30;-12;21.3125;15.5625;16.25;1167;202;0;
10978;2025.08.30 09:45;-12;21.25;16.25;17.4375;1168;202;0;
10979;2025.08.30 10:00;-12;21.125;17.25;19.6875;1170;202;0;
10980;2025.08.30 10:15;-12;21.125;18.875;21.125;1173;202;0;
10981;2025.08.30 10:30;-12;21.125;20.1875;22.125;1176;202;0;
10982;2025.08.30 10:45;-12;21.1875;21.625;23;1179;202;0;
10983;2025.08.30 11:00;-12;21.3125;23.125;23.8125;1183;202;0;
10984;2025.08.30 11:15;-12;21.5;24.625;24.8125;1186;202;0;
10985;2025.08.30 11:30;-12;21.75;26.125;25.625;1190;202;0;
10986;2025.08.30 11:45;-12;22;27.375;26.4375;1194;202;0;
10987;2025.08.30 12:00;-12;22.375;29.625;28.25;1199;202;0;
10988;2025.08.30 12:15;-12;22.8125;30.6875;28.375;1203;202;0;
10989;2025.08.30 12:30;-12;23.3125;32.5625;30.125;1209;202;0;
10990;2025.08.30 12:45;-12;23.875;34;30.625;1213;202;0;
10991;2025.08.30 13:00;-12;24.5;35.25;31.3125;1218;202;0;
10992;2025.08.30 13:15;-12;25.25;37;32.375;1223;202;0;
10993;2025.08.30 13:30;-12;26;38;32.875;1226;202;0;
10994;2025.08.30 13:45;-12;26.75;39.5;33.5625;1232;202;0;
10995;2025.08.30 14:00;-12;27.5625;40.375;34.25;1235;202;0;
10996;2025.08.30 14:15;-12;28.375;41.25;34.75;1238;202;0;
10997;2025.08.30 14:30;-12;29.1875;42.25;35.625;1241;202;0;
10998;2025.08.30 14:45;-12;29.9375;43.1875;36.375;1245;202;0;
10999;2025.08.30 15:00;-12;30.6875;44.5;38.25;1249;202;0;
11000;2025.08.30 15:15;-12;31.375;45;38.25;1251;202;0;
11001;2025.08.30 15:30;-12;32.0625;45.875;38.875;1253;202;0;
11002;2025.08.30 15:45;-12;32.6875;45.75;39.25;1253;202;0;
11003;2025.08.30 16:00;-12;33.1875;40.125;33.125;1237;202;0;
11004;2025.08.30 16:15;-12;33.25;40.875;37.125;1237;202;0;
11005;2025.08.30 16:30;-12;33.25;42.5625;38.25;1239;202;0;
11006;2025.08.30 16:45;-12;33.375;40.25;35.4375;1232;202;0;
11007;2025.08.30 17:00;-12;33.375;39.8125;35.5;1230;202;0;
11008;2025.08.30 17:15;-12;33.375;36;33.125;1222;202;0;
11009;2025.08.30 17:30;-12;33.25;40;37.5625;1229;202;0;
11010;2025.08.30 17:45;-12;33.25;39.75;36.125;1230;202;0;
11011;2025.08.30 18:00;-12;33.3125;34.8125;31;1219;202;0;
11012;2025.08.30 18:15;-12;33.25;35.25;33.3125;1219;202;0;
11013;2025.08.30 18:30;-12;33;38.25;35.375;1225;202;0;
11014;2025.08.30 18:45;-12;33;36.1875;32.25;1220;202;0;
11015;2025.08.30 19:00;-12;32.875;31.625;29.125;1209;202;0;
11016;2025.08.30 19:15;-12;32.625;31.125;30;1207;202;0;
11017;2025.08.30 19:30;-12;32.25;29;27.625;1202;202;0;
11018;2025.08.30 19:45;-12;31.875;27.6875;26.75;1198;202;0;
11019;2025.08.30 20:00;-12;31.375;26.625;25.875;1195;202;0;
11020;2025.08.30 20:15;-12;31;25.75;25.125;1192;202;0;
11021;2025.08.30 20:30;-12;30.5625;25.375;24.875;1191;202;0;
11022;2025.08.30 20:45;-12;30.125;24.8125;24.375;1189;202;0;
11023;2025.08.30 21:00;-12;29.75;23.625;23.125;1186;202;0;
11024;2025.08.30 21:15;-12;29.375;22.75;22.375;1183;202;0;
11025;2025.08.30 21:30;-12;29;22.125;21.75;1181;202;0;
11026;2025.08.30 21:45;-12;28.625;21.75;21.5;1180;202;0;
11027;2025.08.30 22:00;-12;28.3125;20.75;20.25;1178;202;0;
11028;2025.08.30 22:15;-12;28;19.75;19.25;1176;202;0;
11029;2025.08.30 22:30;-12;27.625;18.75;18;1173;202;0;
11030;2025.08.30 22:45;-12;27.25;17.8125;17.125;1171;202;0;
11031;2025.08.30 23:00;-12;26.9375;17.125;16.5;1169;202;0;
11032;2025.08.30 23:15;-12;26.625;17.125;16.375;1169;202;0;
11033;2025.08.30 23:30;-12;26.25;18;17.5625;1170;202;0;
11034;2025.08.30 23:45;-12;26;19.25;19.5;1172;202;0;
11035;2025.08.31 00:00;-12;25.875;19.875;20;1173;202;0;
11036;2025.08.31 00:15;-12;25.6875;20;19.875;1173;202;0;
11037;2025.08.31 00:30;-12;25.5;19.875;19.5;1173;202;0;
11038;2025.08.31 00:45;-12;25.375;19.875;19.875;1173;202;0;
11039;2025.08.31 01:00;-12;25.25;19.375;19.75;1172;202;0;
11040;2025.08.31 01:15;-12;25.125;19.25;19.8125;1171;202;0;
11041;2025.08.31 01:30;-12;25;18.4375;18.625;1170;202;0;
11042;2025.08.31 01:45;-12;24.75;18;18.625;1169;202;0;
11043;2025.08.31 02:00;-12;24.625;18.1875;19.125;1169;202;0;
11044;2025.08.31 02:15;-12;24.375;18.8125;20;1170;202;0;
11045;2025.08.31 02:30;-12;24.25;18.625;19.5;1170;202;0;
11046;2025.08.31 02:45;-12;24.125;18.3125;19.125;1169;202;0;
11047;2025.08.31 03:00;-12;23.9375;18.875;20.125;1170;202;0;
11048;2025.08.31 03:15;-12;23.8125;19;19.9375;1170;202;0;
11049;2025.08.31 03:30;-12;23.6875;18.3125;19;1169;202;0;
11050;2025.08.31 03:45;-12;23.5625;17.75;18.5;1168;202;0;
11051;2025.08.31 04:00;-12;23.4375;17.375;18.3125;1167;202;0;
11052;2025.08.31 04:15;-12;23.25;17.5;18.4375;1167;202;0;
11053;2025.08.31 04:30;-12;23.125;18;19.1875;1168;202;0;
11054;2025.08.31 04:45;-12;23.0625;18.375;19.4375;1169;202;0;
11055;2025.08.31 05:00;-12;23;18.5;19.5625;1169;202;0;
11056;2025.08.31 05:15;-12;22.875;18.4375;19.5;1169;202;0;
11057;2025.08.31 05:30;-12;22.75;18.5;19.625;1169;202;0;
11058;2025.08.31 05:45;-12;22.75;18.5;19.625;1169;202;0;
11059;2025.08.31 06:00;-12;22.625;18.1875;19.0625;1169;202;0;
11060;2025.08.31 06:15;-12;22.5;18.1875;19.125;1169;202;0;
11061;2025.08.31 06:30;-12;22.5;17.75;18.5;1168;202;0;
11062;2025.08.31 06:45;-12;22.375;17.4375;18.25;1167;202;0;
11063;2025.08.31 07:00;-12;22.25;17.125;18;1167;202;0;
11064;2025.08.31 07:15;-12;22.1875;17.125;18.125;1167;202;0;
11065;2025.08.31 07:30;-12;22.125;17.375;18.5;1167;202;0;
11066;2025.08.31 07:45;-12;22;17.25;18.375;1167;202;0;
11067;2025.08.31 08:00;-12;21.875;17.375;18.4375;1167;202;0;
11068;2025.08.31 08:15;-12;21.8125;17.5;18.5625;1167;202;0;
11069;2025.08.31 08:30;-12;21.75;17.25;18.375;1167;202;0;
11070;2025.08.31 08:45;-12;21.625;17;18;1167;202;0;
11071;2025.08.31 09:00;-12;21.625;16.875;18;1167;202;0;
11072;2025.08.31 09:15;-12;21.5;17.125;18.375;1167;202;0;
11073;2025.08.31 09:30;-12;21.4375;17.625;18.75;1168;202;0;
11074;2025.08.31 09:45;-12;21.375;17.75;18.75;1168;202;0;
11075;2025.08.31 10:00;-12;21.375;18.4375;20.375;1170;202;0;
11076;2025.08.31 10:15;-12;21.3125;19.5;21.625;1172;202;0;
11077;2025.08.31 10:30;-12;21.375;20.75;22.75;1175;202;0;
11078;2025.08.31 10:45;-12;21.375;22.25;23.5;1178;202;0;
11079;2025.08.31 11:00;-12;21.5;23.6875;24.5;1181;202;0;
11080;2025.08.31 11:15;-12;21.75;25.5625;26;1185;202;0;
11081;2025.08.31 11:30;-12;21.9375;26.875;26.375;1189;202;0;
11082;2025.08.31 11:45;-12;22.25;28.5;27.625;1193;202;0;
11083;2025.08.31 12:00;-12;22.625;29.5;28.125;1196;202;0;
11084;2025.08.31 12:15;-12;23;30.875;28.8125;1200;202;0;
11085;2025.08.31 12:30;-12;23.5;32.5;30.125;1205;202;0;
11086;2025.08.31 12:45;-12;24.0625;34.375;31.125;1211;202;0;
11087;2025.08.31 13:00;-12;24.6875;35.75;32;1215;202;0;
11088;2025.08.31 13:15;-12;25.375;37.75;33.375;1221;202;0;
11089;2025.08.31 13:30;-12;26.125;38.5;33.25;1224;202;0;
11090;2025.08.31 13:45;-12;26.875;39.75;34.125;1229;202;0;
11091;2025.08.31 14:00;-12;27.75;40.875;34.875;1233;202;0;
11092;2025.08.31 14:15;-12;28.5;41.625;35.125;1236;202;0;
11093;2025.08.31 14:30;-12;29.3125;42.125;35.5625;1238;202;0;
11094;2025.08.31 14:45;-12;30.125;43.0625;36.25;1241;202;0;
11095;2025.08.31 15:00;-12;30.8125;43.5;36.8125;1243;202;0;
11096;2025.08.31 15:15;-12;31.5;44.375;37.5;1246;202;0;
11097;2025.08.31 15:30;-12;32.125;45.0625;38.25;1247;202;0;
11098;2025.08.31 15:45;-12;32.6875;44.375;37.5;1246;202;0;
11099;2025.08.31 16:00;-12;33.1875;44.75;37.4375;1246;202;0;
