0;2024.09.30 07:45;4;21;21;21.25;413;202;0;
1;2024.09.30 08:00;4;21.125;21.0625;21.125;414;202;0;
2;2024.09.30 08:15;4;21.25;21.125;21.25;415;202;0;
3;2024.09.30 08:30;4;21.375;21.25;21.25;562;202;0;
4;2024.09.30 08:45;4;21.5;21.75;21.5;458;202;0;
5;2024.09.30 09:00;4;21.25;21.5625;21.375;456;202;0;
6;2024.09.30 09:15;4;21.25;21.5;21.5;463;202;0;
7;2024.09.30 09:30;4;21.625;21.625;21.75;453;202;0;
8;2024.09.30 09:45;4;21.5625;21.625;21.625;453;202;0;
9;2024.09.30 10:00;4;21.5;21.625;21.5625;453;202;0;
10;2024.09.30 10:15;4;21.5625;21.625;21.5;453;202;0;
11;2024.09.30 10:30;4;21.5625;21.625;21.5;453;202;0;
12;2024.09.30 10:45;4;21.5625;21.625;21.375;453;202;0;
13;2024.09.30 11:00;4;21.5625;21.625;21.5;453;202;0;
14;2024.09.30 11:15;4;21.5625;21.625;21.5;453;202;0;
15;2024.09.30 11:30;4;21.5625;21.625;21.5;453;202;0;
16;2024.09.30 11:45;4;21.5625;21.625;21.5;453;202;0;
17;2024.09.30 12:00;4;21.5625;21.625;21.5;453;202;0;
18;2024.09.30 12:15;4;21.5625;21.625;21.5;453;202;0;
19;2024.09.30 12:30;4;21.5625;21.625;21.5;453;202;0;
20;2024.09.30 12:45;4;21.625;21.625;21.5;453;202;0;
21;2024.09.30 13:00;4;21.625;21.625;21.5625;453;202;0;
22;2024.09.30 13:15;4;20.875;21.375;20.875;453;202;0;
23;2024.09.30 13:30;4;20.5;21.0625;20.25;451;202;0;
24;2024.09.30 13:45;4;20.25;20.75;19.875;448;202;0;
25;2024.09.30 14:00;4;20;20.5;19.625;447;202;0;
26;2024.09.30 14:15;4;19.5;20.125;19.125;446;202;0;
27;2024.09.30 14:30;4;19.625;20;18.9375;447;202;0;
28;2024.09.30 14:45;4;19.4375;19.875;18.75;437;202;0;
29;2024.09.30 15:00;4;19;19.5625;18.3125;435;202;0;
30;2024.09.30 15:15;4;18.625;19.25;18;434;202;0;
31;2024.09.30 15:30;4;18.3125;18.875;17.75;435;202;0;
32;2024.09.30 15:45;4;19.1875;19.125;18.625;454;202;0;
33;2024.09.30 16:00;4;19.3125;19.25;19;455;202;0;
34;2024.09.30 16:15;4;19.375;19.375;19.25;455;202;0;
35;2024.09.30 16:30;4;19.5;19.4375;19.4375;455;202;0;
36;2024.09.30 16:45;4;19.5;19.5;19.5;456;202;0;
37;2024.09.30 17:00;4;19.625;19.5;19.625;456;202;0;
38;2024.09.30 17:15;4;19.625;19.625;19.6875;457;202;0;
39;2024.09.30 17:30;4;19.75;19.625;19.75;457;202;0;
40;2024.09.30 17:45;4;19.75;19.6875;19.75;457;202;0;
41;2024.09.30 18:00;4;19.75;19.75;19.8125;457;202;0;
42;2024.09.30 18:15;4;19.8125;19.75;19.875;457;202;0;
43;2024.09.30 18:30;4;19.875;19.75;19.875;458;202;0;
44;2024.09.30 18:45;4;19.875;19.8125;19.875;458;202;0;
45;2024.09.30 19:00;4;19.875;19.875;19.9375;458;202;0;
46;2024.09.30 19:15;4;19.875;19.875;20;458;202;0;
47;2024.09.30 19:30;4;19.875;19.875;20;458;202;0;
48;2024.09.30 19:45;4;19.875;19.9375;20;458;202;0;
49;2024.09.30 20:00;4;19.9375;20;20;458;202;0;
50;2024.09.30 20:15;4;20;20;20.0625;458;202;0;
51;2024.09.30 20:30;4;20;20;20.0625;458;202;0;
52;2024.09.30 20:45;4;20;20;20.0625;459;202;0;
53;2024.09.30 21:00;4;20;20;20.125;459;202;0;
54;2024.09.30 21:15;4;20;20.0625;20.125;459;202;0;
55;2024.09.30 21:30;4;20;20.0625;20.125;459;202;0;
56;2024.09.30 21:45;4;20;20.125;20.125;459;202;0;
57;2024.09.30 22:00;4;20;20.125;20.0625;459;202;0;
58;2024.09.30 22:15;4;20;20.125;20;459;202;0;
59;2024.09.30 22:30;4;20;20.125;20;459;202;0;
60;2024.09.30 22:45;4;20;20.125;19.9375;459;202;0;
61;2024.09.30 23:00;4;20;20.125;19.875;459;202;0;
62;2024.09.30 23:15;4;19.9375;20.125;19.875;459;202;0;
63;2024.09.30 23:30;4;19.875;20.0625;19.8125;458;202;0;
64;2024.09.30 23:45;4;19.875;20;19.75;458;202;0;
65;2024.10.01 00:00;4;19.875;20;19.75;458;202;0;
66;2024.10.01 00:15;4;19.875;20;19.625;458;202;0;
67;2024.10.01 00:30;4;19.75;20;19.625;458;202;0;
68;2024.10.01 00:45;4;19.75;19.9375;19.5;458;202;0;
69;2024.10.01 01:00;4;19.75;19.875;19.5;458;202;0;
70;2024.10.01 01:15;4;19.6875;19.875;19.375;458;202;0;
71;2024.10.01 01:30;4;19.625;19.8125;19.375;457;202;0;
72;2024.10.01 01:45;4;19.625;19.75;19.25;457;202;0;
73;2024.10.01 02:00;4;19.5;19.75;19.25;457;202;0;
74;2024.10.01 02:15;4;19.5;19.6875;19.1875;457;202;0;
75;2024.10.01 02:30;4;19.4375;19.625;19.125;456;202;0;
76;2024.10.01 02:45;4;19.375;19.625;19;456;202;0;
77;2024.10.01 03:00;4;19.3125;19.5;19;456;202;0;
78;2024.10.01 03:15;4;19.25;19.5;18.875;456;202;0;
79;2024.10.01 03:30;4;19.25;19.4375;18.875;455;202;0;
80;2024.10.01 03:45;4;19.125;19.375;18.8125;455;202;0;
81;2024.10.01 04:00;4;19.125;19.3125;18.75;455;202;0;
82;2024.10.01 04:15;4;19.0625;19.25;18.6875;455;202;0;
83;2024.10.01 04:30;4;19;19.25;18.625;454;202;0;
84;2024.10.01 04:45;4;19;19.125;18.5625;454;202;0;
85;2024.10.01 05:00;4;18.875;19.125;18.5;454;202;0;
86;2024.10.01 05:15;4;18.875;19;18.5;454;202;0;
87;2024.10.01 05:30;4;18.75;19;18.375;454;202;0;
88;2024.10.01 05:45;4;18.75;18.9375;18.375;453;202;0;
89;2024.10.01 06:00;4;18.6875;18.875;18.3125;453;202;0;
90;2024.10.01 06:15;4;18.625;18.8125;18.25;453;202;0;
91;2024.10.01 06:30;4;18.5625;18.75;18.25;452;202;0;
92;2024.10.01 06:45;4;18.5;18.75;18.125;452;202;0;
93;2024.10.01 07:00;4;18.5;18.625;18.125;452;202;0;
94;2024.10.01 07:15;4;18.375;18.625;18.0625;452;202;0;
95;2024.10.01 07:30;4;18.375;18.5625;18;452;202;0;
96;2024.10.01 07:45;4;18.25;18.5;18;451;202;0;
97;2024.10.01 08:00;4;18.25;18.4375;17.875;451;202;0;
98;2024.10.01 08:15;4;18.1875;18.375;17.875;451;202;0;
99;2024.10.01 08:30;4;18.125;18.375;17.75;451;202;0;
100;2024.10.01 08:45;4;18.125;18.3125;17.75;450;202;0;
101;2024.10.01 09:00;4;18;18.25;17.6875;450;202;0;
102;2024.10.01 09:15;4;18;18.1875;17.625;450;202;0;
103;2024.10.01 09:30;4;17.9375;18.125;17.625;450;202;0;
104;2024.10.01 09:45;4;17.875;18.125;17.5625;449;202;0;
105;2024.10.01 10:00;4;17.875;18;17.5;449;202;0;
106;2024.10.01 10:15;4;17.8125;18;17.5;449;202;0;
107;2024.10.01 10:30;4;17.75;17.9375;17.5;449;202;0;
108;2024.10.01 10:45;4;17.75;17.875;17.5;448;202;0;
109;2024.10.01 11:00;4;17.75;17.875;17.5;448;202;0;
110;2024.10.01 11:15;4;17.6875;17.8125;17.5;448;202;0;
111;2024.10.01 11:30;4;17.625;17.75;17.5;448;202;0;
112;2024.10.01 11:45;4;17.625;17.75;17.5;448;202;0;
113;2024.10.01 12:00;4;17.625;17.75;17.5;448;202;0;
114;2024.10.01 12:15;4;17.625;17.75;17.5;448;202;0;
115;2024.10.01 12:30;4;17.625;17.6875;17.5;448;202;0;
116;2024.10.01 12:45;4;17.625;17.6875;17.5;448;202;0;
117;2024.10.01 13:00;4;17.5625;17.625;17.5;448;202;0;
118;2024.10.01 13:15;4;17.5625;17.625;17.5;448;202;0;
119;2024.10.01 13:30;4;17.5625;17.625;17.5;448;202;0;
120;2024.10.01 13:45;4;17.5625;17.625;17.5625;448;202;0;
121;2024.10.01 14:00;4;17.5625;17.625;17.5625;448;202;0;
122;2024.10.01 14:15;4;17.5625;17.625;17.625;448;202;0;
123;2024.10.01 14:30;4;17.5625;17.625;17.625;448;202;0;
124;2024.10.01 14:45;4;17.5625;17.625;17.625;448;202;0;
125;2024.10.01 15:00;4;17.625;17.625;17.625;448;202;0;
126;2024.10.01 15:15;4;17.625;17.625;17.625;448;202;0;
127;2024.10.01 15:30;4;17.625;17.625;17.6875;448;202;0;
128;2024.10.01 15:45;4;17.625;17.625;17.6875;448;202;0;
129;2024.10.01 16:00;4;17.625;17.6875;17.75;448;202;0;
130;2024.10.01 16:15;4;17.625;17.6875;17.75;448;202;0;
131;2024.10.01 16:30;4;17.625;17.75;17.75;448;202;0;
132;2024.10.01 16:45;4;17.625;17.75;17.75;448;202;0;
133;2024.10.01 17:00;4;17.625;17.75;17.75;448;202;0;
134;2024.10.01 17:15;4;17.625;17.75;17.75;448;202;0;
135;2024.10.01 17:30;4;17.625;17.75;17.75;448;202;0;
136;2024.10.01 17:45;4;17.625;17.75;17.75;448;202;0;
137;2024.10.01 18:00;4;17.625;17.75;17.75;448;202;0;
138;2024.10.01 18:15;4;17.625;17.75;17.75;448;202;0;
139;2024.10.01 18:30;4;17.625;17.75;17.6875;448;202;0;
140;2024.10.01 18:45;4;17.625;17.75;17.625;448;202;0;
141;2024.10.01 19:00;4;17.625;17.75;17.625;448;202;0;
142;2024.10.01 19:15;4;17.5625;17.75;17.625;447;202;0;
143;2024.10.01 19:30;4;17.5;17.6875;17.5625;448;202;0;
144;2024.10.01 19:45;4;17.5;17.6875;17.5;449;202;0;
145;2024.10.01 20:00;4;17.5;17.6875;17.5;448;202;0;
146;2024.10.01 20:15;4;17.5;17.625;17.5;448;202;0;
147;2024.10.01 20:30;4;17.5;17.625;17.5;448;202;0;
148;2024.10.01 20:45;4;17.5;17.625;17.5;448;202;0;
149;2024.10.01 21:00;4;17.5;17.625;17.5;448;202;0;
150;2024.10.01 21:15;4;17.5;17.625;17.4375;448;202;0;
151;2024.10.01 21:30;4;17.4375;17.625;17.4375;448;202;0;
152;2024.10.01 21:45;4;17.4375;17.625;17.375;448;202;0;
153;2024.10.01 22:00;4;17.4375;17.5625;17.375;448;202;0;
154;2024.10.01 22:15;4;17.375;17.5625;17.375;448;202;0;
155;2024.10.01 22:30;4;17.375;17.5;17.375;448;202;0;
156;2024.10.01 22:45;4;17.375;17.5;17.375;448;202;0;
157;2024.10.01 23:00;4;17.375;17.5;17.375;447;202;0;
158;2024.10.01 23:15;4;17.375;17.5;17.3125;447;202;0;
159;2024.10.01 23:30;4;17.375;17.5;17.25;447;202;0;
160;2024.10.01 23:45;4;17.375;17.5;17.25;447;202;0;
161;2024.10.02 00:00;4;17.3125;17.5;17.25;447;202;0;
162;2024.10.02 00:15;4;17.3125;17.4375;17.25;447;202;0;
163;2024.10.02 00:30;4;17.3125;17.4375;17.25;447;202;0;
164;2024.10.02 00:45;4;17.25;17.375;17.1875;447;202;0;
165;2024.10.02 01:00;4;17.25;17.375;17.125;447;202;0;
166;2024.10.02 01:15;4;17.25;17.375;17.125;447;202;0;
167;2024.10.02 01:30;4;17.25;17.375;17.125;447;202;0;
168;2024.10.02 01:45;4;17.25;17.375;17.125;447;202;0;
169;2024.10.02 02:00;4;17.25;17.375;17.0625;447;202;0;
170;2024.10.02 02:15;4;17.1875;17.3125;17;447;202;0;
171;2024.10.02 02:30;4;17.125;17.25;17;447;202;0;
172;2024.10.02 02:45;4;17.125;17.25;17;447;202;0;
173;2024.10.02 03:00;4;17.125;17.25;17;446;202;0;
174;2024.10.02 03:15;4;17.125;17.25;16.9375;446;202;0;
175;2024.10.02 03:30;4;17.125;17.25;16.9375;446;202;0;
176;2024.10.02 03:45;4;17.0625;17.1875;16.875;446;202;0;
177;2024.10.02 04:00;4;17.0625;17.125;16.875;446;202;0;
178;2024.10.02 04:15;4;17.0625;17.125;16.875;446;202;0;
179;2024.10.02 04:30;4;17.0625;17.125;16.875;445;202;0;
180;2024.10.02 04:45;4;17;17.125;16.875;445;202;0;
181;2024.10.02 05:00;4;17;17.125;16.875;445;202;0;
182;2024.10.02 05:15;4;17;17.125;16.875;446;202;0;
183;2024.10.02 05:30;4;17;17.125;16.875;446;202;0;
184;2024.10.02 05:45;4;17.75;17.3125;17.5;441;202;0;
185;2024.10.02 06:00;4;20.125;19.125;20.625;449;202;0;
186;2024.10.02 06:15;4;19.875;19.4375;20.625;455;202;0;
187;2024.10.02 06:30;4;19.625;19.4375;20.125;454;202;0;
188;2024.10.02 06:45;4;19.5;19.4375;19.875;454;202;0;
189;2024.10.02 07:00;4;19.5;19.4375;19.75;454;202;0;
190;2024.10.02 07:15;4;19.5;19.5;19.625;454;202;0;
191;2024.10.02 07:30;4;19.5625;19.5;19.625;454;202;0;
192;2024.10.02 07:45;4;19.625;19.5;19.5;454;202;0;
193;2024.10.02 08:00;4;19.625;19.5625;19.375;454;202;0;
194;2024.10.02 08:15;4;19.625;19.625;19.25;454;202;0;
195;2024.10.02 08:30;4;19.625;19.625;19.125;454;202;0;
196;2024.10.02 08:45;4;19.625;19.625;18.875;454;202;0;
197;2024.10.02 09:00;4;19.625;19.625;18.625;454;202;0;
198;2024.10.02 09:15;4;19.625;19.625;18.4375;454;202;0;
199;2024.10.02 09:30;4;19.625;19.5;18.25;454;202;0;
200;2024.10.02 09:45;4;19.5;19.5;18.0625;454;202;0;
201;2024.10.02 10:00;4;19.5;19.375;17.9375;453;202;0;
202;2024.10.02 10:15;4;19.375;19.375;17.75;453;202;0;
203;2024.10.02 10:30;4;19.25;19.25;17.625;452;202;0;
204;2024.10.02 10:45;4;19.1875;19.125;17.4375;452;202;0;
205;2024.10.02 11:00;4;19.125;19.0625;17.25;452;202;0;
206;2024.10.02 11:15;4;19;18.9375;17.0625;451;202;0;
207;2024.10.02 11:30;4;18.875;18.8125;16.875;450;202;0;
208;2024.10.02 11:45;4;18.75;18.6875;16.6875;450;202;0;
209;2024.10.02 12:00;4;18.625;18.5625;16.5;449;202;0;
210;2024.10.02 12:15;4;18.4375;18.4375;16.375;449;202;0;
211;2024.10.02 12:30;4;18.3125;18.25;16.1875;448;202;0;
212;2024.10.02 12:45;4;18.125;18.125;16;447;202;0;
213;2024.10.02 13:00;4;18;18;15.875;447;202;0;
214;2024.10.02 13:15;4;17.875;17.8125;15.75;446;202;0;
215;2024.10.02 13:30;4;17.75;17.625;15.625;445;202;0;
216;2024.10.02 13:45;4;17.5625;17.5;15.4375;444;202;0;
217;2024.10.02 14:00;4;17.375;17.375;15.3125;444;202;0;
218;2024.10.02 14:15;4;17.25;17.1875;15.1875;443;202;0;
219;2024.10.02 14:30;4;17.125;17;15.0625;442;202;0;
220;2024.10.02 14:45;4;16.9375;16.875;14.875;441;202;0;
221;2024.10.02 15:00;4;16.75;16.75;14.75;441;202;0;
222;2024.10.02 15:15;4;16.625;16.625;14.625;440;202;0;
223;2024.10.02 15:30;4;16.5;16.4375;14.5625;439;202;0;
224;2024.10.02 15:45;4;16.3125;16.25;14.4375;439;202;0;
225;2024.10.02 16:00;4;16.125;16.125;14.3125;438;202;0;
226;2024.10.02 16:15;4;16;16;14.25;437;202;0;
227;2024.10.02 16:30;4;15.875;15.875;14.125;437;202;0;
228;2024.10.02 16:45;4;15.75;15.6875;14;436;202;0;
229;2024.10.02 17:00;4;15.5625;15.5625;13.875;435;202;0;
230;2024.10.02 17:15;4;15.4375;15.375;13.8125;435;202;0;
231;2024.10.02 17:30;4;15.3125;15.25;13.75;434;202;0;
232;2024.10.02 17:45;4;15.1875;15.125;13.625;433;202;0;
233;2024.10.02 18:00;4;15.0625;15;13.625;433;202;0;
234;2024.10.02 18:15;4;14.9375;14.875;13.5625;432;202;0;
235;2024.10.02 18:30;4;14.875;14.8125;14.125;432;202;0;
236;2024.10.02 18:45;4;14.75;14.75;15;431;202;0;
237;2024.10.02 19:00;4;14.8125;14.6875;15.6875;431;202;0;
238;2024.10.02 19:15;4;14.875;14.75;16.25;431;202;0;
239;2024.10.02 19:30;4;15;14.875;16.875;431;202;0;
240;2024.10.02 19:45;4;15.125;15;17.3125;432;202;0;
241;2024.10.02 20:00;4;15.375;15.125;17.6875;433;202;0;
242;2024.10.02 20:15;4;15.5625;15.375;18;434;202;0;
243;2024.10.02 20:30;4;15.8125;15.625;18.3125;435;202;0;
244;2024.10.02 20:45;4;16.0625;15.875;18.5625;436;202;0;
245;2024.10.02 21:00;4;16.375;16.1875;18.875;438;202;0;
246;2024.10.02 21:15;4;18.625;17.25;21;424;202;0;
247;2024.10.02 21:30;4;21;19.125;23.25;433;202;0;
248;2024.10.02 21:45;4;22.0625;20.4375;24.3125;440;202;0;
249;2024.10.02 22:00;4;22.5;21.375;24.625;441;202;0;
250;2024.10.02 22:15;4;22.625;21.9375;24.625;445;202;0;
251;2024.10.02 22:30;4;22.875;22.3125;24.5;447;202;0;
252;2024.10.02 22:45;4;23.125;22.625;24.375;448;202;0;
253;2024.10.02 23:00;4;23.1875;22.875;24.375;449;202;0;
254;2024.10.02 23:15;4;23.3125;23.125;24.375;450;202;0;
255;2024.10.02 23:30;4;23.5;23.3125;24.5;451;202;0;
256;2024.10.02 23:45;4;23.625;23.5;24.5625;451;202;0;
257;2024.10.03 00:00;4;23.75;23.625;24.625;452;202;0;
258;2024.10.03 00:15;4;23.875;23.875;24.75;453;202;0;
259;2024.10.03 00:30;4;23.9375;24;24.75;454;202;0;
260;2024.10.03 00:45;4;24;24.125;24.75;454;202;0;
261;2024.10.03 01:00;4;24.0625;24.1875;24.625;455;202;0;
262;2024.10.03 01:15;4;24.125;24.25;24.625;455;202;0;
263;2024.10.03 01:30;4;24.125;24.25;24.5;455;202;0;
264;2024.10.03 01:45;4;24.125;24.3125;24.5;455;202;0;
265;2024.10.03 02:00;4;24.125;24.3125;24.375;455;202;0;
266;2024.10.03 02:15;4;24.125;24.3125;24.375;455;202;0;
267;2024.10.03 02:30;4;24.125;24.3125;24.25;455;202;0;
268;2024.10.03 02:45;4;24.0625;24.25;24.1875;456;202;0;
269;2024.10.03 03:00;4;24;24.25;24.1875;456;202;0;
270;2024.10.03 03:15;4;24;24.25;24.125;456;202;0;
271;2024.10.03 03:30;4;24;24.25;24.125;456;202;0;
272;2024.10.03 03:45;4;24;24.25;24.125;456;202;0;
273;2024.10.03 04:00;4;24;24.1875;24.125;456;202;0;
274;2024.10.03 04:15;4;24;24.125;24.0625;455;202;0;
275;2024.10.03 04:30;4;23.9375;24.125;24;455;202;0;
276;2024.10.03 04:45;4;23.9375;24.125;24;455;202;0;
277;2024.10.03 05:00;4;23.875;24.125;24;456;202;0;
278;2024.10.03 05:15;4;23.875;24.125;24;456;202;0;
279;2024.10.03 05:30;4;23.875;24.0625;24;456;202;0;
280;2024.10.03 05:45;4;23.875;24;24;456;202;0;
281;2024.10.03 06:00;4;23.875;24;23.9375;455;202;0;
282;2024.10.03 06:15;4;23.875;24;23.9375;455;202;0;
283;2024.10.03 06:30;4;23.8125;24;23.875;455;202;0;
284;2024.10.03 06:45;4;23.8125;24;23.875;455;202;0;
285;2024.10.03 07:00;4;23.75;23.9375;23.875;455;202;0;
286;2024.10.03 07:15;4;23.75;23.9375;23.8125;455;202;0;
287;2024.10.03 07:30;4;23.75;23.875;23.8125;455;202;0;
288;2024.10.03 07:45;4;23.75;23.875;23.75;455;202;0;
289;2024.10.03 08:00;4;23.75;23.875;23.75;455;202;0;
290;2024.10.03 08:15;4;23.75;23.875;23.75;455;202;0;
291;2024.10.03 08:30;4;23.6875;23.875;23.75;454;202;0;
292;2024.10.03 08:45;4;23.625;23.8125;23.6875;454;202;0;
293;2024.10.03 09:00;4;23.625;23.75;23.6875;454;202;0;
294;2024.10.03 09:15;4;23.625;23.75;23.625;454;202;0;
295;2024.10.03 09:30;4;23.625;23.75;23.625;454;202;0;
296;2024.10.03 09:45;4;23.625;23.75;23.625;454;202;0;
297;2024.10.03 10:00;4;23.5625;23.75;23.625;454;202;0;
298;2024.10.03 10:15;4;23.5625;23.6875;23.5625;454;202;0;
299;2024.10.03 10:30;4;23.5;23.6875;23.5;454;202;0;
300;2024.10.03 10:45;4;23.5;23.625;23.5;454;202;0;
301;2024.10.03 11:00;4;23.5;23.625;23.5;454;202;0;
302;2024.10.03 11:15;4;23.5;23.625;23.5;454;202;0;
303;2024.10.03 11:30;4;23.5;23.625;23.5;453;202;0;
304;2024.10.03 11:45;4;23.5;23.625;23.5;453;202;0;
305;2024.10.03 12:00;4;23.4375;23.5625;23.5;453;202;0;
306;2024.10.03 12:15;4;23.4375;23.5625;23.4375;453;202;0;
307;2024.10.03 12:30;4;23.5;23.625;23.5625;446;202;0;
308;2024.10.03 12:45;4;24;23.8125;24.125;448;202;0;
309;2024.10.03 13:00;4;24.4375;24.125;24.6875;450;202;0;
310;2024.10.03 13:15;4;25;24.5;25.375;452;202;0;
311;2024.10.03 13:30;4;25.625;25;26.0625;454;202;0;
312;2024.10.03 13:45;4;25.9375;25.5;26.625;459;202;0;
313;2024.10.03 14:00;4;26;25.6875;26.875;460;202;0;
314;2024.10.03 14:15;4;26.25;25.9375;27.3125;460;202;0;
315;2024.10.03 14:30;4;26.375;26.125;27.25;460;202;0;
316;2024.10.03 14:45;4;26.4375;26.25;27.125;461;202;0;
317;2024.10.03 15:00;4;26.25;26.25;26.75;460;202;0;
318;2024.10.03 15:15;4;26.1875;26.25;26.5;460;202;0;
319;2024.10.03 15:30;4;26.125;26.25;26.375;460;202;0;
320;2024.10.03 15:45;4;26.125;26.25;26.375;460;202;0;
321;2024.10.03 16:00;4;26.125;26.25;26.3125;460;202;0;
322;2024.10.03 16:15;4;26.1875;26.25;26.3125;460;202;0;
323;2024.10.03 16:30;4;26.25;26.25;26.375;460;202;0;
324;2024.10.03 16:45;4;26.25;26.3125;26.375;461;202;0;
325;2024.10.03 17:00;4;26.25;26.3125;26.375;461;202;0;
326;2024.10.03 17:15;4;26.25;26.375;26.375;461;202;0;
327;2024.10.03 17:30;4;26.25;26.375;26.375;461;202;0;
328;2024.10.03 17:45;4;26.25;26.375;26.375;461;202;0;
329;2024.10.03 18:00;4;26.25;26.375;26.375;461;202;0;
330;2024.10.03 18:15;4;25.875;26.1875;26;459;202;0;
331;2024.10.03 18:30;4;25.75;26.0625;25.75;459;202;0;
332;2024.10.03 18:45;4;25.625;25.9375;25.625;458;202;0;
333;2024.10.03 19:00;4;25.5;25.875;25.5;458;202;0;
334;2024.10.03 19:15;4;25.4375;25.75;25.4375;458;202;0;
335;2024.10.03 19:30;4;25.5;25.75;25.5;458;202;0;
336;2024.10.03 19:45;4;25.625;25.75;25.625;458;202;0;
337;2024.10.03 20:00;4;25.625;25.8125;25.75;458;202;0;
338;2024.10.03 20:15;4;25.75;25.875;25.8125;458;202;0;
339;2024.10.03 20:30;4;25.75;25.875;25.875;459;202;0;
340;2024.10.03 20:45;4;25.8125;25.875;25.875;459;202;0;
341;2024.10.03 21:00;4;25.8125;25.875;25.9375;459;202;0;
342;2024.10.03 21:15;4;25.875;25.9375;26;459;202;0;
343;2024.10.03 21:30;4;25.875;26;26;459;202;0;
344;2024.10.03 21:45;4;25.875;26;26;459;202;0;
345;2024.10.03 22:00;4;25.875;26;25.9375;459;202;0;
346;2024.10.03 22:15;4;25.875;25.9375;25.9375;459;202;0;
347;2024.10.03 22:30;4;25.8125;25.9375;25.875;459;202;0;
348;2024.10.03 22:45;4;25.8125;25.9375;25.875;459;202;0;
349;2024.10.03 23:00;4;25.8125;25.9375;25.875;459;202;0;
350;2024.10.03 23:15;4;25.75;25.875;25.875;459;202;0;
351;2024.10.03 23:30;4;25.75;25.875;25.875;459;202;0;
352;2024.10.03 23:45;4;25.75;25.875;25.875;459;202;0;
353;2024.10.04 00:00;4;25.75;25.875;25.8125;459;202;0;
354;2024.10.04 00:15;4;25.75;25.875;25.75;459;202;0;
355;2024.10.04 00:30;4;25.75;25.875;25.75;459;202;0;
356;2024.10.04 00:45;4;25.75;25.875;25.75;459;202;0;
357;2024.10.04 01:00;4;25.75;25.875;25.75;459;202;0;
358;2024.10.04 01:15;4;25.6875;25.875;25.75;458;202;0;
359;2024.10.04 01:30;4;25.6875;25.875;25.75;458;202;0;
360;2024.10.04 01:45;4;25.6875;25.8125;25.6875;458;202;0;
361;2024.10.04 02:00;4;25.625;25.75;25.625;458;202;0;
362;2024.10.04 02:15;4;25.625;25.75;25.625;458;202;0;
363;2024.10.04 02:30;4;25.625;25.75;25.625;458;202;0;
364;2024.10.04 02:45;4;25.625;25.75;25.625;458;202;0;
365;2024.10.04 03:00;4;25.625;25.75;25.5625;458;202;0;
366;2024.10.04 03:15;4;25.5625;25.75;25.5625;458;202;0;
367;2024.10.04 03:30;4;25.5625;25.6875;25.5;458;202;0;
368;2024.10.04 03:45;4;25.5;25.625;25.5;458;202;0;
369;2024.10.04 04:00;4;25.5;25.625;25.5;458;202;0;
370;2024.10.04 04:15;4;25.5;25.625;25.5;458;202;0;
371;2024.10.04 04:30;4;25.5;25.625;25.4375;458;202;0;
372;2024.10.04 04:45;4;25.5;25.625;25.375;457;202;0;
373;2024.10.04 05:00;4;25.4375;25.5625;25.375;457;202;0;
374;2024.10.04 05:15;4;25.375;25.5;25.375;457;202;0;
375;2024.10.04 05:30;4;25.375;25.5;25.375;457;202;0;
376;2024.10.04 05:45;4;25.375;25.5;25.3125;457;202;0;
377;2024.10.04 06:00;4;25.375;25.5;25.25;457;202;0;
378;2024.10.04 06:15;4;25.3125;25.5;25.25;457;202;0;
379;2024.10.04 06:30;4;25.25;25.4375;25.25;457;202;0;
380;2024.10.04 06:45;4;25.25;25.375;25.25;457;202;0;
381;2024.10.04 07:00;4;25.25;25.375;25.1875;456;202;0;
382;2024.10.04 07:15;4;25.25;25.375;25.125;456;202;0;
383;2024.10.04 07:30;4;25.1875;25.375;25.125;456;202;0;
384;2024.10.04 07:45;4;25.125;25.3125;25.125;456;202;0;
385;2024.10.04 08:00;4;25.125;25.25;25.0625;456;202;0;
386;2024.10.04 08:15;4;25.125;25.25;25;456;202;0;
387;2024.10.04 08:30;4;25.125;25.25;25;456;202;0;
388;2024.10.04 08:45;4;25.0625;25.25;25;456;202;0;
389;2024.10.04 09:00;4;25;25.1875;25;456;202;0;
390;2024.10.04 09:15;4;25;25.125;24.9375;455;202;0;
391;2024.10.04 09:30;4;25;25.125;24.875;455;202;0;
392;2024.10.04 09:45;4;25;25.125;24.875;455;202;0;
393;2024.10.04 10:00;4;24.9375;25.125;24.875;455;202;0;
394;2024.10.04 10:15;4;24.875;25.0625;24.875;455;202;0;
395;2024.10.04 10:30;4;24.875;25;24.8125;453;202;0;
396;2024.10.04 10:45;4;24.875;25;24.75;455;202;0;
397;2024.10.04 11:00;4;24.875;25;24.75;455;202;0;
398;2024.10.04 11:15;4;24.8125;25;24.75;455;202;0;
399;2024.10.04 11:30;4;24.8125;24.9375;24.75;455;202;0;
400;2024.10.04 11:45;4;24.75;24.875;24.6875;454;202;0;
401;2024.10.04 12:00;4;24.75;24.875;24.6875;454;202;0;
402;2024.10.04 12:15;4;24.75;24.875;24.6875;454;202;0;
403;2024.10.04 12:30;4;24.75;24.875;24.625;454;202;0;
404;2024.10.04 12:45;4;24.75;24.875;24.625;454;202;0;
405;2024.10.04 13:00;4;24.75;24.875;24.625;454;202;0;
406;2024.10.04 13:15;4;24.75;24.875;24.625;454;202;0;
407;2024.10.04 13:30;4;24.6875;24.8125;24.625;454;202;0;
408;2024.10.04 13:45;4;24.6875;24.8125;24.625;454;202;0;
409;2024.10.04 14:00;4;24.6875;24.75;24.625;454;202;0;
410;2024.10.04 14:15;4;24.6875;24.75;24.625;454;202;0;
411;2024.10.04 14:30;4;24.625;24.75;24.625;454;202;0;
412;2024.10.04 14:45;4;24.625;24.75;24.625;454;202;0;
413;2024.10.04 15:00;4;24.625;24.75;24.625;454;202;0;
414;2024.10.04 15:15;4;24.625;24.75;24.625;454;202;0;
415;2024.10.04 15:30;4;24.625;24.75;24.625;454;202;0;
416;2024.10.04 15:45;4;24.625;24.75;24.625;454;202;0;
417;2024.10.04 16:00;4;24.625;24.75;24.625;454;202;0;
418;2024.10.04 16:15;4;24.625;24.75;24.625;454;202;0;
419;2024.10.04 16:30;4;24.625;24.75;24.625;454;202;0;
420;2024.10.04 16:45;4;24.625;24.75;24.625;454;202;0;
421;2024.10.04 17:00;4;24.625;24.75;24.625;454;202;0;
422;2024.10.04 17:15;4;24.625;24.75;24.625;454;202;0;
423;2024.10.04 17:30;4;24.625;24.75;24.625;454;202;0;
424;2024.10.04 17:45;4;24.625;24.75;24.625;454;202;0;
425;2024.10.04 18:00;4;24.625;24.75;24.6875;454;202;0;
426;2024.10.04 18:15;4;24.625;24.75;24.6875;454;202;0;
427;2024.10.04 18:30;4;24.625;24.75;24.6875;454;202;0;
428;2024.10.04 18:45;4;24.625;24.75;24.6875;454;202;0;
429;2024.10.04 19:00;4;24.625;24.75;24.625;454;202;0;
430;2024.10.04 19:15;4;24.625;24.75;24.6875;454;202;0;
431;2024.10.04 19:30;4;24.625;24.75;24.625;454;202;0;
432;2024.10.04 19:45;4;24.625;24.75;24.625;454;202;0;
433;2024.10.04 20:00;4;24.625;24.75;24.625;454;202;0;
434;2024.10.04 20:15;4;24.625;24.75;24.625;454;202;0;
435;2024.10.04 20:30;4;24.625;24.75;24.625;454;202;0;
436;2024.10.04 20:45;4;24.625;24.75;24.625;454;202;0;
437;2024.10.04 21:00;4;24.625;24.75;24.625;454;202;0;
438;2024.10.04 21:15;4;24.625;24.75;24.625;454;202;0;
439;2024.10.04 21:30;4;24.625;24.75;24.625;454;202;0;
440;2024.10.04 21:45;4;24.5625;24.6875;24.5625;453;202;0;
441;2024.10.04 22:00;4;24.5625;24.6875;24.5625;453;202;0;
442;2024.10.04 22:15;4;24.5625;24.625;24.5;453;202;0;
443;2024.10.04 22:30;4;24.5;24.625;24.5;453;202;0;
444;2024.10.04 22:45;4;24.5;24.625;24.5;453;202;0;
445;2024.10.04 23:00;4;24.5;24.625;24.5;453;202;0;
446;2024.10.04 23:15;4;24.5;24.625;24.5;453;202;0;
447;2024.10.04 23:30;4;24.5;24.625;24.4375;453;202;0;
448;2024.10.04 23:45;4;24.5;24.625;24.4375;453;202;0;
449;2024.10.05 00:00;4;24.4375;24.5625;24.375;453;202;0;
450;2024.10.05 00:15;4;24.4375;24.5625;24.375;453;202;0;
451;2024.10.05 00:30;4;24.375;24.5;24.375;453;202;0;
452;2024.10.05 00:45;4;24.375;24.5;24.375;453;202;0;
453;2024.10.05 01:00;4;24.375;24.5;24.3125;453;202;0;
454;2024.10.05 01:15;4;24.375;24.5;24.3125;453;202;0;
455;2024.10.05 01:30;4;24.375;24.5;24.25;453;202;0;
456;2024.10.05 01:45;4;24.3125;24.4375;24.25;452;202;0;
457;2024.10.05 02:00;4;24.3125;24.4375;24.25;452;202;0;
458;2024.10.05 02:15;4;24.25;24.375;24.25;452;202;0;
459;2024.10.05 02:30;4;24.25;24.375;24.1875;452;202;0;
460;2024.10.05 02:45;4;24.25;24.375;24.125;452;202;0;
461;2024.10.05 03:00;4;24.25;24.375;24.125;452;202;0;
462;2024.10.05 03:15;4;24.1875;24.375;24.125;452;202;0;
463;2024.10.05 03:30;4;24.125;24.3125;24.125;452;202;0;
464;2024.10.05 03:45;4;24.125;24.25;24.0625;452;202;0;
465;2024.10.05 04:00;4;24.125;24.25;24;452;202;0;
466;2024.10.05 04:15;4;24.125;24.25;24;452;202;0;
467;2024.10.05 04:30;4;24.0625;24.1875;24;451;202;0;
468;2024.10.05 04:45;4;24.0625;24.1875;24;451;202;0;
469;2024.10.05 05:00;4;24;24.125;23.9375;451;202;0;
470;2024.10.05 05:15;4;24;24.125;23.875;451;202;0;
471;2024.10.05 05:30;4;24;24.125;23.875;451;202;0;
472;2024.10.05 05:45;4;24;24.125;23.875;451;202;0;
473;2024.10.05 06:00;4;23.9375;24.0625;23.875;451;202;0;
474;2024.10.05 06:15;4;23.875;24;23.8125;451;202;0;
475;2024.10.05 06:30;4;23.875;24;23.75;451;202;0;
476;2024.10.05 06:45;4;23.875;24;23.75;450;202;0;
477;2024.10.05 07:00;4;23.8125;24;23.75;450;202;0;
478;2024.10.05 07:15;4;23.8125;23.9375;23.6875;450;202;0;
479;2024.10.05 07:30;4;23.75;23.875;23.625;450;202;0;
480;2024.10.05 07:45;4;23.75;23.875;23.625;450;202;0;
481;2024.10.05 08:00;4;23.75;23.875;23.625;450;202;0;
482;2024.10.05 08:15;4;23.75;23.875;23.625;450;202;0;
483;2024.10.05 08:30;4;23.6875;23.8125;23.5625;450;202;0;
484;2024.10.05 08:45;4;23.625;23.75;23.5;449;202;0;
485;2024.10.05 09:00;4;23.625;23.75;23.5;449;202;0;
486;2024.10.05 09:15;4;23.625;23.75;23.5;449;202;0;
487;2024.10.05 09:30;4;23.625;23.75;23.5;449;202;0;
488;2024.10.05 09:45;4;23.5625;23.6875;23.4375;449;202;0;
489;2024.10.05 10:00;4;23.5;23.625;23.4375;449;202;0;
490;2024.10.05 10:15;4;23.5;23.625;23.375;449;202;0;
491;2024.10.05 10:30;4;23.5;23.625;23.375;449;202;0;
492;2024.10.05 10:45;4;23.5;23.625;23.375;449;202;0;
493;2024.10.05 11:00;4;23.5;23.625;23.375;449;202;0;
494;2024.10.05 11:15;4;23.4375;23.5625;23.375;448;202;0;
495;2024.10.05 11:30;4;23.4375;23.5625;23.375;448;202;0;
496;2024.10.05 11:45;4;23.375;23.5;23.375;448;202;0;
497;2024.10.05 12:00;4;23.375;23.5;23.375;448;202;0;
498;2024.10.05 12:15;4;23.375;23.5;23.3125;448;202;0;
499;2024.10.05 12:30;4;23.375;23.5;23.375;448;202;0;
500;2024.10.05 12:45;4;23.375;23.5;23.375;448;202;0;
501;2024.10.05 13:00;4;23.375;23.5;23.375;448;202;0;
502;2024.10.05 13:15;4;23.375;23.5;23.375;448;202;0;
503;2024.10.05 13:30;4;23.375;23.5;23.375;448;202;0;
504;2024.10.05 13:45;4;23.375;23.5;23.375;448;202;0;
505;2024.10.05 14:00;4;23.375;23.5;23.375;448;202;0;
506;2024.10.05 14:15;4;23.375;23.5;23.375;448;202;0;
507;2024.10.05 14:30;4;23.375;23.5;23.375;448;202;0;
508;2024.10.05 14:45;4;23.375;23.5;23.4375;448;202;0;
509;2024.10.05 15:00;4;23.4375;23.5;23.4375;448;202;0;
510;2024.10.05 15:15;4;23.4375;23.5;23.5;448;202;0;
511;2024.10.05 15:30;4;23.5;23.5;23.5;448;202;0;
512;2024.10.05 15:45;4;23.5;23.5625;23.5;449;202;0;
513;2024.10.05 16:00;4;23.5;23.5625;23.5;449;202;0;
514;2024.10.05 16:15;4;23.5;23.625;23.5625;449;202;0;
515;2024.10.05 16:30;4;23.5;23.625;23.625;449;202;0;
516;2024.10.05 16:45;4;23.5625;23.625;23.625;449;202;0;
517;2024.10.05 17:00;4;23.5625;23.625;23.625;449;202;0;
518;2024.10.05 17:15;4;23.625;23.625;23.6875;449;202;0;
519;2024.10.05 17:30;4;23.625;23.6875;23.75;449;202;0;
520;2024.10.05 17:45;4;23.625;23.75;23.75;449;202;0;
521;2024.10.05 18:00;4;23.625;23.75;23.75;449;202;0;
522;2024.10.05 18:15;4;23.6875;23.75;23.8125;449;202;0;
523;2024.10.05 18:30;4;23.75;23.75;23.875;450;202;0;
524;2024.10.05 18:45;4;23.75;23.8125;23.875;450;202;0;
525;2024.10.05 19:00;4;23.75;23.875;23.875;450;202;0;
526;2024.10.05 19:15;4;23.8125;23.875;23.9375;450;202;0;
527;2024.10.05 19:30;4;23.8125;23.875;23.9375;450;202;0;
528;2024.10.05 19:45;4;23.875;23.875;24;450;202;0;
529;2024.10.05 20:00;4;23.875;23.9375;24;450;202;0;
530;2024.10.05 20:15;4;23.875;24;24;450;202;0;
531;2024.10.05 20:30;4;23.875;24;24;450;202;0;
532;2024.10.05 20:45;4;23.875;24;24;451;202;0;
533;2024.10.05 21:00;4;23.9375;24;24.0625;451;202;0;
534;2024.10.05 21:15;4;23.9375;24;24.0625;451;202;0;
535;2024.10.05 21:30;4;24;24;24.0625;451;202;0;
536;2024.10.05 21:45;4;24;24.0625;24.0625;451;202;0;
537;2024.10.05 22:00;4;24;24.0625;24.125;451;202;0;
538;2024.10.05 22:15;4;24;24.125;24.125;451;202;0;
539;2024.10.05 22:30;4;24;24.125;24.125;451;202;0;
540;2024.10.05 22:45;4;24;24.125;24.125;451;202;0;
541;2024.10.05 23:00;4;24;24.125;24.125;451;202;0;
542;2024.10.05 23:15;4;24;24.125;24.125;451;202;0;
543;2024.10.05 23:30;4;24;24.125;24.125;451;202;0;
544;2024.10.05 23:45;4;24;24.125;24.125;451;202;0;
545;2024.10.06 00:00;4;24;24.125;24.125;451;202;0;
546;2024.10.06 00:15;4;24;24.125;24.0625;451;202;0;
547;2024.10.06 00:30;4;24;24.125;24.125;451;202;0;
548;2024.10.06 00:45;4;24;24.125;24.0625;451;202;0;
549;2024.10.06 01:00;4;24;24.125;24.0625;451;202;0;
550;2024.10.06 01:15;4;24;24.125;24.0625;451;202;0;
551;2024.10.06 01:30;4;24;24.125;24.0625;451;202;0;
552;2024.10.06 01:45;4;24;24.125;24;451;202;0;
553;2024.10.06 02:00;4;24;24.125;24;451;202;0;
554;2024.10.06 02:15;4;24;24.125;24;451;202;0;
555;2024.10.06 02:30;4;24;24.125;24;451;202;0;
556;2024.10.06 02:45;4;24;24.125;24;451;202;0;
557;2024.10.06 03:00;4;24;24.125;24;451;202;0;
558;2024.10.06 03:15;4;24;24.125;24;451;202;0;
559;2024.10.06 03:30;4;24;24.125;24;451;202;0;
560;2024.10.06 03:45;4;23.9375;24.0625;23.9375;451;202;0;
561;2024.10.06 04:00;4;23.9375;24.0625;23.9375;451;202;0;
562;2024.10.06 04:15;4;23.9375;24.0625;23.9375;451;202;0;
563;2024.10.06 04:30;4;23.875;24;23.875;451;202;0;
564;2024.10.06 04:45;4;23.875;24;23.875;451;202;0;
565;2024.10.06 05:00;4;23.875;24;23.875;451;202;0;
566;2024.10.06 05:15;4;23.875;24;23.875;451;202;0;
567;2024.10.06 05:30;4;23.875;24;23.875;451;202;0;
568;2024.10.06 05:45;4;23.875;24;23.8125;450;202;0;
569;2024.10.06 06:00;4;23.875;24;23.8125;450;202;0;
570;2024.10.06 06:15;4;23.8125;23.9375;23.75;450;202;0;
571;2024.10.06 06:30;4;23.8125;23.9375;23.75;450;202;0;
572;2024.10.06 06:45;4;23.75;23.875;23.75;450;202;0;
573;2024.10.06 07:00;4;23.75;23.875;23.75;450;202;0;
574;2024.10.06 07:15;4;23.75;23.875;23.75;450;202;0;
575;2024.10.06 07:30;4;23.75;23.875;23.6875;450;202;0;
576;2024.10.06 07:45;4;23.75;23.875;23.625;450;202;0;
577;2024.10.06 08:00;4;23.75;23.875;23.625;450;202;0;
578;2024.10.06 08:15;4;23.6875;23.8125;23.625;450;202;0;
579;2024.10.06 08:30;4;23.625;23.75;23.625;450;202;0;
580;2024.10.06 08:45;4;23.625;23.75;23.625;450;202;0;
581;2024.10.06 09:00;4;23.625;23.75;23.5625;450;202;0;
582;2024.10.06 09:15;4;23.625;23.75;23.5;449;202;0;
583;2024.10.06 09:30;4;23.625;23.75;23.5;449;202;0;
584;2024.10.06 09:45;4;23.5625;23.6875;23.5;449;202;0;
585;2024.10.06 10:00;4;23.5;23.625;23.5;449;202;0;
586;2024.10.06 10:15;4;23.5;23.625;23.4375;449;202;0;
587;2024.10.06 10:30;4;23.5;23.625;23.4375;449;202;0;
588;2024.10.06 10:45;4;23.5;23.625;23.375;449;202;0;
589;2024.10.06 11:00;4;23.5;23.625;23.375;449;202;0;
590;2024.10.06 11:15;4;23.5;23.625;23.375;449;202;0;
591;2024.10.06 11:30;4;23.4375;23.5625;23.375;449;202;0;
592;2024.10.06 11:45;4;23.4375;23.5625;23.375;449;202;0;
593;2024.10.06 12:00;4;23.4375;23.5625;23.375;449;202;0;
594;2024.10.06 12:15;4;23.4375;23.5;23.375;449;202;0;
595;2024.10.06 12:30;4;23.4375;23.5;23.375;449;202;0;
596;2024.10.06 12:45;4;23.4375;23.5;23.375;449;202;0;
597;2024.10.06 13:00;4;23.4375;23.5;23.375;449;202;0;
598;2024.10.06 13:15;4;23.4375;23.5;23.375;449;202;0;
599;2024.10.06 13:30;4;23.4375;23.5;23.4375;449;202;0;
600;2024.10.06 13:45;4;23.4375;23.5;23.4375;449;202;0;
601;2024.10.06 14:00;4;23.4375;23.5;23.5;449;202;0;
602;2024.10.06 14:15;4;23.5;23.5;23.5;449;202;0;
603;2024.10.06 14:30;4;23.5;23.5625;23.5;449;202;0;
604;2024.10.06 14:45;4;23.5;23.5625;23.5;449;202;0;
605;2024.10.06 15:00;4;23.5;23.5625;23.5;449;202;0;
606;2024.10.06 15:15;4;23.5;23.625;23.5625;449;202;0;
607;2024.10.06 15:30;4;23.5;23.625;23.5625;449;202;0;
608;2024.10.06 15:45;4;23.5;23.625;23.625;449;202;0;
609;2024.10.06 16:00;4;23.5625;23.625;23.625;449;202;0;
610;2024.10.06 16:15;4;23.5625;23.625;23.625;449;202;0;
611;2024.10.06 16:30;4;23.625;23.625;23.6875;449;202;0;
612;2024.10.06 16:45;4;23.625;23.6875;23.75;449;202;0;
613;2024.10.06 17:00;4;23.625;23.75;23.75;449;202;0;
614;2024.10.06 17:15;4;23.625;23.75;23.75;450;202;0;
615;2024.10.06 17:30;4;23.6875;23.75;23.8125;450;202;0;
616;2024.10.06 17:45;4;23.75;23.75;23.875;450;202;0;
617;2024.10.06 18:00;4;23.75;23.8125;23.875;450;202;0;
618;2024.10.06 18:15;4;23.75;23.875;23.875;450;202;0;
619;2024.10.06 18:30;4;23.8125;23.875;23.9375;450;202;0;
620;2024.10.06 18:45;4;23.8125;23.875;24;450;202;0;
621;2024.10.06 19:00;4;23.875;23.875;24;450;202;0;
622;2024.10.06 19:15;4;23.875;24;24;451;202;0;
623;2024.10.06 19:30;4;23.875;24;24.0625;451;202;0;
624;2024.10.06 19:45;4;23.9375;24;24.125;451;202;0;
625;2024.10.06 20:00;4;24;24;24.125;451;202;0;
626;2024.10.06 20:15;4;24;24.0625;24.125;451;202;0;
627;2024.10.06 20:30;4;24;24.0625;24.125;451;202;0;
628;2024.10.06 20:45;4;24;24.125;24.125;451;202;0;
629;2024.10.06 21:00;4;24;24.125;24.1875;451;202;0;
630;2024.10.06 21:15;4;24;24.125;24.1875;451;202;0;
631;2024.10.06 21:30;4;24.0625;24.125;24.1875;452;202;0;
632;2024.10.06 21:45;4;24.125;24.125;24.25;451;202;0;
633;2024.10.06 22:00;4;24.125;24.1875;24.25;452;202;0;
634;2024.10.06 22:15;4;24.125;24.1875;24.25;452;202;0;
635;2024.10.06 22:30;4;24.125;24.25;24.25;452;202;0;
636;2024.10.06 22:45;4;24.125;24.25;24.25;452;202;0;
637;2024.10.06 23:00;4;24.125;24.25;24.25;452;202;0;
638;2024.10.06 23:15;4;24.125;24.25;24.25;452;202;0;
639;2024.10.06 23:30;4;24.125;24.25;24.25;452;202;0;
640;2024.10.06 23:45;4;24.1875;24.25;24.25;452;202;0;
641;2024.10.07 00:00;4;24.1875;24.25;24.3125;452;202;0;
642;2024.10.07 00:15;4;24.1875;24.25;24.3125;452;202;0;
643;2024.10.07 00:30;4;24.1875;24.3125;24.3125;452;202;0;
644;2024.10.07 00:45;4;24.1875;24.3125;24.3125;452;202;0;
645;2024.10.07 01:00;4;24.25;24.3125;24.3125;452;202;0;
646;2024.10.07 01:15;4;24.25;24.3125;24.3125;452;202;0;
647;2024.10.07 01:30;4;24.25;24.3125;24.3125;452;202;0;
648;2024.10.07 01:45;4;24.25;24.3125;24.3125;452;202;0;
649;2024.10.07 02:00;4;24.25;24.375;24.3125;452;202;0;
650;2024.10.07 02:15;4;24.25;24.375;24.3125;452;202;0;
651;2024.10.07 02:30;4;24.25;24.375;24.25;452;202;0;
652;2024.10.07 02:45;4;24.25;24.375;24.25;452;202;0;
653;2024.10.07 03:00;4;24.25;24.375;24.25;452;202;0;
654;2024.10.07 03:15;4;24.25;24.375;24.25;452;202;0;
655;2024.10.07 03:30;4;24.25;24.375;24.25;452;202;0;
656;2024.10.07 03:45;4;24.25;24.3125;24.25;452;202;0;
657;2024.10.07 04:00;4;24.25;24.3125;24.25;452;202;0;
658;2024.10.07 04:15;4;24.25;24.3125;24.25;452;202;0;
659;2024.10.07 04:30;4;24.25;24.3125;24.25;452;202;0;
660;2024.10.07 04:45;4;24.1875;24.3125;24.25;452;202;0;
661;2024.10.07 05:00;4;24.1875;24.3125;24.25;452;202;0;
662;2024.10.07 05:15;4;24.1875;24.25;24.25;452;202;0;
663;2024.10.07 05:30;4;24.125;24.25;24.1875;452;202;0;
664;2024.10.07 05:45;4;24.125;24.25;24.1875;452;202;0;
665;2024.10.07 06:00;4;24.125;24.25;24.125;452;202;0;
666;2024.10.07 06:15;4;24.125;24.25;24.125;452;202;0;
667;2024.10.07 06:30;4;24.125;24.25;24.125;452;202;0;
668;2024.10.07 06:45;4;24.125;24.25;24.125;452;202;0;
669;2024.10.07 07:00;4;24.125;24.25;24.125;452;202;0;
670;2024.10.07 07:15;4;24.0625;24.25;24.0625;452;202;0;
671;2024.10.07 07:30;4;24.0625;24.1875;24;452;202;0;
672;2024.10.07 07:45;4;24.0625;24.1875;24;452;202;0;
673;2024.10.07 08:00;4;24;24.125;24;452;202;0;
674;2024.10.07 08:15;4;24;24.125;24;451;202;0;
675;2024.10.07 08:30;4;24;24.125;24;451;202;0;
676;2024.10.07 08:45;4;24;24.125;23.9375;451;202;0;
677;2024.10.07 09:00;4;24;24.125;23.9375;451;202;0;
678;2024.10.07 09:15;4;23.9375;24.0625;23.875;451;202;0;
679;2024.10.07 09:30;4;23.9375;24.0625;23.875;451;202;0;
680;2024.10.07 09:45;4;23.9375;24.0625;23.875;451;202;0;
681;2024.10.07 10:00;4;23.875;24;23.875;451;202;0;
682;2024.10.07 10:15;4;23.875;24;23.875;451;202;0;
683;2024.10.07 10:30;4;23.875;24;23.8125;451;202;0;
684;2024.10.07 10:45;4;23.875;24;23.8125;451;202;0;
685;2024.10.07 11:00;4;23.875;24;23.8125;451;202;0;
686;2024.10.07 11:15;4;23.875;24;23.75;451;202;0;
687;2024.10.07 11:30;4;23.8125;23.9375;23.75;451;202;0;
688;2024.10.07 11:45;4;23.8125;23.9375;23.75;451;202;0;
689;2024.10.07 12:00;4;23.8125;23.9375;23.75;451;202;0;
690;2024.10.07 12:15;4;23.8125;23.875;23.75;451;202;0;
691;2024.10.07 12:30;4;23.8125;23.875;23.75;451;202;0;
692;2024.10.07 12:45;4;23.8125;23.875;23.8125;451;202;0;
693;2024.10.07 13:00;4;23.8125;23.875;23.8125;451;202;0;
694;2024.10.07 13:15;4;23.8125;23.875;23.875;451;202;0;
695;2024.10.07 13:30;4;23.8125;23.9375;23.875;451;202;0;
696;2024.10.07 13:45;4;23.875;23.9375;23.875;451;202;0;
697;2024.10.07 14:00;4;23.875;23.9375;23.875;451;202;0;
698;2024.10.07 14:15;4;23.875;23.9375;23.875;451;202;0;
699;2024.10.07 14:30;4;23.875;23.9375;23.875;451;202;0;
700;2024.10.07 14:45;4;23.875;24;23.875;451;202;0;
701;2024.10.07 15:00;4;23.875;24;23.9375;451;202;0;
702;2024.10.07 15:15;4;23.875;24;24;451;202;0;
703;2024.10.07 15:30;4;23.875;24;24;451;202;0;
704;2024.10.07 15:45;4;23.9375;24;24;451;202;0;
705;2024.10.07 16:00;4;23.9375;24;24;451;202;0;
706;2024.10.07 16:15;4;24;24;24.0625;451;202;0;
707;2024.10.07 16:30;4;24;24.0625;24.125;451;202;0;
708;2024.10.07 16:45;4;24;24.125;24.125;451;202;0;
709;2024.10.07 17:00;4;24;24.125;24.125;451;202;0;
710;2024.10.07 17:15;4;24;24.125;24.125;452;202;0;
711;2024.10.07 17:30;4;24.0625;24.125;24.1875;452;202;0;
712;2024.10.07 17:45;4;24.0625;24.125;24.1875;452;202;0;
713;2024.10.07 18:00;4;24.125;24.125;24.25;452;202;0;
714;2024.10.07 18:15;4;24.25;24.25;24.4375;452;202;0;
715;2024.10.07 18:30;4;24.4375;24.375;24.625;453;202;0;
716;2024.10.07 18:45;4;24.625;24.5;24.8125;454;202;0;
717;2024.10.07 19:00;4;24.75;24.625;25;454;202;0;
718;2024.10.07 19:15;4;24.875;24.75;25.125;455;202;0;
719;2024.10.07 19:30;4;24.9375;24.875;25.25;455;202;0;
720;2024.10.07 19:45;4;25;25;25.3125;456;202;0;
721;2024.10.07 20:00;4;25.125;25.0625;25.375;456;202;0;
722;2024.10.07 20:15;4;25.1875;25.125;25.4375;456;202;0;
723;2024.10.07 20:30;4;25.25;25.1875;25.5;457;202;0;
724;2024.10.07 20:45;4;25.25;25.25;25.5;456;202;0;
725;2024.10.07 21:00;4;25.375;25.3125;25.625;456;202;0;
726;2024.10.07 21:15;4;25.375;25.375;25.625;456;202;0;
727;2024.10.07 21:30;4;25.4375;25.4375;25.625;456;202;0;
728;2024.10.07 21:45;4;25.5;25.5;25.625;456;202;0;
729;2024.10.07 22:00;4;25.5;25.5;25.625;457;202;0;
730;2024.10.07 22:15;4;25.4375;25.5;25.625;456;202;0;
731;2024.10.07 22:30;4;25.4375;25.5;25.5625;456;202;0;
732;2024.10.07 22:45;4;25.375;25.5;25.5;456;202;0;
733;2024.10.07 23:00;4;25.375;25.5;25.5;456;202;0;
734;2024.10.07 23:15;4;25.375;25.5;25.4375;456;202;0;
735;2024.10.07 23:30;4;25.375;25.5;25.375;449;202;0;
736;2024.10.07 23:45;4;25.3125;25.4375;25.4375;452;202;0;
737;2024.10.08 00:00;4;25.3125;25.4375;25.375;452;202;0;
738;2024.10.08 00:15;4;25.25;25.375;25.375;452;202;0;
739;2024.10.08 00:30;4;25.25;25.375;25.3125;452;202;0;
740;2024.10.08 00:45;4;25.25;25.375;25.25;451;202;0;
741;2024.10.08 01:00;4;25.1875;25.375;25.25;451;202;0;
742;2024.10.08 01:15;4;25.125;25.3125;25.1875;451;202;0;
743;2024.10.08 01:30;4;25.125;25.25;25.125;451;202;0;
744;2024.10.08 01:45;4;25.0625;25.25;25.125;451;202;0;
745;2024.10.08 02:00;4;25;25.25;25.0625;450;202;0;
746;2024.10.08 02:15;4;25;25.1875;25;450;202;0;
747;2024.10.08 02:30;4;25;25.125;25;450;202;0;
748;2024.10.08 02:45;4;24.9375;25.125;25;450;202;0;
749;2024.10.08 03:00;4;24.875;25.0625;24.875;450;202;0;
750;2024.10.08 03:15;4;24.875;25;24.875;450;202;0;
751;2024.10.08 03:30;4;24.8125;25;24.8125;449;202;0;
752;2024.10.08 03:45;4;24.75;24.9375;24.75;449;202;0;
753;2024.10.08 04:00;4;24.75;24.875;24.75;449;202;0;
754;2024.10.08 04:15;4;24.625;24.875;24.6875;449;202;0;
755;2024.10.08 04:30;4;24.625;24.8125;24.625;449;202;0;
756;2024.10.08 04:45;4;24.625;24.75;24.625;448;202;0;
757;2024.10.08 05:00;4;24.5625;24.75;24.5625;448;202;0;
758;2024.10.08 05:15;4;24.5;24.75;24.5;448;202;0;
759;2024.10.08 05:30;4;24.5;24.625;24.5;448;202;0;
760;2024.10.08 05:45;4;24.4375;24.625;24.5;448;202;0;
761;2024.10.08 06:00;4;24.375;24.625;24.4375;448;202;0;
762;2024.10.08 06:15;4;24.375;24.5625;24.375;447;202;0;
763;2024.10.08 06:30;4;24.375;24.5;24.375;447;202;0;
764;2024.10.08 06:45;4;24.3125;24.5;24.3125;447;202;0;
765;2024.10.08 07:00;4;24.25;24.4375;24.25;447;202;0;
766;2024.10.08 07:15;4;24.25;24.375;24.25;447;202;0;
767;2024.10.08 07:30;4;24.1875;24.375;24.25;447;202;0;
768;2024.10.08 07:45;4;24.125;24.375;24.125;446;202;0;
769;2024.10.08 08:00;4;24.125;24.25;24.125;446;202;0;
770;2024.10.08 08:15;4;24.125;24.25;24.125;446;202;0;
771;2024.10.08 08:30;4;24.0625;24.25;24;446;202;0;
772;2024.10.08 08:45;4;24;24.1875;24;446;202;0;
773;2024.10.08 09:00;4;24;24.125;24;446;202;0;
774;2024.10.08 09:15;4;23.9375;24.125;23.9375;445;202;0;
775;2024.10.08 09:30;4;23.875;24.0625;23.875;445;202;0;
776;2024.10.08 09:45;4;23.875;24;23.875;445;202;0;
777;2024.10.08 10:00;4;23.875;24;23.875;445;202;0;
778;2024.10.08 10:15;4;23.8125;24;23.8125;445;202;0;
779;2024.10.08 10:30;4;23.75;23.9375;23.75;445;202;0;
780;2024.10.08 10:45;4;23.75;23.9375;23.75;445;202;0;
781;2024.10.08 11:00;4;23.75;23.875;23.75;445;202;0;
782;2024.10.08 11:15;4;23.75;23.875;23.75;445;202;0;
783;2024.10.08 11:30;4;23.75;23.875;23.75;445;202;0;
784;2024.10.08 11:45;4;23.75;23.875;23.75;445;202;0;
785;2024.10.08 12:00;4;23.75;23.875;23.75;445;202;0;
786;2024.10.08 12:15;4;23.75;23.875;23.75;445;202;0;
787;2024.10.08 12:30;4;23.75;23.875;23.8125;445;202;0;
788;2024.10.08 12:45;4;23.75;23.875;23.8125;445;202;0;
789;2024.10.08 13:00;4;23.75;23.875;23.8125;445;202;0;
790;2024.10.08 13:15;4;23.625;23.875;23.75;444;202;0;
791;2024.10.08 13:30;4;23.5625;23.75;23.625;444;202;0;
792;2024.10.08 13:45;4;23.5;23.75;23.5625;444;202;0;
793;2024.10.08 14:00;4;23.4375;23.6875;23.5;443;202;0;
794;2024.10.08 14:15;4;23.5;23.625;23.4375;443;202;0;
795;2024.10.08 14:30;4;23.5;23.625;23.5;443;202;0;
796;2024.10.08 14:45;4;23.5625;23.625;23.5625;444;202;0;
797;2024.10.08 15:00;4;23.625;23.75;23.625;444;202;0;
798;2024.10.08 15:15;4;23.75;23.75;23.75;444;202;0;
799;2024.10.08 15:30;4;23.75;23.8125;23.8125;444;202;0;
800;2024.10.08 15:45;4;23.75;23.875;23.875;444;202;0;
801;2024.10.08 16:00;4;23.8125;23.875;23.875;444;202;0;
802;2024.10.08 16:15;4;23.8125;23.875;23.875;445;202;0;
803;2024.10.08 16:30;4;23.8125;23.875;23.875;444;202;0;
804;2024.10.08 16:45;4;23.8125;23.875;23.8125;445;202;0;
805;2024.10.08 17:00;4;23.8125;23.875;23.875;445;202;0;
806;2024.10.08 17:15;4;23.8125;23.875;23.875;445;202;0;
807;2024.10.08 17:30;4;23.875;23.9375;23.875;445;202;0;
808;2024.10.08 17:45;4;23.875;23.9375;23.875;445;202;0;
809;2024.10.08 18:00;4;23.875;23.9375;23.875;445;202;0;
810;2024.10.08 18:15;4;23.875;24;23.875;445;202;0;
811;2024.10.08 18:30;4;23.875;24;23.875;445;202;0;
812;2024.10.08 18:45;4;23.875;24;23.9375;445;202;0;
813;2024.10.08 19:00;4;23.875;24;23.9375;445;202;0;
814;2024.10.08 19:15;4;23.875;24;23.9375;445;202;0;
815;2024.10.08 19:30;4;23.875;24;23.9375;445;202;0;
816;2024.10.08 19:45;4;23.875;24;23.9375;445;202;0;
817;2024.10.08 20:00;4;23.875;24;23.9375;445;202;0;
818;2024.10.08 20:15;4;23.875;24;23.9375;445;202;0;
819;2024.10.08 20:30;4;23.9375;24;24;445;202;0;
820;2024.10.08 20:45;4;24;24.0625;24;445;202;0;
821;2024.10.08 21:00;4;24.125;24.125;24.125;445;202;0;
822;2024.10.08 21:15;4;24.25;24.25;24.25;446;202;0;
823;2024.10.08 21:30;4;24.3125;24.3125;24.375;446;202;0;
824;2024.10.08 21:45;4;24.4375;24.375;24.5;447;202;0;
825;2024.10.08 22:00;4;24.5;24.5;24.625;447;202;0;
826;2024.10.08 22:15;4;24.625;24.5625;24.75;447;202;0;
827;2024.10.08 22:30;4;24.75;24.625;24.8125;448;202;0;
828;2024.10.08 22:45;4;24.8125;24.75;24.875;448;202;0;
829;2024.10.08 23:00;4;24.875;24.875;25;449;202;0;
830;2024.10.08 23:15;4;24.9375;24.875;25.0625;449;202;0;
831;2024.10.08 23:30;4;25;25;25.125;449;202;0;
832;2024.10.08 23:45;4;25.0625;25;25.125;449;202;0;
833;2024.10.09 00:00;4;25.125;25.0625;25.1875;450;202;0;
834;2024.10.09 00:15;4;25.125;25.125;25.1875;450;202;0;
835;2024.10.09 00:30;4;25.125;25.125;25.25;450;202;0;
836;2024.10.09 00:45;4;25.125;25.125;25.25;450;202;0;
837;2024.10.09 01:00;4;25.1875;25.1875;25.25;450;202;0;
838;2024.10.09 01:15;4;25.1875;25.25;25.25;450;202;0;
839;2024.10.09 01:30;4;25.1875;25.25;25.25;450;202;0;
840;2024.10.09 01:45;4;25.1875;25.25;25.25;450;202;0;
841;2024.10.09 02:00;4;25.1875;25.25;25.25;450;202;0;
842;2024.10.09 02:15;4;25.25;25.25;25.25;450;202;0;
843;2024.10.09 02:30;4;25.25;25.25;25.25;450;202;0;
844;2024.10.09 02:45;4;25.25;25.25;25.25;450;202;0;
845;2024.10.09 03:00;4;25.25;25.25;25.25;450;202;0;
846;2024.10.09 03:15;4;25.25;25.25;25.25;450;202;0;
847;2024.10.09 03:30;4;25.1875;25.25;25.25;450;202;0;
848;2024.10.09 03:45;4;25.1875;25.25;25.25;450;202;0;
849;2024.10.09 04:00;4;25.1875;25.25;25.25;450;202;0;
850;2024.10.09 04:15;4;25.1875;25.25;25.25;450;202;0;
851;2024.10.09 04:30;4;25.1875;25.25;25.25;450;202;0;
852;2024.10.09 04:45;4;25.1875;25.25;25.1875;450;202;0;
853;2024.10.09 05:00;4;25.125;25.25;25.1875;450;202;0;
854;2024.10.09 05:15;4;25.125;25.25;25.125;450;202;0;
855;2024.10.09 05:30;4;25.125;25.25;25.125;450;202;0;
856;2024.10.09 05:45;4;25.125;25.25;25.125;450;202;0;
857;2024.10.09 06:00;4;25.125;25.1875;25.125;450;202;0;
858;2024.10.09 06:15;4;25.125;25.1875;25.125;450;202;0;
859;2024.10.09 06:30;4;25.0625;25.1875;25.125;450;202;0;
860;2024.10.09 06:45;4;25.0625;25.125;25.0625;450;202;0;
861;2024.10.09 07:00;4;25;25.125;25.0625;450;202;0;
862;2024.10.09 07:15;4;25;25.125;25.0625;450;202;0;
863;2024.10.09 07:30;4;25;25.125;25;450;202;0;
864;2024.10.09 07:45;4;25;25.125;25;450;202;0;
865;2024.10.09 08:00;4;25;25.125;25;450;202;0;
866;2024.10.09 08:15;4;25;25.0625;25;450;202;0;
867;2024.10.09 08:30;4;24.9375;25.0625;24.9375;449;202;0;
868;2024.10.09 08:45;4;24.875;25;24.875;449;202;0;
869;2024.10.09 09:00;4;24.875;25;24.875;449;202;0;
870;2024.10.09 09:15;4;24.875;25;24.875;449;202;0;
871;2024.10.09 09:30;4;24.875;25;24.875;449;202;0;
872;2024.10.09 09:45;4;24.875;25;24.875;449;202;0;
873;2024.10.09 10:00;4;24.8125;24.9375;24.8125;449;202;0;
874;2024.10.09 10:15;4;24.75;24.875;24.8125;449;202;0;
875;2024.10.09 10:30;4;24.75;24.875;24.75;449;202;0;
876;2024.10.09 10:45;4;24.75;24.875;24.75;449;202;0;
877;2024.10.09 11:00;4;24.75;24.875;24.75;449;202;0;
878;2024.10.09 11:15;4;24.75;24.875;24.75;449;202;0;
879;2024.10.09 11:30;4;24.75;24.875;24.75;449;202;0;
880;2024.10.09 11:45;4;24.75;24.875;24.75;449;202;0;
881;2024.10.09 12:00;4;24.75;24.875;24.75;449;202;0;
882;2024.10.09 12:15;4;24.75;24.875;24.75;449;202;0;
883;2024.10.09 12:30;4;24.75;24.875;24.75;449;202;0;
884;2024.10.09 12:45;4;24.75;24.875;24.75;449;202;0;
885;2024.10.09 13:00;4;24.75;24.875;24.75;449;202;0;
886;2024.10.09 13:15;4;24.75;24.875;24.75;449;202;0;
887;2024.10.09 13:30;4;24.625;24.8125;24.6875;448;202;0;
888;2024.10.09 13:45;4;24.5;24.75;24.625;448;202;0;
889;2024.10.09 14:00;4;24.4375;24.6875;24.5;448;202;0;
890;2024.10.09 14:15;4;24.3125;24.625;24.375;447;202;0;
891;2024.10.09 14:30;4;24.25;24.5;24.25;447;202;0;
892;2024.10.09 14:45;4;24.125;24.375;24.125;446;202;0;
893;2024.10.09 15:00;4;24;24.3125;24.0625;446;202;0;
894;2024.10.09 15:15;4;24;24.25;24;445;202;0;
895;2024.10.09 15:30;4;23.875;24.125;23.875;445;202;0;
896;2024.10.09 15:45;4;23.8125;24.125;23.8125;445;202;0;
897;2024.10.09 16:00;4;23.75;24;23.75;445;202;0;
898;2024.10.09 16:15;4;23.75;24;23.6875;444;202;0;
899;2024.10.09 16:30;4;23.625;23.875;23.625;444;202;0;
900;2024.10.09 16:45;4;23.625;23.875;23.625;444;202;0;
901;2024.10.09 17:00;4;23.625;23.8125;23.5625;444;202;0;
902;2024.10.09 17:15;4;23.625;23.8125;23.625;444;202;0;
903;2024.10.09 17:30;4;23.75;23.875;23.75;444;202;0;
904;2024.10.09 17:45;4;23.875;23.875;23.875;444;202;0;
905;2024.10.09 18:00;4;23.9375;24;24;445;202;0;
906;2024.10.09 18:15;4;24;24.0625;24.125;445;202;0;
907;2024.10.09 18:30;4;24.125;24.125;24.1875;446;202;0;
908;2024.10.09 18:45;4;24.1875;24.1875;24.25;446;202;0;
909;2024.10.09 19:00;4;24.25;24.25;24.375;446;202;0;
910;2024.10.09 19:15;4;24.375;24.375;24.5;445;202;0;
911;2024.10.09 19:30;4;24.5;24.5;24.625;445;202;0;
912;2024.10.09 19:45;4;24.75;24.625;24.8125;447;202;0;
913;2024.10.09 20:00;-12;25.625;25.375;25.875;461;202;0;
914;2024.10.09 20:15;-12;25.375;25.3125;25.5625;450;202;0;
915;2024.10.09 20:30;-12;25.3125;25.25;25.375;450;202;0;
916;2024.10.09 20:45;-12;25.25;25.25;25.3125;450;202;0;
917;2024.10.09 21:00;-12;25.25;25.25;25.25;449;202;0;
918;2024.10.09 21:15;-12;25.1875;25.25;25.25;449;202;0;
919;2024.10.09 21:30;-12;25.1875;25.25;25.25;449;202;0;
920;2024.10.09 21:45;-12;25.125;25.25;25.1875;449;202;0;
921;2024.10.09 22:00;-12;25.125;25.25;25.125;449;202;0;
922;2024.10.09 22:15;-12;25.125;25.25;25.125;449;202;0;
923;2024.10.09 22:30;-12;25.125;25.25;25.125;449;202;0;
924;2024.10.09 22:45;-12;25.0625;25.25;25.125;449;202;0;
925;2024.10.09 23:00;-12;25;25.1875;25.125;449;202;0;
926;2024.10.09 23:15;-12;25;25.125;25.0625;449;202;0;
927;2024.10.09 23:30;-12;25;25.125;25.0625;449;202;0;
928;2024.10.09 23:45;-12;25;25.125;25;449;202;0;
929;2024.10.10 00:00;-12;25;25.125;25;449;202;0;
930;2024.10.10 00:15;-12;24.9375;25.125;25;449;202;0;
931;2024.10.10 00:30;-12;24.9375;25.125;25;448;202;0;
932;2024.10.10 00:45;-12;24.875;25.0625;24.9375;448;202;0;
933;2024.10.10 01:00;-12;24.875;25;24.9375;448;202;0;
934;2024.10.10 01:15;-12;24.875;25;24.875;448;202;0;
935;2024.10.10 01:30;-12;24.875;25;24.875;448;202;0;
936;2024.10.10 01:45;-12;24.875;25;24.875;448;202;0;
937;2024.10.10 02:00;-12;24.8125;25;24.875;448;202;0;
938;2024.10.10 02:15;-12;24.75;24.9375;24.875;448;202;0;
939;2024.10.10 02:30;-12;24.75;24.9375;24.8125;448;202;0;
940;2024.10.10 02:45;-12;24.75;24.875;24.8125;448;202;0;
941;2024.10.10 03:00;-12;24.75;24.875;24.75;448;202;0;
942;2024.10.10 03:15;-12;24.75;24.875;24.75;448;202;0;
943;2024.10.10 03:30;-12;24.6875;24.875;24.75;447;202;0;
944;2024.10.10 03:45;-12;24.6875;24.875;24.75;447;202;0;
945;2024.10.10 04:00;-12;24.6875;24.8125;24.75;447;202;0;
946;2024.10.10 04:15;-12;24.625;24.8125;24.6875;447;202;0;
947;2024.10.10 04:30;-12;24.625;24.75;24.6875;447;202;0;
948;2024.10.10 04:45;-12;24.625;24.75;24.625;447;202;0;
949;2024.10.10 05:00;-12;24.625;24.75;24.625;447;202;0;
950;2024.10.10 05:15;-12;24.625;24.75;24.625;447;202;0;
951;2024.10.10 05:30;-12;24.5625;24.75;24.625;447;202;0;
952;2024.10.10 05:45;-12;24.5;24.6875;24.625;447;202;0;
953;2024.10.10 06:00;-12;24.5;24.6875;24.625;447;202;0;
954;2024.10.10 06:15;-12;24.5;24.625;24.5625;447;202;0;
955;2024.10.10 06:30;-12;24.5;24.625;24.5625;447;202;0;
956;2024.10.10 06:45;-12;24.5;24.625;24.5;447;202;0;
957;2024.10.10 07:00;-12;24.5;24.625;24.5;446;202;0;
958;2024.10.10 07:15;-12;24.4375;24.625;24.5;446;202;0;
959;2024.10.10 07:30;-12;24.4375;24.5625;24.5;446;202;0;
960;2024.10.10 07:45;-12;24.375;24.5625;24.5;446;202;0;
961;2024.10.10 08:00;-12;24.375;24.5625;24.5;446;202;0;
962;2024.10.10 08:15;-12;24.375;24.5;24.4375;446;202;0;
963;2024.10.10 08:30;-12;24.375;24.5;24.375;446;202;0;
964;2024.10.10 08:45;-12;24.375;24.5;24.375;446;202;0;
965;2024.10.10 09:00;-12;24.3125;24.5;24.375;446;202;0;
966;2024.10.10 09:15;-12;24.3125;24.5;24.375;446;202;0;
967;2024.10.10 09:30;-12;24.25;24.4375;24.375;446;202;0;
968;2024.10.10 09:45;-12;24.25;24.375;24.3125;446;202;0;
969;2024.10.10 10:00;-12;24.25;24.375;24.3125;446;202;0;
970;2024.10.10 10:15;-12;24.25;24.375;24.25;446;202;0;
971;2024.10.10 10:30;-12;24.25;24.375;24.25;445;202;0;
972;2024.10.10 10:45;-12;24.1875;24.375;24.25;445;202;0;
973;2024.10.10 11:00;-12;24.1875;24.3125;24.25;445;202;0;
974;2024.10.10 11:15;-12;24.125;24.3125;24.25;445;202;0;
975;2024.10.10 11:30;-12;24.125;24.25;24.25;445;202;0;
976;2024.10.10 11:45;-12;24.125;24.25;24.1875;445;202;0;
977;2024.10.10 12:00;-12;24.125;24.25;24.1875;445;202;0;
978;2024.10.10 12:15;-12;24.125;24.25;24.125;445;202;0;
979;2024.10.10 12:30;-12;24.125;24.25;24.125;445;202;0;
980;2024.10.10 12:45;-12;24.125;24.25;24.125;445;202;0;
981;2024.10.10 13:00;-12;24.125;24.25;24.125;445;202;0;
982;2024.10.10 13:15;-12;24.125;24.25;24.125;445;202;0;
983;2024.10.10 13:30;-12;24.125;24.25;24.125;445;202;0;
984;2024.10.10 13:45;-12;24.125;24.25;24.1875;445;202;0;
985;2024.10.10 14:00;-12;24.125;24.25;24.1875;445;202;0;
986;2024.10.10 14:15;-12;24.1875;24.25;24.25;445;202;0;
987;2024.10.10 14:30;-12;24.1875;24.25;24.25;445;202;0;
988;2024.10.10 14:45;-12;24.25;24.3125;24.25;445;202;0;
989;2024.10.10 15:00;-12;24.25;24.3125;24.25;446;202;0;
990;2024.10.10 15:15;-12;24.25;24.375;24.25;446;202;0;
991;2024.10.10 15:30;-12;24.3125;24.375;24.3125;446;202;0;
992;2024.10.10 15:45;-12;24.375;24.375;24.375;446;202;0;
993;2024.10.10 16:00;-12;24.375;24.375;24.375;446;202;0;
994;2024.10.10 16:15;-12;24.375;24.4375;24.375;446;202;0;
995;2024.10.10 16:30;-12;24.5;24.5;24.4375;446;202;0;
996;2024.10.10 16:45;-12;24.5;24.5;24.5;447;202;0;
997;2024.10.10 17:00;-12;24.5;24.5;24.5;447;202;0;
998;2024.10.10 17:15;-12;24.5;24.5625;24.5;447;202;0;
999;2024.10.10 17:30;-12;24.5625;24.625;24.5625;447;202;0;
1000;2024.10.10 17:45;-12;24.625;24.625;24.625;447;202;0;
1001;2024.10.10 18:00;-12;24.625;24.625;24.625;447;202;0;
1002;2024.10.10 18:15;-12;24.625;24.625;24.625;447;202;0;
1003;2024.10.10 18:30;-12;24.625;24.6875;24.625;447;202;0;
1004;2024.10.10 18:45;-12;24.6875;24.75;24.6875;448;202;0;
1005;2024.10.10 19:00;-12;24.75;24.75;24.6875;448;202;0;
1006;2024.10.10 19:15;-12;24.75;24.75;24.75;448;202;0;
1007;2024.10.10 19:30;-12;24.75;24.75;24.75;448;202;0;
1008;2024.10.10 19:45;-12;24.75;24.8125;24.75;448;202;0;
1009;2024.10.10 20:00;-12;24.75;24.8125;24.75;448;202;0;
1010;2024.10.10 20:15;-12;24.8125;24.875;24.8125;448;202;0;
1011;2024.10.10 20:30;-12;24.8125;24.875;24.8125;448;202;0;
1012;2024.10.10 20:45;-12;24.875;24.875;24.875;448;202;0;
1013;2024.10.10 21:00;-12;24.875;24.875;24.875;448;202;0;
1014;2024.10.10 21:15;-12;24.875;24.875;24.875;448;202;0;
1015;2024.10.10 21:30;-12;24.875;24.9375;24.875;448;202;0;
1016;2024.10.10 21:45;-12;24.875;24.9375;24.875;449;202;0;
1017;2024.10.10 22:00;-12;24.875;24.9375;24.875;449;202;0;
1018;2024.10.10 22:15;-12;24.875;24.9375;24.875;449;202;0;
1019;2024.10.10 22:30;-12;24.875;25;24.875;449;202;0;
1020;2024.10.10 22:45;-12;24.875;25;24.875;449;202;0;
1021;2024.10.10 23:00;-12;24.875;25;24.9375;449;202;0;
1022;2024.10.10 23:15;-12;24.875;25;24.9375;449;202;0;
1023;2024.10.10 23:30;-12;24.875;25;24.9375;449;202;0;
1024;2024.10.10 23:45;-12;24.875;25;24.9375;449;202;0;
1025;2024.10.11 00:00;-12;24.875;25;24.9375;449;202;0;
1026;2024.10.11 00:15;-12;24.875;25;24.9375;449;202;0;
1027;2024.10.11 00:30;-12;24.875;25;24.9375;449;202;0;
1028;2024.10.11 00:45;-12;24.875;25;24.9375;449;202;0;
1029;2024.10.11 01:00;-12;24.875;25;24.9375;449;202;0;
1030;2024.10.11 01:15;-12;24.875;25;24.875;449;202;0;
1031;2024.10.11 01:30;-12;24.875;25;24.875;449;202;0;
1032;2024.10.11 01:45;-12;24.875;25;24.875;449;202;0;
1033;2024.10.11 02:00;-12;24.875;25;24.875;449;202;0;
1034;2024.10.11 02:15;-12;24.8125;24.9375;24.875;448;202;0;
1035;2024.10.11 02:30;-12;24.75;24.9375;24.875;448;202;0;
1036;2024.10.11 02:45;-12;24.75;24.875;24.875;448;202;0;
1037;2024.10.11 03:00;-12;24.75;24.875;24.8125;448;202;0;
1038;2024.10.11 03:15;-12;24.75;24.875;24.75;448;202;0;
1039;2024.10.11 03:30;-12;24.6875;24.875;24.75;448;202;0;
1040;2024.10.11 03:45;-12;24.625;24.875;24.75;448;202;0;
1041;2024.10.11 04:00;-12;24.625;24.8125;24.75;448;202;0;
1042;2024.10.11 04:15;-12;24.625;24.75;24.6875;448;202;0;
1043;2024.10.11 04:30;-12;24.625;24.75;24.6875;448;202;0;
1044;2024.10.11 04:45;-12;24.625;24.75;24.625;448;202;0;
1045;2024.10.11 05:00;-12;24.625;24.75;24.625;448;202;0;
1046;2024.10.11 05:15;-12;24.5625;24.75;24.625;447;202;0;
1047;2024.10.11 05:30;-12;24.5;24.6875;24.625;447;202;0;
1048;2024.10.11 05:45;-12;24.5;24.6875;24.625;447;202;0;
1049;2024.10.11 06:00;-12;24.5;24.625;24.5625;447;202;0;
1050;2024.10.11 06:15;-12;24.5;24.625;24.5625;447;202;0;
1051;2024.10.11 06:30;-12;24.5;24.625;24.5;447;202;0;
1052;2024.10.11 06:45;-12;24.5;24.625;24.5;447;202;0;
1053;2024.10.11 07:00;-12;24.4375;24.625;24.5;447;202;0;
1054;2024.10.11 07:15;-12;24.4375;24.625;24.5;447;202;0;
1055;2024.10.11 07:30;-12;24.375;24.5625;24.5;447;202;0;
1056;2024.10.11 07:45;-12;24.375;24.5625;24.5;447;202;0;
1057;2024.10.11 08:00;-12;24.375;24.5;24.4375;447;202;0;
1058;2024.10.11 08:15;-12;24.375;24.5;24.4375;447;202;0;
1059;2024.10.11 08:30;-12;24.375;24.5;24.375;447;202;0;
1060;2024.10.11 08:45;-12;24.375;24.5;24.375;447;202;0;
1061;2024.10.11 09:00;-12;24.375;24.5;24.375;447;202;0;
1062;2024.10.11 09:15;-12;24.3125;24.5;24.375;447;202;0;
1063;2024.10.11 09:30;-12;24.3125;24.5;24.375;446;202;0;
1064;2024.10.11 09:45;-12;24.3125;24.4375;24.375;446;202;0;
1065;2024.10.11 10:00;-12;24.25;24.4375;24.375;446;202;0;
1066;2024.10.11 10:15;-12;24.25;24.375;24.375;446;202;0;
1067;2024.10.11 10:30;-12;24.25;24.375;24.3125;446;202;0;
1068;2024.10.11 10:45;-12;24.25;24.375;24.3125;446;202;0;
1069;2024.10.11 11:00;-12;24.25;24.375;24.3125;446;202;0;
1070;2024.10.11 11:15;-12;24.25;24.375;24.3125;446;202;0;
1071;2024.10.11 11:30;-12;24.25;24.375;24.25;446;202;0;
1072;2024.10.11 11:45;-12;24.25;24.375;24.25;446;202;0;
1073;2024.10.11 12:00;-12;24.25;24.375;24.25;446;202;0;
1074;2024.10.11 12:15;-12;24.25;24.375;24.25;446;202;0;
1075;2024.10.11 12:30;-12;24.25;24.375;24.25;446;202;0;
1076;2024.10.11 12:45;-12;24.25;24.375;24.3125;446;202;0;
1077;2024.10.11 13:00;-12;24.25;24.375;24.3125;446;202;0;
1078;2024.10.11 13:15;-12;24.3125;24.375;24.3125;446;202;0;
1079;2024.10.11 13:30;-12;24.3125;24.375;24.375;446;202;0;
1080;2024.10.11 13:45;-12;24.375;24.375;24.375;447;202;0;
1081;2024.10.11 14:00;-12;24.375;24.4375;24.375;447;202;0;
1082;2024.10.11 14:15;-12;24.375;24.5;24.4375;447;202;0;
1083;2024.10.11 14:30;-12;24.4375;24.5;24.5;447;202;0;
1084;2024.10.11 14:45;-12;24.5;24.5;24.5;447;202;0;
1085;2024.10.11 15:00;-12;24.5;24.5;24.5;447;202;0;
1086;2024.10.11 15:15;-12;24.5;24.5625;24.5625;447;202;0;
1087;2024.10.11 15:30;-12;24.625;24.625;24.625;448;202;0;
1088;2024.10.11 15:45;-12;24.625;24.625;24.625;448;202;0;
1089;2024.10.11 16:00;-12;24.625;24.625;24.625;448;202;0;
1090;2024.10.11 16:15;-12;24.6875;24.6875;24.6875;448;202;0;
1091;2024.10.11 16:30;-12;24.75;24.75;24.75;448;202;0;
1092;2024.10.11 16:45;-12;24.75;24.75;24.75;449;202;0;
1093;2024.10.11 17:00;-12;24.875;24.8125;24.8125;449;202;0;
1094;2024.10.11 17:15;-12;24.875;24.875;24.8125;449;202;0;
1095;2024.10.11 17:30;-12;24.875;24.875;24.875;449;202;0;
1096;2024.10.11 17:45;-12;24.9375;24.875;24.875;449;202;0;
1097;2024.10.11 18:00;-12;25;24.9375;24.875;449;202;0;
1098;2024.10.11 18:15;-12;25;25;25;450;202;0;
1099;2024.10.11 18:30;-12;25.0625;25;25;450;202;0;
1100;2024.10.11 18:45;-12;25.125;25.0625;25.0625;450;202;0;
1101;2024.10.11 19:00;-12;25.125;25.125;25.125;450;202;0;
1102;2024.10.11 19:15;-12;25.1875;25.125;25.125;450;202;0;
1103;2024.10.11 19:30;-12;25.25;25.1875;25.125;450;202;0;
1104;2024.10.11 19:45;-12;25.25;25.25;25.1875;451;202;0;
1105;2024.10.11 20:00;-12;25.25;25.25;25.1875;451;202;0;
1106;2024.10.11 20:15;-12;25.25;25.25;25.25;451;202;0;
1107;2024.10.11 20:30;-12;25.25;25.25;25.25;451;202;0;
1108;2024.10.11 20:45;-12;25.25;25.25;25.25;451;202;0;
1109;2024.10.11 21:00;-12;25.25;25.25;25.25;451;202;0;
1110;2024.10.11 21:15;-12;25.25;25.25;25.25;451;202;0;
1111;2024.10.11 21:30;-12;25.1875;25.25;25.25;451;202;0;
1112;2024.10.11 21:45;-12;25.1875;25.25;25.1875;451;202;0;
1113;2024.10.11 22:00;-12;25.125;25.25;25.1875;451;202;0;
1114;2024.10.11 22:15;-12;25.125;25.25;25.1875;451;202;0;
1115;2024.10.11 22:30;-12;25.125;25.25;25.1875;451;202;0;
1116;2024.10.11 22:45;-12;25.125;25.25;25.125;451;202;0;
1117;2024.10.11 23:00;-12;25.125;25.25;25.125;451;202;0;
1118;2024.10.11 23:15;-12;25.125;25.25;25.125;451;202;0;
1119;2024.10.11 23:30;-12;25.125;25.25;25.125;451;202;0;
1120;2024.10.11 23:45;-12;25.0625;25.25;25.125;450;202;0;
1121;2024.10.12 00:00;-12;25.0625;25.1875;25.125;450;202;0;
1122;2024.10.12 00:15;-12;25;25.1875;25.125;450;202;0;
1123;2024.10.12 00:30;-12;25;25.125;25.125;450;202;0;
1124;2024.10.12 00:45;-12;25;25.125;25.0625;450;202;0;
1125;2024.10.12 01:00;-12;25;25.125;25.0625;450;202;0;
1126;2024.10.12 01:15;-12;25;25.125;25;450;202;0;
1127;2024.10.12 01:30;-12;25;25.125;25;450;202;0;
1128;2024.10.12 01:45;-12;24.9375;25.125;25;450;202;0;
1129;2024.10.12 02:00;-12;24.875;25.0625;25;450;202;0;
1130;2024.10.12 02:15;-12;24.875;25.0625;25;450;202;0;
1131;2024.10.12 02:30;-12;24.875;25;24.9375;450;202;0;
1132;2024.10.12 02:45;-12;24.875;25;24.9375;450;202;0;
1133;2024.10.12 03:00;-12;24.875;25;24.875;450;202;0;
1134;2024.10.12 03:15;-12;24.8125;25;24.875;450;202;0;
1135;2024.10.12 03:30;-12;24.8125;25;24.875;449;202;0;
1136;2024.10.12 03:45;-12;24.75;24.9375;24.875;449;202;0;
1137;2024.10.12 04:00;-12;24.75;24.875;24.875;449;202;0;
1138;2024.10.12 04:15;-12;24.75;24.875;24.8125;449;202;0;
1139;2024.10.12 04:30;-12;24.75;24.875;24.75;449;202;0;
1140;2024.10.12 04:45;-12;24.75;24.875;24.75;449;202;0;
1141;2024.10.12 05:00;-12;24.6875;24.875;24.75;449;202;0;
1142;2024.10.12 05:15;-12;24.625;24.8125;24.75;449;202;0;
1143;2024.10.12 05:30;-12;24.625;24.8125;24.75;449;202;0;
1144;2024.10.12 05:45;-12;24.625;24.75;24.6875;449;202;0;
1145;2024.10.12 06:00;-12;24.625;24.75;24.6875;449;202;0;
1146;2024.10.12 06:15;-12;24.625;24.75;24.625;449;202;0;
1147;2024.10.12 06:30;-12;24.5625;24.75;24.625;448;202;0;
1148;2024.10.12 06:45;-12;24.5625;24.75;24.625;448;202;0;
1149;2024.10.12 07:00;-12;24.5;24.6875;24.625;448;202;0;
1150;2024.10.12 07:15;-12;24.5;24.6875;24.625;448;202;0;
1151;2024.10.12 07:30;-12;24.5;24.625;24.5625;448;202;0;
1152;2024.10.12 07:45;-12;24.5;24.625;24.5;448;202;0;
1153;2024.10.12 08:00;-12;24.4375;24.625;24.5;448;202;0;
1154;2024.10.12 08:15;-12;24.4375;24.625;24.5;448;202;0;
1155;2024.10.12 08:30;-12;24.375;24.5625;24.5;448;202;0;
1156;2024.10.12 08:45;-12;24.375;24.5625;24.5;448;202;0;
1157;2024.10.12 09:00;-12;24.375;24.5;24.4375;448;202;0;
1158;2024.10.12 09:15;-12;24.375;24.5;24.375;448;202;0;
1159;2024.10.12 09:30;-12;24.375;24.5;24.375;448;202;0;
1160;2024.10.12 09:45;-12;24.3125;24.5;24.375;447;202;0;
1161;2024.10.12 10:00;-12;24.3125;24.5;24.375;447;202;0;
1162;2024.10.12 10:15;-12;24.25;24.4375;24.375;447;202;0;
1163;2024.10.12 10:30;-12;24.25;24.4375;24.375;447;202;0;
1164;2024.10.12 10:45;-12;24.25;24.4375;24.375;447;202;0;
1165;2024.10.12 11:00;-12;24.25;24.375;24.3125;447;202;0;
1166;2024.10.12 11:15;-12;24.25;24.375;24.3125;447;202;0;
1167;2024.10.12 11:30;-12;24.25;24.375;24.25;447;202;0;
1168;2024.10.12 11:45;-12;24.25;24.375;24.25;447;202;0;
1169;2024.10.12 12:00;-12;24.25;24.375;24.25;447;202;0;
1170;2024.10.12 12:15;-12;24.25;24.375;24.25;447;202;0;
1171;2024.10.12 12:30;-12;24.25;24.375;24.25;447;202;0;
1172;2024.10.12 12:45;-12;24.25;24.375;24.3125;447;202;0;
1173;2024.10.12 13:00;-12;24.25;24.375;24.3125;447;202;0;
1174;2024.10.12 13:15;-12;24.25;24.375;24.3125;447;202;0;
1175;2024.10.12 13:30;-12;24.25;24.375;24.3125;447;202;0;
1176;2024.10.12 13:45;-12;24.25;24.375;24.375;447;202;0;
1177;2024.10.12 14:00;-12;24.3125;24.375;24.375;447;202;0;
1178;2024.10.12 14:15;-12;24.3125;24.375;24.375;448;202;0;
1179;2024.10.12 14:30;-12;24.375;24.4375;24.375;448;202;0;
1180;2024.10.12 14:45;-12;24.375;24.4375;24.375;448;202;0;
1181;2024.10.12 15:00;-12;24.375;24.5;24.375;448;202;0;
1182;2024.10.12 15:15;-12;24.375;24.5;24.4375;448;202;0;
1183;2024.10.12 15:30;-12;24.4375;24.5;24.5;448;202;0;
1184;2024.10.12 15:45;-12;24.5;24.5;24.5;448;202;0;
1185;2024.10.12 16:00;-12;24.5;24.5;24.5;448;202;0;
1186;2024.10.12 16:15;-12;24.5;24.5625;24.5;448;202;0;
1187;2024.10.12 16:30;-12;24.5625;24.625;24.5625;449;202;0;
1188;2024.10.12 16:45;-12;24.625;24.625;24.625;449;202;0;
1189;2024.10.12 17:00;-12;24.625;24.625;24.625;449;202;0;
1190;2024.10.12 17:15;-12;24.625;24.6875;24.625;449;202;0;
1191;2024.10.12 17:30;-12;24.6875;24.75;24.6875;449;202;0;
1192;2024.10.12 17:45;-12;24.75;24.75;24.75;449;202;0;
1193;2024.10.12 18:00;-12;24.75;24.75;24.75;449;202;0;
1194;2024.10.12 18:15;-12;24.75;24.75;24.75;450;202;0;
1195;2024.10.12 18:30;-12;24.875;24.8125;24.8125;450;202;0;
1196;2024.10.12 18:45;-12;24.875;24.875;24.875;450;202;0;
1197;2024.10.12 19:00;-12;24.875;24.875;24.875;450;202;0;
1198;2024.10.12 19:15;-12;24.9375;24.9375;24.875;450;202;0;
1199;2024.10.12 19:30;-12;25;25;24.9375;450;202;0;
1200;2024.10.12 19:45;-12;25;25;25;451;202;0;
1201;2024.10.12 20:00;-12;25;25;25;451;202;0;
1202;2024.10.12 20:15;-12;25.0625;25.0625;25;451;202;0;
1203;2024.10.12 20:30;-12;25.125;25.125;25.0625;451;202;0;
1204;2024.10.12 20:45;-12;25.125;25.125;25.125;451;202;0;
1205;2024.10.12 21:00;-12;25.125;25.125;25.125;451;202;0;
1206;2024.10.12 21:15;-12;25.125;25.125;25.125;451;202;0;
1207;2024.10.12 21:30;-12;25.1875;25.1875;25.125;451;202;0;
1208;2024.10.12 21:45;-12;25.1875;25.25;25.1875;451;202;0;
1209;2024.10.12 22:00;-12;25.25;25.25;25.1875;452;202;0;
1210;2024.10.12 22:15;-12;25.25;25.25;25.25;452;202;0;
1211;2024.10.12 22:30;-12;25.25;25.25;25.25;452;202;0;
1212;2024.10.12 22:45;-12;25.25;25.25;25.25;452;202;0;
1213;2024.10.12 23:00;-12;25.25;25.25;25.25;452;202;0;
1214;2024.10.12 23:15;-12;25.25;25.3125;25.25;452;202;0;
1215;2024.10.12 23:30;-12;25.25;25.3125;25.25;452;202;0;
1216;2024.10.12 23:45;-12;25.25;25.3125;25.25;452;202;0;
1217;2024.10.13 00:00;-12;25.25;25.3125;25.25;452;202;0;
1218;2024.10.13 00:15;-12;25.25;25.3125;25.25;452;202;0;
1219;2024.10.13 00:30;-12;25.25;25.3125;25.25;452;202;0;
1220;2024.10.13 00:45;-12;25.25;25.3125;25.25;452;202;0;
1221;2024.10.13 01:00;-12;25.1875;25.3125;25.25;452;202;0;
1222;2024.10.13 01:15;-12;25.1875;25.3125;25.25;452;202;0;
1223;2024.10.13 01:30;-12;25.125;25.25;25.25;452;202;0;
1224;2024.10.13 01:45;-12;25.125;25.25;25.25;452;202;0;
1225;2024.10.13 02:00;-12;25.125;25.25;25.1875;452;202;0;
1226;2024.10.13 02:15;-12;25.125;25.25;25.1875;451;202;0;
1227;2024.10.13 02:30;-12;25.125;25.25;25.125;451;202;0;
1228;2024.10.13 02:45;-12;25.125;25.25;25.125;451;202;0;
1229;2024.10.13 03:00;-12;25.0625;25.25;25.125;451;202;0;
1230;2024.10.13 03:15;-12;25;25.1875;25.125;451;202;0;
1231;2024.10.13 03:30;-12;25;25.125;25.0625;451;202;0;
1232;2024.10.13 03:45;-12;25;25.125;25.0625;451;202;0;
1233;2024.10.13 04:00;-12;25;25.125;25;451;202;0;
1234;2024.10.13 04:15;-12;24.9375;25.125;25;451;202;0;
1235;2024.10.13 04:30;-12;24.9375;25.125;25;451;202;0;
1236;2024.10.13 04:45;-12;24.875;25.0625;25;451;202;0;
1237;2024.10.13 05:00;-12;24.875;25;24.9375;451;202;0;
1238;2024.10.13 05:15;-12;24.875;25;24.9375;450;202;0;
1239;2024.10.13 05:30;-12;24.875;25;24.875;450;202;0;
1240;2024.10.13 05:45;-12;24.8125;25;24.875;450;202;0;
1241;2024.10.13 06:00;-12;24.75;25;24.875;450;202;0;
1242;2024.10.13 06:15;-12;24.75;24.9375;24.875;450;202;0;
1243;2024.10.13 06:30;-12;24.75;24.875;24.8125;450;202;0;
1244;2024.10.13 06:45;-12;24.75;24.875;24.75;450;202;0;
1245;2024.10.13 07:00;-12;24.6875;24.875;24.75;450;202;0;
1246;2024.10.13 07:15;-12;24.625;24.875;24.75;450;202;0;
1247;2024.10.13 07:30;-12;24.625;24.8125;24.6875;450;202;0;
1248;2024.10.13 07:45;-12;24.625;24.75;24.625;449;202;0;
1249;2024.10.13 08:00;-12;24.5625;24.75;24.625;449;202;0;
1250;2024.10.13 08:15;-12;24.5;24.75;24.625;449;202;0;
1251;2024.10.13 08:30;-12;24.5;24.6875;24.5625;449;202;0;
1252;2024.10.13 08:45;-12;24.5;24.625;24.5;449;202;0;
1253;2024.10.13 09:00;-12;24.4375;24.625;24.5;449;202;0;
1254;2024.10.13 09:15;-12;24.375;24.625;24.4375;448;202;0;
1255;2024.10.13 09:30;-12;24.375;24.5;24.375;448;202;0;
1256;2024.10.13 09:45;-12;24.3125;24.5;24.375;448;202;0;
1257;2024.10.13 10:00;-12;24.25;24.5;24.3125;448;202;0;
1258;2024.10.13 10:15;-12;24.25;24.4375;24.25;448;202;0;
1259;2024.10.13 10:30;-12;24.25;24.375;24.25;448;202;0;
1260;2024.10.13 10:45;-12;24.1875;24.375;24.25;448;202;0;
1261;2024.10.13 11:00;-12;24.125;24.375;24.25;448;202;0;
1262;2024.10.13 11:15;-12;24.125;24.3125;24.1875;447;202;0;
1263;2024.10.13 11:30;-12;24.125;24.3125;24.125;447;202;0;
1264;2024.10.13 11:45;-12;24.125;24.25;24.125;447;202;0;
1265;2024.10.13 12:00;-12;24.125;24.25;24.125;447;202;0;
1266;2024.10.13 12:15;-12;24.0625;24.25;24.125;447;202;0;
1267;2024.10.13 12:30;-12;24.0625;24.25;24.125;447;202;0;
1268;2024.10.13 12:45;-12;24.0625;24.25;24.125;447;202;0;
1269;2024.10.13 13:00;-12;24.0625;24.25;24.125;447;202;0;
1270;2024.10.13 13:15;-12;24.0625;24.25;24.125;447;202;0;
1271;2024.10.13 13:30;-12;24.0625;24.1875;24.125;447;202;0;
1272;2024.10.13 13:45;-12;24.125;24.25;24.125;447;202;0;
1273;2024.10.13 14:00;-12;24.125;24.25;24.125;447;202;0;
1274;2024.10.13 14:15;-12;24.125;24.25;24.1875;447;202;0;
1275;2024.10.13 14:30;-12;24.125;24.25;24.1875;447;202;0;
1276;2024.10.13 14:45;-12;24.125;24.25;24.1875;447;202;0;
1277;2024.10.13 15:00;-12;24.1875;24.25;24.25;447;202;0;
1278;2024.10.13 15:15;-12;24.25;24.25;24.25;447;202;0;
1279;2024.10.13 15:30;-12;24.25;24.3125;24.25;448;202;0;
1280;2024.10.13 15:45;-12;24.25;24.375;24.3125;448;202;0;
1281;2024.10.13 16:00;-12;24.3125;24.375;24.375;448;202;0;
1282;2024.10.13 16:15;-12;24.375;24.375;24.375;448;202;0;
1283;2024.10.13 16:30;-12;24.375;24.4375;24.375;448;202;0;
1284;2024.10.13 16:45;-12;24.4375;24.5;24.4375;448;202;0;
1285;2024.10.13 17:00;-12;24.5;24.5;24.5;449;202;0;
1286;2024.10.13 17:15;-12;24.5;24.5;24.5;449;202;0;
1287;2024.10.13 17:30;-12;24.625;24.625;24.5625;449;202;0;
1288;2024.10.13 17:45;-12;24.625;24.625;24.625;449;202;0;
1289;2024.10.13 18:00;-12;24.6875;24.625;24.625;449;202;0;
1290;2024.10.13 18:15;-12;24.75;24.6875;24.6875;450;202;0;
1291;2024.10.13 18:30;-12;24.75;24.75;24.75;450;202;0;
1292;2024.10.13 18:45;-12;24.875;24.75;24.75;450;202;0;
1293;2024.10.13 19:00;-12;24.875;24.875;24.875;450;202;0;
1294;2024.10.13 19:15;-12;24.9375;24.875;24.875;450;202;0;
1295;2024.10.13 19:30;-12;25;24.9375;24.875;451;202;0;
1296;2024.10.13 19:45;-12;25;25;25;451;202;0;
1297;2024.10.13 20:00;-12;25.0625;25;25;451;202;0;
1298;2024.10.13 20:15;-12;25.125;25.0625;25.0625;451;202;0;
1299;2024.10.13 20:30;-12;25.125;25.125;25.125;451;202;0;
1300;2024.10.13 20:45;-12;25.125;25.125;25.125;452;202;0;
1301;2024.10.13 21:00;-12;25.25;25.125;25.125;452;202;0;
1302;2024.10.13 21:15;-12;25.25;25.25;25.1875;452;202;0;
1303;2024.10.13 21:30;-12;25.25;25.25;25.25;452;202;0;
1304;2024.10.13 21:45;-12;25.25;25.25;25.25;452;202;0;
1305;2024.10.13 22:00;-12;25.25;25.25;25.25;452;202;0;
1306;2024.10.13 22:15;-12;25.25;25.25;25.25;452;202;0;
1307;2024.10.13 22:30;-12;25.25;25.3125;25.25;452;202;0;
1308;2024.10.13 22:45;-12;25.25;25.3125;25.25;452;202;0;
1309;2024.10.13 23:00;-12;25.25;25.3125;25.25;452;202;0;
1310;2024.10.13 23:15;-12;25.25;25.3125;25.25;452;202;0;
1311;2024.10.13 23:30;-12;25.25;25.3125;25.25;452;202;0;
1312;2024.10.13 23:45;-12;25.25;25.3125;25.25;452;202;0;
1313;2024.10.14 00:00;-12;25.1875;25.25;25.25;452;202;0;
1314;2024.10.14 00:15;-12;25.1875;25.25;25.25;452;202;0;
1315;2024.10.14 00:30;-12;25.125;25.25;25.1875;452;202;0;
1316;2024.10.14 00:45;-12;25.125;25.25;25.1875;452;202;0;
1317;2024.10.14 01:00;-12;25.125;25.25;25.125;452;202;0;
1318;2024.10.14 01:15;-12;25.125;25.25;25.125;452;202;0;
1319;2024.10.14 01:30;-12;25.125;25.25;25.125;452;202;0;
1320;2024.10.14 01:45;-12;25.0625;25.1875;25.125;451;202;0;
1321;2024.10.14 02:00;-12;25;25.1875;25.125;451;202;0;
1322;2024.10.14 02:15;-12;25;25.125;25.0625;451;202;0;
1323;2024.10.14 02:30;-12;25;25.125;25.0625;451;202;0;
1324;2024.10.14 02:45;-12;25;25.125;25;451;202;0;
1325;2024.10.14 03:00;-12;24.9375;25.125;25;451;202;0;
1326;2024.10.14 03:15;-12;24.875;25.125;25;451;202;0;
1327;2024.10.14 03:30;-12;24.875;25.0625;25;451;202;0;
1328;2024.10.14 03:45;-12;24.875;25;25;451;202;0;
1329;2024.10.14 04:00;-12;24.875;25;24.9375;451;202;0;
1330;2024.10.14 04:15;-12;24.875;25;24.875;451;202;0;
1331;2024.10.14 04:30;-12;24.8125;25;24.875;451;202;0;
1332;2024.10.14 04:45;-12;24.8125;25;24.875;450;202;0;
1333;2024.10.14 05:00;-12;24.75;24.9375;24.875;450;202;0;
1334;2024.10.14 05:15;-12;24.75;24.875;24.8125;450;202;0;
1335;2024.10.14 05:30;-12;24.75;24.875;24.8125;450;202;0;
1336;2024.10.14 05:45;-12;24.75;24.875;24.75;450;202;0;
1337;2024.10.14 06:00;-12;24.6875;24.875;24.75;450;202;0;
1338;2024.10.14 06:15;-12;24.625;24.875;24.75;450;202;0;
1339;2024.10.14 06:30;-12;24.625;24.8125;24.75;450;202;0;
1340;2024.10.14 06:45;-12;24.625;24.75;24.6875;450;202;0;
1341;2024.10.14 07:00;-12;24.625;24.75;24.625;450;202;0;
1342;2024.10.14 07:15;-12;24.5625;24.75;24.625;450;202;0;
1343;2024.10.14 07:30;-12;24.5625;24.75;24.625;449;202;0;
1344;2024.10.14 07:45;-12;24.5;24.6875;24.625;449;202;0;
1345;2024.10.14 08:00;-12;24.5;24.6875;24.5625;449;202;0;
1346;2024.10.14 08:15;-12;24.5;24.625;24.5625;449;202;0;
1347;2024.10.14 08:30;-12;24.5;24.625;24.5;449;202;0;
1348;2024.10.14 08:45;-12;24.4375;24.625;24.5;449;202;0;
1349;2024.10.14 09:00;-12;24.375;24.625;24.5;449;202;0;
1350;2024.10.14 09:15;-12;24.375;24.5625;24.4375;449;202;0;
1351;2024.10.14 09:30;-12;24.375;24.5;24.4375;449;202;0;
1352;2024.10.14 09:45;-12;24.375;24.5;24.375;449;202;0;
1353;2024.10.14 10:00;-12;24.3125;24.5;24.375;448;202;0;
1354;2024.10.14 10:15;-12;24.3125;24.5;24.375;448;202;0;
1355;2024.10.14 10:30;-12;24.25;24.4375;24.375;448;202;0;
1356;2024.10.14 10:45;-12;24.25;24.4375;24.375;448;202;0;
1357;2024.10.14 11:00;-12;24.25;24.375;24.3125;448;202;0;
1358;2024.10.14 11:15;-12;24.25;24.375;24.25;448;202;0;
1359;2024.10.14 11:30;-12;24.25;24.375;24.25;448;202;0;
1360;2024.10.14 11:45;-12;24.25;24.375;24.25;448;202;0;
1361;2024.10.14 12:00;-12;24.25;24.375;24.25;448;202;0;
1362;2024.10.14 12:15;-12;24.1875;24.375;24.25;448;202;0;
1363;2024.10.14 12:30;-12;24.1875;24.375;24.25;448;202;0;
1364;2024.10.14 12:45;-12;24.1875;24.3125;24.25;448;202;0;
1365;2024.10.14 13:00;-12;24.1875;24.3125;24.25;448;202;0;
1366;2024.10.14 13:15;-12;24.1875;24.375;24.25;448;202;0;
1367;2024.10.14 13:30;-12;24.25;24.375;24.25;448;202;0;
1368;2024.10.14 13:45;-12;24.25;24.375;24.25;448;202;0;
1369;2024.10.14 14:00;-12;24.25;24.375;24.25;448;202;0;
1370;2024.10.14 14:15;-12;24.25;24.375;24.25;448;202;0;
1371;2024.10.14 14:30;-12;24.25;24.375;24.3125;448;202;0;
1372;2024.10.14 14:45;-12;24.3125;24.375;24.375;448;202;0;
1373;2024.10.14 15:00;-12;24.375;24.375;24.375;448;202;0;
1374;2024.10.14 15:15;-12;24.375;24.4375;24.375;448;202;0;
1375;2024.10.14 15:30;-12;24.4375;24.4375;24.375;449;202;0;
1376;2024.10.14 15:45;-12;24.5;24.5;24.5;449;202;0;
1377;2024.10.14 16:00;-12;24.5;24.5;24.5;449;202;0;
1378;2024.10.14 16:15;-12;24.5625;24.5625;24.5;449;202;0;
1379;2024.10.14 16:30;-12;24.625;24.625;24.625;449;202;0;
1380;2024.10.14 16:45;-12;24.625;24.625;24.625;450;202;0;
1381;2024.10.14 17:00;-12;24.625;24.625;24.625;450;202;0;
1382;2024.10.14 17:15;-12;24.625;24.6875;24.625;450;202;0;
1383;2024.10.14 17:30;-12;24.625;24.6875;24.625;450;202;0;
1384;2024.10.14 17:45;-12;24.625;24.6875;24.625;450;202;0;
1385;2024.10.14 18:00;-12;24.625;24.6875;24.625;450;202;0;
1386;2024.10.14 18:15;-12;24.5625;24.625;24.625;449;202;0;
1387;2024.10.14 18:30;-12;24.5;24.625;24.625;449;202;0;
1388;2024.10.14 18:45;-12;24.5;24.625;24.5625;449;202;0;
1389;2024.10.14 19:00;-12;24.5;24.625;24.5;449;202;0;
1390;2024.10.14 19:15;-12;24.5;24.625;24.5;449;202;0;
1391;2024.10.14 19:30;-12;24.4375;24.625;24.5;449;202;0;
1392;2024.10.14 19:45;-12;24.4375;24.625;24.5;449;202;0;
1393;2024.10.14 20:00;-12;24.375;24.5625;24.5;449;202;0;
1394;2024.10.14 20:15;-12;24.375;24.5;24.4375;449;202;0;
1395;2024.10.14 20:30;-12;24.375;24.5;24.4375;449;202;0;
1396;2024.10.14 20:45;-12;24.375;24.5;24.375;449;202;0;
1397;2024.10.14 21:00;-12;24.375;24.5;24.375;449;202;0;
1398;2024.10.14 21:15;-12;24.3125;24.5;24.375;449;202;0;
1399;2024.10.14 21:30;-12;24.3125;24.5;24.375;449;202;0;
1400;2024.10.14 21:45;-12;24.25;24.4375;24.375;448;202;0;
1401;2024.10.14 22:00;-12;24.25;24.4375;24.375;448;202;0;
1402;2024.10.14 22:15;-12;24.25;24.4375;24.375;448;202;0;
1403;2024.10.14 22:30;-12;24.25;24.4375;24.375;448;202;0;
1404;2024.10.14 22:45;-12;24.25;24.4375;24.375;448;202;0;
1405;2024.10.14 23:00;-12;24.25;24.4375;24.375;448;202;0;
1406;2024.10.14 23:15;-12;24.3125;24.4375;24.375;448;202;0;
1407;2024.10.14 23:30;-12;24.3125;24.4375;24.375;448;202;0;
1408;2024.10.14 23:45;-12;24.3125;24.4375;24.375;448;202;0;
1409;2024.10.15 00:00;-12;24.375;24.4375;24.375;448;202;0;
1410;2024.10.15 00:15;-12;24.375;24.4375;24.375;449;202;0;
1411;2024.10.15 00:30;-12;24.375;24.4375;24.375;449;202;0;
1412;2024.10.15 00:45;-12;24.375;24.4375;24.375;449;202;0;
1413;2024.10.15 01:00;-12;24.375;24.5;24.375;449;202;0;
1414;2024.10.15 01:15;-12;24.375;24.5;24.375;449;202;0;
1415;2024.10.15 01:30;-12;24.375;24.5;24.375;449;202;0;
1416;2024.10.15 01:45;-12;24.375;24.5;24.4375;449;202;0;
1417;2024.10.15 02:00;-12;24.375;24.5;24.4375;449;202;0;
1418;2024.10.15 02:15;-12;24.375;24.5;24.4375;449;202;0;
1419;2024.10.15 02:30;-12;24.375;24.5;24.4375;449;202;0;
1420;2024.10.15 02:45;-12;24.375;24.5;24.5;449;202;0;
1421;2024.10.15 03:00;-12;24.4375;24.5;24.5;449;202;0;
1422;2024.10.15 03:15;-12;24.4375;24.5;24.5;449;202;0;
1423;2024.10.15 03:30;-12;24.4375;24.5;24.5;449;202;0;
1424;2024.10.15 03:45;-12;24.4375;24.5;24.5;449;202;0;
1425;2024.10.15 04:00;-12;24.4375;24.5;24.5;449;202;0;
1426;2024.10.15 04:15;-12;24.4375;24.5;24.5;449;202;0;
1427;2024.10.15 04:30;-12;24.4375;24.5;24.5;449;202;0;
1428;2024.10.15 04:45;-12;24.4375;24.5;24.5;449;202;0;
1429;2024.10.15 05:00;-12;24.4375;24.5;24.5;449;202;0;
1430;2024.10.15 05:15;-12;24.4375;24.5;24.5;449;202;0;
1431;2024.10.15 05:30;-12;24.4375;24.5625;24.5;449;202;0;
1432;2024.10.15 05:45;-12;24.4375;24.5625;24.5;449;202;0;
1433;2024.10.15 06:00;-12;24.4375;24.5;24.5;449;202;0;
1434;2024.10.15 06:15;-12;24.4375;24.5625;24.5;449;202;0;
1435;2024.10.15 06:30;-12;24.4375;24.5;24.5;449;202;0;
1436;2024.10.15 06:45;-12;24.4375;24.5625;24.5;449;202;0;
1437;2024.10.15 07:00;-12;24.4375;24.5;24.5;449;202;0;
1438;2024.10.15 07:15;-12;24.4375;24.5;24.5;449;202;0;
1439;2024.10.15 07:30;-12;24.4375;24.5;24.5;449;202;0;
1440;2024.10.15 07:45;-12;24.375;24.5;24.5;449;202;0;
1441;2024.10.15 08:00;-12;24.4375;24.5;24.5;449;202;0;
1442;2024.10.15 08:15;-12;24.375;24.5;24.5;449;202;0;
1443;2024.10.15 08:30;-12;24.375;24.5;24.5;449;202;0;
1444;2024.10.15 08:45;-12;24.375;24.5;24.5;449;202;0;
1445;2024.10.15 09:00;-12;24.375;24.5;24.5;449;202;0;
1446;2024.10.15 09:15;-12;24.375;24.5;24.4375;449;202;0;
1447;2024.10.15 09:30;-12;24.375;24.5;24.4375;449;202;0;
1448;2024.10.15 09:45;-12;24.375;24.5;24.4375;449;202;0;
1449;2024.10.15 10:00;-12;24.375;24.5;24.4375;449;202;0;
1450;2024.10.15 10:15;-12;24.375;24.5;24.4375;449;202;0;
1451;2024.10.15 10:30;-12;24.375;24.5;24.375;449;202;0;
1452;2024.10.15 10:45;-12;24.375;24.5;24.375;449;202;0;
1453;2024.10.15 11:00;-12;24.375;24.5;24.375;449;202;0;
1454;2024.10.15 11:15;-12;24.375;24.5;24.375;449;202;0;
1455;2024.10.15 11:30;-12;24.375;24.5;24.375;449;202;0;
1456;2024.10.15 11:45;-12;24.375;24.5;24.375;449;202;0;
1457;2024.10.15 12:00;-12;24.375;24.5;24.375;449;202;0;
1458;2024.10.15 12:15;-12;24.375;24.5;24.375;449;202;0;
1459;2024.10.15 12:30;-12;24.375;24.4375;24.375;449;202;0;
1460;2024.10.15 12:45;-12;24.3125;24.4375;24.375;448;202;0;
1461;2024.10.15 13:00;-12;24.375;24.4375;24.375;449;202;0;
1462;2024.10.15 13:15;-12;24.3125;24.4375;24.375;449;202;0;
1463;2024.10.15 13:30;-12;24.375;24.4375;24.375;449;202;0;
1464;2024.10.15 13:45;-12;24.375;24.4375;24.375;449;202;0;
1465;2024.10.15 14:00;-12;24.375;24.4375;24.375;449;202;0;
1466;2024.10.15 14:15;-12;24.375;24.4375;24.375;449;202;0;
1467;2024.10.15 14:30;-12;24.375;24.5;24.375;449;202;0;
1468;2024.10.15 14:45;-12;24.375;24.5;24.375;449;202;0;
1469;2024.10.15 15:00;-12;24.375;24.5;24.375;449;202;0;
1470;2024.10.15 15:15;-12;24.375;24.5;24.375;449;202;0;
1471;2024.10.15 15:30;-12;24.375;24.5;24.4375;449;202;0;
1472;2024.10.15 15:45;-12;24.375;24.5;24.4375;449;202;0;
1473;2024.10.15 16:00;-12;24.375;24.5;24.4375;449;202;0;
1474;2024.10.15 16:15;-12;24.375;24.5;24.4375;449;202;0;
1475;2024.10.15 16:30;-12;24.4375;24.5;24.5;449;202;0;
1476;2024.10.15 16:45;-12;24.4375;24.5;24.5;449;202;0;
1477;2024.10.15 17:00;-12;24.5;24.5;24.5;449;202;0;
1478;2024.10.15 17:15;-12;24.5;24.5625;24.5;449;202;0;
1479;2024.10.15 17:30;-12;24.5;24.5625;24.5;449;202;0;
1480;2024.10.15 17:45;-12;24.5;24.625;24.5;449;202;0;
1481;2024.10.15 18:00;-12;24.5;24.625;24.5625;450;202;0;
1482;2024.10.15 18:15;-12;24.5625;24.625;24.625;450;202;0;
1483;2024.10.15 18:30;-12;24.5625;24.625;24.625;450;202;0;
1484;2024.10.15 18:45;-12;24.625;24.625;24.625;450;202;0;
1485;2024.10.15 19:00;-12;24.625;24.625;24.625;450;202;0;
1486;2024.10.15 19:15;-12;24.625;24.6875;24.625;450;202;0;
1487;2024.10.15 19:30;-12;24.625;24.75;24.625;450;202;0;
1488;2024.10.15 19:45;-12;24.6875;24.75;24.6875;450;202;0;
1489;2024.10.15 20:00;-12;24.75;24.75;24.75;450;202;0;
1490;2024.10.15 20:15;-12;24.75;24.75;24.75;450;202;0;
1491;2024.10.15 20:30;-12;24.75;24.75;24.75;451;202;0;
1492;2024.10.15 20:45;-12;24.75;24.8125;24.75;451;202;0;
1493;2024.10.15 21:00;-12;24.8125;24.875;24.8125;451;202;0;
1494;2024.10.15 21:15;-12;24.8125;24.875;24.8125;451;202;0;
1495;2024.10.15 21:30;-12;24.875;24.875;24.875;451;202;0;
1496;2024.10.15 21:45;-12;24.875;24.875;24.875;451;202;0;
1497;2024.10.15 22:00;-12;24.875;24.875;24.875;451;202;0;
1498;2024.10.15 22:15;-12;24.875;24.875;24.875;451;202;0;
1499;2024.10.15 22:30;-12;24.875;24.9375;24.875;451;202;0;
1500;2024.10.15 22:45;-12;24.875;24.9375;24.875;451;202;0;
1501;2024.10.15 23:00;-12;24.875;25;24.875;451;202;0;
1502;2024.10.15 23:15;-12;24.875;25;24.875;451;202;0;
1503;2024.10.15 23:30;-12;24.875;25;24.9375;451;202;0;
1504;2024.10.15 23:45;-12;24.875;25;24.9375;451;202;0;
1505;2024.10.16 00:00;-12;24.9375;25;24.9375;451;202;0;
1506;2024.10.16 00:15;-12;24.9375;25;24.9375;451;202;0;
1507;2024.10.16 00:30;-12;24.9375;25;25;451;202;0;
1508;2024.10.16 00:45;-12;24.9375;25;25;452;202;0;
1509;2024.10.16 01:00;-12;25;25;25;452;202;0;
1510;2024.10.16 01:15;-12;25;25;25;452;202;0;
1511;2024.10.16 01:30;-12;25;25;25;452;202;0;
1512;2024.10.16 01:45;-12;25;25;25;452;202;0;
1513;2024.10.16 02:00;-12;25;25.0625;25;452;202;0;
1514;2024.10.16 02:15;-12;25;25.0625;25;452;202;0;
1515;2024.10.16 02:30;-12;25;25.0625;25;452;202;0;
1516;2024.10.16 02:45;-12;25;25.0625;25;452;202;0;
1517;2024.10.16 03:00;-12;25;25.125;25;452;202;0;
1518;2024.10.16 03:15;-12;25;25.125;25;452;202;0;
1519;2024.10.16 03:30;-12;25;25.125;25;452;202;0;
1520;2024.10.16 03:45;-12;25;25.125;25.0625;452;202;0;
1521;2024.10.16 04:00;-12;25;25.125;25.0625;452;202;0;
1522;2024.10.16 04:15;-12;25;25.125;25.0625;452;202;0;
1523;2024.10.16 04:30;-12;25;25.125;25.0625;452;202;0;
1524;2024.10.16 04:45;-12;25;25.125;25.0625;452;202;0;
1525;2024.10.16 05:00;-12;25;25.125;25.0625;452;202;0;
1526;2024.10.16 05:15;-12;25;25.125;25.0625;452;202;0;
1527;2024.10.16 05:30;-12;25;25.125;25.0625;452;202;0;
1528;2024.10.16 05:45;-12;25;25.125;25.0625;452;202;0;
1529;2024.10.16 06:00;-12;25;25.125;25.0625;452;202;0;
1530;2024.10.16 06:15;-12;25;25.125;25.125;452;202;0;
1531;2024.10.16 06:30;-12;25;25.125;25.125;452;202;0;
1532;2024.10.16 06:45;-12;25;25.125;25.125;452;202;0;
1533;2024.10.16 07:00;-12;25;25.125;25.125;452;202;0;
1534;2024.10.16 07:15;-12;25;25.125;25.125;452;202;0;
1535;2024.10.16 07:30;-12;25;25.125;25.125;452;202;0;
1536;2024.10.16 07:45;-12;25;25.125;25.0625;452;202;0;
1537;2024.10.16 08:00;-12;25;25.125;25.125;452;202;0;
1538;2024.10.16 08:15;-12;25;25.125;25.0625;452;202;0;
1539;2024.10.16 08:30;-12;25;25.125;25.0625;452;202;0;
1540;2024.10.16 08:45;-12;25;25.125;25.0625;452;202;0;
1541;2024.10.16 09:00;-12;25;25.125;25.0625;452;202;0;
1542;2024.10.16 09:15;-12;25;25.125;25.0625;452;202;0;
1543;2024.10.16 09:30;-12;25;25.125;25.0625;452;202;0;
1544;2024.10.16 09:45;-12;25;25.125;25.0625;452;202;0;
1545;2024.10.16 10:00;-12;25;25.125;25.0625;452;202;0;
1546;2024.10.16 10:15;-12;25;25.125;25.0625;452;202;0;
1547;2024.10.16 10:30;-12;25;25.125;25;452;202;0;
1548;2024.10.16 10:45;-12;25;25.125;25;452;202;0;
1549;2024.10.16 11:00;-12;25;25.125;25;452;202;0;
1550;2024.10.16 11:15;-12;25;25.125;25;452;202;0;
1551;2024.10.16 11:30;-12;25;25.125;25;452;202;0;
1552;2024.10.16 11:45;-12;25;25.125;25;452;202;0;
1553;2024.10.16 12:00;-12;24.9375;25.125;25;452;202;0;
1554;2024.10.16 12:15;-12;24.9375;25.0625;25;452;202;0;
1555;2024.10.16 12:30;-12;24.9375;25.0625;25;452;202;0;
1556;2024.10.16 12:45;-12;24.9375;25.0625;25;452;202;0;
1557;2024.10.16 13:00;-12;25;25.0625;25;452;202;0;
1558;2024.10.16 13:15;-12;25;25.125;25;452;202;0;
1559;2024.10.16 13:30;-12;25;25.125;25;452;202;0;
1560;2024.10.16 13:45;-12;25;25.125;25;452;202;0;
1561;2024.10.16 14:00;-12;25;25.125;25.0625;452;202;0;
1562;2024.10.16 14:15;-12;25;25.125;25.0625;452;202;0;
1563;2024.10.16 14:30;-12;25.0625;25.125;25.125;452;202;0;
1564;2024.10.16 14:45;-12;25.125;25.125;25.125;452;202;0;
1565;2024.10.16 15:00;-12;25.125;25.1875;25.125;452;202;0;
1566;2024.10.16 15:15;-12;25.125;25.1875;25.125;453;202;0;
1567;2024.10.16 15:30;-12;25.125;25.25;25.1875;453;202;0;
1568;2024.10.16 15:45;-12;25.1875;25.25;25.25;453;202;0;
1569;2024.10.16 16:00;-12;25.25;25.25;25.25;453;202;0;
1570;2024.10.16 16:15;-12;25.25;25.25;25.25;453;202;0;
1571;2024.10.16 16:30;-12;25.25;25.3125;25.25;453;202;0;
1572;2024.10.16 16:45;-12;25.25;25.3125;25.25;453;202;0;
1573;2024.10.16 17:00;-12;25.25;25.375;25.25;453;202;0;
1574;2024.10.16 17:15;-12;25.3125;25.375;25.3125;453;202;0;
1575;2024.10.16 17:30;-12;25.3125;25.375;25.3125;453;202;0;
1576;2024.10.16 17:45;-12;25.25;25.375;25.25;453;202;0;
1577;2024.10.16 18:00;-12;25.125;25.3125;25.1875;453;202;0;
1578;2024.10.16 18:15;-12;25.125;25.25;25.125;453;202;0;
1579;2024.10.16 18:30;-12;25.0625;25.25;25.125;452;202;0;
1580;2024.10.16 18:45;-12;25;25.1875;25.0625;452;202;0;
1581;2024.10.16 19:00;-12;25;25.1875;25.0625;452;202;0;
1582;2024.10.16 19:15;-12;25;25.1875;25.0625;452;202;0;
1583;2024.10.16 19:30;-12;25;25.1875;25.125;452;202;0;
1584;2024.10.16 19:45;-12;25.0625;25.1875;25.125;452;202;0;
1585;2024.10.16 20:00;-12;25.0625;25.1875;25.125;452;202;0;
1586;2024.10.16 20:15;-12;25.125;25.1875;25.125;452;202;0;
1587;2024.10.16 20:30;-12;25.125;25.1875;25.125;452;202;0;
1588;2024.10.16 20:45;-12;25.125;25.25;25.125;453;202;0;
1589;2024.10.16 21:00;-12;25.125;25.25;25.125;453;202;0;
1590;2024.10.16 21:15;-12;25.125;25.25;25.125;453;202;0;
1591;2024.10.16 21:30;-12;25.125;25.25;25.1875;453;202;0;
1592;2024.10.16 21:45;-12;25.125;25.25;25.1875;453;202;0;
1593;2024.10.16 22:00;-12;25.125;25.25;25.1875;453;202;0;
1594;2024.10.16 22:15;-12;25.125;25.25;25.1875;453;202;0;
1595;2024.10.16 22:30;-12;25.125;25.25;25.25;453;202;0;
1596;2024.10.16 22:45;-12;25.125;25.25;25.25;453;202;0;
1597;2024.10.16 23:00;-12;25.125;25.25;25.25;453;202;0;
1598;2024.10.16 23:15;-12;25.1875;25.25;25.25;453;202;0;
1599;2024.10.16 23:30;-12;25.1875;25.25;25.25;453;202;0;
1600;2024.10.16 23:45;-12;25.1875;25.25;25.25;453;202;0;
1601;2024.10.17 00:00;-12;25.1875;25.25;25.25;453;202;0;
1602;2024.10.17 00:15;-12;25.1875;25.25;25.25;453;202;0;
1603;2024.10.17 00:30;-12;25.1875;25.25;25.25;453;202;0;
1604;2024.10.17 00:45;-12;25.1875;25.25;25.25;453;202;0;
1605;2024.10.17 01:00;-12;25.1875;25.25;25.25;453;202;0;
1606;2024.10.17 01:15;-12;25.25;25.3125;25.25;453;202;0;
1607;2024.10.17 01:30;-12;25.25;25.3125;25.25;453;202;0;
1608;2024.10.17 01:45;-12;25.25;25.3125;25.25;453;202;0;
1609;2024.10.17 02:00;-12;25.25;25.3125;25.25;453;202;0;
1610;2024.10.17 02:15;-12;25.25;25.3125;25.25;453;202;0;
1611;2024.10.17 02:30;-12;25.25;25.3125;25.25;453;202;0;
1612;2024.10.17 02:45;-12;25.25;25.3125;25.25;453;202;0;
1613;2024.10.17 03:00;-12;25.25;25.375;25.25;453;202;0;
1614;2024.10.17 03:15;-12;25.25;25.375;25.25;453;202;0;
1615;2024.10.17 03:30;-12;25.25;25.375;25.25;453;202;0;
1616;2024.10.17 03:45;-12;25.25;25.375;25.3125;453;202;0;
1617;2024.10.17 04:00;-12;25.25;25.375;25.3125;453;202;0;
1618;2024.10.17 04:15;-12;25.25;25.375;25.3125;453;202;0;
1619;2024.10.17 04:30;-12;25.25;25.375;25.3125;453;202;0;
1620;2024.10.17 04:45;-12;25.25;25.375;25.3125;453;202;0;
1621;2024.10.17 05:00;-12;25.25;25.375;25.3125;453;202;0;
1622;2024.10.17 05:15;-12;25.25;25.375;25.375;453;202;0;
1623;2024.10.17 05:30;-12;25.25;25.375;25.3125;453;202;0;
1624;2024.10.17 05:45;-12;25.25;25.375;25.375;453;202;0;
1625;2024.10.17 06:00;-12;25.25;25.375;25.375;453;202;0;
1626;2024.10.17 06:15;-12;25.25;25.375;25.375;453;202;0;
1627;2024.10.17 06:30;-12;25.3125;25.375;25.375;453;202;0;
1628;2024.10.17 06:45;-12;25.25;25.375;25.375;453;202;0;
1629;2024.10.17 07:00;-12;25.3125;25.375;25.375;453;202;0;
1630;2024.10.17 07:15;-12;25.25;25.375;25.375;453;202;0;
1631;2024.10.17 07:30;-12;25.3125;25.375;25.375;453;202;0;
1632;2024.10.17 07:45;-12;25.3125;25.375;25.375;453;202;0;
1633;2024.10.17 08:00;-12;25.3125;25.375;25.375;453;202;0;
1634;2024.10.17 08:15;-12;25.3125;25.375;25.375;453;202;0;
1635;2024.10.17 08:30;-12;25.3125;25.375;25.375;453;202;0;
1636;2024.10.17 08:45;-12;25.3125;25.375;25.375;453;202;0;
1637;2024.10.17 09:00;-12;25.3125;25.375;25.375;453;202;0;
1638;2024.10.17 09:15;-12;25.3125;25.375;25.375;453;202;0;
1639;2024.10.17 09:30;-12;25.25;25.375;25.375;453;202;0;
1640;2024.10.17 09:45;-12;25.25;25.375;25.375;453;202;0;
1641;2024.10.17 10:00;-12;25.25;25.375;25.375;453;202;0;
1642;2024.10.17 10:15;-12;25.25;25.375;25.375;453;202;0;
1643;2024.10.17 10:30;-12;25.25;25.375;25.375;453;202;0;
1644;2024.10.17 10:45;-12;25.25;25.375;25.375;453;202;0;
1645;2024.10.17 11:00;-12;25.25;25.375;25.375;453;202;0;
1646;2024.10.17 11:15;-12;25.25;25.375;25.375;453;202;0;
1647;2024.10.17 11:30;-12;25.25;25.375;25.375;453;202;0;
1648;2024.10.17 11:45;-12;25.25;25.375;25.375;454;202;0;
1649;2024.10.17 12:00;-12;25.25;25.375;25.375;454;202;0;
1650;2024.10.17 12:15;-12;25.25;25.375;25.375;454;202;0;
1651;2024.10.17 12:30;-12;25.3125;25.375;25.375;454;202;0;
1652;2024.10.17 12:45;-12;25.3125;25.375;25.375;454;202;0;
1653;2024.10.17 13:00;-12;25.25;25.375;25.375;454;202;0;
1654;2024.10.17 13:15;-12;25.25;25.375;25.375;454;202;0;
1655;2024.10.17 13:30;-12;25.3125;25.375;25.375;454;202;0;
1656;2024.10.17 13:45;-12;25.3125;25.4375;25.375;454;202;0;
1657;2024.10.17 14:00;-12;25.3125;25.4375;25.375;454;202;0;
1658;2024.10.17 14:15;-12;25.375;25.4375;25.375;454;202;0;
1659;2024.10.17 14:30;-12;25.375;25.4375;25.375;454;202;0;
1660;2024.10.17 14:45;-12;25.375;25.4375;25.375;454;202;0;
1661;2024.10.17 15:00;-12;25.375;25.4375;25.375;454;202;0;
1662;2024.10.17 15:15;-12;25.375;25.5;25.375;454;202;0;
1663;2024.10.17 15:30;-12;25.375;25.5;25.4375;454;202;0;
1664;2024.10.17 15:45;-12;25.375;25.5;25.4375;454;202;0;
1665;2024.10.17 16:00;-12;25.375;25.5;25.5;454;202;0;
1666;2024.10.17 16:15;-12;25.4375;25.5;25.5;454;202;0;
1667;2024.10.17 16:30;-12;25.4375;25.5;25.5;454;202;0;
1668;2024.10.17 16:45;-12;25.5;25.5;25.5;454;202;0;
1669;2024.10.17 17:00;-12;25.5;25.5625;25.5;454;202;0;
1670;2024.10.17 17:15;-12;25.5;25.5625;25.5;454;202;0;
1671;2024.10.17 17:30;-12;25.5;25.625;25.5625;454;202;0;
1672;2024.10.17 17:45;-12;25.5;25.625;25.5625;455;202;0;
1673;2024.10.17 18:00;-12;25.5;25.625;25.625;455;202;0;
1674;2024.10.17 18:15;-12;25.5625;25.625;25.625;455;202;0;
1675;2024.10.17 18:30;-12;25.625;25.625;25.625;455;202;0;
1676;2024.10.17 18:45;-12;25.625;25.6875;25.625;455;202;0;
1677;2024.10.17 19:00;-12;25.75;25.75;25.6875;455;202;0;
1678;2024.10.17 19:15;-12;25.75;25.75;25.75;455;202;0;
1679;2024.10.17 19:30;-12;25.75;25.75;25.75;456;202;0;
1680;2024.10.17 19:45;-12;25.875;25.8125;25.8125;456;202;0;
1681;2024.10.17 20:00;-12;25.875;25.875;25.875;456;202;0;
1682;2024.10.17 20:15;-12;25.9375;25.875;25.875;456;202;0;
1683;2024.10.17 20:30;-12;26;26;25.9375;456;202;0;
1684;2024.10.17 20:45;-12;26;26;26;457;202;0;
1685;2024.10.17 21:00;-12;26.0625;26;26;457;202;0;
1686;2024.10.17 21:15;-12;26.125;26.125;26.0625;457;202;0;
1687;2024.10.17 21:30;-12;26.125;26.125;26.125;457;202;0;
1688;2024.10.17 21:45;-12;26.1875;26.125;26.125;457;202;0;
1689;2024.10.17 22:00;-12;26.25;26.1875;26.125;457;202;0;
1690;2024.10.17 22:15;-12;26.25;26.25;26.1875;457;202;0;
1691;2024.10.17 22:30;-12;26.25;26.25;26.25;458;202;0;
1692;2024.10.17 22:45;-12;26.25;26.25;26.25;458;202;0;
1693;2024.10.17 23:00;-12;26.25;26.25;26.25;458;202;0;
1694;2024.10.17 23:15;-12;26.25;26.25;26.25;458;202;0;
1695;2024.10.17 23:30;-12;26.25;26.3125;26.25;458;202;0;
1696;2024.10.17 23:45;-12;26.25;26.3125;26.25;458;202;0;
1697;2024.10.18 00:00;-12;26.25;26.375;26.25;458;202;0;
1698;2024.10.18 00:15;-12;26.25;26.375;26.25;458;202;0;
1699;2024.10.18 00:30;-12;26.25;26.375;26.25;458;202;0;
1700;2024.10.18 00:45;-12;26.25;26.375;26.25;458;202;0;
1701;2024.10.18 01:00;-12;26.25;26.375;26.25;458;202;0;
1702;2024.10.18 01:15;-12;26.25;26.375;26.25;458;202;0;
1703;2024.10.18 01:30;-12;26.25;26.375;26.25;458;202;0;
1704;2024.10.18 01:45;-12;26.25;26.375;26.25;458;202;0;
1705;2024.10.18 02:00;-12;26.25;26.3125;26.25;458;202;0;
1706;2024.10.18 02:15;-12;26.1875;26.3125;26.25;458;202;0;
1707;2024.10.18 02:30;-12;26.1875;26.3125;26.25;458;202;0;
1708;2024.10.18 02:45;-12;26.125;26.25;26.25;458;202;0;
1709;2024.10.18 03:00;-12;26.125;26.25;26.1875;457;202;0;
1710;2024.10.18 03:15;-12;26.125;26.25;26.1875;457;202;0;
1711;2024.10.18 03:30;-12;26.125;26.25;26.125;457;202;0;
1712;2024.10.18 03:45;-12;26.0625;26.25;26.125;457;202;0;
1713;2024.10.18 04:00;-12;26;26.1875;26.125;457;202;0;
1714;2024.10.18 04:15;-12;26;26.1875;26.125;457;202;0;
1715;2024.10.18 04:30;-12;26;26.125;26;457;202;0;
1716;2024.10.18 04:45;-12;25.9375;26.125;26;457;202;0;
1717;2024.10.18 05:00;-12;25.9375;26.125;26;457;202;0;
1718;2024.10.18 05:15;-12;25.875;26.0625;26;456;202;0;
1719;2024.10.18 05:30;-12;25.875;26;25.875;456;202;0;
1720;2024.10.18 05:45;-12;25.8125;26;25.875;456;202;0;
1721;2024.10.18 06:00;-12;25.75;26;25.875;456;202;0;
1722;2024.10.18 06:15;-12;25.75;25.9375;25.8125;456;202;0;
1723;2024.10.18 06:30;-12;25.75;25.875;25.75;456;202;0;
1724;2024.10.18 06:45;-12;25.6875;25.875;25.75;456;202;0;
1725;2024.10.18 07:00;-12;25.625;25.875;25.75;455;202;0;
1726;2024.10.18 07:15;-12;25.625;25.8125;25.6875;455;202;0;
1727;2024.10.18 07:30;-12;25.5625;25.75;25.625;455;202;0;
1728;2024.10.18 07:45;-12;25.5;25.75;25.625;455;202;0;
1729;2024.10.18 08:00;-12;25.5;25.6875;25.5625;455;202;0;
1730;2024.10.18 08:15;-12;25.5;25.625;25.5;455;202;0;
1731;2024.10.18 08:30;-12;25.375;25.625;25.5;454;202;0;
1732;2024.10.18 08:45;-12;25.375;25.625;25.5;454;202;0;
1733;2024.10.18 09:00;-12;25.375;25.5625;25.375;454;202;0;
1734;2024.10.18 09:15;-12;25.3125;25.5;25.375;454;202;0;
1735;2024.10.18 09:30;-12;25.25;25.5;25.375;454;202;0;
1736;2024.10.18 09:45;-12;25.25;25.4375;25.3125;454;202;0;
1737;2024.10.18 10:00;-12;25.1875;25.375;25.25;453;202;0;
1738;2024.10.18 10:15;-12;25.125;25.375;25.25;453;202;0;
1739;2024.10.18 10:30;-12;25.125;25.375;25.25;453;202;0;
1740;2024.10.18 10:45;-12;25.125;25.3125;25.1875;453;202;0;
1741;2024.10.18 11:00;-12;25.125;25.25;25.125;453;202;0;
1742;2024.10.18 11:15;-12;25.0625;25.25;25.125;453;202;0;
1743;2024.10.18 11:30;-12;25.0625;25.25;25.125;453;202;0;
1744;2024.10.18 11:45;-12;25;25.25;25.125;453;202;0;
1745;2024.10.18 12:00;-12;25;25.1875;25.125;453;202;0;
1746;2024.10.18 12:15;-12;25;25.1875;25.125;453;202;0;
1747;2024.10.18 12:30;-12;25;25.125;25.0625;453;202;0;
1748;2024.10.18 12:45;-12;25;25.125;25.0625;452;202;0;
1749;2024.10.18 13:00;-12;25;25.125;25.0625;452;202;0;
1750;2024.10.18 13:15;-12;25;25.125;25.0625;452;202;0;
1751;2024.10.18 13:30;-12;25;25.125;25.0625;452;202;0;
1752;2024.10.18 13:45;-12;25;25.125;25.125;453;202;0;
1753;2024.10.18 14:00;-12;25;25.125;25.125;453;202;0;
1754;2024.10.18 14:15;-12;25.0625;25.125;25.125;453;202;0;
1755;2024.10.18 14:30;-12;25.0625;25.1875;25.125;453;202;0;
1756;2024.10.18 14:45;-12;25.125;25.1875;25.125;453;202;0;
1757;2024.10.18 15:00;-12;25.125;25.25;25.1875;453;202;0;
1758;2024.10.18 15:15;-12;25.125;25.25;25.25;453;202;0;
1759;2024.10.18 15:30;-12;25.1875;25.25;25.25;453;202;0;
1760;2024.10.18 15:45;-12;25.25;25.25;25.25;453;202;0;
1761;2024.10.18 16:00;-12;25.25;25.3125;25.25;454;202;0;
1762;2024.10.18 16:15;-12;25.3125;25.375;25.3125;454;202;0;
1763;2024.10.18 16:30;-12;25.375;25.375;25.375;454;202;0;
1764;2024.10.18 16:45;-12;25.375;25.375;25.375;454;202;0;
1765;2024.10.18 17:00;-12;25.375;25.4375;25.375;454;202;0;
1766;2024.10.18 17:15;-12;25.5;25.5;25.4375;454;202;0;
1767;2024.10.18 17:30;-12;25.5;25.5;25.5;454;202;0;
1768;2024.10.18 17:45;-12;25.5;25.5;25.5;455;202;0;
1769;2024.10.18 18:00;-12;25.5625;25.5625;25.5625;455;202;0;
1770;2024.10.18 18:15;-12;25.625;25.625;25.625;455;202;0;
1771;2024.10.18 18:30;-12;25.625;25.625;25.625;455;202;0;
1772;2024.10.18 18:45;-12;25.5625;25.625;25.625;455;202;0;
1773;2024.10.18 19:00;-12;25.5;25.625;25.625;455;202;0;
1774;2024.10.18 19:15;-12;25.5;25.625;25.5;455;202;0;
1775;2024.10.18 19:30;-12;25.5;25.625;25.5;455;202;0;
1776;2024.10.18 19:45;-12;25.4375;25.5625;25.5;455;202;0;
1777;2024.10.18 20:00;-12;25.375;25.5625;25.5;454;202;0;
1778;2024.10.18 20:15;-12;25.375;25.5625;25.5;454;202;0;
1779;2024.10.18 20:30;-12;25.375;25.5625;25.5;454;202;0;
1780;2024.10.18 20:45;-12;25.4375;25.5625;25.5;454;202;0;
1781;2024.10.18 21:00;-12;25.4375;25.5625;25.5;454;202;0;
1782;2024.10.18 21:15;-12;25.5;25.5625;25.5;455;202;0;
1783;2024.10.18 21:30;-12;25.5;25.625;25.5;455;202;0;
1784;2024.10.18 21:45;-12;25.5;25.625;25.5625;455;202;0;
1785;2024.10.18 22:00;-12;25.5625;25.625;25.625;455;202;0;
1786;2024.10.18 22:15;-12;25.625;25.625;25.625;455;202;0;
1787;2024.10.18 22:30;-12;25.625;25.625;25.625;455;202;0;
1788;2024.10.18 22:45;-12;25.625;25.625;25.625;455;202;0;
1789;2024.10.18 23:00;-12;25.625;25.6875;25.625;455;202;0;
1790;2024.10.18 23:15;-12;25.625;25.6875;25.625;455;202;0;
1791;2024.10.18 23:30;-12;25.625;25.75;25.6875;455;202;0;
1792;2024.10.18 23:45;-12;25.625;25.75;25.6875;455;202;0;
1793;2024.10.19 00:00;-12;25.625;25.75;25.75;455;202;0;
1794;2024.10.19 00:15;-12;25.625;25.75;25.75;455;202;0;
1795;2024.10.19 00:30;-12;25.6875;25.75;25.75;455;202;0;
1796;2024.10.19 00:45;-12;25.6875;25.75;25.75;455;202;0;
1797;2024.10.19 01:00;-12;25.6875;25.75;25.75;455;202;0;
1798;2024.10.19 01:15;-12;25.6875;25.75;25.75;456;202;0;
1799;2024.10.19 01:30;-12;25.6875;25.75;25.75;456;202;0;
1800;2024.10.19 01:45;-12;25.6875;25.75;25.75;456;202;0;
1801;2024.10.19 02:00;-12;25.6875;25.8125;25.75;456;202;0;
1802;2024.10.19 02:15;-12;25.6875;25.75;25.75;456;202;0;
1803;2024.10.19 02:30;-12;25.75;25.8125;25.75;456;202;0;
1804;2024.10.19 02:45;-12;25.75;25.8125;25.75;456;202;0;
1805;2024.10.19 03:00;-12;25.75;25.8125;25.75;456;202;0;
1806;2024.10.19 03:15;-12;25.75;25.8125;25.75;456;202;0;
1807;2024.10.19 03:30;-12;25.75;25.8125;25.75;456;202;0;
1808;2024.10.19 03:45;-12;25.75;25.8125;25.75;456;202;0;
1809;2024.10.19 04:00;-12;25.75;25.8125;25.75;456;202;0;
1810;2024.10.19 04:15;-12;25.75;25.8125;25.75;456;202;0;
1811;2024.10.19 04:30;-12;25.75;25.8125;25.75;456;202;0;
1812;2024.10.19 04:45;-12;25.75;25.8125;25.75;456;202;0;
1813;2024.10.19 05:00;-12;25.6875;25.8125;25.75;456;202;0;
1814;2024.10.19 05:15;-12;25.6875;25.8125;25.75;456;202;0;
1815;2024.10.19 05:30;-12;25.6875;25.8125;25.75;456;202;0;
1816;2024.10.19 05:45;-12;25.6875;25.8125;25.75;456;202;0;
1817;2024.10.19 06:00;-12;25.6875;25.8125;25.75;456;202;0;
1818;2024.10.19 06:15;-12;25.6875;25.8125;25.75;456;202;0;
1819;2024.10.19 06:30;-12;25.6875;25.8125;25.75;456;202;0;
1820;2024.10.19 06:45;-12;25.6875;25.8125;25.75;456;202;0;
1821;2024.10.19 07:00;-12;25.6875;25.8125;25.75;456;202;0;
1822;2024.10.19 07:15;-12;25.625;25.75;25.75;456;202;0;
1823;2024.10.19 07:30;-12;25.625;25.75;25.75;456;202;0;
1824;2024.10.19 07:45;-12;25.625;25.75;25.75;456;202;0;
1825;2024.10.19 08:00;-12;25.625;25.75;25.75;456;202;0;
1826;2024.10.19 08:15;-12;25.625;25.75;25.75;456;202;0;
1827;2024.10.19 08:30;-12;25.625;25.75;25.75;456;202;0;
1828;2024.10.19 08:45;-12;25.625;25.75;25.6875;456;202;0;
1829;2024.10.19 09:00;-12;25.625;25.75;25.6875;455;202;0;
1830;2024.10.19 09:15;-12;25.625;25.75;25.6875;455;202;0;
1831;2024.10.19 09:30;-12;25.625;25.75;25.6875;455;202;0;
1832;2024.10.19 09:45;-12;25.625;25.75;25.6875;455;202;0;
1833;2024.10.19 10:00;-12;25.625;25.75;25.625;455;202;0;
1834;2024.10.19 10:15;-12;25.625;25.75;25.625;455;202;0;
1835;2024.10.19 10:30;-12;25.625;25.75;25.625;455;202;0;
1836;2024.10.19 10:45;-12;25.5625;25.75;25.625;455;202;0;
1837;2024.10.19 11:00;-12;25.5625;25.75;25.625;455;202;0;
1838;2024.10.19 11:15;-12;25.5625;25.6875;25.625;455;202;0;
1839;2024.10.19 11:30;-12;25.5625;25.6875;25.625;455;202;0;
1840;2024.10.19 11:45;-12;25.5625;25.6875;25.625;455;202;0;
1841;2024.10.19 12:00;-12;25.5;25.6875;25.625;455;202;0;
1842;2024.10.19 12:15;-12;25.5;25.6875;25.625;455;202;0;
1843;2024.10.19 12:30;-12;25.5;25.6875;25.625;455;202;0;
1844;2024.10.19 12:45;-12;25.5;25.625;25.625;455;202;0;
1845;2024.10.19 13:00;-12;25.5;25.625;25.625;455;202;0;
1846;2024.10.19 13:15;-12;25.5;25.625;25.625;455;202;0;
1847;2024.10.19 13:30;-12;25.5;25.625;25.625;455;202;0;
1848;2024.10.19 13:45;-12;25.5;25.625;25.625;455;202;0;
1849;2024.10.19 14:00;-12;25.5;25.625;25.625;455;202;0;
1850;2024.10.19 14:15;-12;25.5;25.625;25.625;455;202;0;
1851;2024.10.19 14:30;-12;25.5625;25.6875;25.625;455;202;0;
1852;2024.10.19 14:45;-12;25.5625;25.6875;25.625;455;202;0;
1853;2024.10.19 15:00;-12;25.5625;25.6875;25.625;455;202;0;
1854;2024.10.19 15:15;-12;25.5625;25.6875;25.625;455;202;0;
1855;2024.10.19 15:30;-12;25.5625;25.6875;25.625;455;202;0;
1856;2024.10.19 15:45;-12;25.5625;25.6875;25.625;455;202;0;
1857;2024.10.19 16:00;-12;25.625;25.6875;25.625;455;202;0;
1858;2024.10.19 16:15;-12;25.625;25.6875;25.625;455;202;0;
1859;2024.10.19 16:30;-12;25.625;25.75;25.625;455;202;0;
1860;2024.10.19 16:45;-12;25.625;25.75;25.625;455;202;0;
1861;2024.10.19 17:00;-12;25.625;25.75;25.625;455;202;0;
1862;2024.10.19 17:15;-12;25.625;25.75;25.6875;456;202;0;
1863;2024.10.19 17:30;-12;25.625;25.75;25.6875;456;202;0;
1864;2024.10.19 17:45;-12;25.625;25.75;25.6875;456;202;0;
1865;2024.10.19 18:00;-12;25.625;25.75;25.6875;456;202;0;
1866;2024.10.19 18:15;-12;25.625;25.75;25.75;456;202;0;
1867;2024.10.19 18:30;-12;25.625;25.75;25.75;456;202;0;
1868;2024.10.19 18:45;-12;25.625;25.75;25.75;456;202;0;
1869;2024.10.19 19:00;-12;25.6875;25.75;25.75;456;202;0;
1870;2024.10.19 19:15;-12;25.625;25.75;25.75;456;202;0;
1871;2024.10.19 19:30;-12;25.625;25.75;25.75;456;202;0;
1872;2024.10.19 19:45;-12;25.625;25.75;25.75;456;202;0;
1873;2024.10.19 20:00;-12;25.625;25.75;25.75;456;202;0;
1874;2024.10.19 20:15;-12;25.6875;25.75;25.75;456;202;0;
1875;2024.10.19 20:30;-12;25.6875;25.75;25.75;456;202;0;
1876;2024.10.19 20:45;-12;25.6875;25.75;25.75;456;202;0;
1877;2024.10.19 21:00;-12;25.6875;25.75;25.75;456;202;0;
1878;2024.10.19 21:15;-12;25.625;25.75;25.75;456;202;0;
1879;2024.10.19 21:30;-12;25.625;25.75;25.75;456;202;0;
1880;2024.10.19 21:45;-12;25.625;25.8125;25.75;456;202;0;
1881;2024.10.19 22:00;-12;25.625;25.75;25.75;456;202;0;
1882;2024.10.19 22:15;-12;25.625;25.75;25.75;456;202;0;
1883;2024.10.19 22:30;-12;25.625;25.75;25.75;456;202;0;
1884;2024.10.19 22:45;-12;25.625;25.75;25.75;456;202;0;
1885;2024.10.19 23:00;-12;25.625;25.75;25.75;456;202;0;
1886;2024.10.19 23:15;-12;25.625;25.75;25.6875;456;202;0;
1887;2024.10.19 23:30;-12;25.625;25.75;25.6875;456;202;0;
1888;2024.10.19 23:45;-12;25.625;25.75;25.6875;456;202;0;
1889;2024.10.20 00:00;-12;25.625;25.75;25.6875;456;202;0;
1890;2024.10.20 00:15;-12;25.625;25.75;25.625;456;202;0;
1891;2024.10.20 00:30;-12;25.5625;25.75;25.625;456;202;0;
1892;2024.10.20 00:45;-12;25.5625;25.75;25.625;456;202;0;
1893;2024.10.20 01:00;-12;25.5625;25.6875;25.625;455;202;0;
1894;2024.10.20 01:15;-12;25.5;25.6875;25.625;455;202;0;
1895;2024.10.20 01:30;-12;25.5;25.6875;25.625;455;202;0;
1896;2024.10.20 01:45;-12;25.5;25.625;25.5625;455;202;0;
1897;2024.10.20 02:00;-12;25.5;25.625;25.5625;455;202;0;
1898;2024.10.20 02:15;-12;25.5;25.625;25.5;455;202;0;
1899;2024.10.20 02:30;-12;25.5;25.625;25.5;455;202;0;
1900;2024.10.20 02:45;-12;25.4375;25.625;25.5;455;202;0;
1901;2024.10.20 03:00;-12;25.375;25.625;25.5;455;202;0;
1902;2024.10.20 03:15;-12;25.375;25.5625;25.5;455;202;0;
1903;2024.10.20 03:30;-12;25.375;25.5;25.4375;455;202;0;
1904;2024.10.20 03:45;-12;25.375;25.5;25.4375;455;202;0;
1905;2024.10.20 04:00;-12;25.375;25.5;25.375;455;202;0;
1906;2024.10.20 04:15;-12;25.3125;25.5;25.375;454;202;0;
1907;2024.10.20 04:30;-12;25.3125;25.5;25.375;454;202;0;
1908;2024.10.20 04:45;-12;25.25;25.4375;25.375;454;202;0;
1909;2024.10.20 05:00;-12;25.25;25.375;25.3125;454;202;0;
1910;2024.10.20 05:15;-12;25.25;25.375;25.3125;454;202;0;
1911;2024.10.20 05:30;-12;25.25;25.375;25.25;454;202;0;
1912;2024.10.20 05:45;-12;25.1875;25.375;25.25;454;202;0;
1913;2024.10.20 06:00;-12;25.125;25.375;25.25;454;202;0;
1914;2024.10.20 06:15;-12;25.125;25.3125;25.1875;454;202;0;
1915;2024.10.20 06:30;-12;25.125;25.25;25.1875;454;202;0;
1916;2024.10.20 06:45;-12;25.125;25.25;25.125;454;202;0;
1917;2024.10.20 07:00;-12;25.0625;25.25;25.125;453;202;0;
1918;2024.10.20 07:15;-12;25.0625;25.25;25.125;453;202;0;
1919;2024.10.20 07:30;-12;25;25.1875;25.125;453;202;0;
1920;2024.10.20 07:45;-12;25;25.125;25.0625;453;202;0;
1921;2024.10.20 08:00;-12;25;25.125;25;453;202;0;
1922;2024.10.20 08:15;-12;24.9375;25.125;25;453;202;0;
1923;2024.10.20 08:30;-12;24.875;25.125;25;453;202;0;
1924;2024.10.20 08:45;-12;24.875;25.125;25;453;202;0;
1925;2024.10.20 09:00;-12;24.875;25.0625;24.9375;453;202;0;
1926;2024.10.20 09:15;-12;24.875;25;24.875;453;202;0;
1927;2024.10.20 09:30;-12;24.8125;25;24.875;452;202;0;
1928;2024.10.20 09:45;-12;24.8125;25;24.875;452;202;0;
1929;2024.10.20 10:00;-12;24.75;25;24.875;452;202;0;
1930;2024.10.20 10:15;-12;24.75;24.9375;24.8125;452;202;0;
1931;2024.10.20 10:30;-12;24.75;24.875;24.75;452;202;0;
1932;2024.10.20 10:45;-12;24.75;24.875;24.75;452;202;0;
1933;2024.10.20 11:00;-12;24.6875;24.875;24.75;452;202;0;
1934;2024.10.20 11:15;-12;24.625;24.875;24.75;452;202;0;
1935;2024.10.20 11:30;-12;24.625;24.8125;24.75;452;202;0;
1936;2024.10.20 11:45;-12;24.625;24.8125;24.6875;452;202;0;
1937;2024.10.20 12:00;-12;24.625;24.75;24.625;451;202;0;
1938;2024.10.20 12:15;-12;24.625;24.75;24.625;451;202;0;
1939;2024.10.20 12:30;-12;24.5625;24.75;24.625;451;202;0;
1940;2024.10.20 12:45;-12;24.5;24.75;24.625;451;202;0;
1941;2024.10.20 13:00;-12;24.5;24.6875;24.625;451;202;0;
1942;2024.10.20 13:15;-12;24.5;24.6875;24.625;451;202;0;
1943;2024.10.20 13:30;-12;24.5;24.625;24.5625;451;202;0;
1944;2024.10.20 13:45;-12;24.5;24.625;24.5625;451;202;0;
1945;2024.10.20 14:00;-12;24.5;24.625;24.5;451;202;0;
1946;2024.10.20 14:15;-12;24.5;24.625;24.5;451;202;0;
1947;2024.10.20 14:30;-12;24.5;24.625;24.5;451;202;0;
1948;2024.10.20 14:45;-12;24.5;24.625;24.5;451;202;0;
1949;2024.10.20 15:00;-12;24.4375;24.625;24.5;451;202;0;
1950;2024.10.20 15:15;-12;24.4375;24.625;24.5;451;202;0;
1951;2024.10.20 15:30;-12;24.4375;24.5625;24.5;451;202;0;
1952;2024.10.20 15:45;-12;24.375;24.5625;24.5;451;202;0;
1953;2024.10.20 16:00;-12;24.375;24.5625;24.5;451;202;0;
1954;2024.10.20 16:15;-12;24.375;24.5625;24.5;451;202;0;
1955;2024.10.20 16:30;-12;24.375;24.5;24.5;451;202;0;
1956;2024.10.20 16:45;-12;24.375;24.5;24.4375;450;202;0;
1957;2024.10.20 17:00;-12;24.375;24.5;24.4375;450;202;0;
1958;2024.10.20 17:15;-12;24.375;24.5;24.4375;450;202;0;
1959;2024.10.20 17:30;-12;24.375;24.5;24.4375;450;202;0;
1960;2024.10.20 17:45;-12;24.375;24.5;24.4375;450;202;0;
1961;2024.10.20 18:00;-12;24.375;24.5;24.4375;450;202;0;
1962;2024.10.20 18:15;-12;24.375;24.5;24.4375;450;202;0;
1963;2024.10.20 18:30;-12;24.375;24.5;24.375;450;202;0;
1964;2024.10.20 18:45;-12;24.375;24.5;24.375;450;202;0;
1965;2024.10.20 19:00;-12;24.375;24.5;24.375;450;202;0;
1966;2024.10.20 19:15;-12;24.375;24.5;24.375;450;202;0;
1967;2024.10.20 19:30;-12;24.375;24.5;24.375;450;202;0;
1968;2024.10.20 19:45;-12;24.375;24.5;24.375;450;202;0;
1969;2024.10.20 20:00;-12;24.375;24.5;24.375;450;202;0;
1970;2024.10.20 20:15;-12;24.375;24.5;24.375;450;202;0;
1971;2024.10.20 20:30;-12;24.375;24.5;24.375;450;202;0;
1972;2024.10.20 20:45;-12;24.375;24.5;24.375;450;202;0;
1973;2024.10.20 21:00;-12;24.375;24.5;24.375;450;202;0;
1974;2024.10.20 21:15;-12;24.375;24.5;24.375;450;202;0;
1975;2024.10.20 21:30;-12;24.375;24.5;24.375;450;202;0;
1976;2024.10.20 21:45;-12;24.375;24.4375;24.375;450;202;0;
1977;2024.10.20 22:00;-12;24.375;24.5;24.375;450;202;0;
1978;2024.10.20 22:15;-12;24.375;24.5;24.375;450;202;0;
1979;2024.10.20 22:30;-12;24.3125;24.4375;24.375;450;202;0;
1980;2024.10.20 22:45;-12;24.3125;24.4375;24.375;450;202;0;
1981;2024.10.20 23:00;-12;24.3125;24.4375;24.375;450;202;0;
1982;2024.10.20 23:15;-12;24.3125;24.4375;24.375;450;202;0;
1983;2024.10.20 23:30;-12;24.3125;24.4375;24.375;450;202;0;
1984;2024.10.20 23:45;-12;24.3125;24.4375;24.375;450;202;0;
1985;2024.10.21 00:00;-12;24.25;24.375;24.375;450;202;0;
1986;2024.10.21 00:15;-12;24.25;24.375;24.375;450;202;0;
1987;2024.10.21 00:30;-12;24.25;24.375;24.375;450;202;0;
1988;2024.10.21 00:45;-12;24.25;24.375;24.375;450;202;0;
1989;2024.10.21 01:00;-12;24.25;24.375;24.3125;450;202;0;
1990;2024.10.21 01:15;-12;24.25;24.375;24.3125;450;202;0;
1991;2024.10.21 01:30;-12;24.25;24.375;24.3125;450;202;0;
1992;2024.10.21 01:45;-12;24.25;24.375;24.3125;450;202;0;
1993;2024.10.21 02:00;-12;24.25;24.375;24.25;450;202;0;
1994;2024.10.21 02:15;-12;24.25;24.375;24.25;450;202;0;
1995;2024.10.21 02:30;-12;24.25;24.375;24.25;450;202;0;
1996;2024.10.21 02:45;-12;24.25;24.375;24.25;450;202;0;
1997;2024.10.21 03:00;-12;24.25;24.375;24.25;450;202;0;
1998;2024.10.21 03:15;-12;24.1875;24.375;24.25;450;202;0;
1999;2024.10.21 03:30;-12;24.1875;24.375;24.25;450;202;0;
2000;2024.10.21 03:45;-12;24.1875;24.3125;24.25;450;202;0;
2001;2024.10.21 04:00;-12;24.125;24.3125;24.25;450;202;0;
2002;2024.10.21 04:15;-12;24.125;24.3125;24.25;450;202;0;
2003;2024.10.21 04:30;-12;24.125;24.25;24.25;450;202;0;
2004;2024.10.21 04:45;-12;24.125;24.25;24.25;450;202;0;
2005;2024.10.21 05:00;-12;24.125;24.25;24.1875;450;202;0;
2006;2024.10.21 05:15;-12;24.125;24.25;24.1875;449;202;0;
2007;2024.10.21 05:30;-12;24.125;24.25;24.1875;450;202;0;
2008;2024.10.21 05:45;-12;24.125;24.25;24.125;449;202;0;
2009;2024.10.21 06:00;-12;24.125;24.25;24.125;449;202;0;
2010;2024.10.21 06:15;-12;24.125;24.25;24.125;449;202;0;
2011;2024.10.21 06:30;-12;24.0625;24.25;24.125;449;202;0;
2012;2024.10.21 06:45;-12;24.0625;24.25;24.125;449;202;0;
2013;2024.10.21 07:00;-12;24.0625;24.1875;24.125;449;202;0;
2014;2024.10.21 07:15;-12;24;24.1875;24.125;449;202;0;
2015;2024.10.21 07:30;-12;24;24.1875;24.125;449;202;0;
2016;2024.10.21 07:45;-12;24;24.125;24.125;449;202;0;
2017;2024.10.21 08:00;-12;24;24.125;24.0625;449;202;0;
2018;2024.10.21 08:15;-12;24;24.125;24.0625;449;202;0;
2019;2024.10.21 08:30;-12;24;24.125;24.0625;449;202;0;
2020;2024.10.21 08:45;-12;24;24.125;24;449;202;0;
2021;2024.10.21 09:00;-12;24;24.125;24;449;202;0;
2022;2024.10.21 09:15;-12;24;24.125;24;449;202;0;
2023;2024.10.21 09:30;-12;23.9375;24.125;24;449;202;0;
2024;2024.10.21 09:45;-12;23.9375;24.0625;24;449;202;0;
2025;2024.10.21 10:00;-12;23.9375;24.0625;24;449;202;0;
2026;2024.10.21 10:15;-12;23.875;24.0625;24;449;202;0;
2027;2024.10.21 10:30;-12;23.875;24.0625;24;449;202;0;
2028;2024.10.21 10:45;-12;23.875;24;24;449;202;0;
2029;2024.10.21 11:00;-12;23.875;24;23.9375;449;202;0;
2030;2024.10.21 11:15;-12;23.875;24;23.9375;449;202;0;
2031;2024.10.21 11:30;-12;23.875;24;23.9375;448;202;0;
2032;2024.10.21 11:45;-12;23.875;24;23.9375;448;202;0;
2033;2024.10.21 12:00;-12;23.875;24;23.875;448;202;0;
2034;2024.10.21 12:15;-12;23.75;23.9375;23.8125;448;202;0;
2035;2024.10.21 12:30;-12;23.625;23.875;23.75;448;202;0;
2036;2024.10.21 12:45;-12;23.5625;23.8125;23.625;447;202;0;
2037;2024.10.21 13:00;-12;23.5;23.75;23.5;447;202;0;
2038;2024.10.21 13:15;-12;23.375;23.625;23.5;447;202;0;
2039;2024.10.21 13:30;-12;23.3125;23.625;23.375;446;202;0;
2040;2024.10.21 13:45;-12;23.25;23.5;23.25;446;202;0;
2041;2024.10.21 14:00;-12;23.125;23.4375;23.25;446;202;0;
2042;2024.10.21 14:15;-12;23.125;23.375;23.125;445;202;0;
2043;2024.10.21 14:30;-12;23;23.3125;23.0625;445;202;0;
2044;2024.10.21 14:45;-12;23;23.25;23;445;202;0;
2045;2024.10.21 15:00;-12;22.875;23.1875;22.9375;444;202;0;
2046;2024.10.21 15:15;-12;22.75;23.125;22.875;444;202;0;
2047;2024.10.21 15:30;-12;22.6875;23;22.75;444;202;0;
2048;2024.10.21 15:45;-12;22.625;22.875;22.625;443;202;0;
2049;2024.10.21 16:00;-12;22.5625;22.875;22.625;443;202;0;
2050;2024.10.21 16:15;-12;22.5;22.8125;22.5625;443;202;0;
2051;2024.10.21 16:30;-12;22.5;22.75;22.5625;443;202;0;
2052;2024.10.21 16:45;-12;22.5;22.75;22.625;443;202;0;
2053;2024.10.21 17:00;-12;22.5625;22.75;22.625;443;202;0;
2054;2024.10.21 17:15;-12;22.5625;22.75;22.625;443;202;0;
2055;2024.10.21 17:30;-12;22.5625;22.75;22.625;443;202;0;
2056;2024.10.21 17:45;-12;22.625;22.75;22.625;443;202;0;
2057;2024.10.21 18:00;-12;22.625;22.75;22.625;443;202;0;
2058;2024.10.21 18:15;-12;22.625;22.75;22.75;443;202;0;
2059;2024.10.21 18:30;-12;22.6875;22.75;22.75;443;202;0;
2060;2024.10.21 18:45;-12;22.75;22.8125;22.8125;443;202;0;
2061;2024.10.21 19:00;-12;22.8125;22.875;22.875;443;202;0;
2062;2024.10.21 19:15;-12;22.875;22.875;22.875;444;202;0;
2063;2024.10.21 19:30;-12;22.875;22.9375;22.9375;444;202;0;
2064;2024.10.21 19:45;-12;22.875;23;23;444;202;0;
2065;2024.10.21 20:00;-12;23;23;23;444;202;0;
2066;2024.10.21 20:15;-12;23;23;23.0625;444;202;0;
2067;2024.10.21 20:30;-12;23;23;23.0625;444;202;0;
2068;2024.10.21 20:45;-12;23;23.0625;23.0625;444;202;0;
2069;2024.10.21 21:00;-12;22.9375;23.0625;23;444;202;0;
2070;2024.10.21 21:15;-12;22.875;23;23;444;202;0;
2071;2024.10.21 21:30;-12;22.875;23;23;444;202;0;
2072;2024.10.21 21:45;-12;22.875;23;23;444;202;0;
2073;2024.10.21 22:00;-12;22.875;23;22.9375;444;202;0;
2074;2024.10.21 22:15;-12;22.875;23;22.875;444;202;0;
2075;2024.10.21 22:30;-12;22.875;23;22.875;444;202;0;
2076;2024.10.21 22:45;-12;22.875;23;22.875;444;202;0;
2077;2024.10.21 23:00;-12;22.875;23;22.9375;444;202;0;
2078;2024.10.21 23:15;-12;22.875;23;23;444;202;0;
2079;2024.10.21 23:30;-12;22.9375;23;23;444;202;0;
2080;2024.10.21 23:45;-12;22.9375;23;23;444;202;0;
2081;2024.10.22 00:00;-12;23;23.0625;23.0625;444;202;0;
2082;2024.10.22 00:15;-12;23;23.0625;23.0625;444;202;0;
2083;2024.10.22 00:30;-12;23;23.125;23.125;444;202;0;
2084;2024.10.22 00:45;-12;23;23.125;23.125;445;202;0;
2085;2024.10.22 01:00;-12;23.0625;23.125;23.125;445;202;0;
2086;2024.10.22 01:15;-12;23.125;23.125;23.125;445;202;0;
2087;2024.10.22 01:30;-12;23.125;23.125;23.125;445;202;0;
2088;2024.10.22 01:45;-12;23.125;23.1875;23.1875;445;202;0;
2089;2024.10.22 02:00;-12;23.125;23.25;23.25;445;202;0;
2090;2024.10.22 02:15;-12;23.1875;23.25;23.25;445;202;0;
2091;2024.10.22 02:30;-12;23.25;23.25;23.25;445;202;0;
2092;2024.10.22 02:45;-12;23.25;23.25;23.25;445;202;0;
2093;2024.10.22 03:00;-12;23.25;23.3125;23.3125;445;202;0;
2094;2024.10.22 03:15;-12;23.25;23.3125;23.3125;446;202;0;
2095;2024.10.22 03:30;-12;23.3125;23.375;23.375;446;202;0;
2096;2024.10.22 03:45;-12;23.375;23.375;23.375;446;202;0;
2097;2024.10.22 04:00;-12;23.375;23.375;23.375;446;202;0;
2098;2024.10.22 04:15;-12;23.375;23.375;23.375;446;202;0;
2099;2024.10.22 04:30;-12;23.375;23.4375;23.4375;446;202;0;
2100;2024.10.22 04:45;-12;23.375;23.5;23.5;446;202;0;
2101;2024.10.22 05:00;-12;23.4375;23.5;23.5;446;202;0;
2102;2024.10.22 05:15;-12;23.5;23.5;23.5;446;202;0;
2103;2024.10.22 05:30;-12;23.5;23.5;23.5;447;202;0;
2104;2024.10.22 05:45;-12;23.5;23.5625;23.5625;447;202;0;
2105;2024.10.22 06:00;-12;23.5;23.5625;23.5625;447;202;0;
2106;2024.10.22 06:15;-12;23.5625;23.625;23.625;447;202;0;
2107;2024.10.22 06:30;-12;23.5625;23.625;23.625;447;202;0;
2108;2024.10.22 06:45;-12;23.625;23.625;23.625;447;202;0;
2109;2024.10.22 07:00;-12;23.625;23.625;23.625;447;202;0;
2110;2024.10.22 07:15;-12;23.625;23.6875;23.6875;447;202;0;
2111;2024.10.22 07:30;-12;23.625;23.6875;23.6875;447;202;0;
2112;2024.10.22 07:45;-12;23.625;23.75;23.6875;447;202;0;
2113;2024.10.22 08:00;-12;23.6875;23.75;23.75;447;202;0;
2114;2024.10.22 08:15;-12;23.6875;23.75;23.75;448;202;0;
2115;2024.10.22 08:30;-12;23.75;23.75;23.75;448;202;0;
2116;2024.10.22 08:45;-12;23.75;23.75;23.75;448;202;0;
2117;2024.10.22 09:00;-12;23.75;23.75;23.75;448;202;0;
2118;2024.10.22 09:15;-12;23.75;23.8125;23.75;448;202;0;
2119;2024.10.22 09:30;-12;23.75;23.875;23.8125;448;202;0;
2120;2024.10.22 09:45;-12;23.75;23.875;23.875;448;202;0;
2121;2024.10.22 10:00;-12;23.75;23.875;23.875;448;202;0;
2122;2024.10.22 10:15;-12;23.8125;23.875;23.875;448;202;0;
2123;2024.10.22 10:30;-12;23.8125;23.875;23.875;448;202;0;
2124;2024.10.22 10:45;-12;23.875;23.875;23.875;448;202;0;
2125;2024.10.22 11:00;-12;23.875;23.875;23.875;448;202;0;
2126;2024.10.22 11:15;-12;23.875;23.9375;23.875;448;202;0;
2127;2024.10.22 11:30;-12;23.875;23.9375;23.875;448;202;0;
2128;2024.10.22 11:45;-12;23.875;24;23.9375;449;202;0;
2129;2024.10.22 12:00;-12;23.875;24;24;449;202;0;
2130;2024.10.22 12:15;-12;23.9375;24;24;449;202;0;
2131;2024.10.22 12:30;-12;24;24;24;449;202;0;
2132;2024.10.22 12:45;-12;24;24;24;449;202;0;
2133;2024.10.22 13:00;-12;24;24.0625;24;449;202;0;
2134;2024.10.22 13:15;-12;24;24.0625;24.0625;449;202;0;
2135;2024.10.22 13:30;-12;24;24.125;24.0625;449;202;0;
2136;2024.10.22 13:45;-12;24.0625;24.125;24.125;449;202;0;
2137;2024.10.22 14:00;-12;24.125;24.125;24.125;449;202;0;
2138;2024.10.22 14:15;-12;24.125;24.125;24.125;450;202;0;
2139;2024.10.22 14:30;-12;24.125;24.1875;24.1875;450;202;0;
2140;2024.10.22 14:45;-12;24.1875;24.25;24.1875;450;202;0;
2141;2024.10.22 15:00;-12;24.1875;24.25;24.25;450;202;0;
2142;2024.10.22 15:15;-12;24.25;24.25;24.25;450;202;0;
2143;2024.10.22 15:30;-12;24.25;24.25;24.25;450;202;0;
2144;2024.10.22 15:45;-12;24.25;24.3125;24.3125;450;202;0;
2145;2024.10.22 16:00;-12;24.3125;24.375;24.375;450;202;0;
2146;2024.10.22 16:15;-12;24.375;24.375;24.375;451;202;0;
2147;2024.10.22 16:30;-12;24.375;24.375;24.375;451;202;0;
2148;2024.10.22 16:45;-12;24.375;24.375;24.375;451;202;0;
2149;2024.10.22 17:00;-12;24.375;24.4375;24.4375;451;202;0;
2150;2024.10.22 17:15;-12;24.4375;24.5;24.5;451;202;0;
2151;2024.10.22 17:30;-12;24.5;24.5;24.5;451;202;0;
2152;2024.10.22 17:45;-12;24.5;24.5;24.5;451;202;0;
2153;2024.10.22 18:00;-12;24.5;24.5625;24.5625;451;202;0;
2154;2024.10.22 18:15;-12;24.5625;24.625;24.625;452;202;0;
2155;2024.10.22 18:30;-12;24.625;24.625;24.625;452;202;0;
2156;2024.10.22 18:45;-12;24.625;24.625;24.625;452;202;0;
2157;2024.10.22 19:00;-12;24.6875;24.6875;24.6875;452;202;0;
2158;2024.10.22 19:15;-12;24.75;24.75;24.75;452;202;0;
2159;2024.10.22 19:30;-12;24.75;24.75;24.75;452;202;0;
2160;2024.10.22 19:45;-12;24.75;24.75;24.75;452;202;0;
2161;2024.10.22 20:00;-12;24.625;24.75;24.6875;452;202;0;
2162;2024.10.22 20:15;-12;24.5625;24.75;24.625;452;202;0;
2163;2024.10.22 20:30;-12;24.4375;24.625;24.5;452;202;0;
2164;2024.10.22 20:45;-12;24.375;24.5625;24.375;451;202;0;
2165;2024.10.22 21:00;-12;24.25;24.5;24.25;451;202;0;
2166;2024.10.22 21:15;-12;24.125;24.375;24.125;450;202;0;
2167;2024.10.22 21:30;-12;24;24.3125;24.0625;450;202;0;
2168;2024.10.22 21:45;-12;23.9375;24.25;24;449;202;0;
2169;2024.10.22 22:00;-12;23.875;24.125;23.875;449;202;0;
2170;2024.10.22 22:15;-12;23.75;24.0625;23.75;449;202;0;
2171;2024.10.22 22:30;-12;23.6875;24;23.75;448;202;0;
2172;2024.10.22 22:45;-12;23.625;23.875;23.625;448;202;0;
2173;2024.10.22 23:00;-12;23.625;23.875;23.625;448;202;0;
2174;2024.10.22 23:15;-12;23.625;23.875;23.625;448;202;0;
2175;2024.10.22 23:30;-12;23.625;23.8125;23.625;448;202;0;
2176;2024.10.22 23:45;-12;23.625;23.75;23.625;448;202;0;
2177;2024.10.23 00:00;-12;23.625;23.8125;23.6875;448;202;0;
2178;2024.10.23 00:15;-12;23.625;23.8125;23.6875;448;202;0;
2179;2024.10.23 00:30;-12;23.6875;23.8125;23.75;448;202;0;
2180;2024.10.23 00:45;-12;23.6875;23.8125;23.75;448;202;0;
2181;2024.10.23 01:00;-12;23.75;23.875;23.75;448;202;0;
2182;2024.10.23 01:15;-12;23.75;23.875;23.8125;448;202;0;
2183;2024.10.23 01:30;-12;23.75;23.875;23.875;448;202;0;
2184;2024.10.23 01:45;-12;23.875;23.875;23.875;448;202;0;
2185;2024.10.23 02:00;-12;23.875;23.875;23.875;448;202;0;
2186;2024.10.23 02:15;-12;23.875;23.9375;24;449;202;0;
2187;2024.10.23 02:30;-12;23.9375;24;24;449;202;0;
2188;2024.10.23 02:45;-12;24;24;24;449;202;0;
2189;2024.10.23 03:00;-12;24;24;24.0625;449;202;0;
2190;2024.10.23 03:15;-12;24;24.0625;24.125;449;202;0;
2191;2024.10.23 03:30;-12;24.0625;24.125;24.125;449;202;0;
2192;2024.10.23 03:45;-12;24.125;24.125;24.125;449;202;0;
2193;2024.10.23 04:00;-12;24.125;24.125;24.1875;450;202;0;
2194;2024.10.23 04:15;-12;24.125;24.1875;24.25;450;202;0;
2195;2024.10.23 04:30;-12;24.1875;24.25;24.25;450;202;0;
2196;2024.10.23 04:45;-12;24.25;24.25;24.25;450;202;0;
2197;2024.10.23 05:00;-12;24.25;24.25;24.25;450;202;0;
2198;2024.10.23 05:15;-12;24.25;24.3125;24.3125;450;202;0;
2199;2024.10.23 05:30;-12;24.3125;24.375;24.375;450;202;0;
2200;2024.10.23 05:45;-12;24.375;24.375;24.375;450;202;0;
2201;2024.10.23 06:00;-12;24.375;24.375;24.375;451;202;0;
2202;2024.10.23 06:15;-12;24.375;24.375;24.375;451;202;0;
2203;2024.10.23 06:30;-12;24.375;24.4375;24.4375;451;202;0;
2204;2024.10.23 06:45;-12;24.4375;24.5;24.5;451;202;0;
2205;2024.10.23 07:00;-12;24.4375;24.5;24.5;451;202;0;
2206;2024.10.23 07:15;-12;24.5;24.5;24.5;451;202;0;
2207;2024.10.23 07:30;-12;24.5;24.5;24.5;451;202;0;
2208;2024.10.23 07:45;-12;24.5;24.5625;24.5625;451;202;0;
2209;2024.10.23 08:00;-12;24.5;24.625;24.5625;451;202;0;
2210;2024.10.23 08:15;-12;24.5625;24.625;24.625;452;202;0;
2211;2024.10.23 08:30;-12;24.5625;24.625;24.625;452;202;0;
2212;2024.10.23 08:45;-12;24.625;24.625;24.625;452;202;0;
2213;2024.10.23 09:00;-12;24.625;24.625;24.625;452;202;0;
2214;2024.10.23 09:15;-12;24.625;24.6875;24.625;452;202;0;
2215;2024.10.23 09:30;-12;24.625;24.6875;24.6875;452;202;0;
2216;2024.10.23 09:45;-12;24.625;24.75;24.6875;452;202;0;
2217;2024.10.23 10:00;-12;24.6875;24.75;24.75;452;202;0;
2218;2024.10.23 10:15;-12;24.6875;24.75;24.75;452;202;0;
2219;2024.10.23 10:30;-12;24.6875;24.75;24.75;452;202;0;
2220;2024.10.23 10:45;-12;24.75;24.75;24.75;452;202;0;
2221;2024.10.23 11:00;-12;24.75;24.75;24.75;452;202;0;
2222;2024.10.23 11:15;-12;24.75;24.8125;24.75;452;202;0;
2223;2024.10.23 11:30;-12;24.75;24.8125;24.8125;453;202;0;
2224;2024.10.23 11:45;-12;24.75;24.875;24.8125;453;202;0;
2225;2024.10.23 12:00;-12;24.75;24.875;24.875;453;202;0;
2226;2024.10.23 12:15;-12;24.8125;24.875;24.875;453;202;0;
2227;2024.10.23 12:30;-12;24.875;24.875;24.875;453;202;0;
2228;2024.10.23 12:45;-12;24.8125;24.875;24.875;453;202;0;
2229;2024.10.23 13:00;-12;24.75;24.875;24.75;453;202;0;
2230;2024.10.23 13:15;-12;24.625;24.75;24.625;452;202;0;
2231;2024.10.23 13:30;-12;24.5;24.75;24.5;452;202;0;
2232;2024.10.23 13:45;-12;24.375;24.625;24.375;451;202;0;
2233;2024.10.23 14:00;-12;24.25;24.5;24.25;451;202;0;
2234;2024.10.23 14:15;-12;24.125;24.375;24.125;450;202;0;
2235;2024.10.23 14:30;-12;23.9375;24.25;24;450;202;0;
2236;2024.10.23 14:45;-12;23.875;24.1875;23.875;449;202;0;
2237;2024.10.23 15:00;-12;23.8125;24.125;23.8125;449;202;0;
2238;2024.10.23 15:15;-12;23.75;24.0625;23.75;449;202;0;
2239;2024.10.23 15:30;-12;23.75;24;23.75;448;202;0;
2240;2024.10.23 15:45;-12;23.625;23.875;23.625;448;202;0;
2241;2024.10.23 16:00;-12;23.5;23.875;23.5625;448;202;0;
2242;2024.10.23 16:15;-12;23.4375;23.75;23.5;447;202;0;
2243;2024.10.23 16:30;-12;23.375;23.625;23.375;447;202;0;
2244;2024.10.23 16:45;-12;23.25;23.5625;23.25;446;202;0;
2245;2024.10.23 17:00;-12;23.125;23.4375;23.125;446;202;0;
2246;2024.10.23 17:15;-12;23;23.375;23;445;202;0;
2247;2024.10.23 17:30;-12;22.9375;23.25;22.9375;445;202;0;
2248;2024.10.23 17:45;-12;22.875;23.1875;22.875;444;202;0;
2249;2024.10.23 18:00;-12;22.9375;23.1875;23;444;202;0;
2250;2024.10.23 18:15;-12;22.875;23.125;23;444;202;0;
2251;2024.10.23 18:30;-12;22.9375;23.125;23;444;202;0;
2252;2024.10.23 18:45;-12;22.9375;23.125;23;444;202;0;
2253;2024.10.23 19:00;-12;22.9375;23.125;23;444;202;0;
2254;2024.10.23 19:15;-12;22.9375;23.125;23;444;202;0;
2255;2024.10.23 19:30;-12;22.9375;23.125;23;444;202;0;
2256;2024.10.23 19:45;-12;22.9375;23.125;23;444;202;0;
2257;2024.10.23 20:00;-12;22.9375;23.125;23;444;202;0;
2258;2024.10.23 20:15;-12;22.9375;23.125;23.0625;444;202;0;
2259;2024.10.23 20:30;-12;22.9375;23.125;23.0625;444;202;0;
2260;2024.10.23 20:45;-12;22.9375;23.125;23.0625;444;202;0;
2261;2024.10.23 21:00;-12;23;23.125;23.0625;444;202;0;
2262;2024.10.23 21:15;-12;23;23.125;23.125;444;202;0;
2263;2024.10.23 21:30;-12;23;23.125;23.125;444;202;0;
2264;2024.10.23 21:45;-12;23.125;23.125;23.125;444;202;0;
2265;2024.10.23 22:00;-12;23.125;23.1875;23.25;444;202;0;
2266;2024.10.23 22:15;-12;23.1875;23.25;23.25;445;202;0;
2267;2024.10.23 22:30;-12;23.25;23.25;23.3125;445;202;0;
2268;2024.10.23 22:45;-12;23.25;23.3125;23.375;445;202;0;
2269;2024.10.23 23:00;-12;23.375;23.375;23.375;445;202;0;
2270;2024.10.23 23:15;-12;23.375;23.375;23.5;445;202;0;
2271;2024.10.23 23:30;-12;23.4375;23.4375;23.5;446;202;0;
2272;2024.10.23 23:45;-12;23.5;23.5;23.5;446;202;0;
2273;2024.10.24 00:00;-12;23.5;23.5;23.625;446;202;0;
2274;2024.10.24 00:15;-12;23.5;23.5625;23.625;446;202;0;
2275;2024.10.24 00:30;-12;23.5625;23.625;23.625;446;202;0;
2276;2024.10.24 00:45;-12;23.625;23.625;23.6875;447;202;0;
2277;2024.10.24 01:00;-12;23.625;23.625;23.75;447;202;0;
2278;2024.10.24 01:15;-12;23.6875;23.6875;23.75;447;202;0;
2279;2024.10.24 01:30;-12;23.75;23.75;23.75;447;202;0;
2280;2024.10.24 01:45;-12;23.75;23.75;23.8125;447;202;0;
2281;2024.10.24 02:00;-12;23.75;23.8125;23.875;447;202;0;
2282;2024.10.24 02:15;-12;23.8125;23.875;23.875;447;202;0;
2283;2024.10.24 02:30;-12;23.875;23.875;23.875;448;202;0;
2284;2024.10.24 02:45;-12;23.875;23.875;23.9375;448;202;0;
2285;2024.10.24 03:00;-12;23.875;23.9375;24;448;202;0;
2286;2024.10.24 03:15;-12;23.9375;24;24;448;202;0;
2287;2024.10.24 03:30;-12;24;24;24;448;202;0;
2288;2024.10.24 03:45;-12;24;24;24;448;202;0;
2289;2024.10.24 04:00;-12;24;24.0625;24.0625;448;202;0;
2290;2024.10.24 04:15;-12;24;24.0625;24.125;448;202;0;
2291;2024.10.24 04:30;-12;24.0625;24.125;24.125;449;202;0;
2292;2024.10.24 04:45;-12;24.125;24.125;24.125;449;202;0;
2293;2024.10.24 05:00;-12;24.125;24.125;24.125;449;202;0;
2294;2024.10.24 05:15;-12;24.125;24.125;24.1875;449;202;0;
2295;2024.10.24 05:30;-12;24.125;24.1875;24.1875;449;202;0;
2296;2024.10.24 05:45;-12;24.125;24.25;24.25;449;202;0;
2297;2024.10.24 06:00;-12;24.1875;24.25;24.25;449;202;0;
2298;2024.10.24 06:15;-12;24.1875;24.25;24.25;449;202;0;
2299;2024.10.24 06:30;-12;24.25;24.25;24.25;449;202;0;
2300;2024.10.24 06:45;-12;24.25;24.25;24.25;449;202;0;
2301;2024.10.24 07:00;-12;24.25;24.3125;24.25;449;202;0;
2302;2024.10.24 07:15;-12;24.25;24.3125;24.3125;450;202;0;
2303;2024.10.24 07:30;-12;24.25;24.375;24.3125;450;202;0;
2304;2024.10.24 07:45;-12;24.25;24.375;24.375;450;202;0;
2305;2024.10.24 08:00;-12;24.3125;24.375;24.375;450;202;0;
2306;2024.10.24 08:15;-12;24.3125;24.375;24.375;450;202;0;
2307;2024.10.24 08:30;-12;24.3125;24.375;24.375;450;202;0;
2308;2024.10.24 08:45;-12;24.375;24.375;24.375;450;202;0;
2309;2024.10.24 09:00;-12;24.375;24.375;24.375;450;202;0;
2310;2024.10.24 09:15;-12;24.375;24.4375;24.375;450;202;0;
2311;2024.10.24 09:30;-12;24.375;24.4375;24.375;450;202;0;
2312;2024.10.24 09:45;-12;24.375;24.4375;24.4375;450;202;0;
2313;2024.10.24 10:00;-12;24.375;24.5;24.4375;450;202;0;
2314;2024.10.24 10:15;-12;24.375;24.5;24.4375;450;202;0;
2315;2024.10.24 10:30;-12;24.375;24.5;24.5;450;202;0;
2316;2024.10.24 10:45;-12;24.375;24.5;24.5;450;202;0;
2317;2024.10.24 11:00;-12;24.375;24.5;24.5;450;202;0;
2318;2024.10.24 11:15;-12;24.4375;24.5;24.5;451;202;0;
2319;2024.10.24 11:30;-12;24.4375;24.5;24.5;451;202;0;
2320;2024.10.24 11:45;-12;24.5;24.5;24.5;451;202;0;
2321;2024.10.24 12:00;-12;24.4375;24.5;24.5;451;202;0;
2322;2024.10.24 12:15;-12;24.375;24.5;24.5;450;202;0;
2323;2024.10.24 12:30;-12;24.375;24.5;24.4375;450;202;0;
2324;2024.10.24 12:45;-12;24.25;24.5;24.375;450;202;0;
2325;2024.10.24 13:00;-12;24.1875;24.375;24.25;450;202;0;
2326;2024.10.24 13:15;-12;24.125;24.375;24.1875;449;202;0;
2327;2024.10.24 13:30;-12;24.0625;24.25;24.125;449;202;0;
2328;2024.10.24 13:45;-12;24;24.25;24.0625;449;202;0;
2329;2024.10.24 14:00;-12;23.9375;24.125;24;449;202;0;
2330;2024.10.24 14:15;-12;23.875;24.125;23.9375;448;202;0;
2331;2024.10.24 14:30;-12;23.8125;24.0625;23.875;448;202;0;
2332;2024.10.24 14:45;-12;23.75;24;23.875;448;202;0;
2333;2024.10.24 15:00;-12;23.75;24;23.75;448;202;0;
2334;2024.10.24 15:15;-12;23.625;23.875;23.75;448;202;0;
2335;2024.10.24 15:30;-12;23.625;23.875;23.625;447;202;0;
2336;2024.10.24 15:45;-12;23.5;23.8125;23.625;447;202;0;
2337;2024.10.24 16:00;-12;23.5;23.75;23.5625;447;202;0;
2338;2024.10.24 16:15;-12;23.5;23.75;23.5;447;202;0;
2339;2024.10.24 16:30;-12;23.4375;23.6875;23.5;446;202;0;
2340;2024.10.24 16:45;-12;23.375;23.625;23.5;446;202;0;
2341;2024.10.24 17:00;-12;23.375;23.625;23.4375;446;202;0;
2342;2024.10.24 17:15;-12;23.3125;23.5;23.375;446;202;0;
2343;2024.10.24 17:30;-12;23.25;23.5;23.3125;446;202;0;
2344;2024.10.24 17:45;-12;23.25;23.4375;23.25;445;202;0;
2345;2024.10.24 18:00;-12;23.125;23.375;23.25;445;202;0;
2346;2024.10.24 18:15;-12;23.125;23.375;23.1875;445;202;0;
2347;2024.10.24 18:30;-12;23.0625;23.3125;23.125;445;202;0;
2348;2024.10.24 18:45;-12;23;23.25;23.125;445;202;0;
2349;2024.10.24 19:00;-12;23;23.25;23.0625;444;202;0;
2350;2024.10.24 19:15;-12;23;23.25;23;444;202;0;
2351;2024.10.24 19:30;-12;23;23.125;23;444;202;0;
2352;2024.10.24 19:45;-12;22.9375;23.125;23;444;202;0;
2353;2024.10.24 20:00;-12;22.9375;23.125;23;444;202;0;
2354;2024.10.24 20:15;-12;22.9375;23.125;23;444;202;0;
2355;2024.10.24 20:30;-12;22.9375;23.125;23;444;202;0;
2356;2024.10.24 20:45;-12;22.9375;23.125;23;444;202;0;
2357;2024.10.24 21:00;-12;22.875;23.125;23;444;202;0;
2358;2024.10.24 21:15;-12;22.875;23.0625;23;444;202;0;
2359;2024.10.24 21:30;-12;22.875;23.0625;23;444;202;0;
2360;2024.10.24 21:45;-12;22.875;23;23;444;202;0;
2361;2024.10.24 22:00;-12;22.875;23.0625;23;444;202;0;
2362;2024.10.24 22:15;-12;22.9375;23.0625;23;444;202;0;
2363;2024.10.24 22:30;-12;23;23.125;23.0625;444;202;0;
2364;2024.10.24 22:45;-12;23;23.125;23.125;444;202;0;
2365;2024.10.24 23:00;-12;23.0625;23.125;23.125;444;202;0;
2366;2024.10.24 23:15;-12;23.125;23.1875;23.1875;444;202;0;
2367;2024.10.24 23:30;-12;23.125;23.25;23.25;445;202;0;
2368;2024.10.24 23:45;-12;23.1875;23.25;23.25;445;202;0;
2369;2024.10.25 00:00;-12;23.25;23.25;23.3125;445;202;0;
2370;2024.10.25 00:15;-12;23.25;23.3125;23.375;445;202;0;
2371;2024.10.25 00:30;-12;23.3125;23.375;23.375;445;202;0;
2372;2024.10.25 00:45;-12;23.375;23.375;23.4375;446;202;0;
2373;2024.10.25 01:00;-12;23.375;23.375;23.5;446;202;0;
2374;2024.10.25 01:15;-12;23.375;23.5;23.5;446;202;0;
2375;2024.10.25 01:30;-12;23.5;23.5;23.5;446;202;0;
2376;2024.10.25 01:45;-12;23.5;23.5;23.5625;446;202;0;
2377;2024.10.25 02:00;-12;23.5;23.5625;23.625;446;202;0;
2378;2024.10.25 02:15;-12;23.5625;23.625;23.625;447;202;0;
2379;2024.10.25 02:30;-12;23.5625;23.625;23.625;447;202;0;
2380;2024.10.25 02:45;-12;23.625;23.625;23.6875;447;202;0;
2381;2024.10.25 03:00;-12;23.625;23.6875;23.75;447;202;0;
2382;2024.10.25 03:15;-12;23.625;23.6875;23.75;447;202;0;
2383;2024.10.25 03:30;-12;23.6875;23.75;23.75;447;202;0;
2384;2024.10.25 03:45;-12;23.6875;23.75;23.75;447;202;0;
2385;2024.10.25 04:00;-12;23.75;23.75;23.75;447;202;0;
2386;2024.10.25 04:15;-12;23.75;23.8125;23.8125;447;202;0;
2387;2024.10.25 04:30;-12;23.75;23.8125;23.875;448;202;0;
2388;2024.10.25 04:45;-12;23.75;23.875;23.875;448;202;0;
2389;2024.10.25 05:00;-12;23.75;23.875;23.875;448;202;0;
2390;2024.10.25 05:15;-12;23.8125;23.875;23.875;448;202;0;
2391;2024.10.25 05:30;-12;23.8125;23.875;23.875;448;202;0;
2392;2024.10.25 05:45;-12;23.875;23.875;23.875;448;202;0;
2393;2024.10.25 06:00;-12;23.875;23.9375;23.875;448;202;0;
2394;2024.10.25 06:15;-12;23.875;23.9375;23.9375;448;202;0;
2395;2024.10.25 06:30;-12;23.875;23.9375;23.9375;448;202;0;
2396;2024.10.25 06:45;-12;23.875;24;23.9375;448;202;0;
2397;2024.10.25 07:00;-12;23.875;24;24;448;202;0;
2398;2024.10.25 07:15;-12;23.875;24;24;448;202;0;
2399;2024.10.25 07:30;-12;23.875;24;24;448;202;0;
2400;2024.10.25 07:45;-12;23.875;24;24;448;202;0;
2401;2024.10.25 08:00;-12;23.875;24;24;448;202;0;
2402;2024.10.25 08:15;-12;23.875;24;24;448;202;0;
2403;2024.10.25 08:30;-12;23.9375;24;24;449;202;0;
2404;2024.10.25 08:45;-12;23.9375;24;24;449;202;0;
2405;2024.10.25 09:00;-12;23.9375;24;24;449;202;0;
2406;2024.10.25 09:15;-12;23.9375;24;24;449;202;0;
2407;2024.10.25 09:30;-12;23.9375;24;24;449;202;0;
2408;2024.10.25 09:45;-12;23.9375;24;24;449;202;0;
2409;2024.10.25 10:00;-12;23.9375;24;24;449;202;0;
2410;2024.10.25 10:15;-12;23.9375;24;24;449;202;0;
2411;2024.10.25 10:30;-12;23.9375;24;24;449;202;0;
2412;2024.10.25 10:45;-12;23.9375;24.0625;24;449;202;0;
2413;2024.10.25 11:00;-12;23.9375;24;24;449;202;0;
2414;2024.10.25 11:15;-12;23.9375;24.0625;24;449;202;0;
2415;2024.10.25 11:30;-12;23.9375;24.0625;24;449;202;0;
2416;2024.10.25 11:45;-12;23.9375;24;24;449;202;0;
2417;2024.10.25 12:00;-12;23.9375;24.0625;24;449;202;0;
2418;2024.10.25 12:15;-12;23.9375;24.0625;24;449;202;0;
2419;2024.10.25 12:30;-12;24;24.0625;24;449;202;0;
2420;2024.10.25 12:45;-12;23.9375;24.0625;24;449;202;0;
2421;2024.10.25 13:00;-12;23.9375;24.0625;24;449;202;0;
2422;2024.10.25 13:15;-12;23.9375;24.0625;24;449;202;0;
2423;2024.10.25 13:30;-12;23.9375;24.0625;24;449;202;0;
2424;2024.10.25 13:45;-12;23.875;24;24;449;202;0;
2425;2024.10.25 14:00;-12;23.875;24;24;449;202;0;
2426;2024.10.25 14:15;-12;23.875;24;23.9375;448;202;0;
2427;2024.10.25 14:30;-12;23.875;24;23.875;448;202;0;
2428;2024.10.25 14:45;-12;23.875;24;23.875;448;202;0;
2429;2024.10.25 15:00;-12;23.8125;24;23.875;448;202;0;
2430;2024.10.25 15:15;-12;23.75;23.9375;23.875;448;202;0;
2431;2024.10.25 15:30;-12;23.75;23.9375;23.875;448;202;0;
2432;2024.10.25 15:45;-12;23.75;23.875;23.8125;448;202;0;
2433;2024.10.25 16:00;-12;23.75;23.875;23.75;448;202;0;
2434;2024.10.25 16:15;-12;23.6875;23.875;23.75;448;202;0;
2435;2024.10.25 16:30;-12;23.625;23.875;23.75;448;202;0;
2436;2024.10.25 16:45;-12;23.625;23.8125;23.75;448;202;0;
2437;2024.10.25 17:00;-12;23.625;23.8125;23.75;448;202;0;
2438;2024.10.25 17:15;-12;23.625;23.8125;23.75;448;202;0;
2439;2024.10.25 17:30;-12;23.625;23.75;23.75;448;202;0;
2440;2024.10.25 17:45;-12;23.625;23.75;23.75;448;202;0;
2441;2024.10.25 18:00;-12;23.625;23.75;23.75;448;202;0;
2442;2024.10.25 18:15;-12;23.625;23.75;23.75;448;202;0;
2443;2024.10.25 18:30;-12;23.625;23.75;23.6875;448;202;0;
2444;2024.10.25 18:45;-12;23.625;23.75;23.6875;448;202;0;
2445;2024.10.25 19:00;-12;23.625;23.75;23.6875;448;202;0;
2446;2024.10.25 19:15;-12;23.625;23.75;23.6875;448;202;0;
2447;2024.10.25 19:30;-12;23.625;23.75;23.75;448;202;0;
2448;2024.10.25 19:45;-12;23.6875;23.75;23.75;448;202;0;
2449;2024.10.25 20:00;-12;23.75;23.8125;23.75;448;202;0;
2450;2024.10.25 20:15;-12;23.75;23.875;23.75;448;202;0;
2451;2024.10.25 20:30;-12;23.75;23.875;23.875;448;202;0;
2452;2024.10.25 20:45;-12;23.8125;23.875;23.875;448;202;0;
2453;2024.10.25 21:00;-12;23.875;23.875;23.875;449;202;0;
2454;2024.10.25 21:15;-12;23.875;23.9375;23.9375;449;202;0;
2455;2024.10.25 21:30;-12;23.875;24;23.9375;449;202;0;
2456;2024.10.25 21:45;-12;23.9375;24;24;449;202;0;
2457;2024.10.25 22:00;-12;23.9375;24;24;449;202;0;
2458;2024.10.25 22:15;-12;24;24;24;449;202;0;
2459;2024.10.25 22:30;-12;24;24;24;449;202;0;
2460;2024.10.25 22:45;-12;24;24.0625;24.0625;449;202;0;
2461;2024.10.25 23:00;-12;24;24.125;24.0625;449;202;0;
2462;2024.10.25 23:15;-12;24;24.125;24.125;450;202;0;
2463;2024.10.25 23:30;-12;24.0625;24.125;24.125;450;202;0;
2464;2024.10.25 23:45;-12;24.0625;24.125;24.125;450;202;0;
2465;2024.10.26 00:00;-12;24.125;24.125;24.125;450;202;0;
2466;2024.10.26 00:15;-12;24.125;24.125;24.125;450;202;0;
2467;2024.10.26 00:30;-12;24.125;24.1875;24.125;450;202;0;
2468;2024.10.26 00:45;-12;24.125;24.1875;24.125;450;202;0;
2469;2024.10.26 01:00;-12;24.125;24.25;24.1875;450;202;0;
2470;2024.10.26 01:15;-12;24.125;24.25;24.1875;450;202;0;
2471;2024.10.26 01:30;-12;24.125;24.25;24.1875;450;202;0;
2472;2024.10.26 01:45;-12;24.125;24.25;24.1875;450;202;0;
2473;2024.10.26 02:00;-12;24.125;24.25;24.1875;450;202;0;
2474;2024.10.26 02:15;-12;24.125;24.25;24.25;450;202;0;
2475;2024.10.26 02:30;-12;24.125;24.25;24.25;450;202;0;
2476;2024.10.26 02:45;-12;24.125;24.25;24.25;450;202;0;
2477;2024.10.26 03:00;-12;24.125;24.25;24.25;451;202;0;
2478;2024.10.26 03:15;-12;24.125;24.25;24.25;451;202;0;
2479;2024.10.26 03:30;-12;24.1875;24.25;24.25;451;202;0;
2480;2024.10.26 03:45;-12;24.1875;24.25;24.25;451;202;0;
2481;2024.10.26 04:00;-12;24.125;24.25;24.25;451;202;0;
2482;2024.10.26 04:15;-12;24.125;24.25;24.25;451;202;0;
2483;2024.10.26 04:30;-12;24.1875;24.25;24.25;451;202;0;
2484;2024.10.26 04:45;-12;24.1875;24.3125;24.25;451;202;0;
2485;2024.10.26 05:00;-12;24.1875;24.25;24.25;451;202;0;
2486;2024.10.26 05:15;-12;24.1875;24.3125;24.25;451;202;0;
2487;2024.10.26 05:30;-12;24.1875;24.3125;24.25;451;202;0;
2488;2024.10.26 05:45;-12;24.125;24.3125;24.25;451;202;0;
2489;2024.10.26 06:00;-12;24.1875;24.3125;24.25;451;202;0;
2490;2024.10.26 06:15;-12;24.1875;24.3125;24.25;451;202;0;
2491;2024.10.26 06:30;-12;24.125;24.25;24.25;451;202;0;
2492;2024.10.26 06:45;-12;24.125;24.25;24.25;451;202;0;
2493;2024.10.26 07:00;-12;24.125;24.25;24.25;451;202;0;
2494;2024.10.26 07:15;-12;24.125;24.25;24.25;451;202;0;
2495;2024.10.26 07:30;-12;24.125;24.25;24.25;451;202;0;
2496;2024.10.26 07:45;-12;24.125;24.25;24.25;451;202;0;
2497;2024.10.26 08:00;-12;24.125;24.25;24.25;451;202;0;
2498;2024.10.26 08:15;-12;24.125;24.25;24.25;451;202;0;
2499;2024.10.26 08:30;-12;24.125;24.25;24.25;451;202;0;
2500;2024.10.26 08:45;-12;24.125;24.25;24.25;451;202;0;
2501;2024.10.26 09:00;-12;24.125;24.25;24.25;451;202;0;
2502;2024.10.26 09:15;-12;24.125;24.25;24.25;451;202;0;
2503;2024.10.26 09:30;-12;24.125;24.25;24.25;451;202;0;
2504;2024.10.26 09:45;-12;24.125;24.25;24.25;451;202;0;
2505;2024.10.26 10:00;-12;24.125;24.25;24.25;451;202;0;
2506;2024.10.26 10:15;-12;24.125;24.25;24.25;451;202;0;
2507;2024.10.26 10:30;-12;24.125;24.25;24.25;451;202;0;
2508;2024.10.26 10:45;-12;24.125;24.25;24.25;451;202;0;
2509;2024.10.26 11:00;-12;24.125;24.25;24.25;451;202;0;
2510;2024.10.26 11:15;-12;24.125;24.25;24.25;451;202;0;
2511;2024.10.26 11:30;-12;24.125;24.25;24.25;451;202;0;
2512;2024.10.26 11:45;-12;24.1875;24.25;24.25;451;202;0;
2513;2024.10.26 12:00;-12;24.25;24.25;24.25;451;202;0;
2514;2024.10.26 12:15;-12;24.25;24.3125;24.25;451;202;0;
2515;2024.10.26 12:30;-12;24.25;24.375;24.25;451;202;0;
2516;2024.10.26 12:45;-12;24.25;24.375;24.3125;451;202;0;
2517;2024.10.26 13:00;-12;24.25;24.375;24.375;452;202;0;
2518;2024.10.26 13:15;-12;24.3125;24.375;24.375;452;202;0;
2519;2024.10.26 13:30;-12;24.375;24.375;24.375;452;202;0;
2520;2024.10.26 13:45;-12;24.375;24.4375;24.375;452;202;0;
2521;2024.10.26 14:00;-12;24.375;24.4375;24.4375;452;202;0;
2522;2024.10.26 14:15;-12;24.375;24.5;24.5;452;202;0;
2523;2024.10.26 14:30;-12;24.4375;24.5;24.5;452;202;0;
2524;2024.10.26 14:45;-12;24.5;24.5;24.5;453;202;0;
2525;2024.10.26 15:00;-12;24.5;24.5625;24.625;453;202;0;
2526;2024.10.26 15:15;-12;24.5625;24.625;24.625;453;202;0;
2527;2024.10.26 15:30;-12;24.625;24.625;24.625;453;202;0;
2528;2024.10.26 15:45;-12;24.625;24.625;24.6875;453;202;0;
2529;2024.10.26 16:00;-12;24.625;24.6875;24.75;453;202;0;
2530;2024.10.26 16:15;-12;24.75;24.75;24.75;454;202;0;
2531;2024.10.26 16:30;-12;24.75;24.75;24.8125;454;202;0;
2532;2024.10.26 16:45;-12;24.75;24.8125;24.875;454;202;0;
2533;2024.10.26 17:00;-12;24.8125;24.875;24.875;454;202;0;
2534;2024.10.26 17:15;-12;24.875;24.875;24.875;454;202;0;
2535;2024.10.26 17:30;-12;24.875;24.875;25;455;202;0;
2536;2024.10.26 17:45;-12;25;25;25;455;202;0;
2537;2024.10.26 18:00;-12;25;25;25;455;202;0;
2538;2024.10.26 18:15;-12;25;25;25.0625;455;202;0;
2539;2024.10.26 18:30;-12;25.125;25.125;25.125;455;202;0;
2540;2024.10.26 18:45;-12;25.125;25.125;25.125;456;202;0;
2541;2024.10.26 19:00;-12;25.125;25.125;25.1875;456;202;0;
2542;2024.10.26 19:15;-12;25.25;25.25;25.25;456;202;0;
2543;2024.10.26 19:30;-12;25.25;25.25;25.25;456;202;0;
2544;2024.10.26 19:45;-12;25.25;25.25;25.25;456;202;0;
2545;2024.10.26 20:00;-12;25.25;25.3125;25.3125;456;202;0;
2546;2024.10.26 20:15;-12;25.3125;25.375;25.3125;457;202;0;
2547;2024.10.26 20:30;-12;25.375;25.375;25.375;457;202;0;
2548;2024.10.26 20:45;-12;25.375;25.375;25.375;457;202;0;
2549;2024.10.26 21:00;-12;25.375;25.375;25.375;457;202;0;
2550;2024.10.26 21:15;-12;25.375;25.4375;25.4375;457;202;0;
2551;2024.10.26 21:30;-12;25.4375;25.5;25.4375;457;202;0;
2552;2024.10.26 21:45;-12;25.4375;25.5;25.5;457;202;0;
2553;2024.10.26 22:00;-12;25.5;25.5;25.5;457;202;0;
2554;2024.10.26 22:15;-12;25.5;25.5;25.5;458;202;0;
2555;2024.10.26 22:30;-12;25.5;25.5;25.5;458;202;0;
2556;2024.10.26 22:45;-12;25.5;25.5625;25.5;458;202;0;
2557;2024.10.26 23:00;-12;25.5;25.5625;25.5;458;202;0;
2558;2024.10.26 23:15;-12;25.5;25.5625;25.5;458;202;0;
2559;2024.10.26 23:30;-12;25.5;25.625;25.5;458;202;0;
2560;2024.10.26 23:45;-12;25.5;25.5625;25.5;458;202;0;
2561;2024.10.27 00:00;-12;25.5;25.625;25.5;458;202;0;
2562;2024.10.27 00:15;-12;25.4375;25.5625;25.5;458;202;0;
2563;2024.10.27 00:30;-12;25.4375;25.5625;25.5;458;202;0;
2564;2024.10.27 00:45;-12;25.375;25.5625;25.5;458;202;0;
2565;2024.10.27 01:00;-12;25.375;25.5;25.4375;457;202;0;
2566;2024.10.27 01:15;-12;25.375;25.5;25.4375;457;202;0;
2567;2024.10.27 01:30;-12;25.375;25.5;25.375;457;202;0;
2568;2024.10.27 01:45;-12;25.375;25.5;25.375;457;202;0;
2569;2024.10.27 02:00;-12;25.3125;25.5;25.375;457;202;0;
2570;2024.10.27 02:15;-12;25.25;25.4375;25.375;457;202;0;
2571;2024.10.27 02:30;-12;25.25;25.4375;25.375;457;202;0;
2572;2024.10.27 02:45;-12;25.25;25.375;25.3125;457;202;0;
2573;2024.10.27 03:00;-12;25.25;25.375;25.3125;457;202;0;
2574;2024.10.27 03:15;-12;25.25;25.375;25.25;457;202;0;
2575;2024.10.27 03:30;-12;25.1875;25.375;25.25;457;202;0;
2576;2024.10.27 03:45;-12;25.125;25.375;25.25;457;202;0;
2577;2024.10.27 04:00;-12;25.125;25.3125;25.25;456;202;0;
2578;2024.10.27 04:15;-12;25.125;25.3125;25.25;456;202;0;
2579;2024.10.27 04:30;-12;25.125;25.25;25.1875;456;202;0;
2580;2024.10.27 04:45;-12;25.125;25.25;25.125;456;202;0;
2581;2024.10.27 05:00;-12;25.0625;25.25;25.125;456;202;0;
2582;2024.10.27 05:15;-12;25;25.25;25.125;456;202;0;
2583;2024.10.27 05:30;-12;25;25.1875;25.125;456;202;0;
2584;2024.10.27 05:45;-12;25;25.1875;25.125;456;202;0;
2585;2024.10.27 06:00;-12;25;25.125;25.0625;456;202;0;
2586;2024.10.27 06:15;-12;24.9375;25.125;25;456;202;0;
2587;2024.10.27 06:30;-12;24.9375;25.125;25;456;202;0;
2588;2024.10.27 06:45;-12;24.875;25.125;25;455;202;0;
2589;2024.10.27 07:00;-12;24.875;25.0625;25;455;202;0;
2590;2024.10.27 07:15;-12;24.875;25.0625;24.9375;455;202;0;
2591;2024.10.27 07:30;-12;24.875;25;24.9375;455;202;0;
2592;2024.10.27 07:45;-12;24.8125;25;24.875;455;202;0;
2593;2024.10.27 08:00;-12;24.75;25;24.875;455;202;0;
2594;2024.10.27 08:15;-12;24.75;25;24.875;455;202;0;
2595;2024.10.27 08:30;-12;24.75;24.9375;24.8125;455;202;0;
2596;2024.10.27 08:45;-12;24.75;24.875;24.8125;455;202;0;
2597;2024.10.27 09:00;-12;24.6875;24.875;24.75;455;202;0;
2598;2024.10.27 09:15;-12;24.625;24.875;24.75;454;202;0;
2599;2024.10.27 09:30;-12;24.625;24.875;24.75;454;202;0;
2600;2024.10.27 09:45;-12;24.625;24.8125;24.6875;454;202;0;
2601;2024.10.27 10:00;-12;24.625;24.75;24.6875;454;202;0;
2602;2024.10.27 10:15;-12;24.5625;24.75;24.625;454;202;0;
2603;2024.10.27 10:30;-12;24.5;24.75;24.625;454;202;0;
2604;2024.10.27 10:45;-12;24.5;24.75;24.625;454;202;0;
2605;2024.10.27 11:00;-12;24.5;24.6875;24.5625;454;202;0;
2606;2024.10.27 11:15;-12;24.5;24.625;24.5625;454;202;0;
2607;2024.10.27 11:30;-12;24.5;24.625;24.5;454;202;0;
2608;2024.10.27 11:45;-12;24.4375;24.625;24.5;453;202;0;
2609;2024.10.27 12:00;-12;24.4375;24.625;24.5;453;202;0;
2610;2024.10.27 12:15;-12;24.375;24.625;24.5;453;202;0;
2611;2024.10.27 12:30;-12;24.375;24.5625;24.5;453;202;0;
2612;2024.10.27 12:45;-12;24.375;24.5625;24.5;453;202;0;
2613;2024.10.27 13:00;-12;24.375;24.5625;24.5;453;202;0;
2614;2024.10.27 13:15;-12;24.375;24.5625;24.5;453;202;0;
2615;2024.10.27 13:30;-12;24.375;24.5;24.5;453;202;0;
2616;2024.10.27 13:45;-12;24.375;24.5;24.5;453;202;0;
2617;2024.10.27 14:00;-12;24.375;24.5;24.5;453;202;0;
2618;2024.10.27 14:15;-12;24.375;24.5;24.5;453;202;0;
2619;2024.10.27 14:30;-12;24.375;24.5;24.5;453;202;0;
2620;2024.10.27 14:45;-12;24.375;24.5;24.5;453;202;0;
2621;2024.10.27 15:00;-12;24.375;24.5;24.5;453;202;0;
2622;2024.10.27 15:15;-12;24.375;24.5625;24.5;453;202;0;
2623;2024.10.27 15:30;-12;24.375;24.5625;24.5;453;202;0;
2624;2024.10.27 15:45;-12;24.4375;24.5625;24.5;453;202;0;
2625;2024.10.27 16:00;-12;24.4375;24.5625;24.5;453;202;0;
2626;2024.10.27 16:15;-12;24.4375;24.5625;24.5;454;202;0;
2627;2024.10.27 16:30;-12;24.5;24.5625;24.5;454;202;0;
2628;2024.10.27 16:45;-12;24.5;24.625;24.5;454;202;0;
2629;2024.10.27 17:00;-12;24.5;24.625;24.5625;454;202;0;
2630;2024.10.27 17:15;-12;24.5;24.625;24.5625;454;202;0;
2631;2024.10.27 17:30;-12;24.5;24.625;24.5625;454;202;0;
2632;2024.10.27 17:45;-12;24.5;24.625;24.625;454;202;0;
2633;2024.10.27 18:00;-12;24.5;24.625;24.625;454;202;0;
2634;2024.10.27 18:15;-12;24.5625;24.625;24.625;454;202;0;
2635;2024.10.27 18:30;-12;24.5625;24.625;24.625;454;202;0;
2636;2024.10.27 18:45;-12;24.5625;24.625;24.625;454;202;0;
2637;2024.10.27 19:00;-12;24.5625;24.625;24.625;454;202;0;
2638;2024.10.27 19:15;-12;24.625;24.6875;24.625;454;202;0;
2639;2024.10.27 19:30;-12;24.625;24.6875;24.625;454;202;0;
2640;2024.10.27 19:45;-12;24.625;24.6875;24.625;454;202;0;
2641;2024.10.27 20:00;-12;24.5625;24.6875;24.625;454;202;0;
2642;2024.10.27 20:15;-12;24.625;24.6875;24.625;454;202;0;
2643;2024.10.27 20:30;-12;24.5625;24.6875;24.625;454;202;0;
2644;2024.10.27 20:45;-12;24.5625;24.6875;24.625;454;202;0;
2645;2024.10.27 21:00;-12;24.5625;24.6875;24.625;454;202;0;
2646;2024.10.27 21:15;-12;24.5625;24.6875;24.625;454;202;0;
2647;2024.10.27 21:30;-12;24.5625;24.6875;24.625;454;202;0;
2648;2024.10.27 21:45;-12;24.5;24.6875;24.625;454;202;0;
2649;2024.10.27 22:00;-12;24.5;24.625;24.625;454;202;0;
2650;2024.10.27 22:15;-12;24.5;24.625;24.625;454;202;0;
2651;2024.10.27 22:30;-12;24.5;24.625;24.625;454;202;0;
2652;2024.10.27 22:45;-12;24.5;24.625;24.5625;454;202;0;
2653;2024.10.27 23:00;-12;24.5;24.625;24.5;454;202;0;
2654;2024.10.27 23:15;-12;24.5;24.625;24.5;454;202;0;
2655;2024.10.27 23:30;-12;24.4375;24.625;24.5;454;202;0;
2656;2024.10.27 23:45;-12;24.375;24.625;24.5;454;202;0;
2657;2024.10.28 00:00;-12;24.375;24.5625;24.5;453;202;0;
2658;2024.10.28 00:15;-12;24.375;24.5;24.4375;453;202;0;
2659;2024.10.28 00:30;-12;24.375;24.5;24.375;453;202;0;
2660;2024.10.28 00:45;-12;24.375;24.5;24.375;453;202;0;
2661;2024.10.28 01:00;-12;24.3125;24.5;24.375;453;202;0;
2662;2024.10.28 01:15;-12;24.25;24.5;24.375;453;202;0;
2663;2024.10.28 01:30;-12;24.25;24.4375;24.375;453;202;0;
2664;2024.10.28 01:45;-12;24.25;24.375;24.3125;453;202;0;
2665;2024.10.28 02:00;-12;24.25;24.375;24.25;453;202;0;
2666;2024.10.28 02:15;-12;24.1875;24.375;24.25;453;202;0;
2667;2024.10.28 02:30;-12;24.125;24.375;24.25;453;202;0;
2668;2024.10.28 02:45;-12;24.125;24.3125;24.25;452;202;0;
2669;2024.10.28 03:00;-12;24.125;24.3125;24.1875;452;202;0;
2670;2024.10.28 03:15;-12;24.125;24.25;24.125;452;202;0;
2671;2024.10.28 03:30;-12;24.0625;24.25;24.125;452;202;0;
2672;2024.10.28 03:45;-12;24.0625;24.25;24.125;452;202;0;
2673;2024.10.28 04:00;-12;24;24.25;24.125;452;202;0;
2674;2024.10.28 04:15;-12;24;24.1875;24.125;452;202;0;
2675;2024.10.28 04:30;-12;24;24.125;24.0625;452;202;0;
2676;2024.10.28 04:45;-12;24;24.125;24;452;202;0;
2677;2024.10.28 05:00;-12;23.9375;24.125;24;452;202;0;
2678;2024.10.28 05:15;-12;23.875;24.125;24;452;202;0;
2679;2024.10.28 05:30;-12;23.875;24.125;24;451;202;0;
2680;2024.10.28 05:45;-12;23.875;24.0625;23.9375;451;202;0;
2681;2024.10.28 06:00;-12;23.875;24;23.9375;451;202;0;
2682;2024.10.28 06:15;-12;23.8125;24;23.875;451;202;0;
2683;2024.10.28 06:30;-12;23.8125;24;23.875;451;202;0;
2684;2024.10.28 06:45;-12;23.75;24;23.875;451;202;0;
2685;2024.10.28 07:00;-12;23.75;23.9375;23.875;451;202;0;
2686;2024.10.28 07:15;-12;23.75;23.875;23.8125;451;202;0;
2687;2024.10.28 07:30;-12;23.75;23.875;23.75;451;202;0;
2688;2024.10.28 07:45;-12;23.6875;23.875;23.75;451;202;0;
2689;2024.10.28 08:00;-12;23.6875;23.875;23.75;450;202;0;
2690;2024.10.28 08:15;-12;23.625;23.875;23.75;450;202;0;
2691;2024.10.28 08:30;-12;23.625;23.8125;23.75;450;202;0;
2692;2024.10.28 08:45;-12;23.625;23.8125;23.6875;450;202;0;
2693;2024.10.28 09:00;-12;23.625;23.75;23.6875;450;202;0;
2694;2024.10.28 09:15;-12;23.625;23.75;23.625;450;202;0;
2695;2024.10.28 09:30;-12;23.5625;23.75;23.625;450;202;0;
2696;2024.10.28 09:45;-12;23.5625;23.75;23.625;450;202;0;
2697;2024.10.28 10:00;-12;23.5;23.75;23.625;450;202;0;
2698;2024.10.28 10:15;-12;23.5;23.6875;23.625;450;202;0;
2699;2024.10.28 10:30;-12;23.5;23.6875;23.5625;450;202;0;
2700;2024.10.28 10:45;-12;23.5;23.625;23.5625;450;202;0;
2701;2024.10.28 11:00;-12;23.5;23.625;23.5625;450;202;0;
2702;2024.10.28 11:15;-12;23.5;23.625;23.5;450;202;0;
2703;2024.10.28 11:30;-12;23.5;23.625;23.5;450;202;0;
2704;2024.10.28 11:45;-12;23.4375;23.625;23.5;449;202;0;
2705;2024.10.28 12:00;-12;23.4375;23.625;23.5;449;202;0;
2706;2024.10.28 12:15;-12;23.4375;23.625;23.5;449;202;0;
2707;2024.10.28 12:30;-12;23.4375;23.625;23.5;449;202;0;
2708;2024.10.28 12:45;-12;23.4375;23.5625;23.5;449;202;0;
2709;2024.10.28 13:00;-12;23.375;23.5625;23.5;449;202;0;
2710;2024.10.28 13:15;-12;23.375;23.5625;23.5;449;202;0;
2711;2024.10.28 13:30;-12;23.375;23.5625;23.5;449;202;0;
2712;2024.10.28 13:45;-12;23.375;23.5;23.5;449;202;0;
2713;2024.10.28 14:00;-12;23.375;23.5;23.5;449;202;0;
2714;2024.10.28 14:15;-12;23.375;23.5;23.5;449;202;0;
2715;2024.10.28 14:30;-12;23.375;23.5;23.5;449;202;0;
2716;2024.10.28 14:45;-12;23.375;23.5;23.5;449;202;0;
2717;2024.10.28 15:00;-12;23.375;23.5;23.4375;449;202;0;
2718;2024.10.28 15:15;-12;23.375;23.5;23.4375;449;202;0;
2719;2024.10.28 15:30;-12;23.375;23.5;23.4375;449;202;0;
2720;2024.10.28 15:45;-12;23.375;23.5;23.4375;449;202;0;
2721;2024.10.28 16:00;-12;23.375;23.5;23.4375;449;202;0;
2722;2024.10.28 16:15;-12;23.375;23.5;23.4375;449;202;0;
2723;2024.10.28 16:30;-12;23.375;23.5;23.375;449;202;0;
2724;2024.10.28 16:45;-12;23.375;23.5;23.375;449;202;0;
2725;2024.10.28 17:00;-12;23.375;23.5;23.375;449;202;0;
2726;2024.10.28 17:15;-12;23.375;23.5;23.375;449;202;0;
2727;2024.10.28 17:30;-12;23.3125;23.5;23.375;449;202;0;
2728;2024.10.28 17:45;-12;23.3125;23.5;23.375;449;202;0;
2729;2024.10.28 18:00;-12;23.3125;23.5;23.375;449;202;0;
2730;2024.10.28 18:15;-12;23.3125;23.4375;23.375;449;202;0;
2731;2024.10.28 18:30;-12;23.3125;23.4375;23.375;449;202;0;
2732;2024.10.28 18:45;-12;23.3125;23.4375;23.375;449;202;0;
2733;2024.10.28 19:00;-12;23.25;23.4375;23.375;449;202;0;
2734;2024.10.28 19:15;-12;23.3125;23.4375;23.375;449;202;0;
2735;2024.10.28 19:30;-12;23.25;23.4375;23.375;449;202;0;
2736;2024.10.28 19:45;-12;23.25;23.4375;23.375;449;202;0;
2737;2024.10.28 20:00;-12;23.25;23.4375;23.375;449;202;0;
2738;2024.10.28 20:15;-12;23.25;23.4375;23.375;449;202;0;
2739;2024.10.28 20:30;-12;23.25;23.4375;23.375;449;202;0;
2740;2024.10.28 20:45;-12;23.3125;23.4375;23.375;449;202;0;
2741;2024.10.28 21:00;-12;23.375;23.4375;23.375;449;202;0;
2742;2024.10.28 21:15;-12;23.375;23.5;23.4375;449;202;0;
2743;2024.10.28 21:30;-12;23.375;23.5;23.4375;449;202;0;
2744;2024.10.28 21:45;-12;23.375;23.5;23.5;449;202;0;
2745;2024.10.28 22:00;-12;23.4375;23.5;23.5;449;202;0;
2746;2024.10.28 22:15;-12;23.4375;23.5;23.5;450;202;0;
2747;2024.10.28 22:30;-12;23.5;23.5625;23.5;450;202;0;
2748;2024.10.28 22:45;-12;23.5;23.5625;23.5625;450;202;0;
2749;2024.10.28 23:00;-12;23.5;23.625;23.625;450;202;0;
2750;2024.10.28 23:15;-12;23.5625;23.625;23.625;450;202;0;
2751;2024.10.28 23:30;-12;23.5625;23.625;23.625;450;202;0;
2752;2024.10.28 23:45;-12;23.625;23.625;23.625;450;202;0;
2753;2024.10.29 00:00;-12;23.625;23.6875;23.6875;450;202;0;
2754;2024.10.29 00:15;-12;23.625;23.75;23.6875;450;202;0;
2755;2024.10.29 00:30;-12;23.625;23.75;23.75;451;202;0;
2756;2024.10.29 00:45;-12;23.6875;23.75;23.75;451;202;0;
2757;2024.10.29 01:00;-12;23.75;23.75;23.75;451;202;0;
2758;2024.10.29 01:15;-12;23.75;23.75;23.75;451;202;0;
2759;2024.10.29 01:30;-12;23.75;23.8125;23.8125;451;202;0;
2760;2024.10.29 01:45;-12;23.75;23.875;23.875;451;202;0;
2761;2024.10.29 02:00;-12;23.75;23.875;23.875;451;202;0;
2762;2024.10.29 02:15;-12;23.8125;23.875;23.875;451;202;0;
2763;2024.10.29 02:30;-12;23.8125;23.875;23.875;451;202;0;
2764;2024.10.29 02:45;-12;23.875;23.875;23.875;451;202;0;
2765;2024.10.29 03:00;-12;23.875;23.9375;23.875;451;202;0;
2766;2024.10.29 03:15;-12;23.875;23.9375;23.9375;452;202;0;
2767;2024.10.29 03:30;-12;23.875;24;23.9375;452;202;0;
2768;2024.10.29 03:45;-12;23.875;24;24;452;202;0;
2769;2024.10.29 04:00;-12;23.875;24;24;452;202;0;
2770;2024.10.29 04:15;-12;23.875;24;24;452;202;0;
2771;2024.10.29 04:30;-12;23.9375;24;24;452;202;0;
2772;2024.10.29 04:45;-12;23.9375;24;24;452;202;0;
2773;2024.10.29 05:00;-12;24;24;24;452;202;0;
2774;2024.10.29 05:15;-12;23.9375;24.0625;24;452;202;0;
2775;2024.10.29 05:30;-12;24;24.0625;24;452;202;0;
2776;2024.10.29 05:45;-12;24;24.0625;24;452;202;0;
2777;2024.10.29 06:00;-12;24;24.125;24;452;202;0;
2778;2024.10.29 06:15;-12;24;24.125;24.0625;452;202;0;
2779;2024.10.29 06:30;-12;24;24.125;24.0625;452;202;0;
2780;2024.10.29 06:45;-12;24;24.125;24.0625;452;202;0;
2781;2024.10.29 07:00;-12;24;24.125;24.0625;452;202;0;
2782;2024.10.29 07:15;-12;24;24.125;24.125;452;202;0;
2783;2024.10.29 07:30;-12;24;24.125;24.125;452;202;0;
2784;2024.10.29 07:45;-12;24;24.125;24.125;452;202;0;
2785;2024.10.29 08:00;-12;24;24.125;24.125;452;202;0;
2786;2024.10.29 08:15;-12;24;24.125;24.125;452;202;0;
2787;2024.10.29 08:30;-12;24;24.125;24.125;452;202;0;
2788;2024.10.29 08:45;-12;24;24.125;24.125;453;202;0;
2789;2024.10.29 09:00;-12;24;24.125;24.125;453;202;0;
2790;2024.10.29 09:15;-12;24;24.125;24.125;452;202;0;
2791;2024.10.29 09:30;-12;24;24.125;24.125;453;202;0;
2792;2024.10.29 09:45;-12;24;24.125;24.125;453;202;0;
2793;2024.10.29 10:00;-12;24;24.125;24.125;453;202;0;
2794;2024.10.29 10:15;-12;24;24.125;24.125;453;202;0;
2795;2024.10.29 10:30;-12;24;24.125;24.125;453;202;0;
2796;2024.10.29 10:45;-12;24;24.125;24.125;453;202;0;
2797;2024.10.29 11:00;-12;24.0625;24.125;24.125;453;202;0;
2798;2024.10.29 11:15;-12;24.0625;24.125;24.125;453;202;0;
2799;2024.10.29 11:30;-12;24.0625;24.125;24.125;453;202;0;
2800;2024.10.29 11:45;-12;24.0625;24.1875;24.125;453;202;0;
2801;2024.10.29 12:00;-12;24.0625;24.1875;24.125;453;202;0;
2802;2024.10.29 12:15;-12;24.125;24.1875;24.125;453;202;0;
2803;2024.10.29 12:30;-12;24.125;24.1875;24.125;453;202;0;
2804;2024.10.29 12:45;-12;24.125;24.1875;24.125;453;202;0;
2805;2024.10.29 13:00;-12;24.125;24.25;24.125;453;202;0;
2806;2024.10.29 13:15;-12;24.125;24.25;24.125;453;202;0;
2807;2024.10.29 13:30;-12;24.125;24.25;24.1875;453;202;0;
2808;2024.10.29 13:45;-12;24.125;24.25;24.1875;453;202;0;
2809;2024.10.29 14:00;-12;24.125;24.25;24.25;453;202;0;
2810;2024.10.29 14:15;-12;24.125;24.25;24.25;453;202;0;
2811;2024.10.29 14:30;-12;24.125;24.25;24.25;453;202;0;
2812;2024.10.29 14:45;-12;24.1875;24.25;24.25;453;202;0;
2813;2024.10.29 15:00;-12;24.1875;24.25;24.25;453;202;0;
2814;2024.10.29 15:15;-12;24.25;24.3125;24.25;453;202;0;
2815;2024.10.29 15:30;-12;24.25;24.3125;24.25;453;202;0;
2816;2024.10.29 15:45;-12;24.25;24.3125;24.25;453;202;0;
2817;2024.10.29 16:00;-12;24.25;24.375;24.3125;454;202;0;
2818;2024.10.29 16:15;-12;24.25;24.375;24.375;454;202;0;
2819;2024.10.29 16:30;-12;24.3125;24.375;24.375;454;202;0;
2820;2024.10.29 16:45;-12;24.375;24.375;24.375;454;202;0;
2821;2024.10.29 17:00;-12;24.375;24.4375;24.375;454;202;0;
2822;2024.10.29 17:15;-12;24.375;24.5;24.4375;454;202;0;
2823;2024.10.29 17:30;-12;24.4375;24.5;24.5;454;202;0;
2824;2024.10.29 17:45;-12;24.4375;24.5;24.5;454;202;0;
2825;2024.10.29 18:00;-12;24.375;24.5;24.375;454;202;0;
2826;2024.10.29 18:15;-12;24.25;24.4375;24.375;454;202;0;
2827;2024.10.29 18:30;-12;24.25;24.375;24.3125;454;202;0;
2828;2024.10.29 18:45;-12;24.1875;24.375;24.25;454;202;0;
2829;2024.10.29 19:00;-12;24.125;24.375;24.25;453;202;0;
2830;2024.10.29 19:15;-12;24.125;24.3125;24.1875;453;202;0;
2831;2024.10.29 19:30;-12;24.0625;24.25;24.125;453;202;0;
2832;2024.10.29 19:45;-12;24;24.25;24.125;453;202;0;
2833;2024.10.29 20:00;-12;24;24.1875;24;453;202;0;
2834;2024.10.29 20:15;-12;23.9375;24.125;24;452;202;0;
2835;2024.10.29 20:30;-12;23.875;24.125;24;452;202;0;
2836;2024.10.29 20:45;-12;23.875;24.125;23.9375;452;202;0;
2837;2024.10.29 21:00;-12;23.875;24.0625;23.875;452;202;0;
2838;2024.10.29 21:15;-12;23.8125;24;23.875;452;202;0;
2839;2024.10.29 21:30;-12;23.75;24;23.875;452;202;0;
2840;2024.10.29 21:45;-12;23.75;24;23.875;452;202;0;
2841;2024.10.29 22:00;-12;23.75;23.9375;23.8125;451;202;0;
2842;2024.10.29 22:15;-12;23.75;23.9375;23.875;451;202;0;
2843;2024.10.29 22:30;-12;23.75;23.875;23.875;452;202;0;
2844;2024.10.29 22:45;-12;23.75;23.875;23.875;452;202;0;
2845;2024.10.29 23:00;-12;23.75;23.875;23.875;452;202;0;
2846;2024.10.29 23:15;-12;23.75;23.9375;23.875;452;202;0;
2847;2024.10.29 23:30;-12;23.8125;23.9375;23.875;452;202;0;
2848;2024.10.29 23:45;-12;23.8125;23.9375;23.875;452;202;0;
2849;2024.10.30 00:00;-12;23.875;23.9375;23.875;452;202;0;
2850;2024.10.30 00:15;-12;23.875;24;23.9375;452;202;0;
2851;2024.10.30 00:30;-12;23.875;24;23.9375;452;202;0;
2852;2024.10.30 00:45;-12;23.875;24;24;452;202;0;
2853;2024.10.30 01:00;-12;23.875;24;24;452;202;0;
2854;2024.10.30 01:15;-12;23.875;24;24;452;202;0;
2855;2024.10.30 01:30;-12;23.9375;24;24;452;202;0;
2856;2024.10.30 01:45;-12;23.9375;24;24;452;202;0;
2857;2024.10.30 02:00;-12;24;24;24;452;202;0;
2858;2024.10.30 02:15;-12;24;24.0625;24.0625;452;202;0;
2859;2024.10.30 02:30;-12;24;24.125;24.0625;452;202;0;
2860;2024.10.30 02:45;-12;24;24.125;24.125;452;202;0;
2861;2024.10.30 03:00;-12;24;24.125;24.125;453;202;0;
2862;2024.10.30 03:15;-12;24;24.125;24.125;453;202;0;
2863;2024.10.30 03:30;-12;24;24.125;24.125;453;202;0;
2864;2024.10.30 03:45;-12;24.0625;24.125;24.125;453;202;0;
2865;2024.10.30 04:00;-12;24.0625;24.125;24.125;453;202;0;
2866;2024.10.30 04:15;-12;24.0625;24.125;24.125;453;202;0;
2867;2024.10.30 04:30;-12;24.125;24.1875;24.125;453;202;0;
2868;2024.10.30 04:45;-12;24.125;24.1875;24.125;453;202;0;
2869;2024.10.30 05:00;-12;24.125;24.1875;24.1875;453;202;0;
2870;2024.10.30 05:15;-12;24.125;24.25;24.1875;453;202;0;
2871;2024.10.30 05:30;-12;24.125;24.25;24.1875;453;202;0;
2872;2024.10.30 05:45;-12;24.125;24.25;24.1875;453;202;0;
2873;2024.10.30 06:00;-12;24.125;24.25;24.25;453;202;0;
2874;2024.10.30 06:15;-12;24.125;24.25;24.25;453;202;0;
2875;2024.10.30 06:30;-12;24.125;24.25;24.25;453;202;0;
2876;2024.10.30 06:45;-12;24.125;24.25;24.25;453;202;0;
2877;2024.10.30 07:00;-12;24.125;24.25;24.25;453;202;0;
2878;2024.10.30 07:15;-12;24.125;24.25;24.25;453;202;0;
2879;2024.10.30 07:30;-12;24.1875;24.25;24.25;453;202;0;
2880;2024.10.30 07:45;-12;24.1875;24.25;24.25;453;202;0;
2881;2024.10.30 08:00;-12;24.1875;24.25;24.25;453;202;0;
2882;2024.10.30 08:15;-12;24.1875;24.25;24.25;453;202;0;
2883;2024.10.30 08:30;-12;24.1875;24.25;24.25;453;202;0;
2884;2024.10.30 08:45;-12;24.1875;24.25;24.25;453;202;0;
2885;2024.10.30 09:00;-12;24.1875;24.25;24.25;453;202;0;
2886;2024.10.30 09:15;-12;24.1875;24.25;24.25;453;202;0;
2887;2024.10.30 09:30;-12;24.1875;24.3125;24.25;453;202;0;
2888;2024.10.30 09:45;-12;24.1875;24.3125;24.25;453;202;0;
2889;2024.10.30 10:00;-12;24.1875;24.3125;24.25;453;202;0;
2890;2024.10.30 10:15;-12;24.1875;24.3125;24.25;453;202;0;
2891;2024.10.30 10:30;-12;24.1875;24.3125;24.25;454;202;0;
2892;2024.10.30 10:45;-12;24.1875;24.3125;24.25;454;202;0;
2893;2024.10.30 11:00;-12;24.1875;24.3125;24.25;453;202;0;
2894;2024.10.30 11:15;-12;24.1875;24.3125;24.25;453;202;0;
2895;2024.10.30 11:30;-12;24.1875;24.3125;24.25;454;202;0;
2896;2024.10.30 11:45;-12;24.1875;24.3125;24.25;454;202;0;
2897;2024.10.30 12:00;-12;24.1875;24.3125;24.25;454;202;0;
2898;2024.10.30 12:15;-12;24.125;24.25;24.25;453;202;0;
2899;2024.10.30 12:30;-12;24;24.25;24.0625;453;202;0;
2900;2024.10.30 12:45;-12;23.875;24.125;23.9375;452;202;0;
2901;2024.10.30 13:00;-12;23.75;24;23.75;452;202;0;
2902;2024.10.30 13:15;-12;23.5625;23.875;23.625;451;202;0;
2903;2024.10.30 13:30;-12;23.375;23.75;23.375;451;202;0;
2904;2024.10.30 13:45;-12;23.25;23.625;23.25;450;202;0;
2905;2024.10.30 14:00;-12;23.1875;23.5625;23.125;449;202;0;
2906;2024.10.30 14:15;-12;23.125;23.5;23.125;449;202;0;
2907;2024.10.30 14:30;-12;23.125;23.4375;23.125;449;202;0;
2908;2024.10.30 14:45;-12;23.125;23.375;23.125;449;202;0;
2909;2024.10.30 15:00;-12;23.125;23.375;23.125;449;202;0;
2910;2024.10.30 15:15;-12;23.125;23.3125;23.125;449;202;0;
2911;2024.10.30 15:30;-12;23.125;23.3125;23.125;449;202;0;
2912;2024.10.30 15:45;-12;23.125;23.25;23.125;449;202;0;
2913;2024.10.30 16:00;-12;23.125;23.25;23.125;448;202;0;
2914;2024.10.30 16:15;-12;23.125;23.25;23.125;448;202;0;
2915;2024.10.30 16:30;-12;23.125;23.25;23.125;448;202;0;
2916;2024.10.30 16:45;-12;23.125;23.25;23.1875;448;202;0;
2917;2024.10.30 17:00;-12;23.125;23.25;23.1875;448;202;0;
2918;2024.10.30 17:15;-12;23.125;23.25;23.1875;448;202;0;
2919;2024.10.30 17:30;-12;23.125;23.25;23.1875;448;202;0;
2920;2024.10.30 17:45;-12;23.125;23.25;23.1875;448;202;0;
2921;2024.10.30 18:00;-12;23.125;23.25;23.1875;448;202;0;
2922;2024.10.30 18:15;-12;23.125;23.25;23.1875;448;202;0;
2923;2024.10.30 18:30;-12;23.125;23.25;23.25;448;202;0;
2924;2024.10.30 18:45;-12;23.125;23.25;23.25;448;202;0;
2925;2024.10.30 19:00;-12;23.125;23.25;23.25;449;202;0;
2926;2024.10.30 19:15;-12;23.1875;23.25;23.25;449;202;0;
2927;2024.10.30 19:30;-12;23.25;23.3125;23.3125;449;202;0;
2928;2024.10.30 19:45;-12;23.25;23.375;23.375;449;202;0;
2929;2024.10.30 20:00;-12;23.25;23.375;23.375;449;202;0;
2930;2024.10.30 20:15;-12;23.25;23.375;23.375;449;202;0;
2931;2024.10.30 20:30;-12;24.125;23.625;23.875;455;202;0;
2932;2024.10.30 20:45;-12;25.3125;24.375;25.25;457;202;0;
2933;2024.10.30 21:00;-12;25.625;24.875;26;463;202;0;
2934;2024.10.30 21:15;-12;25.5;25.125;26;463;202;0;
2935;2024.10.30 21:30;-12;25.625;25.25;26;464;202;0;
2936;2024.10.30 21:45;-12;25.625;25.375;26;464;202;0;
2937;2024.10.30 22:00;-12;25.75;25.5;26.0625;465;202;0;
2938;2024.10.30 22:15;-12;25.75;25.625;26.0625;465;202;0;
2939;2024.10.30 22:30;-12;25.8125;25.75;26.125;461;202;0;
2940;2024.10.30 22:45;-12;25.875;25.75;26.125;461;202;0;
2941;2024.10.30 23:00;-12;25.875;25.875;26.125;464;202;0;
2942;2024.10.30 23:15;-12;26;25.875;26.125;462;202;0;
2943;2024.10.30 23:30;-12;26;25.9375;26.25;463;202;0;
2944;2024.10.30 23:45;-12;26;26;26.25;464;202;0;
2945;2024.10.31 00:00;-12;26.0625;26;26.25;464;202;0;
2946;2024.10.31 00:15;-12;26.125;26.0625;26.25;464;202;0;
2947;2024.10.31 00:30;-12;26.125;26.125;26.25;464;202;0;
2948;2024.10.31 00:45;-12;26.125;26.125;26.25;464;202;0;
2949;2024.10.31 01:00;-12;26.1875;26.125;26.25;464;202;0;
2950;2024.10.31 01:15;-12;26.1875;26.25;26.25;464;202;0;
2951;2024.10.31 01:30;-12;26.25;26.25;26.25;465;202;0;
2952;2024.10.31 01:45;-12;26.25;26.25;26.25;464;202;0;
2953;2024.10.31 02:00;-12;26.25;26.25;26.25;464;202;0;
2954;2024.10.31 02:15;-12;26.25;26.25;26.25;464;202;0;
2955;2024.10.31 02:30;-12;26.25;26.25;26.1875;464;202;0;
2956;2024.10.31 02:45;-12;26.25;26.25;26.125;464;202;0;
2957;2024.10.31 03:00;-12;26.1875;26.25;26.125;464;202;0;
2958;2024.10.31 03:15;-12;26.1875;26.25;26.125;464;202;0;
2959;2024.10.31 03:30;-12;26.125;26.25;26.0625;464;202;0;
2960;2024.10.31 03:45;-12;26.125;26.25;26;464;202;0;
2961;2024.10.31 04:00;-12;26.125;26.25;26;464;202;0;
2962;2024.10.31 04:15;-12;26.125;26.1875;25.9375;464;202;0;
2963;2024.10.31 04:30;-12;26.125;26.1875;25.875;464;202;0;
2964;2024.10.31 04:45;-12;26.0625;26.125;25.875;464;202;0;
2965;2024.10.31 05:00;-12;26;26.125;25.8125;463;202;0;
2966;2024.10.31 05:15;-12;26;26.125;25.75;463;202;0;
2967;2024.10.31 05:30;-12;26;26.0625;25.75;463;202;0;
2968;2024.10.31 05:45;-12;25.9375;26;25.6875;463;202;0;
2969;2024.10.31 06:00;-12;25.875;26;25.625;463;202;0;
2970;2024.10.31 06:15;-12;25.875;26;25.5625;463;202;0;
2971;2024.10.31 06:30;-12;25.875;25.9375;25.5;463;202;0;
2972;2024.10.31 06:45;-12;25.8125;25.875;25.5;462;202;0;
2973;2024.10.31 07:00;-12;25.75;25.875;25.4375;462;202;0;
2974;2024.10.31 07:15;-12;25.75;25.8125;25.3125;464;202;0;
2975;2024.10.31 07:30;-12;25.6875;25.75;25.125;464;202;0;
2976;2024.10.31 07:45;-12;25.625;25.75;25;463;202;0;
2977;2024.10.31 08:00;-12;25.5625;25.625;24.75;464;202;0;
2978;2024.10.31 08:15;-12;25.5;25.625;24.5;464;202;0;
2979;2024.10.31 08:30;-12;25.375;25.5;24.375;464;202;0;
2980;2024.10.31 08:45;-12;25.25;25.375;24.25;463;202;0;
2981;2024.10.31 09:00;-12;25.125;25.25;24.0625;464;202;0;
2982;2024.10.31 09:15;-12;25;25.125;24;463;202;0;
2983;2024.10.31 09:30;-12;24.875;25;24.0625;462;202;0;
2984;2024.10.31 09:45;-12;24.6875;24.875;24.0625;462;202;0;
2985;2024.10.31 10:00;-12;24.5625;24.75;24;461;202;0;
2986;2024.10.31 10:15;-12;24.375;24.625;23.75;461;202;0;
2987;2024.10.31 10:30;-12;24.3125;24.5625;23.375;460;202;0;
2988;2024.10.31 10:45;-12;24.1875;24.4375;23.125;460;202;0;
2989;2024.10.31 11:00;-12;24.0625;24.375;23.125;457;202;0;
2990;2024.10.31 11:15;-12;23.875;24.1875;23.125;459;202;0;
2991;2024.10.31 11:30;-12;23.75;24.0625;23.25;458;202;0;
2992;2024.10.31 11:45;-12;23.625;23.9375;23.25;457;202;0;
2993;2024.10.31 12:00;-12;23.5625;23.875;23.125;457;202;0;
2994;2024.10.31 12:15;-12;23.5;23.75;23;457;202;0;
2995;2024.10.31 12:30;-12;23.375;23.625;22.9375;457;202;0;
2996;2024.10.31 12:45;-12;23.375;23.625;22.9375;456;202;0;
2997;2024.10.31 13:00;-12;23.25;23.5;22.9375;456;202;0;
2998;2024.10.31 13:15;-12;23.1875;23.4375;22.875;456;202;0;
2999;2024.10.31 13:30;-12;23.125;23.375;22.75;455;202;0;
3000;2024.10.31 13:45;-12;23.125;23.375;22.75;455;202;0;
3001;2024.10.31 14:00;-12;23.0625;23.3125;22.625;455;202;0;
3002;2024.10.31 14:15;-12;23;23.25;22.5;454;202;0;
3003;2024.10.31 14:30;-12;23;23.1875;22.4375;455;202;0;
3004;2024.10.31 14:45;-12;22.9375;23.125;22.5;455;202;0;
3005;2024.10.31 15:00;-12;22.875;23.125;22.5625;455;202;0;
3006;2024.10.31 15:15;-12;22.875;23.0625;22.625;455;202;0;
3007;2024.10.31 15:30;-12;22.8125;23;22.625;454;202;0;
3008;2024.10.31 15:45;-12;22.75;23;22.6875;455;202;0;
3009;2024.10.31 16:00;-12;22.75;23;22.6875;455;202;0;
3010;2024.10.31 16:15;-12;22.75;23;22.625;454;202;0;
3011;2024.10.31 16:30;-12;22.75;23;22.625;454;202;0;
3012;2024.10.31 16:45;-12;22.75;22.9375;22.625;453;202;0;
3013;2024.10.31 17:00;-12;22.75;22.9375;22.5;449;202;0;
3014;2024.10.31 17:15;-12;22.5;22.8125;22.5;447;202;0;
3015;2024.10.31 17:30;-12;22.375;22.625;22.375;446;202;0;
3016;2024.10.31 17:45;-12;22.25;22.5;22.1875;446;202;0;
3017;2024.10.31 18:00;-12;22.125;22.375;22.125;445;202;0;
3018;2024.10.31 18:15;-12;22;22.3125;22;445;202;0;
3019;2024.10.31 18:30;-12;21.9375;22.25;21.875;445;202;0;
3020;2024.10.31 18:45;-12;21.875;22.125;21.8125;444;202;0;
3021;2024.10.31 19:00;-12;21.75;22;21.75;444;202;0;
3022;2024.10.31 19:15;-12;21.6875;22;21.625;444;202;0;
3023;2024.10.31 19:30;-12;21.625;21.875;21.5;444;202;0;
3024;2024.10.31 19:45;-12;21.5;21.75;21.5;443;202;0;
3025;2024.10.31 20:00;-12;21.4375;21.6875;21.375;443;202;0;
3026;2024.10.31 20:15;-12;21.375;21.625;21.3125;443;202;0;
3027;2024.10.31 20:30;-12;21.3125;21.5;21.25;443;202;0;
3028;2024.10.31 20:45;-12;21.25;21.5;21.125;442;202;0;
3029;2024.10.31 21:00;-12;21.125;21.375;21.0625;442;202;0;
3030;2024.10.31 21:15;-12;21.125;21.375;21;442;202;0;
3031;2024.10.31 21:30;-12;21;21.25;21;442;202;0;
3032;2024.10.31 21:45;-12;21;21.1875;20.875;442;202;0;
3033;2024.10.31 22:00;-12;20.875;21.125;20.875;442;202;0;
3034;2024.10.31 22:15;-12;20.875;21.125;20.8125;441;202;0;
3035;2024.10.31 22:30;-12;20.75;21;20.75;441;202;0;
3036;2024.10.31 22:45;-12;20.75;20.9375;20.6875;441;202;0;
3037;2024.10.31 23:00;-12;20.625;20.875;20.625;441;202;0;
3038;2024.10.31 23:15;-12;20.5625;20.8125;20.5;441;202;0;
3039;2024.10.31 23:30;-12;20.4375;20.75;20.4375;441;202;0;
3040;2024.10.31 23:45;-12;20.375;20.625;20.375;440;202;0;
3041;2024.11.01 00:00;-12;20.25;20.5;20.25;440;202;0;
3042;2024.11.01 00:15;-12;20.25;20.5;20.3125;440;202;0;
3043;2024.11.01 00:30;-12;20.25;20.5;20.3125;440;202;0;
3044;2024.11.01 00:45;-12;20.25;20.4375;20.3125;440;202;0;
3045;2024.11.01 01:00;-12;20.25;20.4375;20.375;440;202;0;
3046;2024.11.01 01:15;-12;20.25;20.375;20.3125;440;202;0;
3047;2024.11.01 01:30;-12;20.25;20.375;20.3125;440;202;0;
3048;2024.11.01 01:45;-12;20.25;20.375;20.25;440;202;0;
3049;2024.11.01 02:00;-12;20.25;20.375;20.25;440;202;0;
3050;2024.11.01 02:15;-12;20.25;20.375;20.25;440;202;0;
3051;2024.11.01 02:30;-12;20.25;20.375;20.25;441;202;0;
3052;2024.11.01 02:45;-12;20.25;20.375;20.25;441;202;0;
3053;2024.11.01 03:00;-12;20.25;20.375;20.25;441;202;0;
3054;2024.11.01 03:15;-12;20.25;20.375;20.25;441;202;0;
3055;2024.11.01 03:30;-12;20.25;20.375;20.25;441;202;0;
3056;2024.11.01 03:45;-12;20.25;20.375;20.3125;441;202;0;
3057;2024.11.01 04:00;-12;20.25;20.375;20.3125;441;202;0;
3058;2024.11.01 04:15;-12;20.25;20.375;20.3125;441;202;0;
3059;2024.11.01 04:30;-12;20.25;20.375;20.25;441;202;0;
3060;2024.11.01 04:45;-12;20.25;20.375;20.25;441;202;0;
3061;2024.11.01 05:00;-12;20.25;20.375;20.25;441;202;0;
3062;2024.11.01 05:15;-12;20.25;20.375;20.25;441;202;0;
3063;2024.11.01 05:30;-12;20.25;20.375;20.25;441;202;0;
3064;2024.11.01 05:45;-12;20.1875;20.3125;20.1875;441;202;0;
3065;2024.11.01 06:00;-12;20.125;20.3125;20.125;441;202;0;
3066;2024.11.01 06:15;-12;20.125;20.25;20.125;441;202;0;
3067;2024.11.01 06:30;-12;20.125;20.25;20.125;441;202;0;
3068;2024.11.01 06:45;-12;20.125;20.25;20.125;441;202;0;
3069;2024.11.01 07:00;-12;20.125;20.25;20.125;441;202;0;
3070;2024.11.01 07:15;-12;20.125;20.25;20.125;441;202;0;
3071;2024.11.01 07:30;-12;20.125;20.25;20.125;441;202;0;
3072;2024.11.01 07:45;-12;20.125;20.25;20.125;441;202;0;
3073;2024.11.01 08:00;-12;20.125;20.25;20.125;441;202;0;
3074;2024.11.01 08:15;-12;20.125;20.25;20.125;441;202;0;
3075;2024.11.01 08:30;-12;20.125;20.25;20.125;441;202;0;
3076;2024.11.01 08:45;-12;20.125;20.25;20.125;441;202;0;
3077;2024.11.01 09:00;-12;20.125;20.25;20.125;441;202;0;
3078;2024.11.01 09:15;-12;20.125;20.25;20.125;442;202;0;
3079;2024.11.01 09:30;-12;20.125;20.25;20.125;442;202;0;
3080;2024.11.01 09:45;-12;20.0625;20.1875;20.0625;442;202;0;
3081;2024.11.01 10:00;-12;20;20.125;20;441;202;0;
3082;2024.11.01 10:15;-12;20.125;20.1875;20.125;439;202;0;
3083;2024.11.01 10:30;-12;20.0625;20.25;20.0625;439;202;0;
3084;2024.11.01 10:45;-12;20;20.1875;20;439;202;0;
3085;2024.11.01 11:00;-12;20;20.1875;20;439;202;0;
3086;2024.11.01 11:15;-12;20;20.125;20;439;202;0;
3087;2024.11.01 11:30;-12;20;20.125;19.9375;439;202;0;
3088;2024.11.01 11:45;-12;20;20.125;19.9375;439;202;0;
3089;2024.11.01 12:00;-12;20;20.125;19.9375;439;202;0;
3090;2024.11.01 12:15;-12;19.9375;20.125;19.9375;439;202;0;
3091;2024.11.01 12:30;-12;20;20.125;19.9375;439;202;0;
3092;2024.11.01 12:45;-12;20;20.125;20;439;202;0;
3093;2024.11.01 13:00;-12;20;20.125;20;439;202;0;
3094;2024.11.01 13:15;-12;20;20.125;20.0625;439;202;0;
3095;2024.11.01 13:30;-12;20.0625;20.125;20.125;439;202;0;
3096;2024.11.01 13:45;-12;20.125;20.25;20.125;439;202;0;
3097;2024.11.01 14:00;-12;20.125;20.25;20.1875;440;202;0;
3098;2024.11.01 14:15;-12;20.1875;20.25;20.25;440;202;0;
3099;2024.11.01 14:30;-12;20.25;20.3125;20.25;440;202;0;
3100;2024.11.01 14:45;-12;20.25;20.375;20.3125;440;202;0;
3101;2024.11.01 15:00;-12;20.25;20.375;20.375;440;202;0;
3102;2024.11.01 15:15;-12;20.375;20.4375;20.375;441;202;0;
3103;2024.11.01 15:30;-12;20.375;20.5;20.4375;441;202;0;
3104;2024.11.01 15:45;-12;20.4375;20.5;20.5;441;202;0;
3105;2024.11.01 16:00;-12;20.5;20.5625;20.5625;441;202;0;
3106;2024.11.01 16:15;-12;20.5;20.625;20.625;442;202;0;
3107;2024.11.01 16:30;-12;20.5625;20.625;20.625;442;202;0;
3108;2024.11.01 16:45;-12;20.625;20.6875;20.6875;442;202;0;
3109;2024.11.01 17:00;-12;20.625;20.75;20.75;442;202;0;
3110;2024.11.01 17:15;-12;20.75;20.8125;20.875;443;202;0;
3111;2024.11.01 17:30;-12;20.75;20.875;20.875;443;202;0;
3112;2024.11.01 17:45;-12;20.875;20.875;21;443;202;0;
3113;2024.11.01 18:00;-12;20.9375;21;21.0625;444;202;0;
3114;2024.11.01 18:15;-12;21;21.0625;21.125;444;202;0;
3115;2024.11.01 18:30;-12;21.1875;21.125;21.25;445;202;0;
3116;2024.11.01 18:45;-12;25.375;23.625;25.875;463;202;0;
3117;2024.11.01 19:00;-12;26.5625;25.875;27;485;202;0;
3118;2024.11.01 19:15;-12;27.875;27.375;28.375;480;202;0;
3119;2024.11.01 19:30;-12;27.25;27.875;27.625;472;202;0;
3120;2024.11.01 19:45;-12;26;27.625;26.625;436;202;0;
3121;2024.11.01 20:00;-12;25.875;27.25;26.125;425;202;0;
3122;2024.11.01 20:15;-12;20.5625;23.1875;23.25;2124;202;0;
