0;2025.05.12 13:15;4;23.25;23.5;23.5;219;202;0;
1;2025.05.12 13:30;4;23.125;23.375;23.4375;220;202;0;
2;2025.05.12 13:45;4;23.125;23.4375;23.375;219;202;0;
3;2025.05.12 14:00;4;23.125;23.375;23.4375;219;202;0;
4;2025.05.12 14:15;4;23;23.375;23.375;219;202;0;
5;2025.05.12 14:30;4;22.875;23.25;23.25;218;202;0;
6;2025.05.12 14:45;4;23;23.1875;23.125;217;202;0;
7;2025.05.12 15:00;4;23.125;23.25;23.125;218;202;0;
8;2025.05.12 15:15;4;23.0625;23.1875;23.0625;217;202;0;
9;2025.05.12 15:30;4;22.6875;23;22.8125;216;202;0;
10;2025.05.12 15:45;4;22.5;22.875;22.625;216;202;0;
11;2025.05.12 16:00;4;22.4375;22.75;22.5;215;202;0;
12;2025.05.12 16:15;4;22.375;22.625;22.4375;215;202;0;
13;2025.05.12 16:30;4;22.375;22.625;22.375;215;202;0;
14;2025.05.12 16:45;4;22.3125;22.5;22.3125;215;202;0;
15;2025.05.12 17:00;4;22.25;22.5;22.25;215;202;0;
16;2025.05.12 17:15;4;22.25;22.4375;22.25;215;202;0;
17;2025.05.12 17:30;4;22.25;22.375;22.1875;215;202;0;
18;2025.05.12 17:45;4;22.25;22.375;22.125;215;202;0;
19;2025.05.12 18:00;4;22.1875;22.375;22.125;215;202;0;
20;2025.05.12 18:15;4;22.125;22.3125;22.125;215;202;0;
21;2025.05.12 18:30;4;22.125;22.25;22.0625;214;202;0;
22;2025.05.12 18:45;4;22.125;22.25;22;214;202;0;
23;2025.05.12 19:00;4;22.0625;22.25;22;214;202;0;
24;2025.05.12 19:15;4;22;22.25;22;214;202;0;
25;2025.05.12 19:30;4;22;22.1875;22;214;202;0;
26;2025.05.12 19:45;4;22;22.1875;21.9375;214;202;0;
27;2025.05.12 20:00;4;22;22.125;21.875;214;202;0;
28;2025.05.12 20:15;4;22;22.125;21.875;214;202;0;
29;2025.05.12 20:30;4;21.9375;22.125;21.875;214;202;0;
30;2025.05.12 20:45;4;21.9375;22.125;21.875;214;202;0;
31;2025.05.12 21:00;4;21.875;22.125;21.875;214;202;0;
32;2025.05.12 21:15;4;21.875;22.0625;21.875;214;202;0;
33;2025.05.12 21:30;4;21.875;22;21.8125;214;202;0;
34;2025.05.12 21:45;4;21.875;22;21.8125;214;202;0;
35;2025.05.12 22:00;4;21.875;22;21.8125;214;202;0;
36;2025.05.12 22:15;4;21.875;22;21.75;214;202;0;
37;2025.05.12 22:30;4;21.8125;22;21.75;214;202;0;
38;2025.05.12 22:45;4;21.8125;22;21.75;214;202;0;
39;2025.05.12 23:00;4;21.75;22;21.75;214;202;0;
40;2025.05.12 23:15;4;21.75;21.9375;21.75;214;202;0;
41;2025.05.12 23:30;4;21.75;21.9375;21.75;214;202;0;
42;2025.05.12 23:45;4;21.75;21.875;21.6875;214;202;0;
43;2025.05.13 00:00;4;21.75;21.875;21.6875;214;202;0;
44;2025.05.13 00:15;4;21.75;21.875;21.6875;214;202;0;
45;2025.05.13 00:30;4;21.6875;21.875;21.625;214;202;0;
46;2025.05.13 00:45;4;21.6875;21.875;21.625;214;202;0;
47;2025.05.13 01:00;4;21.625;21.875;21.625;214;202;0;
48;2025.05.13 01:15;4;21.625;21.875;21.625;214;202;0;
49;2025.05.13 01:30;4;21.625;21.875;21.625;214;202;0;
50;2025.05.13 01:45;4;21.625;21.8125;21.625;214;202;0;
51;2025.05.13 02:00;4;21.625;21.8125;21.625;214;202;0;
52;2025.05.13 02:15;4;21.625;21.75;21.5625;214;202;0;
53;2025.05.13 02:30;4;21.625;21.75;21.5625;214;202;0;
54;2025.05.13 02:45;4;21.625;21.75;21.5625;214;202;0;
55;2025.05.13 03:00;4;21.5625;21.75;21.5625;214;202;0;
56;2025.05.13 03:15;4;21.5625;21.75;21.5;214;202;0;
57;2025.05.13 03:30;4;21.5;21.75;21.5;214;202;0;
58;2025.05.13 03:45;4;21.5;21.75;21.5;214;202;0;
59;2025.05.13 04:00;4;21.5;21.75;21.5;214;202;0;
60;2025.05.13 04:15;4;21.5;21.75;21.5;214;202;0;
61;2025.05.13 04:30;4;21.5;21.6875;21.5;213;202;0;
62;2025.05.13 04:45;4;21.5;21.6875;21.5;213;202;0;
63;2025.05.13 05:00;4;21.5;21.6875;21.5;213;202;0;
64;2025.05.13 05:15;4;21.5;21.625;21.5;213;202;0;
65;2025.05.13 05:30;4;21.5;21.625;21.5;213;202;0;
66;2025.05.13 05:45;4;21.5;21.625;21.5;213;202;0;
67;2025.05.13 06:00;4;21.4375;21.625;21.5;213;202;0;
68;2025.05.13 06:15;4;21.5;21.6875;21.5625;214;202;0;
69;2025.05.13 06:30;4;21.5;21.75;21.625;214;202;0;
70;2025.05.13 06:45;4;21.375;21.6875;21.5;215;202;0;
71;2025.05.13 07:00;4;20.9375;21.5;21.5;213;202;0;
72;2025.05.13 07:15;4;21;21.4375;21.4375;214;202;0;
73;2025.05.13 07:30;4;21.0625;21.5;21.4375;213;202;0;
74;2025.05.13 07:45;4;20.875;21.375;21.4375;213;202;0;
75;2025.05.13 08:00;4;20.875;21.375;21.4375;213;202;0;
76;2025.05.13 08:15;4;20.8125;21.375;21.4375;213;202;0;
77;2025.05.13 08:30;4;20.8125;21.3125;21.4375;213;202;0;
78;2025.05.13 08:45;4;20.8125;21.375;21.4375;213;202;0;
79;2025.05.13 09:00;4;20.875;21.375;21.4375;213;202;0;
80;2025.05.13 09:15;4;21.0625;21.5;21.5;213;202;0;
81;2025.05.13 09:30;4;21;21.4375;21.375;213;202;0;
82;2025.05.13 09:45;4;21;21.375;21.3125;211;202;0;
83;2025.05.13 10:00;4;21.0625;21.375;21.5;213;202;0;
84;2025.05.13 10:15;4;21;21.375;21.3125;212;202;0;
85;2025.05.13 10:30;4;21.25;21.5;21.5;213;202;0;
86;2025.05.13 10:45;4;21.375;21.625;21.5;214;202;0;
87;2025.05.13 11:00;4;21.4375;21.6875;21.6875;214;202;0;
88;2025.05.13 11:15;4;21.5;21.8125;21.75;365;202;0;
89;2025.05.13 11:30;4;21.4375;21.75;21.5;367;202;0;
90;2025.05.13 11:45;4;21.4375;21.75;21.375;366;202;0;
91;2025.05.13 12:00;4;21.4375;21.75;21.375;365;202;0;
92;2025.05.13 12:15;4;21.5;21.75;21.375;364;202;0;
93;2025.05.13 12:30;4;21.5;21.75;21.5;364;202;0;
94;2025.05.13 12:45;4;21.5625;21.75;21.5;364;202;0;
95;2025.05.13 13:00;4;21.625;21.8125;21.5;364;202;0;
96;2025.05.13 13:15;4;21.625;21.875;21.625;364;202;0;
97;2025.05.13 13:30;4;21.625;21.875;21.625;364;202;0;
98;2025.05.13 13:45;4;21.6875;21.875;21.625;363;202;0;
99;2025.05.13 14:00;4;21.75;21.875;21.6875;363;202;0;
100;2025.05.13 14:15;4;21.75;22;21.75;363;202;0;
101;2025.05.13 14:30;4;21.75;22;21.75;363;202;0;
102;2025.05.13 14:45;4;21.875;22;21.8125;363;202;0;
103;2025.05.13 15:00;4;21.875;22.0625;21.875;363;202;0;
104;2025.05.13 15:15;4;21.875;22.125;21.875;363;202;0;
105;2025.05.13 15:30;4;21.9375;22.125;21.9375;363;202;0;
106;2025.05.13 15:45;4;22;22.1875;22;364;202;0;
107;2025.05.13 16:00;4;22;22.25;22;364;202;0;
108;2025.05.13 16:15;4;22;22.25;22;364;202;0;
109;2025.05.13 16:30;4;22;22.25;22;364;202;0;
110;2025.05.13 16:45;4;22;22.25;22;364;202;0;
111;2025.05.13 17:00;4;22;22.25;22;364;202;0;
112;2025.05.13 17:15;4;22;22.25;22;364;202;0;
113;2025.05.13 17:30;4;22;22.25;22;364;202;0;
114;2025.05.13 17:45;4;22;22.25;22;364;202;0;
115;2025.05.13 18:00;4;22;22.25;22;364;202;0;
116;2025.05.13 18:15;4;22;22.25;22;364;202;0;
117;2025.05.13 18:30;4;22;22.25;22;364;202;0;
118;2025.05.13 18:45;4;22;22.25;22;364;202;0;
119;2025.05.13 19:00;4;22;22.25;22;364;202;0;
120;2025.05.13 19:15;4;22;22.25;22;363;202;0;
121;2025.05.13 19:30;4;22;22.25;22;363;202;0;
122;2025.05.13 19:45;4;22;22.25;22;363;202;0;
123;2025.05.13 20:00;4;22;22.25;22;363;202;0;
124;2025.05.13 20:15;4;21.9375;22.25;21.9375;363;202;0;
125;2025.05.13 20:30;4;21.9375;22.25;21.9375;363;202;0;
126;2025.05.13 20:45;4;21.875;22.25;21.9375;363;202;0;
127;2025.05.13 21:00;4;21.875;22.1875;21.875;363;202;0;
128;2025.05.13 21:15;4;21.875;22.1875;21.875;363;202;0;
129;2025.05.13 21:30;4;21.875;22.1875;21.875;363;202;0;
130;2025.05.13 21:45;4;21.875;22.1875;21.875;363;202;0;
131;2025.05.13 22:00;4;21.875;22.125;21.875;363;202;0;
132;2025.05.13 22:15;4;21.875;22.125;21.875;363;202;0;
133;2025.05.13 22:30;4;21.875;22.125;21.875;363;202;0;
134;2025.05.13 22:45;4;21.875;22.125;21.875;363;202;0;
135;2025.05.13 23:00;4;21.875;22.125;21.875;363;202;0;
136;2025.05.13 23:15;4;21.8125;22.125;21.8125;363;202;0;
137;2025.05.13 23:30;4;21.8125;22.125;21.8125;363;202;0;
138;2025.05.13 23:45;4;21.75;22.125;21.8125;363;202;0;
139;2025.05.14 00:00;4;21.75;22.125;21.75;363;202;0;
140;2025.05.14 00:15;4;21.75;22.0625;21.75;363;202;0;
141;2025.05.14 00:30;4;21.75;22.0625;21.75;363;202;0;
142;2025.05.14 00:45;4;21.75;22;21.75;363;202;0;
143;2025.05.14 01:00;4;21.75;22;21.75;363;202;0;
144;2025.05.14 01:15;4;21.75;22;21.75;363;202;0;
145;2025.05.14 01:30;4;21.75;22;21.75;363;202;0;
146;2025.05.14 01:45;4;21.75;22;21.75;363;202;0;
147;2025.05.14 02:00;4;21.6875;22;21.75;363;202;0;
148;2025.05.14 02:15;4;21.6875;22;21.6875;363;202;0;
149;2025.05.14 02:30;4;21.6875;22;21.6875;363;202;0;
150;2025.05.14 02:45;4;21.625;22;21.6875;363;202;0;
151;2025.05.14 03:00;4;21.625;22;21.625;363;202;0;
152;2025.05.14 03:15;4;21.625;21.9375;21.625;363;202;0;
153;2025.05.14 03:30;4;21.625;21.9375;21.625;363;202;0;
154;2025.05.14 03:45;4;21.625;21.875;21.625;363;202;0;
155;2025.05.14 04:00;4;21.625;21.875;21.625;363;202;0;
156;2025.05.14 04:15;4;21.625;21.875;21.625;363;202;0;
157;2025.05.14 04:30;4;21.625;21.875;21.625;363;202;0;
158;2025.05.14 04:45;4;21.625;21.875;21.625;363;202;0;
159;2025.05.14 05:00;4;21.5625;21.875;21.625;363;202;0;
160;2025.05.14 05:15;4;21.5625;21.875;21.5625;363;202;0;
161;2025.05.14 05:30;4;21.5625;21.875;21.5625;363;202;0;
162;2025.05.14 05:45;4;21.5;21.875;21.5625;363;202;0;
163;2025.05.14 06:00;4;21.5;21.875;21.5625;363;202;0;
164;2025.05.14 06:15;4;21.5;21.8125;21.5;363;202;0;
165;2025.05.14 06:30;4;21.5;21.75;21.5;362;202;0;
166;2025.05.14 06:45;4;21.4375;21.75;21.5;362;202;0;
167;2025.05.14 07:00;4;21.375;21.75;21.375;363;202;0;
168;2025.05.14 07:15;4;21.375;21.625;21.375;363;202;0;
169;2025.05.14 07:30;4;21.375;21.625;21.3125;363;202;0;
170;2025.05.14 07:45;4;21.375;21.625;21.3125;363;202;0;
171;2025.05.14 08:00;4;21.375;21.625;21.375;363;202;0;
172;2025.05.14 08:15;4;21.375;21.625;21.375;363;202;0;
173;2025.05.14 08:30;4;21.375;21.625;21.375;363;202;0;
174;2025.05.14 08:45;4;21.375;21.625;21.375;364;202;0;
175;2025.05.14 09:00;4;21.4375;21.625;21.375;364;202;0;
176;2025.05.14 09:15;4;21.5;21.6875;21.375;364;202;0;
177;2025.05.14 09:30;4;21.5;21.6875;21.375;364;202;0;
178;2025.05.14 09:45;4;21.5;21.75;21.4375;364;202;0;
179;2025.05.14 10:00;4;21.5;21.75;21.4375;364;202;0;
180;2025.05.14 10:15;4;21.5;21.75;21.5;364;202;0;
181;2025.05.14 10:30;4;21.5625;21.75;21.5;364;202;0;
182;2025.05.14 10:45;4;21.5625;21.75;21.5;364;202;0;
183;2025.05.14 11:00;4;21.625;21.8125;21.5;364;202;0;
184;2025.05.14 11:15;4;21.625;21.875;21.5625;365;202;0;
185;2025.05.14 11:30;4;21.75;21.875;21.625;365;202;0;
186;2025.05.14 11:45;4;21.75;21.875;21.625;365;202;0;
187;2025.05.14 12:00;4;21.8125;21.9375;21.6875;365;202;0;
188;2025.05.14 12:15;4;21.875;22;21.75;366;202;0;
189;2025.05.14 12:30;4;21.875;22;21.8125;366;202;0;
190;2025.05.14 12:45;4;22;22.125;21.875;367;202;0;
191;2025.05.14 13:00;4;22;22.125;21.875;367;202;0;
192;2025.05.14 13:15;4;22;22.125;21.875;367;202;0;
193;2025.05.14 13:30;4;22.125;22.25;22;367;202;0;
194;2025.05.14 13:45;4;22.125;22.25;22;367;202;0;
195;2025.05.14 14:00;4;22.25;22.3125;22.0625;368;202;0;
196;2025.05.14 14:15;4;22.25;22.375;22.125;368;202;0;
197;2025.05.14 14:30;4;22.3125;22.375;22.125;368;202;0;
198;2025.05.14 14:45;4;22.375;22.5;22.1875;368;202;0;
199;2025.05.14 15:00;4;22.375;22.5;22.25;368;202;0;
200;2025.05.14 15:15;4;22.375;22.5;22.25;368;202;0;
201;2025.05.14 15:30;4;22.375;22.5;22.25;368;202;0;
202;2025.05.14 15:45;4;22.375;22.5;22.25;368;202;0;
203;2025.05.14 16:00;4;22.375;22.5625;22.25;368;202;0;
204;2025.05.14 16:15;4;22.375;22.5625;22.25;368;202;0;
205;2025.05.14 16:30;4;22.375;22.5625;22.25;368;202;0;
206;2025.05.14 16:45;4;22.375;22.5625;22.25;368;202;0;
207;2025.05.14 17:00;4;22.3125;22.5;22.25;368;202;0;
208;2025.05.14 17:15;4;22.25;22.5;22.25;368;202;0;
209;2025.05.14 17:30;4;22.25;22.5;22.25;368;202;0;
210;2025.05.14 17:45;4;22.25;22.5;22.25;368;202;0;
211;2025.05.14 18:00;4;22.25;22.5;22.1875;367;202;0;
212;2025.05.14 18:15;4;22.25;22.5;22.1875;367;202;0;
213;2025.05.14 18:30;4;22.1875;22.4375;22.125;367;202;0;
214;2025.05.14 18:45;4;22.125;22.4375;22.125;367;202;0;
215;2025.05.14 19:00;4;22.125;22.375;22.125;367;202;0;
216;2025.05.14 19:15;4;22.125;22.375;22.125;367;202;0;
217;2025.05.14 19:30;4;22.125;22.375;22.125;367;202;0;
218;2025.05.14 19:45;4;22.125;22.375;22.125;367;202;0;
219;2025.05.14 20:00;4;22.0625;22.375;22.0625;367;202;0;
220;2025.05.14 20:15;4;22;22.3125;22.0625;367;202;0;
221;2025.05.14 20:30;4;22;22.3125;22;367;202;0;
222;2025.05.14 20:45;4;22;22.25;22;367;202;0;
223;2025.05.14 21:00;4;22;22.25;22;367;202;0;
224;2025.05.14 21:15;4;22;22.25;22;367;202;0;
225;2025.05.14 21:30;4;22;22.25;22;367;202;0;
226;2025.05.14 21:45;4;21.9375;22.25;22;366;202;0;
227;2025.05.14 22:00;4;21.875;22.25;21.9375;366;202;0;
228;2025.05.14 22:15;4;21.875;22.1875;21.9375;366;202;0;
229;2025.05.14 22:30;4;21.875;22.1875;21.875;366;202;0;
230;2025.05.14 22:45;4;21.875;22.125;21.875;366;202;0;
231;2025.05.14 23:00;4;21.875;22.125;21.875;366;202;0;
232;2025.05.14 23:15;4;21.875;22.125;21.875;366;202;0;
233;2025.05.14 23:30;4;21.8125;22.125;21.875;366;202;0;
234;2025.05.14 23:45;4;21.8125;22.125;21.875;366;202;0;
235;2025.05.15 00:00;4;21.8125;22.125;21.875;366;202;0;
236;2025.05.15 00:15;4;21.75;22.125;21.875;366;202;0;
237;2025.05.15 00:30;4;21.75;22.0625;21.8125;366;202;0;
238;2025.05.15 00:45;4;21.75;22.0625;21.8125;366;202;0;
239;2025.05.15 01:00;4;21.75;22;21.75;366;202;0;
240;2025.05.15 01:15;4;21.75;22;21.75;366;202;0;
241;2025.05.15 01:30;4;21.75;22;21.75;366;202;0;
242;2025.05.15 01:45;4;21.75;22;21.75;366;202;0;
243;2025.05.15 02:00;4;21.75;22;21.75;366;202;0;
244;2025.05.15 02:15;4;21.6875;22;21.75;366;202;0;
245;2025.05.15 02:30;4;21.6875;22;21.75;366;202;0;
246;2025.05.15 02:45;4;21.6875;22;21.75;366;202;0;
247;2025.05.15 03:00;4;21.625;21.9375;21.75;366;202;0;
248;2025.05.15 03:15;4;21.625;21.9375;21.6875;366;202;0;
249;2025.05.15 03:30;4;21.625;21.9375;21.6875;366;202;0;
250;2025.05.15 03:45;4;21.625;21.9375;21.625;366;202;0;
251;2025.05.15 04:00;4;21.625;21.875;21.6875;366;202;0;
252;2025.05.15 04:15;4;21.625;21.875;21.625;366;202;0;
253;2025.05.15 04:30;4;21.625;21.875;21.625;366;202;0;
254;2025.05.15 04:45;4;21.625;21.875;21.625;366;202;0;
255;2025.05.15 05:00;4;21.625;21.875;21.625;366;202;0;
256;2025.05.15 05:15;4;21.625;21.875;21.625;366;202;0;
257;2025.05.15 05:30;4;21.5625;21.875;21.625;366;202;0;
258;2025.05.15 05:45;4;21.5625;21.875;21.625;365;202;0;
259;2025.05.15 06:00;4;21.5625;21.875;21.625;365;202;0;
260;2025.05.15 06:15;4;21.5625;21.875;21.625;366;202;0;
261;2025.05.15 06:30;4;21.5625;21.875;21.625;365;202;0;
262;2025.05.15 06:45;4;21.5;21.8125;21.625;365;202;0;
263;2025.05.15 07:00;4;21.5;21.8125;21.625;365;202;0;
264;2025.05.15 07:15;4;21.5;21.8125;21.5625;365;202;0;
265;2025.05.15 07:30;4;21.5;21.75;21.5625;365;202;0;
266;2025.05.15 07:45;4;21.5;21.75;21.5;365;202;0;
267;2025.05.15 08:00;4;21.5;21.75;21.5;365;202;0;
268;2025.05.15 08:15;4;21.5;21.75;21.5;365;202;0;
269;2025.05.15 08:30;4;21.5;21.75;21.5;365;202;0;
270;2025.05.15 08:45;4;21.5;21.75;21.5;365;202;0;
271;2025.05.15 09:00;4;21.5625;21.75;21.5;365;202;0;
272;2025.05.15 09:15;4;21.5625;21.8125;21.5625;365;202;0;
273;2025.05.15 09:30;4;21.5625;21.8125;21.5625;365;202;0;
274;2025.05.15 09:45;4;21.625;21.8125;21.5625;366;202;0;
275;2025.05.15 10:00;4;21.625;21.8125;21.5625;366;202;0;
276;2025.05.15 10:15;4;21.625;21.875;21.625;366;202;0;
277;2025.05.15 10:30;4;21.625;21.875;21.625;366;202;0;
278;2025.05.15 10:45;4;21.875;22;22.125;372;202;0;
279;2025.05.15 11:00;4;22.0625;22.25;22.375;373;202;0;
280;2025.05.15 11:15;4;22.1875;22.375;22.625;373;202;0;
281;2025.05.15 11:30;4;22.375;22.5;22.875;374;202;0;
282;2025.05.15 11:45;4;22.5;22.625;22.875;374;202;0;
283;2025.05.15 12:00;4;22.625;22.75;23.125;374;202;0;
284;2025.05.15 12:15;4;22.75;22.875;23.25;375;202;0;
285;2025.05.15 12:30;4;22.875;23;23.375;376;202;0;
286;2025.05.15 12:45;4;23;23.125;23.375;376;202;0;
287;2025.05.15 13:00;4;23.125;23.25;23.4375;376;202;0;
288;2025.05.15 13:15;4;23.125;23.3125;23.375;377;202;0;
289;2025.05.15 13:30;4;23.125;23.375;23.375;377;202;0;
290;2025.05.15 13:45;4;23.125;23.375;23.25;377;202;0;
291;2025.05.15 14:00;4;23.125;23.375;23.1875;377;202;0;
292;2025.05.15 14:15;4;23.125;23.375;23.1875;377;202;0;
293;2025.05.15 14:30;4;23.1875;23.4375;23.25;377;202;0;
294;2025.05.15 14:45;4;23.25;23.5;23.5;376;202;0;
295;2025.05.15 15:00;4;23.25;23.5;23.375;376;202;0;
296;2025.05.15 15:15;4;23.25;23.5;23.25;376;202;0;
297;2025.05.15 15:30;4;23.25;23.5;23.125;376;202;0;
298;2025.05.15 15:45;4;22.3125;23;21.375;363;202;0;
299;2025.05.15 16:00;4;21.375;22.125;19.875;360;202;0;
300;2025.05.15 16:15;4;20.8125;21.4375;19.375;362;202;0;
301;2025.05.15 16:30;4;20.375;20.875;18.875;360;202;0;
302;2025.05.15 16:45;4;20;20.5;18.625;359;202;0;
303;2025.05.15 17:00;4;19.625;20.125;18;366;202;0;
304;2025.05.15 17:15;4;19;19.625;17.75;357;202;0;
305;2025.05.15 17:30;4;18.625;19.125;17.75;356;202;0;
306;2025.05.15 17:45;4;18.4375;18.875;18;357;202;0;
307;2025.05.15 18:00;4;18.375;18.75;18.25;353;202;0;
308;2025.05.15 18:15;4;18.25;18.6875;18.25;352;202;0;
309;2025.05.15 18:30;4;18.3125;18.625;18.375;352;202;0;
310;2025.05.15 18:45;4;18.25;18.625;18.375;349;202;0;
311;2025.05.15 19:00;4;18.375;18.625;18.5;349;202;0;
312;2025.05.15 19:15;4;18.4375;18.625;18.5;349;202;0;
313;2025.05.15 19:30;4;18.5;18.625;18.5;349;202;0;
314;2025.05.15 19:45;4;18.5;18.625;18.5625;350;202;0;
315;2025.05.15 20:00;4;18.5625;18.6875;18.375;350;202;0;
316;2025.05.15 20:15;4;18.5;18.6875;18;349;202;0;
317;2025.05.15 20:30;4;18.5;18.625;17.5;349;202;0;
318;2025.05.15 20:45;4;18.375;18.5625;17.125;349;202;0;
319;2025.05.15 21:00;4;18.25;18.4375;16.75;348;202;0;
320;2025.05.15 21:15;4;18.125;18.25;16.5;347;202;0;
321;2025.05.15 21:30;4;17.875;18.125;16.25;346;202;0;
322;2025.05.15 21:45;4;17.75;17.875;16;345;202;0;
323;2025.05.15 22:00;4;17.5625;17.75;15.875;345;202;0;
324;2025.05.15 22:15;4;17.375;17.5;15.625;344;202;0;
325;2025.05.15 22:30;4;17.1875;17.375;15.5;343;202;0;
326;2025.05.15 22:45;4;17;17.125;15.375;342;202;0;
327;2025.05.15 23:00;4;16.75;17;15.1875;341;202;0;
328;2025.05.15 23:15;4;16.625;16.75;15.0625;340;202;0;
329;2025.05.15 23:30;4;16.375;16.625;14.875;340;202;0;
330;2025.05.15 23:45;4;16.25;16.375;14.75;339;202;0;
331;2025.05.16 00:00;4;16.0625;16.25;14.625;338;202;0;
332;2025.05.16 00:15;4;15.875;16.0625;14.4375;337;202;0;
333;2025.05.16 00:30;4;15.75;15.875;14.25;337;202;0;
334;2025.05.16 00:45;4;15.5;15.75;14.125;336;202;0;
335;2025.05.16 01:00;4;15.375;15.5625;14;335;202;0;
336;2025.05.16 01:15;4;15.25;15.375;13.8125;335;202;0;
337;2025.05.16 01:30;4;15;15.25;13.6875;334;202;0;
338;2025.05.16 01:45;4;14.875;15.125;13.625;333;202;0;
339;2025.05.16 02:00;4;14.75;14.9375;13.5;332;202;0;
340;2025.05.16 02:15;4;14.625;14.75;13.4375;332;202;0;
341;2025.05.16 02:30;4;14.4375;14.625;13.375;331;202;0;
342;2025.05.16 02:45;4;14.3125;14.5;13.25;331;202;0;
343;2025.05.16 03:00;4;14.1875;14.375;13.125;330;202;0;
344;2025.05.16 03:15;4;14;14.25;13;329;202;0;
345;2025.05.16 03:30;4;13.875;14.125;12.875;329;202;0;
346;2025.05.16 03:45;4;13.8125;14;12.875;329;202;0;
347;2025.05.16 04:00;4;13.6875;13.875;12.75;328;202;0;
348;2025.05.16 04:15;4;13.5625;13.8125;12.625;328;202;0;
349;2025.05.16 04:30;4;13.5;13.6875;12.625;327;202;0;
350;2025.05.16 04:45;4;13.375;13.625;12.5;327;202;0;
351;2025.05.16 05:00;4;13.25;13.5;12.5;326;202;0;
352;2025.05.16 05:15;4;13.125;13.375;12.5;326;202;0;
353;2025.05.16 05:30;4;13.0625;13.375;12.5;325;202;0;
354;2025.05.16 05:45;4;13;13.25;12.4375;325;202;0;
355;2025.05.16 06:00;4;12.9375;13.1875;12.5;325;202;0;
356;2025.05.16 06:15;4;12.875;13.125;12.5;325;202;0;
357;2025.05.16 06:30;4;12.8125;13.125;12.625;324;202;0;
358;2025.05.16 06:45;4;12.75;13.0625;12.75;324;202;0;
359;2025.05.16 07:00;4;12.75;13.0625;12.875;324;202;0;
360;2025.05.16 07:15;4;12.75;13.0625;12.875;324;202;0;
361;2025.05.16 07:30;4;12.75;13.0625;12.9375;324;202;0;
362;2025.05.16 07:45;4;12.75;13.0625;13;324;202;0;
363;2025.05.16 08:00;4;12.75;13.0625;13;324;202;0;
364;2025.05.16 08:15;4;12.75;13.0625;13.125;324;202;0;
365;2025.05.16 08:30;4;12.75;13.125;13.1875;324;202;0;
366;2025.05.16 08:45;4;12.75;13.125;13.3125;325;202;0;
367;2025.05.16 09:00;4;12.8125;13.1875;13.4375;325;202;0;
368;2025.05.16 09:15;4;12.875;13.25;13.5625;325;202;0;
369;2025.05.16 09:30;4;12.9375;13.25;13.75;325;202;0;
370;2025.05.16 09:45;4;13;13.375;13.875;326;202;0;
371;2025.05.16 10:00;4;13.125;13.4375;14.125;326;202;0;
372;2025.05.16 10:15;4;13.1875;13.5;14.25;326;202;0;
373;2025.05.16 10:30;4;13.3125;13.625;14.5;327;202;0;
374;2025.05.16 10:45;4;13.4375;13.75;14.625;327;202;0;
375;2025.05.16 11:00;4;13.625;13.875;14.875;328;202;0;
376;2025.05.16 11:15;4;13.75;14.0625;15.0625;329;202;0;
377;2025.05.16 11:30;4;13.875;14.1875;15.25;329;202;0;
378;2025.05.16 11:45;4;14.0625;14.375;15.5;330;202;0;
379;2025.05.16 12:00;4;14.25;14.5;15.625;331;202;0;
380;2025.05.16 12:15;4;14.375;14.75;15.875;332;202;0;
381;2025.05.16 12:30;4;14.625;14.875;16;332;202;0;
382;2025.05.16 12:45;4;14.75;15.0625;16.1875;333;202;0;
383;2025.05.16 13:00;4;14.9375;15.25;16.375;334;202;0;
384;2025.05.16 13:15;4;15.125;15.375;16.5625;335;202;0;
385;2025.05.16 13:30;4;15.3125;15.625;16.875;335;202;0;
386;2025.05.16 13:45;4;15.5;15.75;17.25;336;202;0;
387;2025.05.16 14:00;4;15.75;16;17.5;337;202;0;
388;2025.05.16 14:15;4;16;16.25;17.75;338;202;0;
389;2025.05.16 14:30;4;16.25;16.5;18;339;202;0;
390;2025.05.16 14:45;4;16.5625;16.6875;18.25;340;202;0;
391;2025.05.16 15:00;4;16.8125;16.9375;18.4375;341;202;0;
392;2025.05.16 15:15;4;17.125;17.1875;18.625;343;202;0;
393;2025.05.16 15:30;4;17.375;17.4375;18.875;344;202;0;
394;2025.05.16 15:45;4;17.5625;17.6875;19;345;202;0;
395;2025.05.16 16:00;4;17.8125;17.875;19.1875;346;202;0;
396;2025.05.16 16:15;4;18;18.125;19.375;347;202;0;
397;2025.05.16 16:30;4;18.25;18.375;19.5;348;202;0;
398;2025.05.16 16:45;4;18.5;18.5625;19.625;349;202;0;
399;2025.05.16 17:00;4;18.625;18.75;19.8125;350;202;0;
400;2025.05.16 17:15;4;19;19;19.875;356;202;0;
401;2025.05.16 17:30;4;19.3125;19.25;20.125;356;202;0;
402;2025.05.16 17:45;4;19.5;19.5;20.25;358;202;0;
403;2025.05.16 18:00;4;19.6875;19.6875;20.5;360;202;0;
404;2025.05.16 18:15;4;19.875;19.875;20.4375;360;202;0;
405;2025.05.16 18:30;4;20;20.0625;20.375;361;202;0;
406;2025.05.16 18:45;4;20.125;20.1875;20.375;362;202;0;
407;2025.05.16 19:00;4;20.25;20.3125;20.375;362;202;0;
408;2025.05.16 19:15;4;20.375;20.375;20.4375;362;202;0;
409;2025.05.16 19:30;4;20.375;20.5;20.5;363;202;0;
410;2025.05.16 19:45;4;20.5;20.625;20.5;363;202;0;
411;2025.05.16 20:00;4;20.5625;20.625;20.5;364;202;0;
412;2025.05.16 20:15;4;20.625;20.75;20.5;364;202;0;
413;2025.05.16 20:30;4;20.6875;20.75;20.5625;364;202;0;
414;2025.05.16 20:45;4;20.75;20.8125;20.5625;364;202;0;
415;2025.05.16 21:00;4;20.75;20.875;20.625;364;202;0;
416;2025.05.16 21:15;4;20.8125;20.875;20.625;364;202;0;
417;2025.05.16 21:30;4;20.8125;20.875;20.625;364;202;0;
418;2025.05.16 21:45;4;20.875;20.9375;20.625;365;202;0;
419;2025.05.16 22:00;4;20.875;21;20.625;365;202;0;
420;2025.05.16 22:15;4;20.875;21;20.625;365;202;0;
421;2025.05.16 22:30;4;20.875;21;20.625;365;202;0;
422;2025.05.16 22:45;4;20.875;21;20.625;364;202;0;
423;2025.05.16 23:00;4;20.8125;21;20.625;364;202;0;
424;2025.05.16 23:15;4;20.8125;21;20.625;364;202;0;
425;2025.05.16 23:30;4;20.8125;21;20.625;364;202;0;
426;2025.05.16 23:45;4;20.75;21;20.625;364;202;0;
427;2025.05.17 00:00;4;20.75;21;20.625;364;202;0;
428;2025.05.17 00:15;4;20.75;21;20.625;364;202;0;
429;2025.05.17 00:30;4;20.75;20.9375;20.625;364;202;0;
430;2025.05.17 00:45;4;20.75;20.9375;20.625;364;202;0;
431;2025.05.17 01:00;4;20.6875;20.9375;20.625;364;202;0;
432;2025.05.17 01:15;4;20.625;20.875;20.625;364;202;0;
433;2025.05.17 01:30;4;20.625;20.875;20.5625;363;202;0;
434;2025.05.17 01:45;4;20.5625;20.875;20.5;363;202;0;
435;2025.05.17 02:00;4;20.5;20.8125;20.5;363;202;0;
436;2025.05.17 02:15;4;20.375;20.75;20.4375;363;202;0;
437;2025.05.17 02:30;4;20.375;20.6875;20.375;362;202;0;
438;2025.05.17 02:45;4;20.25;20.625;20.3125;362;202;0;
439;2025.05.17 03:00;4;20.125;20.5;20.25;361;202;0;
440;2025.05.17 03:15;4;20;20.5;20.125;361;202;0;
441;2025.05.17 03:30;4;19.875;20.375;20.125;360;202;0;
442;2025.05.17 03:45;4;19.75;20.25;20;360;202;0;
443;2025.05.17 04:00;4;19.625;20.125;19.9375;359;202;0;
444;2025.05.17 04:15;4;19.5;20.0625;19.875;359;202;0;
445;2025.05.17 04:30;4;19.375;20;19.75;358;202;0;
446;2025.05.17 04:45;4;19.25;19.875;19.625;358;202;0;
447;2025.05.17 05:00;4;19.125;19.75;19.5625;357;202;0;
448;2025.05.17 05:15;4;19;19.625;19.5;357;202;0;
449;2025.05.17 05:30;4;18.875;19.5;19.375;356;202;0;
450;2025.05.17 05:45;4;18.75;19.375;19.25;356;202;0;
451;2025.05.17 06:00;4;18.625;19.25;19.1875;355;202;0;
452;2025.05.17 06:15;4;18.5;19.125;19.125;355;202;0;
453;2025.05.17 06:30;4;18.4375;19.0625;19;354;202;0;
454;2025.05.17 06:45;4;18.3125;19;18.9375;354;202;0;
455;2025.05.17 07:00;4;18.25;18.875;18.875;353;202;0;
456;2025.05.17 07:15;4;18.125;18.75;18.8125;353;202;0;
457;2025.05.17 07:30;4;18.125;18.75;18.75;353;202;0;
458;2025.05.17 07:45;4;18;18.625;18.75;353;202;0;
459;2025.05.17 08:00;4;18;18.625;18.6875;352;202;0;
460;2025.05.17 08:15;4;18;18.5625;18.6875;352;202;0;
461;2025.05.17 08:30;4;18;18.5;18.625;352;202;0;
462;2025.05.17 08:45;4;17.9375;18.5;18.625;352;202;0;
463;2025.05.17 09:00;4;18;18.5;18.625;352;202;0;
464;2025.05.17 09:15;4;17.9375;18.5;18.625;352;202;0;
465;2025.05.17 09:30;4;17.9375;18.5;18.625;352;202;0;
466;2025.05.17 09:45;4;17.9375;18.5;18.625;352;202;0;
467;2025.05.17 10:00;4;18;18.5;18.625;352;202;0;
468;2025.05.17 10:15;4;18;18.5;18.625;352;202;0;
469;2025.05.17 10:30;4;18;18.5;18.625;352;202;0;
470;2025.05.17 10:45;4;18.0625;18.5;18.625;352;202;0;
471;2025.05.17 11:00;4;18.125;18.5;18.6875;352;202;0;
472;2025.05.17 11:15;4;18.125;18.5625;18.75;353;202;0;
473;2025.05.17 11:30;4;18.25;18.625;18.75;353;202;0;
474;2025.05.17 11:45;4;18.25;18.6875;18.875;353;202;0;
475;2025.05.17 12:00;4;18.375;18.75;18.9375;354;202;0;
476;2025.05.17 12:15;4;18.4375;18.8125;19;354;202;0;
477;2025.05.17 12:30;4;18.5;18.875;19.0625;354;202;0;
478;2025.05.17 12:45;4;18.625;19;19.125;355;202;0;
479;2025.05.17 13:00;4;18.6875;19;19.125;355;202;0;
480;2025.05.17 13:15;4;18.75;19.125;19.25;355;202;0;
481;2025.05.17 13:30;4;18.875;19.1875;19.25;356;202;0;
482;2025.05.17 13:45;4;18.9375;19.25;19.375;356;202;0;
483;2025.05.17 14:00;4;19;19.375;19.375;356;202;0;
484;2025.05.17 14:15;4;19.125;19.375;19.5;357;202;0;
485;2025.05.17 14:30;4;19.1875;19.5;19.5625;357;202;0;
486;2025.05.17 14:45;4;19.25;19.5625;19.625;357;202;0;
487;2025.05.17 15:00;4;19.375;19.625;19.6875;358;202;0;
488;2025.05.17 15:15;4;19.4375;19.75;19.75;358;202;0;
489;2025.05.17 15:30;4;19.5;19.8125;19.75;358;202;0;
490;2025.05.17 15:45;4;19.625;19.875;19.875;359;202;0;
491;2025.05.17 16:00;4;19.625;19.9375;19.875;359;202;0;
492;2025.05.17 16:15;4;19.75;20;19.9375;359;202;0;
493;2025.05.17 16:30;4;19.75;20.0625;20;360;202;0;
494;2025.05.17 16:45;4;19.875;20.125;20;359;202;0;
495;2025.05.17 17:00;4;19.875;20.125;20.0625;360;202;0;
496;2025.05.17 17:15;4;19.9375;20.25;20.125;360;202;0;
497;2025.05.17 17:30;4;20;20.25;20.125;360;202;0;
498;2025.05.17 17:45;4;20;20.3125;20.1875;360;202;0;
499;2025.05.17 18:00;4;20.125;20.375;20.25;360;202;0;
500;2025.05.17 18:15;4;20.125;20.375;20.25;360;202;0;
501;2025.05.17 18:30;4;20.125;20.4375;20.25;361;202;0;
502;2025.05.17 18:45;4;20.1875;20.5;20.3125;361;202;0;
503;2025.05.17 19:00;4;20.25;20.5;20.375;361;202;0;
504;2025.05.17 19:15;4;20.25;20.5;20.375;361;202;0;
505;2025.05.17 19:30;4;20.25;20.5625;20.375;361;202;0;
506;2025.05.17 19:45;4;20.3125;20.625;20.4375;361;202;0;
507;2025.05.17 20:00;4;20.375;20.625;20.5;361;202;0;
508;2025.05.17 20:15;4;20.375;20.625;20.5;362;202;0;
509;2025.05.17 20:30;4;20.375;20.625;20.5;362;202;0;
510;2025.05.17 20:45;4;20.375;20.6875;20.5;362;202;0;
511;2025.05.17 21:00;4;20.375;20.6875;20.5;362;202;0;
512;2025.05.17 21:15;4;20.375;20.6875;20.5;362;202;0;
513;2025.05.17 21:30;4;20.375;20.6875;20.5;362;202;0;
514;2025.05.17 21:45;4;20.375;20.6875;20.5;362;202;0;
515;2025.05.17 22:00;4;20.375;20.6875;20.5;362;202;0;
516;2025.05.17 22:15;4;20.375;20.6875;20.5;362;202;0;
517;2025.05.17 22:30;4;20.375;20.6875;20.5;362;202;0;
518;2025.05.17 22:45;4;20.3125;20.6875;20.5;362;202;0;
519;2025.05.17 23:00;4;20.25;20.625;20.5;361;202;0;
520;2025.05.17 23:15;4;20.25;20.625;20.5;361;202;0;
521;2025.05.17 23:30;4;20.1875;20.625;20.5;361;202;0;
522;2025.05.17 23:45;4;20.125;20.625;20.4375;361;202;0;
523;2025.05.18 00:00;4;20;20.5;20.375;360;202;0;
524;2025.05.18 00:15;4;19.9375;20.5;20.375;360;202;0;
525;2025.05.18 00:30;4;19.875;20.4375;20.3125;360;202;0;
526;2025.05.18 00:45;4;19.75;20.375;20.25;359;202;0;
527;2025.05.18 01:00;4;19.625;20.25;20.1875;359;202;0;
528;2025.05.18 01:15;4;19.5;20.25;20.125;358;202;0;
529;2025.05.18 01:30;4;19.375;20.125;20.0625;358;202;0;
530;2025.05.18 01:45;4;19.25;20;20;358;202;0;
531;2025.05.18 02:00;4;19.1875;19.9375;19.9375;357;202;0;
532;2025.05.18 02:15;4;19.0625;19.875;19.875;357;202;0;
533;2025.05.18 02:30;4;18.9375;19.75;19.75;356;202;0;
534;2025.05.18 02:45;4;18.8125;19.625;19.6875;356;202;0;
535;2025.05.18 03:00;4;18.6875;19.5;19.625;355;202;0;
536;2025.05.18 03:15;4;18.5625;19.4375;19.5;355;202;0;
537;2025.05.18 03:30;4;18.4375;19.3125;19.4375;354;202;0;
538;2025.05.18 03:45;4;18.3125;19.25;19.375;354;202;0;
539;2025.05.18 04:00;4;18.1875;19.125;19.25;353;202;0;
540;2025.05.18 04:15;4;18.0625;19;19.125;352;202;0;
541;2025.05.18 04:30;4;17.875;18.875;19.0625;352;202;0;
542;2025.05.18 04:45;4;17.75;18.75;19;351;202;0;
543;2025.05.18 05:00;4;17.625;18.625;18.875;351;202;0;
544;2025.05.18 05:15;4;17.5;18.5;18.75;350;202;0;
545;2025.05.18 05:30;4;17.375;18.375;18.6875;350;202;0;
546;2025.05.18 05:45;4;17.3125;18.3125;18.625;349;202;0;
547;2025.05.18 06:00;4;17.25;18.25;18.5625;349;202;0;
548;2025.05.18 06:15;4;17.125;18.125;18.5;348;202;0;
549;2025.05.18 06:30;4;17;18;18.375;348;202;0;
550;2025.05.18 06:45;4;16.9375;17.9375;18.375;348;202;0;
551;2025.05.18 07:00;4;16.875;17.875;18.25;348;202;0;
552;2025.05.18 07:15;4;16.875;17.75;18.25;348;202;0;
553;2025.05.18 07:30;4;16.8125;17.75;18.1875;347;202;0;
554;2025.05.18 07:45;4;16.8125;17.6875;18.125;347;202;0;
555;2025.05.18 08:00;4;16.875;17.6875;18.125;348;202;0;
556;2025.05.18 08:15;4;16.875;17.625;18.125;348;202;0;
557;2025.05.18 08:30;4;16.9375;17.6875;18.125;348;202;0;
558;2025.05.18 08:45;4;17;17.6875;18.125;348;202;0;
559;2025.05.18 09:00;4;17.125;17.75;18.125;348;202;0;
560;2025.05.18 09:15;4;17.125;17.75;18.1875;349;202;0;
561;2025.05.18 09:30;4;17.25;17.8125;18.1875;349;202;0;
562;2025.05.18 09:45;4;17.3125;17.875;18.1875;349;202;0;
563;2025.05.18 10:00;4;17.375;17.875;18.25;349;202;0;
564;2025.05.18 10:15;4;17.5;17.9375;18.25;350;202;0;
565;2025.05.18 10:30;4;17.5;18;18.25;350;202;0;
566;2025.05.18 10:45;4;17.625;18;18.25;350;202;0;
567;2025.05.18 11:00;4;17.6875;18.125;18.3125;350;202;0;
568;2025.05.18 11:15;4;17.75;18.125;18.375;351;202;0;
569;2025.05.18 11:30;4;17.8125;18.1875;18.375;351;202;0;
570;2025.05.18 11:45;4;17.875;18.25;18.375;351;202;0;
571;2025.05.18 12:00;4;17.9375;18.25;18.4375;352;202;0;
572;2025.05.18 12:15;4;18;18.375;18.4375;352;202;0;
573;2025.05.18 12:30;4;18.0625;18.375;18.5;352;202;0;
574;2025.05.18 12:45;4;18.125;18.4375;18.5;352;202;0;
575;2025.05.18 13:00;4;18.1875;18.5;18.5625;353;202;0;
576;2025.05.18 13:15;4;18.25;18.5625;18.625;353;202;0;
577;2025.05.18 13:30;4;18.375;18.625;18.625;353;202;0;
578;2025.05.18 13:45;4;18.5625;18.75;19.625;350;202;0;
579;2025.05.18 14:00;4;18.8125;19;20.3125;351;202;0;
580;2025.05.18 14:15;4;19.0625;19.3125;20.6875;352;202;0;
581;2025.05.18 14:30;4;19.25;19.5625;20.8125;353;202;0;
582;2025.05.18 14:45;4;19.4375;19.75;20.875;355;202;0;
583;2025.05.18 15:00;4;19.625;20;20.875;356;202;0;
584;2025.05.18 15:15;4;19.75;20.125;20.9375;358;202;0;
585;2025.05.18 15:30;4;19.875;20.25;20.9375;358;202;0;
586;2025.05.18 15:45;4;20;20.375;20.875;358;202;0;
587;2025.05.18 16:00;4;20.125;20.5;20.875;359;202;0;
588;2025.05.18 16:15;4;20.1875;20.5;20.875;359;202;0;
589;2025.05.18 16:30;4;20.25;20.625;20.875;360;202;0;
590;2025.05.18 16:45;4;20.375;20.625;20.875;360;202;0;
591;2025.05.18 17:00;4;20.375;20.75;20.875;360;202;0;
592;2025.05.18 17:15;4;20.5;20.75;21;360;202;0;
593;2025.05.18 17:30;4;20.5625;20.875;21;361;202;0;
594;2025.05.18 17:45;4;20.625;20.875;21.125;361;202;0;
595;2025.05.18 18:00;4;20.8125;21;21.375;361;202;0;
596;2025.05.18 18:15;4;21;21.1875;21.625;361;202;0;
597;2025.05.18 18:30;4;21.125;21.375;21.875;362;202;0;
598;2025.05.18 18:45;4;21.375;21.5625;22.125;363;202;0;
599;2025.05.18 19:00;4;22.375;22.125;23.75;366;202;0;
600;2025.05.18 19:15;4;23;23;24.3125;366;202;0;
601;2025.05.18 19:30;4;23.25;23.3125;24;370;202;0;
602;2025.05.18 19:45;4;23.375;23.5;23.9375;372;202;0;
603;2025.05.18 20:00;4;23.5;23.625;23.9375;372;202;0;
604;2025.05.18 20:15;4;23.625;23.75;23.9375;373;202;0;
605;2025.05.18 20:30;4;23.6875;23.875;23.9375;373;202;0;
606;2025.05.18 20:45;4;23.75;24;23.9375;374;202;0;
607;2025.05.18 21:00;4;23.8125;24;24;374;202;0;
608;2025.05.18 21:15;4;23.875;24.0625;24;374;202;0;
609;2025.05.18 21:30;4;23.875;24.125;24;375;202;0;
610;2025.05.18 21:45;4;24;24.125;24;375;202;0;
611;2025.05.18 22:00;4;24;24.1875;24;375;202;0;
612;2025.05.18 22:15;4;24;24.25;24;375;202;0;
613;2025.05.18 22:30;4;24.0625;24.25;24;375;202;0;
614;2025.05.18 22:45;4;24.125;24.25;24.125;375;202;0;
615;2025.05.18 23:00;4;24.1875;24.375;24.1875;376;202;0;
616;2025.05.18 23:15;4;24.3125;24.4375;24.3125;376;202;0;
617;2025.05.18 23:30;4;24.375;24.5625;24.4375;377;202;0;
618;2025.05.18 23:45;4;24.5;24.625;24.5625;377;202;0;
619;2025.05.19 00:00;4;24.625;24.75;24.75;378;202;0;
620;2025.05.19 00:15;4;24.75;24.875;24.8125;376;202;0;
621;2025.05.19 00:30;4;24.875;25;24.9375;377;202;0;
622;2025.05.19 00:45;4;25;25.125;25;377;202;0;
623;2025.05.19 01:00;4;25.0625;25.1875;25.125;377;202;0;
624;2025.05.19 01:15;4;25.125;25.25;25.1875;378;202;0;
625;2025.05.19 01:30;4;25.25;25.375;25.25;378;202;0;
626;2025.05.19 01:45;4;25.3125;25.4375;25.375;378;202;0;
627;2025.05.19 02:00;4;25.375;25.5;25.4375;379;202;0;
628;2025.05.19 02:15;4;25.5;25.625;25.5;379;202;0;
629;2025.05.19 02:30;4;25.5;25.6875;25.625;379;202;0;
630;2025.05.19 02:45;4;25.625;25.75;25.625;379;202;0;
631;2025.05.19 03:00;4;25.625;25.8125;25.75;380;202;0;
632;2025.05.19 03:15;4;25.75;25.875;25.75;380;202;0;
633;2025.05.19 03:30;4;25.75;25.9375;25.75;380;202;0;
634;2025.05.19 03:45;4;25.75;26;25.875;380;202;0;
635;2025.05.19 04:00;4;25.875;26;25.875;380;202;0;
636;2025.05.19 04:15;4;25.875;26;25.875;380;202;0;
637;2025.05.19 04:30;4;25.875;26.0625;25.875;380;202;0;
638;2025.05.19 04:45;4;25.875;26.0625;25.875;380;202;0;
639;2025.05.19 05:00;4;25.875;26;25.875;380;202;0;
640;2025.05.19 05:15;4;25.75;26;25.75;380;202;0;
641;2025.05.19 05:30;4;25.6875;25.875;25.5625;381;202;0;
642;2025.05.19 05:45;4;25.625;25.8125;25.4375;381;202;0;
643;2025.05.19 06:00;4;25.625;25.75;25.375;381;202;0;
644;2025.05.19 06:15;4;25.5625;25.75;25.25;380;202;0;
645;2025.05.19 06:30;4;25.5;25.625;25.25;380;202;0;
646;2025.05.19 06:45;4;25.5;25.625;25.125;380;202;0;
647;2025.05.19 07:00;4;25.375;25.5;25;379;202;0;
648;2025.05.19 07:15;4;25.375;25.5;24.9375;379;202;0;
649;2025.05.19 07:30;4;25.3125;25.375;24.875;379;202;0;
650;2025.05.19 07:45;4;25.25;25.3125;24.75;378;202;0;
651;2025.05.19 08:00;4;25.1875;25.25;24.5625;378;202;0;
652;2025.05.19 08:15;4;25.125;25.125;24.4375;377;202;0;
653;2025.05.19 08:30;4;25.0625;25.125;24.4375;375;202;0;
654;2025.05.19 08:45;4;25;25.0625;24.375;374;202;0;
655;2025.05.19 09:00;4;25;25;24.3125;374;202;0;
656;2025.05.19 09:15;4;24.875;24.9375;24.25;374;202;0;
657;2025.05.19 09:30;4;24.875;24.875;24.25;373;202;0;
658;2025.05.19 09:45;4;24.75;24.8125;24.1875;373;202;0;
659;2025.05.19 10:00;4;24.75;24.75;24.125;373;202;0;
660;2025.05.19 10:15;4;24.625;24.6875;24;374;202;0;
661;2025.05.19 10:30;4;24.625;24.625;24;374;202;0;
662;2025.05.19 10:45;4;24.5;24.625;23.9375;373;202;0;
663;2025.05.19 11:00;4;24.5;24.5;23.875;373;202;0;
664;2025.05.19 11:15;4;24.375;24.5;23.8125;373;202;0;
665;2025.05.19 11:30;4;24.375;24.375;23.75;373;202;0;
666;2025.05.19 11:45;4;24.3125;24.375;23.6875;373;202;0;
667;2025.05.19 12:00;4;24.25;24.3125;23.625;372;202;0;
668;2025.05.19 12:15;4;24.25;24.25;23.5625;372;202;0;
669;2025.05.19 12:30;4;24.125;24.1875;23.5;372;202;0;
670;2025.05.19 12:45;4;24.125;24.125;23.375;372;202;0;
671;2025.05.19 13:00;4;24.0625;24.125;23.375;371;202;0;
672;2025.05.19 13:15;4;24;24;23.25;371;202;0;
673;2025.05.19 13:30;4;23.9375;24;23.25;371;202;0;
674;2025.05.19 13:45;4;23.875;23.875;23.125;370;202;0;
675;2025.05.19 14:00;4;23.875;23.875;23.0625;370;202;0;
676;2025.05.19 14:15;4;23.75;23.75;23;370;202;0;
677;2025.05.19 14:30;4;23.75;23.75;22.875;370;202;0;
678;2025.05.19 14:45;4;23.6875;23.625;22.875;370;202;0;
679;2025.05.19 15:00;4;23.625;23.625;22.75;369;202;0;
680;2025.05.19 15:15;4;23.5625;23.5;22.75;369;202;0;
681;2025.05.19 15:30;4;23.5;23.5;22.625;369;202;0;
682;2025.05.19 15:45;4;23.5;23.4375;22.625;368;202;0;
683;2025.05.19 16:00;4;23.4375;23.375;22.625;368;202;0;
684;2025.05.19 16:15;4;23.375;23.375;22.625;367;202;0;
685;2025.05.19 16:30;4;23.375;23.3125;22.5625;367;202;0;
686;2025.05.19 16:45;4;23.375;23.3125;22.625;367;202;0;
687;2025.05.19 17:00;4;23.4375;23.375;22.6875;369;202;0;
688;2025.05.19 17:15;4;23.5;23.4375;22.875;369;202;0;
689;2025.05.19 17:30;4;23.625;23.5;23;370;202;0;
690;2025.05.19 17:45;4;23.75;23.625;23.125;370;202;0;
691;2025.05.19 18:00;4;23.8125;23.75;23.25;370;202;0;
692;2025.05.19 18:15;4;23.875;23.8125;23.375;371;202;0;
693;2025.05.19 18:30;4;24;23.875;23.5;371;202;0;
694;2025.05.19 18:45;4;24.125;24;23.625;372;202;0;
695;2025.05.19 19:00;4;24.125;24.125;23.75;372;202;0;
696;2025.05.19 19:15;4;24.25;24.1875;23.875;372;202;0;
697;2025.05.19 19:30;4;24.3125;24.25;23.9375;372;202;0;
698;2025.05.19 19:45;4;24.375;24.375;24;373;202;0;
699;2025.05.19 20:00;4;24.375;24.375;24.0625;373;202;0;
700;2025.05.19 20:15;4;24.5;24.5;24.125;373;202;0;
701;2025.05.19 20:30;4;24.5;24.5;24.125;373;202;0;
702;2025.05.19 20:45;4;24.5;24.5625;24.25;373;202;0;
703;2025.05.19 21:00;4;24.5625;24.625;24.25;374;202;0;
704;2025.05.19 21:15;4;24.625;24.625;24.25;374;202;0;
705;2025.05.19 21:30;4;24.625;24.625;24.3125;374;202;0;
706;2025.05.19 21:45;4;24.625;24.6875;24.375;374;202;0;
707;2025.05.19 22:00;4;24.625;24.6875;24.375;374;202;0;
708;2025.05.19 22:15;4;24.625;24.75;24.375;374;202;0;
709;2025.05.19 22:30;4;24.625;24.75;24.375;374;202;0;
710;2025.05.19 22:45;4;24.5625;24.6875;24.375;374;202;0;
711;2025.05.19 23:00;4;24.5;24.6875;24.375;373;202;0;
712;2025.05.19 23:15;4;24.5;24.625;24.3125;373;202;0;
713;2025.05.19 23:30;4;24.5;24.625;24.25;373;202;0;
714;2025.05.19 23:45;4;24.4375;24.625;24.25;373;202;0;
715;2025.05.20 00:00;4;24.375;24.5;24.125;373;202;0;
716;2025.05.20 00:15;4;24.375;24.5;24.125;372;202;0;
717;2025.05.20 00:30;4;24.25;24.4375;24.0625;372;202;0;
718;2025.05.20 00:45;4;24.25;24.375;24;372;202;0;
719;2025.05.20 01:00;4;24.125;24.3125;23.9375;372;202;0;
720;2025.05.20 01:15;4;24.125;24.25;23.875;372;202;0;
721;2025.05.20 01:30;4;24;24.1875;23.75;372;202;0;
722;2025.05.20 01:45;4;24;24.125;23.75;371;202;0;
723;2025.05.20 02:00;4;23.875;24.125;23.625;371;202;0;
724;2025.05.20 02:15;4;23.875;24;23.625;371;202;0;
725;2025.05.20 02:30;4;23.75;23.9375;23.5;370;202;0;
726;2025.05.20 02:45;4;23.6875;23.875;23.5;370;202;0;
727;2025.05.20 03:00;4;23.625;23.8125;23.375;370;202;0;
728;2025.05.20 03:15;4;23.5;23.75;23.375;370;202;0;
729;2025.05.20 03:30;4;23.5;23.625;23.25;369;202;0;
730;2025.05.20 03:45;4;23.375;23.625;23.1875;369;202;0;
731;2025.05.20 04:00;4;23.25;23.5;23;358;202;0;
732;2025.05.20 04:15;4;22.875;23.25;22.5;359;202;0;
733;2025.05.20 04:30;4;22.625;23.0625;22.375;358;202;0;
734;2025.05.20 04:45;4;22.375;22.875;22.3125;357;202;0;
735;2025.05.20 05:00;4;22.1875;22.75;22.125;356;202;0;
736;2025.05.20 05:15;4;22;22.5;21.9375;355;202;0;
737;2025.05.20 05:30;4;21.75;22.375;21.75;354;202;0;
738;2025.05.20 05:45;4;21.625;22.125;21.625;354;202;0;
739;2025.05.20 06:00;4;21.4375;22;21.4375;353;202;0;
740;2025.05.20 06:15;4;21.25;21.8125;21.25;352;202;0;
741;2025.05.20 06:30;4;21.125;21.625;21.125;352;202;0;
742;2025.05.20 06:45;4;21;21.5;21;351;202;0;
743;2025.05.20 07:00;4;20.875;21.375;20.875;351;202;0;
744;2025.05.20 07:15;4;20.75;21.25;20.75;350;202;0;
745;2025.05.20 07:30;4;20.625;21.125;20.625;350;202;0;
746;2025.05.20 07:45;4;20.5;21;20.5;349;202;0;
747;2025.05.20 08:00;4;20.375;20.875;20.375;348;202;0;
748;2025.05.20 08:15;4;20.25;20.75;20.25;348;202;0;
749;2025.05.20 08:30;4;20.125;20.625;20.125;348;202;0;
750;2025.05.20 08:45;4;20;20.5;20;347;202;0;
751;2025.05.20 09:00;4;19.9375;20.375;19.9375;347;202;0;
752;2025.05.20 09:15;4;19.875;20.25;19.875;346;202;0;
753;2025.05.20 09:30;4;19.75;20.1875;19.75;346;202;0;
754;2025.05.20 09:45;4;19.6875;20.125;19.6875;346;202;0;
755;2025.05.20 10:00;4;19.625;20;19.625;345;202;0;
756;2025.05.20 10:15;4;19.625;20;19.625;345;202;0;
757;2025.05.20 10:30;4;19.625;20;19.75;346;202;0;
758;2025.05.20 10:45;4;20;20.125;20.25;347;202;0;
759;2025.05.20 11:00;4;20.75;20.5;21.1875;350;202;0;
760;2025.05.20 11:15;4;22;21.3125;22.625;355;202;0;
761;2025.05.20 11:30;4;23.75;22.5;24.5;363;202;0;
762;2025.05.20 11:45;4;25.75;24;26.5;371;202;0;
763;2025.05.20 12:00;4;28;25.8125;28.6875;381;202;0;
764;2025.05.20 12:15;4;30.25;27.75;30.875;391;202;0;
765;2025.05.20 12:30;4;32.6875;29.875;33.125;401;202;0;
766;2025.05.20 12:45;4;34.875;31.9375;35.375;411;202;0;
767;2025.05.20 13:00;4;37;33.9375;37.5;420;202;0;
768;2025.05.20 13:15;4;39;35.875;39.625;428;202;0;
769;2025.05.20 13:30;4;41.0625;37.5625;41.6875;437;202;0;
770;2025.05.20 13:45;4;43.125;39.5;43.625;446;202;0;
771;2025.05.20 14:00;4;45.125;41.625;45.5;455;202;0;
772;2025.05.20 14:15;4;46.9375;43.625;47.25;463;202;0;
773;2025.05.20 14:30;4;48.75;45.5625;48.875;471;202;0;
774;2025.05.20 14:45;4;50.375;47.375;50.375;478;202;0;
775;2025.05.20 15:00;4;52;49.125;51.9375;484;202;0;
776;2025.05.20 15:15;4;53.625;50.75;53.375;491;202;0;
777;2025.05.20 15:30;4;55.0625;52.375;54.75;497;202;0;
778;2025.05.20 15:45;4;56.375;53.8125;55.875;502;202;0;
779;2025.05.20 16:00;4;57.4375;55.125;56.875;506;202;0;
780;2025.05.20 16:15;4;58.5;56.375;57.875;510;202;0;
781;2025.05.20 16:30;4;59.375;57.4375;58.75;514;202;0;
782;2025.05.20 16:45;4;60.125;58.375;59.5;516;202;0;
783;2025.05.20 17:00;4;60.75;59.25;60.0625;518;202;0;
784;2025.05.20 17:15;4;61.3125;60;60.625;520;202;0;
785;2025.05.20 17:30;4;61.6875;60.625;61;521;202;0;
786;2025.05.20 17:45;4;61.875;61.125;61.1875;522;202;0;
787;2025.05.20 18:00;4;61.875;61.375;61.1875;521;202;0;
788;2025.05.20 18:15;4;61.375;61.4375;60.875;518;202;0;
789;2025.05.20 18:30;4;60.25;61.125;59.8125;513;202;0;
790;2025.05.20 18:45;4;58.75;60.375;58;507;202;0;
791;2025.05.20 19:00;4;57;59.1875;56.125;500;202;0;
792;2025.05.20 19:15;4;55.25;57.875;54.25;492;202;0;
793;2025.05.20 19:30;4;53.5625;56.375;52.625;485;202;0;
794;2025.05.20 19:45;4;52;55;51.125;479;202;0;
795;2025.05.20 20:00;4;50.5;53.5;49.75;472;202;0;
796;2025.05.20 20:15;4;49.0625;52.125;48.375;465;202;0;
797;2025.05.20 20:30;4;47.625;50.75;47;459;202;0;
798;2025.05.20 20:45;4;46.3125;49.375;45.75;453;202;0;
799;2025.05.20 21:00;4;45;48.0625;44.5;447;202;0;
800;2025.05.20 21:15;4;43.75;46.75;43.375;442;202;0;
801;2025.05.20 21:30;4;42.625;45.5;42.25;437;202;0;
802;2025.05.20 21:45;4;41.5;44.375;41.1875;432;202;0;
803;2025.05.20 22:00;4;40.5;43.25;40.25;427;202;0;
804;2025.05.20 22:15;4;39.5;42.125;39.375;423;202;0;
805;2025.05.20 22:30;4;38.625;41.125;38.5;419;202;0;
806;2025.05.20 22:45;4;37.75;40.125;37.6875;415;202;0;
807;2025.05.20 23:00;4;36.9375;39.25;36.9375;412;202;0;
808;2025.05.20 23:15;4;36.1875;38.375;36.25;408;202;0;
809;2025.05.20 23:30;4;35.5;37.625;35.5625;405;202;0;
810;2025.05.20 23:45;4;34.8125;36.875;34.875;402;202;0;
811;2025.05.21 00:00;4;34.125;36.125;34.3125;399;202;0;
812;2025.05.21 00:15;4;33.5625;35.4375;33.75;397;202;0;
813;2025.05.21 00:30;4;33;34.75;33.125;394;202;0;
814;2025.05.21 00:45;4;32.375;34.125;32.5625;392;202;0;
815;2025.05.21 01:00;4;31.875;33.5625;32;390;202;0;
816;2025.05.21 01:15;4;31.375;33;31.5625;387;202;0;
817;2025.05.21 01:30;4;31;32.5;31.125;386;202;0;
818;2025.05.21 01:45;4;30.5;32;30.6875;384;202;0;
819;2025.05.21 02:00;4;30.125;31.5;30.25;382;202;0;
820;2025.05.21 02:15;4;29.75;31.125;29.875;380;202;0;
821;2025.05.21 02:30;4;29.375;30.625;29.5;379;202;0;
822;2025.05.21 02:45;4;29;30.25;29.1875;378;202;0;
823;2025.05.21 03:00;4;28.6875;29.875;28.875;376;202;0;
824;2025.05.21 03:15;4;28.375;29.5;28.625;375;202;0;
825;2025.05.21 03:30;4;28.0625;29.1875;28.25;374;202;0;
826;2025.05.21 03:45;4;27.75;28.875;28;373;202;0;
827;2025.05.21 04:00;4;27.5;28.5;27.75;371;202;0;
828;2025.05.21 04:15;4;27.1875;28.25;27.5;370;202;0;
829;2025.05.21 04:30;4;26.9375;28;27.25;369;202;0;
830;2025.05.21 04:45;4;26.6875;27.6875;27;368;202;0;
831;2025.05.21 05:00;4;26.4375;27.375;26.75;367;202;0;
832;2025.05.21 05:15;4;26.25;27.125;26.5;366;202;0;
833;2025.05.21 05:30;4;26;26.875;26.25;365;202;0;
834;2025.05.21 05:45;4;25.75;26.625;26;364;202;0;
835;2025.05.21 06:00;4;25.5;26.4375;25.8125;363;202;0;
836;2025.05.21 06:15;4;25.25;26.1875;25.5625;363;202;0;
837;2025.05.21 06:30;4;25.125;26;25.375;362;202;0;
838;2025.05.21 06:45;4;24.875;25.75;25.125;361;202;0;
839;2025.05.21 07:00;4;24.6875;25.5;25;360;202;0;
840;2025.05.21 07:15;4;24.5;25.3125;24.75;359;202;0;
841;2025.05.21 07:30;4;24.25;25.125;24.5625;358;202;0;
842;2025.05.21 07:45;4;24.125;24.9375;24.375;358;202;0;
843;2025.05.21 08:00;4;23.9375;24.75;24.25;357;202;0;
844;2025.05.21 08:15;4;23.75;24.5625;24.0625;356;202;0;
845;2025.05.21 08:30;4;23.625;24.375;23.875;355;202;0;
846;2025.05.21 08:45;4;23.5;24.1875;23.75;354;202;0;
847;2025.05.21 09:00;4;23.25;24;23.5625;354;202;0;
848;2025.05.21 09:15;4;23.125;23.875;23.375;353;202;0;
849;2025.05.21 09:30;4;23;23.75;23.25;352;202;0;
850;2025.05.21 09:45;4;22.875;23.5625;23.125;352;202;0;
851;2025.05.21 10:00;4;22.75;23.375;23;351;202;0;
852;2025.05.21 10:15;4;22.625;23.25;22.875;351;202;0;
853;2025.05.21 10:30;4;22.6875;23.25;23;351;202;0;
854;2025.05.21 10:45;4;23.125;23.375;23.625;353;202;0;
855;2025.05.21 11:00;4;24.125;23.875;24.75;357;202;0;
856;2025.05.21 11:15;4;25.375;24.75;26.1875;362;202;0;
857;2025.05.21 11:30;4;26.875;25.875;27.75;368;202;0;
858;2025.05.21 11:45;4;28.5625;27.1875;29.5;375;202;0;
859;2025.05.21 12:00;4;30.3125;28.625;31.125;382;202;0;
860;2025.05.21 12:15;4;31.9375;30.125;32.75;389;202;0;
861;2025.05.21 12:30;4;33.8125;31.75;34.625;397;202;0;
862;2025.05.21 12:45;4;35.8125;33.5;36.5;405;202;0;
863;2025.05.21 13:00;4;37.875;35.25;38.5625;414;202;0;
864;2025.05.21 13:15;4;39.8125;37.125;40.5;422;202;0;
865;2025.05.21 13:30;4;41.625;39;42.375;430;202;0;
866;2025.05.21 13:45;4;43.375;40.625;44;437;202;0;
867;2025.05.21 14:00;4;45;42.375;45.6875;444;202;0;
868;2025.05.21 14:15;4;46.5;43.875;47.125;451;202;0;
869;2025.05.21 14:30;4;48.125;45.5;48.6875;458;202;0;
870;2025.05.21 14:45;4;49.75;47;50.25;465;202;0;
871;2025.05.21 15:00;4;51.25;48.625;51.75;471;202;0;
872;2025.05.21 15:15;4;52.5625;50.0625;53;477;202;0;
873;2025.05.21 15:30;4;53.75;51.4375;54.125;482;202;0;
874;2025.05.21 15:45;4;54.625;52.625;55;486;202;0;
875;2025.05.21 16:00;4;54.8125;53.375;54.875;486;202;0;
876;2025.05.21 16:15;4;55.5;54.125;55.5;490;202;0;
877;2025.05.21 16:30;4;56.5625;55;56.625;494;202;0;
878;2025.05.21 16:45;4;57.375;55.875;57.5;498;202;0;
879;2025.05.21 17:00;4;58.125;56.75;58.1875;500;202;0;
880;2025.05.21 17:15;4;58.625;57.375;58.6875;503;202;0;
881;2025.05.21 17:30;4;59;58;59;504;202;0;
882;2025.05.21 17:45;4;59.3125;58.5;59.375;505;202;0;
883;2025.05.21 18:00;4;59.375;58.875;59.375;505;202;0;
884;2025.05.21 18:15;4;59;58.9375;59;504;202;0;
885;2025.05.21 18:30;4;58.125;58.75;58.1875;500;202;0;
886;2025.05.21 18:45;4;56.875;58.125;56.75;495;202;0;
887;2025.05.21 19:00;4;55.375;57.25;55;489;202;0;
888;2025.05.21 19:15;4;53.875;56.125;53.375;483;202;0;
889;2025.05.21 19:30;4;52.375;54.875;51.875;477;202;0;
890;2025.05.21 19:45;4;51;53.625;50.4375;471;202;0;
891;2025.05.21 20:00;4;49.625;52.3125;49.125;465;202;0;
892;2025.05.21 20:15;4;48.25;51;47.8125;460;202;0;
893;2025.05.21 20:30;4;46.9375;49.75;46.5625;454;202;0;
894;2025.05.21 20:45;4;45.625;48.5;45.3125;448;202;0;
895;2025.05.21 21:00;4;44.375;47.25;44.125;443;202;0;
896;2025.05.21 21:15;4;43.1875;46;43;437;202;0;
897;2025.05.21 21:30;4;42.125;44.875;41.875;432;202;0;
898;2025.05.21 21:45;4;41.0625;43.75;40.9375;428;202;0;
899;2025.05.21 22:00;4;40.125;42.75;40;424;202;0;
900;2025.05.21 22:15;4;39.1875;41.6875;39.125;420;202;0;
901;2025.05.21 22:30;4;38.3125;40.75;38.375;416;202;0;
902;2025.05.21 22:45;4;37.5;39.875;37.625;412;202;0;
903;2025.05.21 23:00;4;36.75;39;36.9375;409;202;0;
904;2025.05.21 23:15;4;36.125;38.1875;36.25;406;202;0;
905;2025.05.21 23:30;4;35.375;37.4375;35.625;403;202;0;
906;2025.05.21 23:45;4;34.75;36.75;35;400;202;0;
907;2025.05.22 00:00;4;34.125;36;34.375;398;202;0;
908;2025.05.22 00:15;4;33.5;35.375;33.75;395;202;0;
909;2025.05.22 00:30;4;33;34.75;33.25;393;202;0;
910;2025.05.22 00:45;4;32.4375;34.125;32.6875;391;202;0;
911;2025.05.22 01:00;4;32;33.625;32.25;389;202;0;
912;2025.05.22 01:15;4;31.5;33.0625;31.75;387;202;0;
913;2025.05.22 01:30;4;31.125;32.5625;31.3125;385;202;0;
914;2025.05.22 01:45;4;30.625;32.125;30.875;384;202;0;
915;2025.05.22 02:00;4;30.25;31.625;30.5;382;202;0;
916;2025.05.22 02:15;4;29.875;31.1875;30.125;380;202;0;
917;2025.05.22 02:30;4;29.5;30.75;29.75;379;202;0;
918;2025.05.22 02:45;4;29.125;30.375;29.375;378;202;0;
919;2025.05.22 03:00;4;28.8125;30;29.125;376;202;0;
920;2025.05.22 03:15;4;28.5;29.625;28.8125;375;202;0;
921;2025.05.22 03:30;4;28.1875;29.375;28.5;374;202;0;
922;2025.05.22 03:45;4;27.875;29;28.25;373;202;0;
923;2025.05.22 04:00;4;27.625;28.75;28;372;202;0;
924;2025.05.22 04:15;4;27.375;28.4375;27.75;371;202;0;
925;2025.05.22 04:30;4;27.125;28.125;27.5;370;202;0;
926;2025.05.22 04:45;4;26.875;27.875;27.25;369;202;0;
927;2025.05.22 05:00;4;26.625;27.625;27;368;202;0;
928;2025.05.22 05:15;4;26.4375;27.375;26.75;367;202;0;
929;2025.05.22 05:30;4;26.25;27.125;26.5625;366;202;0;
930;2025.05.22 05:45;4;26;26.9375;26.375;365;202;0;
931;2025.05.22 06:00;4;25.8125;26.75;26.1875;364;202;0;
932;2025.05.22 06:15;4;25.625;26.5;26;363;202;0;
933;2025.05.22 06:30;4;25.4375;26.25;25.75;362;202;0;
934;2025.05.22 06:45;4;25.25;26.125;25.625;361;202;0;
935;2025.05.22 07:00;4;25.0625;25.875;25.4375;361;202;0;
936;2025.05.22 07:15;4;24.9375;25.75;25.3125;360;202;0;
937;2025.05.22 07:30;4;24.8125;25.625;25.1875;359;202;0;
938;2025.05.22 07:45;4;24.75;25.5;25.125;359;202;0;
939;2025.05.22 08:00;4;24.5625;25.3125;24.9375;358;202;0;
940;2025.05.22 08:15;4;24.375;25.125;24.75;358;202;0;
941;2025.05.22 08:30;4;24.25;25;24.625;357;202;0;
942;2025.05.22 08:45;4;24.125;24.875;24.5;356;202;0;
943;2025.05.22 09:00;4;24;24.75;24.3125;356;202;0;
944;2025.05.22 09:15;4;23.875;24.5625;24.1875;355;202;0;
945;2025.05.22 09:30;4;23.75;24.4375;24.0625;354;202;0;
946;2025.05.22 09:45;4;23.625;24.3125;23.9375;354;202;0;
947;2025.05.22 10:00;4;23.5;24.1875;23.875;353;202;0;
948;2025.05.22 10:15;4;23.4375;24.125;23.8125;353;202;0;
949;2025.05.22 10:30;4;23.5;24;23.875;353;202;0;
950;2025.05.22 10:45;4;23.6875;24.125;24.125;354;202;0;
951;2025.05.22 11:00;4;24;24.25;24.5;355;202;0;
952;2025.05.22 11:15;4;24.875;24.625;25.375;358;202;0;
953;2025.05.22 11:30;4;26.125;25.5;26.75;363;202;0;
954;2025.05.22 11:45;4;27.5625;26.5;28.25;369;202;0;
955;2025.05.22 12:00;4;29.1875;27.75;29.875;375;202;0;
956;2025.05.22 12:15;4;30.875;29.1875;31.625;382;202;0;
957;2025.05.22 12:30;4;32.75;30.75;33.4375;390;202;0;
958;2025.05.22 12:45;4;34.75;32.5;35.375;399;202;0;
959;2025.05.22 13:00;4;36.75;34.25;37.375;407;202;0;
960;2025.05.22 13:15;4;38.8125;36.125;39.4375;415;202;0;
961;2025.05.22 13:30;4;40.75;38;41.375;424;202;0;
962;2025.05.22 13:45;4;42.75;39.875;43.375;432;202;0;
963;2025.05.22 14:00;4;44.625;41.75;45.3125;440;202;0;
964;2025.05.22 14:15;4;46.5;43.5625;47.125;448;202;0;
965;2025.05.22 14:30;4;48.25;45.25;48.75;455;202;0;
966;2025.05.22 14:45;4;49.875;47;50.375;462;202;0;
967;2025.05.22 15:00;4;51.5;48.625;51.9375;469;202;0;
968;2025.05.22 15:15;4;52.6875;50.125;53;474;202;0;
969;2025.05.22 15:30;4;54;51.5;54.25;480;202;0;
970;2025.05.22 15:45;4;55.375;52.875;55.625;486;202;0;
971;2025.05.22 16:00;4;56.375;54.125;56.5625;490;202;0;
972;2025.05.22 16:15;4;57.3125;55.25;57.375;494;202;0;
973;2025.05.22 16:30;4;58;56.1875;58;497;202;0;
974;2025.05.22 16:45;4;58.5;57;58.5;499;202;0;
975;2025.05.22 17:00;4;58.75;57.625;58.75;500;202;0;
976;2025.05.22 17:15;4;59;58.0625;58.875;502;202;0;
977;2025.05.22 17:30;4;59.375;58.5;59.375;503;202;0;
978;2025.05.22 17:45;4;58.875;58.6875;58.875;501;202;0;
979;2025.05.22 18:00;4;58.125;58.5;58;498;202;0;
980;2025.05.22 18:15;4;57.125;58;56.9375;495;202;0;
981;2025.05.22 18:30;4;56.25;57.5;56.125;491;202;0;
982;2025.05.22 18:45;4;55.1875;56.75;55.0625;487;202;0;
983;2025.05.22 19:00;4;54;55.875;53.875;482;202;0;
984;2025.05.22 19:15;4;52.75;54.875;52.5625;477;202;0;
985;2025.05.22 19:30;4;51.5;53.875;51.25;472;202;0;
986;2025.05.22 19:45;4;50.1875;52.6875;49.8125;466;202;0;
987;2025.05.22 20:00;4;48.875;51.5;48.375;461;202;0;
988;2025.05.22 20:15;4;47.625;50.25;47.125;455;202;0;
989;2025.05.22 20:30;4;46.375;49;45.875;450;202;0;
990;2025.05.22 20:45;4;45.25;47.875;44.75;445;202;0;
991;2025.05.22 21:00;4;44.125;46.75;43.6875;440;202;0;
992;2025.05.22 21:15;4;43;45.625;42.625;435;202;0;
993;2025.05.22 21:30;4;42;44.5;41.625;431;202;0;
994;2025.05.22 21:45;4;41;43.5;40.75;427;202;0;
995;2025.05.22 22:00;4;40.125;42.5;39.875;423;202;0;
996;2025.05.22 22:15;4;39.25;41.5625;39.125;419;202;0;
997;2025.05.22 22:30;4;38.4375;40.625;38.375;415;202;0;
998;2025.05.22 22:45;4;37.6875;39.8125;37.625;412;202;0;
999;2025.05.22 23:00;4;37;39;37;409;202;0;
1000;2025.05.22 23:15;4;36.3125;38.25;36.375;406;202;0;
1001;2025.05.22 23:30;4;35.625;37.5;35.75;403;202;0;
1002;2025.05.22 23:45;4;35.125;36.875;35.1875;401;202;0;
1003;2025.05.23 00:00;4;34.5;36.25;34.6875;399;202;0;
1004;2025.05.23 00:15;4;34;35.625;34.1875;396;202;0;
1005;2025.05.23 00:30;4;33.5;35.125;33.75;394;202;0;
1006;2025.05.23 00:45;4;33;34.5625;33.25;392;202;0;
1007;2025.05.23 01:00;4;32.625;34.0625;32.8125;391;202;0;
1008;2025.05.23 01:15;4;32.1875;33.625;32.375;389;202;0;
1009;2025.05.23 01:30;4;31.8125;33.125;32.0625;387;202;0;
1010;2025.05.23 01:45;4;31.5;32.75;31.75;386;202;0;
1011;2025.05.23 02:00;4;31.125;32.375;31.375;385;202;0;
1012;2025.05.23 02:15;4;30.8125;32;31.0625;383;202;0;
1013;2025.05.23 02:30;4;30.5;31.625;30.75;382;202;0;
1014;2025.05.23 02:45;4;30.125;31.3125;30.375;381;202;0;
1015;2025.05.23 03:00;4;29.875;31;30.125;380;202;0;
1016;2025.05.23 03:15;4;29.5625;30.625;29.75;378;202;0;
1017;2025.05.23 03:30;4;29.25;30.3125;29.5;377;202;0;
1018;2025.05.23 03:45;4;29;30;29.1875;376;202;0;
1019;2025.05.23 04:00;4;28.6875;29.75;28.9375;375;202;0;
1020;2025.05.23 04:15;4;28.375;29.4375;28.625;374;202;0;
1021;2025.05.23 04:30;4;28.125;29.125;28.375;373;202;0;
1022;2025.05.23 04:45;4;27.875;28.875;28.125;372;202;0;
1023;2025.05.23 05:00;4;27.625;28.625;27.875;371;202;0;
1024;2025.05.23 05:15;4;27.375;28.375;27.6875;370;202;0;
1025;2025.05.23 05:30;4;27.1875;28.125;27.5;369;202;0;
1026;2025.05.23 05:45;4;27;27.875;27.25;368;202;0;
1027;2025.05.23 06:00;4;26.75;27.625;27.0625;367;202;0;
1028;2025.05.23 06:15;4;26.5;27.4375;26.75;366;202;0;
1029;2025.05.23 06:30;4;26.3125;27.25;26.5;365;202;0;
1030;2025.05.23 06:45;4;26.0625;27;26.25;364;202;0;
1031;2025.05.23 07:00;4;25.8125;26.75;26;363;202;0;
1032;2025.05.23 07:15;4;25.5625;26.5;25.75;362;202;0;
1033;2025.05.23 07:30;4;25.375;26.25;25.5625;361;202;0;
1034;2025.05.23 07:45;4;25.125;26;25.375;360;202;0;
1035;2025.05.23 08:00;4;25;25.8125;25.25;359;202;0;
1036;2025.05.23 08:15;4;24.875;25.625;25.125;358;202;0;
1037;2025.05.23 08:30;4;24.6875;25.5;25;358;202;0;
1038;2025.05.23 08:45;4;24.5625;25.3125;24.875;357;202;0;
1039;2025.05.23 09:00;4;24.375;25.125;24.6875;356;202;0;
1040;2025.05.23 09:15;4;24.25;25;24.5;356;202;0;
1041;2025.05.23 09:30;4;24.125;24.875;24.375;355;202;0;
1042;2025.05.23 09:45;4;24;24.75;24.3125;355;202;0;
1043;2025.05.23 10:00;4;23.875;24.625;24.25;354;202;0;
1044;2025.05.23 10:15;4;23.875;24.5;24.125;354;202;0;
1045;2025.05.23 10:30;4;23.875;24.4375;24.125;354;202;0;
1046;2025.05.23 10:45;4;24.125;24.5;24.5625;355;202;0;
1047;2025.05.23 11:00;4;24.875;24.875;25.5;358;202;0;
1048;2025.05.23 11:15;4;25.5625;25.375;26.375;360;202;0;
1049;2025.05.23 11:30;4;26.1875;25.875;27;362;202;0;
1050;2025.05.23 11:45;4;27.375;26.625;28.375;367;202;0;
1051;2025.05.23 12:00;4;28.9375;27.8125;30.25;374;202;0;
1052;2025.05.23 12:15;4;30.75;29.25;32.25;381;202;0;
1053;2025.05.23 12:30;4;31.9375;30.625;33.5;386;202;0;
1054;2025.05.23 12:45;4;33.375;31.875;34.875;392;202;0;
1055;2025.05.23 13:00;4;35.125;33.3125;36.875;399;202;0;
1056;2025.05.23 13:15;4;37;35;39;407;202;0;
1057;2025.05.23 13:30;4;38.8125;36.75;40.875;414;202;0;
1058;2025.05.23 13:45;4;40.3125;38.3125;42.25;420;202;0;
1059;2025.05.23 14:00;4;41.625;39.75;43.5;426;202;0;
1060;2025.05.23 14:15;4;43.125;41.1875;44.875;432;202;0;
1061;2025.05.23 14:30;4;44.5625;42.625;46.25;438;202;0;
1062;2025.05.23 14:45;4;46;44;47.75;444;202;0;
1063;2025.05.23 15:00;4;47;45.25;48.5;448;202;0;
1064;2025.05.23 15:15;4;47.4375;46.125;48.625;450;202;0;
1065;2025.05.23 15:30;4;47.8125;46.75;48.625;452;202;0;
1066;2025.05.23 15:45;4;48.1875;47.25;48.8125;454;202;0;
1067;2025.05.23 16:00;4;48.875;48;49.75;457;202;0;
1068;2025.05.23 16:15;4;49.625;48.625;50.5;461;202;0;
1069;2025.05.23 16:30;4;49.9375;49.25;50.8125;462;202;0;
1070;2025.05.23 16:45;4;49.875;49.625;50.5625;461;202;0;
1071;2025.05.23 17:00;4;49;49.375;49.25;458;202;0;
1072;2025.05.23 17:15;4;48.5;49;48.375;457;202;0;
1073;2025.05.23 17:30;4;48.8125;49;49.125;458;202;0;
1074;2025.05.23 17:45;4;49.1875;49.25;49.875;460;202;0;
1075;2025.05.23 18:00;4;49.125;49.375;49.875;459;202;0;
1076;2025.05.23 18:15;4;48.625;49.3125;49.25;457;202;0;
1077;2025.05.23 18:30;4;47.875;48.875;48.125;454;202;0;
1078;2025.05.23 18:45;4;46.875;48.25;47;450;202;0;
1079;2025.05.23 19:00;4;45.875;47.5625;45.8125;446;202;0;
1080;2025.05.23 19:15;4;45;46.75;44.875;442;202;0;
1081;2025.05.23 19:30;4;43.8125;45.875;43.5625;437;202;0;
1082;2025.05.23 19:45;4;42.5;44.75;42.0625;432;202;0;
1083;2025.05.23 20:00;4;41.1875;43.625;40.625;427;202;0;
1084;2025.05.23 20:15;4;39.875;42.375;39.375;421;202;0;
1085;2025.05.23 20:30;4;38.625;41.1875;38.125;416;202;0;
1086;2025.05.23 20:45;4;37.5;40;37;411;202;0;
1087;2025.05.23 21:00;4;36.375;38.875;36;407;202;0;
1088;2025.05.23 21:15;4;35.375;37.8125;35.125;403;202;0;
1089;2025.05.23 21:30;4;34.5;36.875;34.25;399;202;0;
1090;2025.05.23 21:45;4;33.625;35.875;33.4375;395;202;0;
1091;2025.05.23 22:00;4;32.8125;34.9375;32.75;392;202;0;
1092;2025.05.23 22:15;4;32.0625;34.125;32;389;202;0;
1093;2025.05.23 22:30;4;31.375;33.375;31.4375;386;202;0;
1094;2025.05.23 22:45;4;30.8125;32.625;30.875;383;202;0;
1095;2025.05.23 23:00;4;30.25;32;30.25;381;202;0;
1096;2025.05.23 23:15;4;29.625;31.375;29.75;378;202;0;
1097;2025.05.23 23:30;4;29.1875;30.75;29.25;376;202;0;
1098;2025.05.23 23:45;4;28.75;30.25;28.8125;375;202;0;
1099;2025.05.24 00:00;4;28.375;29.75;28.5;373;202;0;
1100;2025.05.24 00:15;4;28;29.375;28.125;372;202;0;
1101;2025.05.24 00:30;4;27.75;28.9375;27.75;370;202;0;
1102;2025.05.24 00:45;4;27.375;28.625;27.5;369;202;0;
1103;2025.05.24 01:00;4;27.125;28.25;27.125;368;202;0;
1104;2025.05.24 01:15;4;26.8125;27.875;26.875;366;202;0;
1105;2025.05.24 01:30;4;26.5;27.625;26.625;365;202;0;
1106;2025.05.24 01:45;4;26.25;27.25;26.375;364;202;0;
1107;2025.05.24 02:00;4;26.0625;27;26.125;363;202;0;
1108;2025.05.24 02:15;4;25.8125;26.75;25.875;362;202;0;
1109;2025.05.24 02:30;4;25.625;26.5;25.6875;361;202;0;
1110;2025.05.24 02:45;4;25.375;26.25;25.5;360;202;0;
1111;2025.05.24 03:00;4;25.1875;26.0625;25.25;359;202;0;
1112;2025.05.24 03:15;4;25;25.875;25.125;358;202;0;
1113;2025.05.24 03:30;4;24.8125;25.625;24.875;358;202;0;
1114;2025.05.24 03:45;4;24.625;25.375;24.6875;357;202;0;
1115;2025.05.24 04:00;4;24.4375;25.25;24.5;356;202;0;
1116;2025.05.24 04:15;4;24.25;25;24.375;355;202;0;
1117;2025.05.24 04:30;4;24.125;24.875;24.1875;355;202;0;
1118;2025.05.24 04:45;4;23.9375;24.6875;24;354;202;0;
1119;2025.05.24 05:00;4;23.75;24.5;23.875;353;202;0;
1120;2025.05.24 05:15;4;23.625;24.375;23.75;352;202;0;
1121;2025.05.24 05:30;4;23.5;24.1875;23.5625;352;202;0;
1122;2025.05.24 05:45;4;23.375;24;23.375;351;202;0;
1123;2025.05.24 06:00;4;23.1875;23.875;23.25;351;202;0;
1124;2025.05.24 06:15;4;23.0625;23.75;23.125;350;202;0;
1125;2025.05.24 06:30;4;22.9375;23.625;23;349;202;0;
1126;2025.05.24 06:45;4;22.8125;23.4375;22.875;349;202;0;
1127;2025.05.24 07:00;4;22.625;23.3125;22.75;348;202;0;
1128;2025.05.24 07:15;4;22.5;23.125;22.625;348;202;0;
1129;2025.05.24 07:30;4;22.375;23;22.5;347;202;0;
1130;2025.05.24 07:45;4;22.25;22.875;22.375;347;202;0;
1131;2025.05.24 08:00;4;22.125;22.75;22.25;346;202;0;
1132;2025.05.24 08:15;4;22.0625;22.625;22.125;346;202;0;
1133;2025.05.24 08:30;4;21.9375;22.5;22;345;202;0;
1134;2025.05.24 08:45;4;21.875;22.375;21.875;345;202;0;
1135;2025.05.24 09:00;4;21.75;22.25;21.75;344;202;0;
1136;2025.05.24 09:15;4;21.625;22.1875;21.6875;344;202;0;
1137;2025.05.24 09:30;4;21.5;22.0625;21.5625;343;202;0;
1138;2025.05.24 09:45;4;21.375;22;21.5;343;202;0;
1139;2025.05.24 10:00;4;21.3125;21.875;21.375;343;202;0;
1140;2025.05.24 10:15;4;21.25;21.75;21.375;342;202;0;
1141;2025.05.24 10:30;4;21.25;21.75;21.375;342;202;0;
1142;2025.05.24 10:45;4;21.25;21.75;21.4375;342;202;0;
1143;2025.05.24 11:00;4;21.375;21.75;21.5;342;202;0;
1144;2025.05.24 11:15;4;21.375;21.75;21.625;343;202;0;
1145;2025.05.24 11:30;4;21.5;21.75;21.75;343;202;0;
1146;2025.05.24 11:45;4;21.625;21.875;21.8125;343;202;0;
1147;2025.05.24 12:00;4;21.6875;21.9375;21.9375;344;202;0;
1148;2025.05.24 12:15;4;21.8125;22;22;344;202;0;
1149;2025.05.24 12:30;4;21.9375;22.125;22.125;345;202;0;
1150;2025.05.24 12:45;4;22.0625;22.25;22.3125;345;202;0;
1151;2025.05.24 13:00;4;22.25;22.375;22.5;346;202;0;
1152;2025.05.24 13:15;4;22.375;22.5;22.625;346;202;0;
1153;2025.05.24 13:30;4;22.5;22.625;22.75;347;202;0;
1154;2025.05.24 13:45;4;22.6875;22.75;22.9375;347;202;0;
1155;2025.05.24 14:00;4;22.875;22.9375;23.125;348;202;0;
1156;2025.05.24 14:15;4;23.125;23.125;23.375;349;202;0;
1157;2025.05.24 14:30;4;23.375;23.375;23.6875;350;202;0;
1158;2025.05.24 14:45;4;23.625;23.5625;23.9375;351;202;0;
1159;2025.05.24 15:00;4;23.75;23.75;24.125;352;202;0;
1160;2025.05.24 15:15;4;24;24;24.3125;353;202;0;
1161;2025.05.24 15:30;4;24.25;24.25;24.625;354;202;0;
1162;2025.05.24 15:45;4;24.625;24.5;24.9375;355;202;0;
1163;2025.05.24 16:00;4;24.875;24.75;25.25;356;202;0;
1164;2025.05.24 16:15;4;25.25;25.125;25.6875;358;202;0;
1165;2025.05.24 16:30;4;25.5625;25.375;25.9375;359;202;0;
1166;2025.05.24 16:45;4;25.875;25.6875;26.25;360;202;0;
1167;2025.05.24 17:00;4;26.1875;26;26.5625;362;202;0;
1168;2025.05.24 17:15;4;26.5625;26.3125;27;363;202;0;
1169;2025.05.24 17:30;4;27;26.6875;27.4375;365;202;0;
1170;2025.05.24 17:45;4;27.375;27.0625;27.75;366;202;0;
1171;2025.05.24 18:00;4;27.625;27.375;28.0625;368;202;0;
1172;2025.05.24 18:15;4;27.75;27.625;28.125;368;202;0;
1173;2025.05.24 18:30;4;27.75;27.75;27.9375;368;202;0;
1174;2025.05.24 18:45;4;27.625;27.75;27.75;368;202;0;
1175;2025.05.24 19:00;4;27.5;27.75;27.5;367;202;0;
1176;2025.05.24 19:15;4;27.375;27.6875;27.375;367;202;0;
1177;2025.05.24 19:30;4;27.125;27.5625;27.125;366;202;0;
1178;2025.05.24 19:45;4;26.9375;27.375;26.875;366;202;0;
1179;2025.05.24 20:00;4;26.6875;27.25;26.625;365;202;0;
1180;2025.05.24 20:15;4;26.375;27;26.25;363;202;0;
1181;2025.05.24 20:30;4;26.125;26.75;25.9375;362;202;0;
1182;2025.05.24 20:45;4;25.75;26.5;25.625;361;202;0;
1183;2025.05.24 21:00;4;25.4375;26.1875;25.25;360;202;0;
1184;2025.05.24 21:15;4;25.125;25.875;24.875;358;202;0;
1185;2025.05.24 21:30;4;24.8125;25.5625;24.625;357;202;0;
1186;2025.05.24 21:45;4;24.5;25.25;24.3125;356;202;0;
1187;2025.05.24 22:00;4;24.25;25;24.0625;355;202;0;
1188;2025.05.24 22:15;4;24;24.75;23.8125;354;202;0;
1189;2025.05.24 22:30;4;23.75;24.5;23.625;353;202;0;
1190;2025.05.24 22:45;4;23.5625;24.25;23.375;352;202;0;
1191;2025.05.24 23:00;4;23.375;24;23.1875;351;202;0;
1192;2025.05.24 23:15;4;23.125;23.75;23;350;202;0;
1193;2025.05.24 23:30;4;23;23.625;22.875;349;202;0;
1194;2025.05.24 23:45;4;22.75;23.375;22.625;348;202;0;
1195;2025.05.25 00:00;4;22.625;23.25;22.5;348;202;0;
1196;2025.05.25 00:15;4;22.4375;23;22.375;347;202;0;
1197;2025.05.25 00:30;4;22.25;22.875;22.25;346;202;0;
1198;2025.05.25 00:45;4;22.125;22.75;22.0625;346;202;0;
1199;2025.05.25 01:00;4;22;22.5;21.875;345;202;0;
1200;2025.05.25 01:15;4;21.875;22.375;21.75;344;202;0;
1201;2025.05.25 01:30;4;21.6875;22.25;21.625;344;202;0;
1202;2025.05.25 01:45;4;21.5625;22.125;21.5;343;202;0;
1203;2025.05.25 02:00;4;21.4375;22;21.4375;343;202;0;
1204;2025.05.25 02:15;4;21.3125;21.875;21.25;342;202;0;
1205;2025.05.25 02:30;4;21.125;21.6875;21;342;202;0;
1206;2025.05.25 02:45;4;21;21.5625;20.8125;341;202;0;
1207;2025.05.25 03:00;4;20.875;21.375;20.625;341;202;0;
1208;2025.05.25 03:15;4;20.75;21.25;20.5;340;202;0;
1209;2025.05.25 03:30;4;20.625;21.125;20.375;339;202;0;
1210;2025.05.25 03:45;4;20.4375;20.9375;20.25;339;202;0;
1211;2025.05.25 04:00;4;20.3125;20.8125;20.125;338;202;0;
1212;2025.05.25 04:15;4;20.1875;20.6875;20;338;202;0;
1213;2025.05.25 04:30;4;20.0625;20.5;19.875;337;202;0;
1214;2025.05.25 04:45;4;19.9375;20.375;19.75;337;202;0;
1215;2025.05.25 05:00;4;19.875;20.25;19.625;336;202;0;
1216;2025.05.25 05:15;4;19.75;20.1875;19.5;336;202;0;
1217;2025.05.25 05:30;4;19.625;20.0625;19.375;335;202;0;
1218;2025.05.25 05:45;4;19.5;19.9375;19.25;335;202;0;
1219;2025.05.25 06:00;4;19.375;19.8125;19.1875;334;202;0;
1220;2025.05.25 06:15;4;19.25;19.75;19.125;334;202;0;
1221;2025.05.25 06:30;4;19.1875;19.625;19;334;202;0;
1222;2025.05.25 06:45;4;19.125;19.5;18.875;333;202;0;
1223;2025.05.25 07:00;4;19;19.4375;18.8125;333;202;0;
1224;2025.05.25 07:15;4;18.9375;19.375;18.75;333;202;0;
1225;2025.05.25 07:30;4;18.875;19.25;18.625;332;202;0;
1226;2025.05.25 07:45;4;18.75;19.125;18.5625;332;202;0;
1227;2025.05.25 08:00;4;18.625;19.0625;18.5;331;202;0;
1228;2025.05.25 08:15;4;18.625;19;18.375;331;202;0;
1229;2025.05.25 08:30;4;18.5;18.875;18.3125;331;202;0;
1230;2025.05.25 08:45;4;18.375;18.8125;18.25;330;202;0;
1231;2025.05.25 09:00;4;18.375;18.75;18.125;330;202;0;
1232;2025.05.25 09:15;4;18.25;18.625;18.0625;330;202;0;
1233;2025.05.25 09:30;4;18.1875;18.5625;18;329;202;0;
1234;2025.05.25 09:45;4;18.125;18.5;17.9375;329;202;0;
1235;2025.05.25 10:00;4;18.0625;18.375;17.875;329;202;0;
1236;2025.05.25 10:15;4;18;18.375;17.9375;329;202;0;
1237;2025.05.25 10:30;4;18.125;18.375;18.1875;329;202;0;
1238;2025.05.25 10:45;4;18.5625;18.5625;18.9375;331;202;0;
1239;2025.05.25 11:00;4;19.375;19;20.25;334;202;0;
1240;2025.05.25 11:15;4;20.625;19.875;21.9375;339;202;0;
1241;2025.05.25 11:30;4;22.0625;20.9375;23.875;345;202;0;
1242;2025.05.25 11:45;4;23.875;22.375;26;352;202;0;
1243;2025.05.25 12:00;4;25.75;24;28.25;360;202;0;
1244;2025.05.25 12:15;4;27.8125;25.75;30.4375;368;202;0;
1245;2025.05.25 12:30;4;29.875;27.625;32.5625;377;202;0;
1246;2025.05.25 12:45;4;31.8125;29.5;34.5;385;202;0;
1247;2025.05.25 13:00;4;33.75;31.375;36.375;393;202;0;
1248;2025.05.25 13:15;4;35.5625;33.125;38.125;400;202;0;
1249;2025.05.25 13:30;4;37.25;34.875;39.75;407;202;0;
1250;2025.05.25 13:45;4;38.875;36.625;41.1875;414;202;0;
1251;2025.05.25 14:00;4;40.4375;38.25;42.625;421;202;0;
1252;2025.05.25 14:15;4;41.9375;39.75;44;427;202;0;
1253;2025.05.25 14:30;4;43.25;41.1875;45.25;433;202;0;
1254;2025.05.25 14:45;4;44.5;42.5;46.3125;438;202;0;
1255;2025.05.25 15:00;4;45.75;43.8125;47.5;443;202;0;
1256;2025.05.25 15:15;4;46.9375;45.125;48.8125;449;202;0;
1257;2025.05.25 15:30;4;48;46.3125;49.875;453;202;0;
1258;2025.05.25 15:45;4;49;47.4375;50.8125;458;202;0;
1259;2025.05.25 16:00;4;49.875;48.5;51.625;462;202;0;
1260;2025.05.25 16:15;4;50.5;49.375;52.125;464;202;0;
1261;2025.05.25 16:30;4;50.75;50;52.125;466;202;0;
1262;2025.05.25 16:45;4;50.75;50.4375;51.875;466;202;0;
1263;2025.05.25 17:00;4;50.5;50.625;51.3125;465;202;0;
1264;2025.05.25 17:15;4;49.875;50.5;50.5;463;202;0;
1265;2025.05.25 17:30;4;48.875;50;49.3125;459;202;0;
1266;2025.05.25 17:45;4;47.625;49.3125;47.75;455;202;0;
1267;2025.05.25 18:00;4;46.5;48.375;46.3125;450;202;0;
1268;2025.05.25 18:15;4;45.375;47.5;45.125;446;202;0;
1269;2025.05.25 18:30;4;44.375;46.5;44;441;202;0;
1270;2025.05.25 18:45;4;43.375;45.5;43;437;202;0;
1271;2025.05.25 19:00;4;42.4375;44.5625;42.0625;433;202;0;
1272;2025.05.25 19:15;4;41.4375;43.625;41;429;202;0;
1273;2025.05.25 19:30;4;40.4375;42.625;40.0625;425;202;0;
1274;2025.05.25 19:45;4;39.5;41.6875;39.125;421;202;0;
1275;2025.05.25 20:00;4;38.5625;40.75;38.1875;416;202;0;
1276;2025.05.25 20:15;4;37.625;39.75;37.25;412;202;0;
1277;2025.05.25 20:30;4;36.625;38.8125;36.25;408;202;0;
1278;2025.05.25 20:45;4;35.6875;37.875;35.25;404;202;0;
1279;2025.05.25 21:00;4;34.75;36.875;34.1875;400;202;0;
1280;2025.05.25 21:15;4;33.875;36;33.375;397;202;0;
1281;2025.05.25 21:30;4;33;35.0625;32.5;393;202;0;
1282;2025.05.25 21:45;4;32.25;34.25;31.8125;390;202;0;
1283;2025.05.25 22:00;4;31.625;33.5;31.125;387;202;0;
1284;2025.05.25 22:15;4;30.9375;32.75;30.5;384;202;0;
1285;2025.05.25 22:30;4;30.3125;32.0625;30;381;202;0;
1286;2025.05.25 22:45;4;29.75;31.375;29.375;379;202;0;
1287;2025.05.25 23:00;4;29.25;30.75;28.875;376;202;0;
1288;2025.05.25 23:15;4;28.75;30.25;28.375;374;202;0;
1289;2025.05.25 23:30;4;28.25;29.6875;28;372;202;0;
1290;2025.05.25 23:45;4;27.75;29.125;27.5625;370;202;0;
1291;2025.05.26 00:00;4;27.375;28.6875;27.125;368;202;0;
1292;2025.05.26 00:15;4;27;28.25;26.75;367;202;0;
1293;2025.05.26 00:30;4;26.625;27.8125;26.375;365;202;0;
1294;2025.05.26 00:45;4;26.25;27.375;26;364;202;0;
1295;2025.05.26 01:00;4;25.875;27;25.75;362;202;0;
1296;2025.05.26 01:15;4;25.5625;26.625;25.375;361;202;0;
1297;2025.05.26 01:30;4;25.25;26.3125;25.125;359;202;0;
1298;2025.05.26 01:45;4;25;26;24.8125;358;202;0;
1299;2025.05.26 02:00;4;24.75;25.625;24.5625;357;202;0;
1300;2025.05.26 02:15;4;24.5;25.375;24.3125;356;202;0;
1301;2025.05.26 02:30;4;24.25;25.125;24.0625;355;202;0;
1302;2025.05.26 02:45;4;24;24.875;23.875;354;202;0;
1303;2025.05.26 03:00;4;23.75;24.625;23.625;353;202;0;
1304;2025.05.26 03:15;4;23.5625;24.375;23.375;352;202;0;
1305;2025.05.26 03:30;4;23.375;24.125;23.1875;351;202;0;
1306;2025.05.26 03:45;4;23.125;23.875;23;350;202;0;
1307;2025.05.26 04:00;4;23;23.75;22.8125;350;202;0;
1308;2025.05.26 04:15;4;22.75;23.5;22.625;349;202;0;
1309;2025.05.26 04:30;4;22.625;23.3125;22.375;348;202;0;
1310;2025.05.26 04:45;4;22.375;23.125;22.25;347;202;0;
1311;2025.05.26 05:00;4;22.25;22.875;22.0625;346;202;0;
1312;2025.05.26 05:15;4;22.0625;22.75;21.875;346;202;0;
1313;2025.05.26 05:30;4;21.875;22.5625;21.75;345;202;0;
1314;2025.05.26 05:45;4;21.75;22.375;21.625;344;202;0;
1315;2025.05.26 06:00;4;21.625;22.25;21.4375;344;202;0;
1316;2025.05.26 06:15;4;21.4375;22.0625;21.25;343;202;0;
1317;2025.05.26 06:30;4;21.3125;21.875;21.125;342;202;0;
1318;2025.05.26 06:45;4;21.1875;21.75;21;342;202;0;
1319;2025.05.26 07:00;4;21;21.625;20.875;341;202;0;
1320;2025.05.26 07:15;4;20.875;21.5;20.75;341;202;0;
1321;2025.05.26 07:30;4;20.75;21.375;20.625;340;202;0;
1322;2025.05.26 07:45;4;20.625;21.1875;20.5;340;202;0;
1323;2025.05.26 08:00;4;20.5;21.0625;20.375;339;202;0;
1324;2025.05.26 08:15;4;20.375;20.9375;20.25;338;202;0;
1325;2025.05.26 08:30;4;20.25;20.75;20.125;338;202;0;
1326;2025.05.26 08:45;4;20.125;20.6875;20;337;202;0;
1327;2025.05.26 09:00;4;20;20.5625;19.875;337;202;0;
1328;2025.05.26 09:15;4;19.875;20.375;19.75;336;202;0;
1329;2025.05.26 09:30;4;19.75;20.3125;19.625;336;202;0;
1330;2025.05.26 09:45;4;19.625;20.125;19.5;335;202;0;
1331;2025.05.26 10:00;4;19.5625;20.0625;19.4375;335;202;0;
1332;2025.05.26 10:15;4;19.5;20;19.4375;335;202;0;
1333;2025.05.26 10:30;4;19.625;20;19.625;335;202;0;
1334;2025.05.26 10:45;4;20;20.125;20.375;337;202;0;
1335;2025.05.26 11:00;4;20.8125;20.5;21.6875;340;202;0;
1336;2025.05.26 11:15;4;22;21.3125;23.375;344;202;0;
1337;2025.05.26 11:30;4;23.5625;22.4375;25.4375;351;202;0;
1338;2025.05.26 11:45;4;25.25;23.875;27.4375;357;202;0;
1339;2025.05.26 12:00;4;27.125;25.4375;29.625;365;202;0;
1340;2025.05.26 12:15;4;29;27.125;31.5625;373;202;0;
1341;2025.05.26 12:30;4;30.875;28.8125;33.375;380;202;0;
1342;2025.05.26 12:45;4;32.4375;30.5;34.875;387;202;0;
1343;2025.05.26 13:00;4;33.625;31.875;35.75;392;202;0;
1344;2025.05.26 13:15;4;35.125;33.25;37.125;398;202;0;
1345;2025.05.26 13:30;4;36.8125;34.75;38.875;405;202;0;
1346;2025.05.26 13:45;4;38.375;36.375;40.5625;412;202;0;
1347;2025.05.26 14:00;4;40.125;37.9375;42.25;419;202;0;
1348;2025.05.26 14:15;4;41.8125;39.5625;44;426;202;0;
1349;2025.05.26 14:30;4;43.5;41.25;45.6875;433;202;0;
1350;2025.05.26 14:45;4;44.9375;42.75;47.0625;439;202;0;
1351;2025.05.26 15:00;4;46.3125;44.25;48.375;445;202;0;
1352;2025.05.26 15:15;4;47.625;45.625;49.625;451;202;0;
1353;2025.05.26 15:30;4;48.75;46.875;50.6875;456;202;0;
1354;2025.05.26 15:45;4;49.375;48;51.125;458;202;0;
1355;2025.05.26 16:00;4;50;48.75;51.5;462;202;0;
1356;2025.05.26 16:15;4;50.6875;49.625;52.125;465;202;0;
1357;2025.05.26 16:30;4;50.8125;50.25;52.125;465;202;0;
1358;2025.05.26 16:45;4;50.75;50.5;51.6875;465;202;0;
1359;2025.05.26 17:00;4;50.4375;50.625;51.1875;465;202;0;
1360;2025.05.26 17:15;4;50;50.5;50.6875;463;202;0;
1361;2025.05.26 17:30;4;49.25;50.25;49.875;460;202;0;
1362;2025.05.26 17:45;4;48.125;49.625;48.375;456;202;0;
1363;2025.05.26 18:00;4;46.875;48.75;46.75;451;202;0;
1364;2025.05.26 18:15;4;45.625;47.75;45.3125;446;202;0;
1365;2025.05.26 18:30;4;44.5;46.6875;44;441;202;0;
1366;2025.05.26 18:45;4;43.3125;45.625;42.75;436;202;0;
1367;2025.05.26 19:00;4;42.125;44.5;41.5;432;202;0;
1368;2025.05.26 19:15;4;41.125;43.375;40.5;427;202;0;
1369;2025.05.26 19:30;4;40.125;42.375;39.5;423;202;0;
1370;2025.05.26 19:45;4;39.125;41.375;38.5;419;202;0;
1371;2025.05.26 20:00;4;38.25;40.375;37.6875;415;202;0;
1372;2025.05.26 20:15;4;37.375;39.4375;36.8125;411;202;0;
1373;2025.05.26 20:30;4;36.375;38.5;35.8125;407;202;0;
1374;2025.05.26 20:45;4;35.5;37.625;34.875;403;202;0;
1375;2025.05.26 21:00;4;34.625;36.6875;34;399;202;0;
1376;2025.05.26 21:15;4;33.8125;35.8125;33.25;396;202;0;
1377;2025.05.26 21:30;4;33;35;32.5;392;202;0;
1378;2025.05.26 21:45;4;32.3125;34.25;31.8125;389;202;0;
1379;2025.05.26 22:00;4;31.625;33.5;31.1875;386;202;0;
1380;2025.05.26 22:15;4;31;32.75;30.625;384;202;0;
1381;2025.05.26 22:30;4;30.375;32.0625;30;381;202;0;
1382;2025.05.26 22:45;4;29.875;31.4375;29.5;379;202;0;
1383;2025.05.26 23:00;4;29.375;30.875;29.0625;377;202;0;
1384;2025.05.26 23:15;4;28.875;30.375;28.625;375;202;0;
1385;2025.05.26 23:30;4;28.5;29.875;28.25;373;202;0;
1386;2025.05.26 23:45;4;28.0625;29.375;27.875;371;202;0;
1387;2025.05.27 00:00;4;27.6875;28.9375;27.5;369;202;0;
1388;2025.05.27 00:15;4;27.375;28.5;27.1875;368;202;0;
1389;2025.05.27 00:30;4;27;28.125;26.875;366;202;0;
1390;2025.05.27 00:45;4;26.75;27.875;26.625;365;202;0;
1391;2025.05.27 01:00;4;26.625;27.5;26.4375;366;202;0;
1392;2025.05.27 01:15;4;26.4375;27.3125;26.375;364;202;0;
1393;2025.05.27 01:30;4;25.625;26.75;25.125;364;202;0;
1394;2025.05.27 01:45;4;24.625;25.75;23.375;362;202;0;
1395;2025.05.27 02:00;4;24;24.9375;22.625;347;202;0;
1396;2025.05.27 02:15;4;23.3125;24.125;22.125;344;202;0;
1397;2025.05.27 02:30;4;22.875;23.5625;21.875;342;202;0;
1398;2025.05.27 02:45;4;22.5;23.125;21.625;340;202;0;
1399;2025.05.27 03:00;4;22.25;22.75;21.5;339;202;0;
1400;2025.05.27 03:15;4;22;22.5;21.375;338;202;0;
1401;2025.05.27 03:30;4;21.8125;22.25;21.1875;337;202;0;
1402;2025.05.27 03:45;4;21.5625;22;21;335;202;0;
1403;2025.05.27 04:00;4;21.3125;21.75;20.625;334;202;0;
1404;2025.05.27 04:15;4;21.0625;21.5;20.5;333;202;0;
1405;2025.05.27 04:30;4;20.875;21.25;20.375;332;202;0;
1406;2025.05.27 04:45;4;20.75;21.125;20.25;331;202;0;
1407;2025.05.27 05:00;4;20.625;21;20.125;331;202;0;
1408;2025.05.27 05:15;4;20.5;20.8125;20;330;202;0;
1409;2025.05.27 05:30;4;20.375;20.6875;19.875;330;202;0;
1410;2025.05.27 05:45;4;20.25;20.5625;19.75;329;202;0;
1411;2025.05.27 06:00;4;20.125;20.5;19.6875;329;202;0;
1412;2025.05.27 06:15;4;20;20.375;19.625;329;202;0;
1413;2025.05.27 06:30;4;19.9375;20.25;19.6875;323;202;0;
1414;2025.05.27 06:45;4;19.875;20.1875;19.75;322;202;0;
1415;2025.05.27 07:00;4;19.875;20.125;19.75;322;202;0;
1416;2025.05.27 07:15;4;19.8125;20.125;19.625;322;202;0;
1417;2025.05.27 07:30;4;19.75;20;19.625;322;202;0;
1418;2025.05.27 07:45;4;19.625;19.9375;19.5;321;202;0;
1419;2025.05.27 08:00;4;19.625;19.875;19.5;321;202;0;
1420;2025.05.27 08:15;4;19.5;19.8125;19.375;321;202;0;
1421;2025.05.27 08:30;4;19.5;19.75;19.3125;321;202;0;
1422;2025.05.27 08:45;4;19.375;19.6875;19.25;320;202;0;
1423;2025.05.27 09:00;4;19.3125;19.625;19.125;320;202;0;
1424;2025.05.27 09:15;4;19.25;19.5;19.125;320;202;0;
1425;2025.05.27 09:30;4;19.1875;19.5;19;319;202;0;
1426;2025.05.27 09:45;4;19.125;19.375;19;317;202;0;
1427;2025.05.27 10:00;4;19;19.3125;18.875;327;202;0;
1428;2025.05.27 10:15;4;18.875;19.25;18.75;326;202;0;
1429;2025.05.27 10:30;4;18.75;19.125;18.6875;326;202;0;
1430;2025.05.27 10:45;4;18.75;19.0625;18.625;326;202;0;
1431;2025.05.27 11:00;4;18.75;19;18.6875;327;202;0;
1432;2025.05.27 11:15;4;19.125;19.0625;18.75;328;202;0;
1433;2025.05.27 11:30;4;19.125;19.1875;19.0625;333;202;0;
1434;2025.05.27 11:45;4;19.25;19.375;19.5;334;202;0;
1435;2025.05.27 12:00;4;19.5;19.5;19.8125;337;202;0;
1436;2025.05.27 12:15;4;19.75;19.75;20.0625;337;202;0;
1437;2025.05.27 12:30;4;20;20;20.25;339;202;0;
1438;2025.05.27 12:45;4;20.875;20.5;21.375;340;202;0;
1439;2025.05.27 13:00;4;21.5;21.0625;22.375;343;202;0;
1440;2025.05.27 13:15;4;22;21.625;23.0625;345;202;0;
1441;2025.05.27 13:30;4;23.625;22.75;25;347;202;0;
1442;2025.05.27 13:45;4;24.75;24;27.25;353;202;0;
1443;2025.05.27 14:00;4;24.75;24.5625;25.8125;369;202;0;
1444;2025.05.27 14:15;4;24.125;24.375;24;345;202;0;
1445;2025.05.27 14:30;-12;22.625;23.625;22;210;202;0;
1446;2025.05.27 14:45;-12;22.125;22.8125;22.0625;352;202;0;
1447;2025.05.27 15:00;-12;22;22.5625;22.0625;351;202;0;
1448;2025.05.27 15:15;-12;21.9375;22.375;22;351;202;0;
1449;2025.05.27 15:30;-12;21.875;22.3125;22;351;202;0;
1450;2025.05.27 15:45;-12;21.875;22.25;22;351;202;0;
1451;2025.05.27 16:00;-12;21.8125;22.1875;22;350;202;0;
1452;2025.05.27 16:15;-12;21.8125;22.125;22;350;202;0;
1453;2025.05.27 16:30;-12;21.875;22.1875;22;351;202;0;
1454;2025.05.27 16:45;-12;21.875;22.25;22.0625;351;202;0;
1455;2025.05.27 17:00;-12;22;22.25;22.3125;352;202;0;
1456;2025.05.27 17:15;-12;22;22.25;22.25;352;202;0;
1457;2025.05.27 17:30;-12;21.9375;22.25;22.125;351;202;0;
1458;2025.05.27 17:45;-12;21.875;22.25;22.0625;351;202;0;
1459;2025.05.27 18:00;-12;21.875;22.125;22.125;351;202;0;
1460;2025.05.27 18:15;-12;21.875;22.125;22.0625;351;202;0;
1461;2025.05.27 18:30;-12;21.8125;22.125;21.9375;351;202;0;
1462;2025.05.27 18:45;-12;21.75;22.0625;21.875;351;202;0;
1463;2025.05.27 19:00;-12;21.75;22;21.75;350;202;0;
1464;2025.05.27 19:15;-12;21.75;22;22;351;202;0;
1465;2025.05.27 19:30;-12;21.875;22.0625;22.125;351;202;0;
1466;2025.05.27 19:45;-12;21.9375;22.125;22.25;351;202;0;
1467;2025.05.27 20:00;-12;22;22.25;22.375;352;202;0;
1468;2025.05.27 20:15;-12;22.125;22.375;22.5;352;202;0;
1469;2025.05.27 20:30;-12;22.3125;22.5;22.625;354;202;0;
1470;2025.05.27 20:45;-12;22.5;22.625;22.6875;354;202;0;
1471;2025.05.27 21:00;-12;22.625;22.75;22.75;355;202;0;
1472;2025.05.27 21:15;-12;22.625;22.75;22.75;355;202;0;
1473;2025.05.27 21:30;-12;22.75;22.875;22.75;355;202;0;
1474;2025.05.27 21:45;-12;22.75;22.875;22.75;356;202;0;
1475;2025.05.27 22:00;-12;22.75;22.9375;22.75;356;202;0;
1476;2025.05.27 22:15;-12;22.75;23;22.75;356;202;0;
1477;2025.05.27 22:30;-12;22.75;23;22.8125;356;202;0;
1478;2025.05.27 22:45;-12;22.75;23;22.8125;356;202;0;
1479;2025.05.27 23:00;-12;22.8125;23;22.8125;356;202;0;
1480;2025.05.27 23:15;-12;22.8125;23;22.875;356;202;0;
1481;2025.05.27 23:30;-12;22.8125;23;22.875;356;202;0;
1482;2025.05.27 23:45;-12;22.8125;23;22.875;356;202;0;
1483;2025.05.28 00:00;-12;22.8125;23;22.875;356;202;0;
1484;2025.05.28 00:15;-12;22.8125;23;22.875;356;202;0;
1485;2025.05.28 00:30;-12;22.8125;23.0625;22.875;356;202;0;
1486;2025.05.28 00:45;-12;22.8125;23.0625;22.875;356;202;0;
1487;2025.05.28 01:00;-12;22.8125;23.0625;22.875;356;202;0;
1488;2025.05.28 01:15;-12;22.875;23.0625;22.875;356;202;0;
1489;2025.05.28 01:30;-12;22.875;23.125;22.875;356;202;0;
1490;2025.05.28 01:45;-12;22.875;23.125;22.875;356;202;0;
1491;2025.05.28 02:00;-12;22.875;23.125;22.875;356;202;0;
1492;2025.05.28 02:15;-12;22.875;23.125;22.875;356;202;0;
1493;2025.05.28 02:30;-12;22.875;23.125;22.875;357;202;0;
1494;2025.05.28 02:45;-12;22.875;23.125;22.875;357;202;0;
1495;2025.05.28 03:00;-12;22.875;23.125;22.875;357;202;0;
1496;2025.05.28 03:15;-12;22.875;23.125;22.875;357;202;0;
1497;2025.05.28 03:30;-12;22.875;23.125;22.875;357;202;0;
1498;2025.05.28 03:45;-12;22.875;23.125;22.875;357;202;0;
1499;2025.05.28 04:00;-12;22.875;23.125;22.875;357;202;0;
1500;2025.05.28 04:15;-12;22.875;23.125;22.875;357;202;0;
1501;2025.05.28 04:30;-12;22.875;23.125;22.875;357;202;0;
1502;2025.05.28 04:45;-12;22.875;23.125;22.875;357;202;0;
1503;2025.05.28 05:00;-12;22.875;23.125;22.875;357;202;0;
1504;2025.05.28 05:15;-12;22.875;23.125;22.875;357;202;0;
1505;2025.05.28 05:30;-12;22.875;23.125;22.875;357;202;0;
1506;2025.05.28 05:45;-12;22.875;23.125;22.875;357;202;0;
1507;2025.05.28 06:00;-12;22.875;23.125;22.875;357;202;0;
1508;2025.05.28 06:15;-12;22.875;23.125;22.875;357;202;0;
1509;2025.05.28 06:30;-12;22.875;23.125;22.875;357;202;0;
1510;2025.05.28 06:45;-12;22.875;23.125;22.875;357;202;0;
1511;2025.05.28 07:00;-12;22.875;23.125;22.875;357;202;0;
1512;2025.05.28 07:15;-12;22.875;23.125;22.875;357;202;0;
1513;2025.05.28 07:30;-12;22.875;23.125;22.875;357;202;0;
1514;2025.05.28 07:45;-12;22.875;23.125;22.875;357;202;0;
1515;2025.05.28 08:00;-12;22.875;23.125;22.875;357;202;0;
1516;2025.05.28 08:15;-12;22.875;23.125;22.875;357;202;0;
1517;2025.05.28 08:30;-12;22.875;23.0625;22.8125;357;202;0;
1518;2025.05.28 08:45;-12;22.8125;23.0625;22.8125;357;202;0;
1519;2025.05.28 09:00;-12;22.8125;23.0625;22.8125;357;202;0;
1520;2025.05.28 09:15;-12;22.8125;23.0625;22.75;357;202;0;
1521;2025.05.28 09:30;-12;22.8125;23.0625;22.75;357;202;0;
1522;2025.05.28 09:45;-12;22.75;23;22.75;357;202;0;
1523;2025.05.28 10:00;-12;22.75;23;22.75;357;202;0;
1524;2025.05.28 10:15;-12;22.75;23;22.75;357;202;0;
1525;2025.05.28 10:30;-12;22.75;23;22.75;357;202;0;
1526;2025.05.28 10:45;-12;22.75;23;22.75;357;202;0;
1527;2025.05.28 11:00;-12;22.75;23;22.75;357;202;0;
1528;2025.05.28 11:15;-12;22.75;23;22.75;357;202;0;
1529;2025.05.28 11:30;-12;22.75;23;22.75;357;202;0;
1530;2025.05.28 11:45;-12;22.75;23;22.75;357;202;0;
1531;2025.05.28 12:00;-12;22.75;23;22.75;357;202;0;
1532;2025.05.28 12:15;-12;22.75;23;22.875;357;202;0;
1533;2025.05.28 12:30;-12;22.8125;23;22.875;357;202;0;
1534;2025.05.28 12:45;-12;22.875;23.0625;22.875;358;202;0;
1535;2025.05.28 13:00;-12;22.875;23.125;22.9375;358;202;0;
1536;2025.05.28 13:15;-12;22.875;23.125;22.9375;358;202;0;
1537;2025.05.28 13:30;-12;22.875;23.125;22.875;358;202;0;
1538;2025.05.28 13:45;-12;22.875;23.125;22.875;358;202;0;
1539;2025.05.28 14:00;-12;22.875;23.125;22.875;358;202;0;
1540;2025.05.28 14:15;-12;22.875;23.125;22.875;358;202;0;
1541;2025.05.28 14:30;-12;22.875;23.125;22.9375;358;202;0;
1542;2025.05.28 14:45;-12;22.875;23.125;23;358;202;0;
1543;2025.05.28 15:00;-12;22.9375;23.125;23;358;202;0;
1544;2025.05.28 15:15;-12;23;23.1875;23.125;358;202;0;
1545;2025.05.28 15:30;-12;23;23.25;23;358;202;0;
1546;2025.05.28 15:45;-12;23;23.25;23;358;202;0;
1547;2025.05.28 16:00;-12;23;23.25;23;359;202;0;
1548;2025.05.28 16:15;-12;23;23.25;23;358;202;0;
1549;2025.05.28 16:30;-12;23;23.1875;23;358;202;0;
1550;2025.05.28 16:45;-12;22.9375;23.1875;22.875;358;202;0;
1551;2025.05.28 17:00;-12;22.9375;23.1875;22.9375;358;202;0;
1552;2025.05.28 17:15;-12;22.9375;23.125;22.9375;359;202;0;
1553;2025.05.28 17:30;-12;23;23.1875;23;359;202;0;
1554;2025.05.28 17:45;-12;23.0625;23.25;23.125;359;202;0;
1555;2025.05.28 18:00;-12;23.125;23.25;23.25;359;202;0;
1556;2025.05.28 18:15;-12;23.25;23.375;23.3125;360;202;0;
1557;2025.05.28 18:30;-12;23.25;23.4375;23.375;360;202;0;
1558;2025.05.28 18:45;-12;23.375;23.5;23.375;361;202;0;
1559;2025.05.28 19:00;-12;23.4375;23.5625;23.375;361;202;0;
1560;2025.05.28 19:15;-12;23.5;23.625;23.375;362;202;0;
1561;2025.05.28 19:30;-12;23.5625;23.625;23.4375;362;202;0;
1562;2025.05.28 19:45;-12;23.625;23.75;23.5;362;202;0;
1563;2025.05.28 20:00;-12;23.75;23.75;23.5;362;202;0;
1564;2025.05.28 20:15;-12;23.875;23.8125;23.5;363;202;0;
1565;2025.05.28 20:30;-12;24;23.875;23.5;363;202;0;
1566;2025.05.28 20:45;-12;24;24;23.5625;363;202;0;
1567;2025.05.28 21:00;-12;24.125;24;23.625;364;202;0;
1568;2025.05.28 21:15;-12;24.125;24;23.625;364;202;0;
1569;2025.05.28 21:30;-12;24.125;24.0625;23.625;364;202;0;
1570;2025.05.28 21:45;-12;24.125;24.0625;23.625;364;202;0;
1571;2025.05.28 22:00;-12;24.125;24.125;23.625;364;202;0;
1572;2025.05.28 22:15;-12;24.125;24.125;23.625;364;202;0;
1573;2025.05.28 22:30;-12;24.125;24.125;23.625;371;202;0;
1574;2025.05.28 22:45;-12;24.5;24.5625;24.5625;409;202;0;
1575;2025.05.28 23:00;-12;24.75;25;24.75;401;202;0;
1576;2025.05.28 23:15;-12;24.75;25;24.25;400;202;0;
1577;2025.05.28 23:30;-12;24.625;25;24;400;202;0;
1578;2025.05.28 23:45;-12;24.4375;24.875;23.625;399;202;0;
1579;2025.05.29 00:00;-12;24.1875;24.625;23.3125;399;202;0;
1580;2025.05.29 00:15;-12;23.875;24.25;22.9375;397;202;0;
1581;2025.05.29 00:30;-12;23.5;23.875;22.625;389;202;0;
1582;2025.05.29 00:45;-12;23.375;23.625;22.8125;386;202;0;
1583;2025.05.29 01:00;-12;23.125;23.5;22.75;385;202;0;
1584;2025.05.29 01:15;-12;23;23.25;22.6875;384;202;0;
1585;2025.05.29 01:30;-12;22.8125;23.125;22.625;383;202;0;
1586;2025.05.29 01:45;-12;22.75;23.0625;22.5625;383;202;0;
1587;2025.05.29 02:00;-12;22.75;23.0625;22.6875;383;202;0;
1588;2025.05.29 02:15;-12;22.6875;23.0625;22.75;383;202;0;
1589;2025.05.29 02:30;-12;22.6875;23;22.75;383;202;0;
1590;2025.05.29 02:45;-12;22.625;23;22.75;383;202;0;
1591;2025.05.29 03:00;-12;22.625;23;22.75;382;202;0;
1592;2025.05.29 03:15;-12;22.5625;22.9375;22.6875;382;202;0;
1593;2025.05.29 03:30;-12;22.5;22.875;22.625;382;202;0;
1594;2025.05.29 03:45;-12;22.5;22.875;22.625;382;202;0;
1595;2025.05.29 04:00;-12;22.5;22.8125;22.5625;382;202;0;
1596;2025.05.29 04:15;-12;22.4375;22.75;22.5;382;202;0;
1597;2025.05.29 04:30;-12;22.375;22.75;22.5;382;202;0;
1598;2025.05.29 04:45;-12;22.375;22.6875;22.5;382;202;0;
1599;2025.05.29 05:00;-12;22.375;22.625;22.4375;382;202;0;
1600;2025.05.29 05:15;-12;22.25;22.625;22.375;381;202;0;
1601;2025.05.29 05:30;-12;22.25;22.625;22.375;381;202;0;
1602;2025.05.29 05:45;-12;22.25;22.5;22.3125;381;202;0;
1603;2025.05.29 06:00;-12;22.1875;22.5;22.25;381;202;0;
1604;2025.05.29 06:15;-12;22.125;22.5;22.25;381;202;0;
1605;2025.05.29 06:30;-12;22.0625;22.375;22.125;381;202;0;
1606;2025.05.29 06:45;-12;22;22.375;22.0625;380;202;0;
1607;2025.05.29 07:00;-12;21.9375;22.3125;22;380;202;0;
1608;2025.05.29 07:15;-12;21.875;22.25;21.875;380;202;0;
1609;2025.05.29 07:30;-12;21.8125;22.125;21.875;380;202;0;
1610;2025.05.29 07:45;-12;21.75;22.125;21.75;379;202;0;
1611;2025.05.29 08:00;-12;21.625;22;21.625;379;202;0;
1612;2025.05.29 08:15;-12;21.5625;21.9375;21.625;379;202;0;
1613;2025.05.29 08:30;-12;21.5;21.875;21.5;378;202;0;
1614;2025.05.29 08:45;-12;21.375;21.75;21.375;378;202;0;
1615;2025.05.29 09:00;-12;21.3125;21.6875;21.3125;378;202;0;
1616;2025.05.29 09:15;-12;21.25;21.625;21.25;377;202;0;
1617;2025.05.29 09:30;-12;21.125;21.5;21.1875;377;202;0;
1618;2025.05.29 09:45;-12;21.0625;21.5;21.125;377;202;0;
1619;2025.05.29 10:00;-12;21;21.375;21;377;202;0;
1620;2025.05.29 10:15;-12;20.875;21.3125;20.9375;376;202;0;
1621;2025.05.29 10:30;-12;20.8125;21.25;20.875;376;202;0;
1622;2025.05.29 10:45;-12;20.75;21.125;20.8125;376;202;0;
1623;2025.05.29 11:00;-12;20.6875;21.0625;20.75;375;202;0;
1624;2025.05.29 11:15;-12;20.625;21;20.6875;375;202;0;
1625;2025.05.29 11:30;-12;20.5;20.9375;20.625;375;202;0;
1626;2025.05.29 11:45;-12;20.5;20.875;20.5625;375;202;0;
1627;2025.05.29 12:00;-12;20.375;20.75;20.375;374;202;0;
1628;2025.05.29 12:15;-12;20.25;20.6875;20.25;374;202;0;
1629;2025.05.29 12:30;-12;20.125;20.5625;20.0625;373;202;0;
1630;2025.05.29 12:45;-12;20;20.4375;19.9375;373;202;0;
1631;2025.05.29 13:00;-12;19.875;20.375;19.875;372;202;0;
1632;2025.05.29 13:15;-12;19.875;20.25;19.9375;372;202;0;
1633;2025.05.29 13:30;-12;19.8125;20.1875;20;372;202;0;
1634;2025.05.29 13:45;-12;20.25;20.375;20.375;383;202;0;
1635;2025.05.29 14:00;-12;20.25;20.5;20.1875;382;202;0;
1636;2025.05.29 14:15;-12;20.25;20.5;20;382;202;0;
1637;2025.05.29 14:30;-12;20.125;20.4375;19.875;381;202;0;
1638;2025.05.29 14:45;-12;20.0625;20.375;19.75;381;202;0;
1639;2025.05.29 15:00;-12;20;20.25;19.6875;381;202;0;
1640;2025.05.29 15:15;-12;19.9375;20.25;19.75;381;202;0;
1641;2025.05.29 15:30;-12;19.9375;20.1875;19.8125;381;202;0;
1642;2025.05.29 15:45;-12;19.875;20.1875;19.75;387;202;0;
1643;2025.05.29 16:00;-12;20.0625;20.3125;20.25;388;202;0;
1644;2025.05.29 16:15;-12;20.25;20.5;20.5;390;202;0;
1645;2025.05.29 16:30;-12;20.375;20.625;20.625;386;202;0;
1646;2025.05.29 16:45;-12;20.625;20.75;20.8125;387;202;0;
1647;2025.05.29 17:00;-12;20.75;20.9375;20.9375;388;202;0;
1648;2025.05.29 17:15;-12;20.875;21.0625;21.0625;388;202;0;
1649;2025.05.29 17:30;-12;21;21.1875;21.125;389;202;0;
1650;2025.05.29 17:45;-12;21.0625;21.25;21.25;390;202;0;
1651;2025.05.29 18:00;-12;21.125;21.375;21.25;390;202;0;
1652;2025.05.29 18:15;-12;21.25;21.4375;21.3125;390;202;0;
1653;2025.05.29 18:30;-12;21.25;21.5;21.375;391;202;0;
1654;2025.05.29 18:45;-12;21.375;21.625;21.375;391;202;0;
1655;2025.05.29 19:00;-12;21.375;21.625;21.4375;390;202;0;
1656;2025.05.29 19:15;-12;21.375;21.625;21.4375;391;202;0;
1657;2025.05.29 19:30;-12;21.4375;21.6875;21.5;391;202;0;
1658;2025.05.29 19:45;-12;21.4375;21.75;21.5;391;202;0;
1659;2025.05.29 20:00;-12;21.4375;21.75;21.4375;391;202;0;
1660;2025.05.29 20:15;-12;21.4375;21.75;21.5;391;202;0;
1661;2025.05.29 20:30;-12;21.4375;21.75;21.625;391;202;0;
1662;2025.05.29 20:45;-12;21.5;21.75;21.6875;391;202;0;
1663;2025.05.29 21:00;-12;21.5;21.8125;21.75;391;202;0;
1664;2025.05.29 21:15;-12;21.5;21.875;21.75;398;202;0;
1665;2025.05.29 21:30;-12;21.5625;21.875;22;398;202;0;
1666;2025.05.29 21:45;-12;21.625;21.9375;22.0625;397;202;0;
1667;2025.05.29 22:00;-12;21.625;22;22;399;202;0;
1668;2025.05.29 22:15;-12;21.625;22;22;399;202;0;
1669;2025.05.29 22:30;-12;21.625;22;21.875;398;202;0;
1670;2025.05.29 22:45;-12;21.5625;22;21.75;398;202;0;
1671;2025.05.29 23:00;-12;21.375;21.875;21.5;405;202;0;
1672;2025.05.29 23:15;-12;21.375;21.75;21.375;405;202;0;
1673;2025.05.29 23:30;-12;21.1875;21.5625;20.9375;401;202;0;
1674;2025.05.29 23:45;-12;20.9375;21.3125;20.625;403;202;0;
1675;2025.05.30 00:00;-12;20.75;21.125;20.5625;402;202;0;
1676;2025.05.30 00:15;-12;20.625;21.0625;20.5625;402;202;0;
1677;2025.05.30 00:30;-12;20.5;21;20.375;394;202;0;
1678;2025.05.30 00:45;-12;20.375;20.875;20.375;394;202;0;
1679;2025.05.30 01:00;-12;20.25;20.75;20.3125;393;202;0;
1680;2025.05.30 01:15;-12;20.25;20.6875;20.25;393;202;0;
1681;2025.05.30 01:30;-12;20.1875;20.625;20.25;392;202;0;
1682;2025.05.30 01:45;-12;20.125;20.5625;20.25;392;202;0;
1683;2025.05.30 02:00;-12;20.0625;20.5;20.125;390;202;0;
1684;2025.05.30 02:15;-12;20;20.4375;20.125;390;202;0;
1685;2025.05.30 02:30;-12;20.0625;20.4375;20.125;390;202;0;
1686;2025.05.30 02:45;-12;20.125;20.4375;20.25;391;202;0;
1687;2025.05.30 03:00;-12;20.0625;20.4375;20.25;390;202;0;
1688;2025.05.30 03:15;-12;19.9375;20.375;20.125;390;202;0;
1689;2025.05.30 03:30;-12;19.8125;20.25;19.9375;389;202;0;
1690;2025.05.30 03:45;-12;19.6875;20.125;19.75;389;202;0;
1691;2025.05.30 04:00;-12;19.5625;20;19.625;388;202;0;
1692;2025.05.30 04:15;-12;19.5;19.9375;19.625;388;202;0;
1693;2025.05.30 04:30;-12;19.5;19.875;19.625;388;202;0;
1694;2025.05.30 04:45;-12;19.5;19.875;19.625;388;202;0;
1695;2025.05.30 05:00;-12;19.4375;19.875;19.625;388;202;0;
1696;2025.05.30 05:15;-12;19.5;19.875;19.6875;388;202;0;
1697;2025.05.30 05:30;-12;19.5;19.875;19.75;389;202;0;
1698;2025.05.30 05:45;-12;19.625;20;19.875;389;202;0;
1699;2025.05.30 06:00;-12;19.75;20.0625;20.0625;390;202;0;
1700;2025.05.30 06:15;-12;19.875;20.125;20.25;390;202;0;
1701;2025.05.30 06:30;-12;20;20.25;20.375;391;202;0;
1702;2025.05.30 06:45;-12;20.125;20.375;20.5;392;202;0;
1703;2025.05.30 07:00;-12;20.125;20.5;20.5;393;202;0;
1704;2025.05.30 07:15;-12;20.1875;20.5;20.5625;393;202;0;
1705;2025.05.30 07:30;-12;20.1875;20.5625;20.5;393;202;0;
1706;2025.05.30 07:45;-12;20.25;20.625;20.625;393;202;0;
1707;2025.05.30 08:00;-12;20.375;20.75;20.75;394;202;0;
1708;2025.05.30 08:15;-12;20.5;20.8125;20.9375;395;202;0;
1709;2025.05.30 08:30;-12;20.625;21;21.125;395;202;0;
1710;2025.05.30 08:45;-12;20.8125;21.125;21.25;396;202;0;
1711;2025.05.30 09:00;-12;20.875;21.25;21.4375;397;202;0;
1712;2025.05.30 09:15;-12;21;21.3125;21.5;397;202;0;
1713;2025.05.30 09:30;-12;21.125;21.375;21.625;398;202;0;
1714;2025.05.30 09:45;-12;21.25;21.5;21.75;398;202;0;
1715;2025.05.30 10:00;-12;21.3125;21.625;21.875;399;202;0;
1716;2025.05.30 10:15;-12;21.375;21.75;21.875;399;202;0;
1717;2025.05.30 10:30;-12;21.375;21.75;21.875;399;202;0;
1718;2025.05.30 10:45;-12;21.375;21.8125;21.875;399;202;0;
1719;2025.05.30 11:00;-12;21.5;21.875;22;400;202;0;
1720;2025.05.30 11:15;-12;21.5;21.9375;22.0625;400;202;0;
1721;2025.05.30 11:30;-12;21.625;22;22.125;400;202;0;
1722;2025.05.30 11:45;-12;21.75;22.125;22.25;401;202;0;
1723;2025.05.30 12:00;-12;21.75;22.1875;22.125;395;202;0;
1724;2025.05.30 12:15;-12;21.625;22.125;21.875;401;202;0;
1725;2025.05.30 12:30;-12;21.625;22.125;21.875;402;202;0;
1726;2025.05.30 12:45;-12;21.4375;21.875;21.5;401;202;0;
1727;2025.05.30 13:00;-12;21.25;21.75;21.375;401;202;0;
1728;2025.05.30 13:15;-12;21.125;21.5625;21.125;400;202;0;
1729;2025.05.30 13:30;-12;21;21.4375;21;398;202;0;
1730;2025.05.30 13:45;-12;20.875;21.3125;20.9375;398;202;0;
1731;2025.05.30 14:00;-12;20.75;21.25;20.875;398;202;0;
1732;2025.05.30 14:15;-12;20.75;21.125;20.75;397;202;0;
1733;2025.05.30 14:30;-12;20.625;21;20.75;397;202;0;
1734;2025.05.30 14:45;-12;20.5625;20.9375;20.625;397;202;0;
1735;2025.05.30 15:00;-12;20.5;20.875;20.625;397;202;0;
1736;2025.05.30 15:15;-12;20.5;20.875;20.5625;396;202;0;
1737;2025.05.30 15:30;-12;20.4375;20.75;20.5;396;202;0;
1738;2025.05.30 15:45;-12;20.375;20.75;20.5;396;202;0;
1739;2025.05.30 16:00;-12;20.375;20.6875;20.5;396;202;0;
1740;2025.05.30 16:15;-12;20.375;20.625;20.5;396;202;0;
1741;2025.05.30 16:30;-12;20.3125;20.625;20.4375;396;202;0;
1742;2025.05.30 16:45;-12;20.25;20.625;20.375;396;202;0;
1743;2025.05.30 17:00;-12;20.25;20.625;20.375;396;202;0;
1744;2025.05.30 17:15;-12;20.25;20.625;20.375;396;202;0;
1745;2025.05.30 17:30;-12;20.25;20.625;20.4375;396;202;0;
1746;2025.05.30 17:45;-12;20.25;20.625;20.4375;396;202;0;
1747;2025.05.30 18:00;-12;20.25;20.625;20.5;397;202;0;
1748;2025.05.30 18:15;-12;20.3125;20.625;20.5;396;202;0;
1749;2025.05.30 18:30;-12;20.375;20.625;20.5625;396;202;0;
1750;2025.05.30 18:45;-12;20.375;20.625;20.625;396;202;0;
1751;2025.05.30 19:00;-12;20.4375;20.75;20.625;397;202;0;
1752;2025.05.30 19:15;-12;20.5;20.75;20.6875;397;202;0;
1753;2025.05.30 19:30;-12;20.5;20.75;20.75;397;202;0;
1754;2025.05.30 19:45;-12;20.5625;20.8125;20.75;397;202;0;
1755;2025.05.30 20:00;-12;20.625;20.875;20.8125;397;202;0;
1756;2025.05.30 20:15;-12;20.625;20.875;20.875;398;202;0;
1757;2025.05.30 20:30;-12;20.6875;21;20.9375;398;202;0;
1758;2025.05.30 20:45;-12;20.75;21;21;398;202;0;
1759;2025.05.30 21:00;-12;20.75;21.0625;21;398;202;0;
1760;2025.05.30 21:15;-12;20.875;21.125;21.125;399;202;0;
1761;2025.05.30 21:30;-12;20.875;21.125;21.125;397;202;0;
1762;2025.05.30 21:45;-12;21;21.25;21.25;399;202;0;
1763;2025.05.30 22:00;-12;21.125;21.375;21.5625;400;202;0;
1764;2025.05.30 22:15;-12;21.1875;21.4375;21.6875;400;202;0;
1765;2025.05.30 22:30;-12;21.25;21.5625;21.75;401;202;0;
1766;2025.05.30 22:45;-12;21.375;21.625;21.75;401;202;0;
1767;2025.05.30 23:00;-12;21.375;21.75;21.8125;402;202;0;
1768;2025.05.30 23:15;-12;21.5;21.75;21.875;402;202;0;
1769;2025.05.30 23:30;-12;21.5;21.8125;21.875;402;202;0;
1770;2025.05.30 23:45;-12;21.5625;21.875;21.875;402;202;0;
1771;2025.05.31 00:00;-12;21.5625;21.875;21.875;402;202;0;
1772;2025.05.31 00:15;-12;21.625;21.875;21.875;402;202;0;
1773;2025.05.31 00:30;-12;21.625;21.9375;21.875;402;202;0;
1774;2025.05.31 00:45;-12;21.625;22;21.875;402;202;0;
1775;2025.05.31 01:00;-12;21.6875;22;21.875;403;202;0;
1776;2025.05.31 01:15;-12;21.6875;22;21.875;403;202;0;
1777;2025.05.31 01:30;-12;21.6875;22;21.875;404;202;0;
1778;2025.05.31 01:45;-12;21.75;22;21.875;404;202;0;
1779;2025.05.31 02:00;-12;21.75;22;21.875;404;202;0;
1780;2025.05.31 02:15;-12;21.75;22.0625;21.9375;404;202;0;
1781;2025.05.31 02:30;-12;21.8125;22.125;22;404;202;0;
1782;2025.05.31 02:45;-12;21.875;22.125;22;404;202;0;
1783;2025.05.31 03:00;-12;21.875;22.125;22;404;202;0;
1784;2025.05.31 03:15;-12;21.875;22.125;22;404;202;0;
1785;2025.05.31 03:30;-12;21.875;22.125;22;405;202;0;
1786;2025.05.31 03:45;-12;21.875;22.1875;22;405;202;0;
1787;2025.05.31 04:00;-12;21.9375;22.1875;22;405;202;0;
1788;2025.05.31 04:15;-12;22;22.25;22;405;202;0;
1789;2025.05.31 04:30;-12;22;22.25;22.0625;405;202;0;
1790;2025.05.31 04:45;-12;22;22.25;22.0625;405;202;0;
1791;2025.05.31 05:00;-12;22;22.25;22.0625;405;202;0;
1792;2025.05.31 05:15;-12;22;22.25;22.0625;405;202;0;
1793;2025.05.31 05:30;-12;22;22.25;22.0625;405;202;0;
1794;2025.05.31 05:45;-12;22.0625;22.25;22.0625;405;202;0;
1795;2025.05.31 06:00;-12;22.0625;22.25;22.125;405;202;0;
1796;2025.05.31 06:15;-12;22.0625;22.25;22.125;405;202;0;
1797;2025.05.31 06:30;-12;22.125;22.25;22.125;406;202;0;
1798;2025.05.31 06:45;-12;22.125;22.3125;22.125;406;202;0;
1799;2025.05.31 07:00;-12;22.125;22.3125;22.125;406;202;0;
1800;2025.05.31 07:15;-12;22.125;22.3125;22.125;406;202;0;
1801;2025.05.31 07:30;-12;22.125;22.3125;22.125;406;202;0;
1802;2025.05.31 07:45;-12;22.125;22.3125;22.125;406;202;0;
1803;2025.05.31 08:00;-12;22.125;22.375;22.0625;406;202;0;
1804;2025.05.31 08:15;-12;22.125;22.3125;22.0625;406;202;0;
1805;2025.05.31 08:30;-12;22.125;22.3125;22.0625;406;202;0;
1806;2025.05.31 08:45;-12;22.125;22.3125;22;406;202;0;
1807;2025.05.31 09:00;-12;22.125;22.3125;22;406;202;0;
1808;2025.05.31 09:15;-12;22.0625;22.25;22;406;202;0;
1809;2025.05.31 09:30;-12;22.0625;22.25;22;406;202;0;
1810;2025.05.31 09:45;-12;22.0625;22.25;22;406;202;0;
1811;2025.05.31 10:00;-12;22;22.25;21.9375;406;202;0;
1812;2025.05.31 10:15;-12;22;22.25;21.875;405;202;0;
1813;2025.05.31 10:30;-12;22;22.25;21.875;405;202;0;
1814;2025.05.31 10:45;-12;22;22.1875;21.875;405;202;0;
1815;2025.05.31 11:00;-12;22;22.1875;21.875;405;202;0;
1816;2025.05.31 11:15;-12;22;22.125;21.875;405;202;0;
1817;2025.05.31 11:30;-12;21.9375;22.125;21.875;405;202;0;
1818;2025.05.31 11:45;-12;21.875;22.125;21.75;405;202;0;
1819;2025.05.31 12:00;-12;21.875;22.125;21.75;405;202;0;
1820;2025.05.31 12:15;-12;21.875;22.125;21.75;405;202;0;
1821;2025.05.31 12:30;-12;21.875;22.0625;21.625;405;202;0;
1822;2025.05.31 12:45;-12;21.8125;22;21.625;405;202;0;
1823;2025.05.31 13:00;-12;21.75;22;21.625;405;202;0;
1824;2025.05.31 13:15;-12;21.75;22;21.625;405;202;0;
1825;2025.05.31 13:30;-12;21.75;22;21.625;405;202;0;
1826;2025.05.31 13:45;-12;21.75;21.9375;21.5625;405;202;0;
1827;2025.05.31 14:00;-12;21.6875;21.875;21.5625;405;202;0;
1828;2025.05.31 14:15;-12;21.6875;21.875;21.625;405;202;0;
1829;2025.05.31 14:30;-12;21.625;21.875;21.625;405;202;0;
1830;2025.05.31 14:45;-12;21.625;21.875;21.625;405;202;0;
1831;2025.05.31 15:00;-12;21.625;21.875;21.625;405;202;0;
1832;2025.05.31 15:15;-12;21.625;21.875;21.6875;405;202;0;
1833;2025.05.31 15:30;-12;21.625;21.875;21.75;405;202;0;
1834;2025.05.31 15:45;-12;21.625;21.875;21.75;405;202;0;
1835;2025.05.31 16:00;-12;21.625;21.875;21.75;405;202;0;
1836;2025.05.31 16:15;-12;21.625;21.9375;21.875;405;202;0;
1837;2025.05.31 16:30;-12;21.6875;21.9375;21.875;405;202;0;
1838;2025.05.31 16:45;-12;21.6875;22;21.9375;405;202;0;
1839;2025.05.31 17:00;-12;21.75;22;22;405;202;0;
1840;2025.05.31 17:15;-12;21.75;22;22.0625;405;202;0;
1841;2025.05.31 17:30;-12;21.75;22.0625;22.125;406;202;0;
1842;2025.05.31 17:45;-12;21.8125;22.125;22.125;406;202;0;
1843;2025.05.31 18:00;-12;21.875;22.125;22.25;406;202;0;
1844;2025.05.31 18:15;-12;21.875;22.1875;22.3125;406;202;0;
1845;2025.05.31 18:30;-12;21.875;22.25;22.375;406;202;0;
1846;2025.05.31 18:45;-12;21.9375;22.25;22.375;407;202;0;
1847;2025.05.31 19:00;-12;22;22.375;22.5;407;202;0;
1848;2025.05.31 19:15;-12;22;22.375;22.5625;407;202;0;
1849;2025.05.31 19:30;-12;22.0625;22.4375;22.625;407;202;0;
1850;2025.05.31 19:45;-12;22.125;22.5;22.625;408;202;0;
1851;2025.05.31 20:00;-12;22.125;22.5;22.75;408;202;0;
1852;2025.05.31 20:15;-12;22.25;22.5625;22.75;408;202;0;
1853;2025.05.31 20:30;-12;22.25;22.625;22.8125;408;202;0;
1854;2025.05.31 20:45;-12;22.3125;22.6875;22.875;409;202;0;
1855;2025.05.31 21:00;-12;22.375;22.75;22.875;409;202;0;
1856;2025.05.31 21:15;-12;22.375;22.75;23;409;202;0;
1857;2025.05.31 21:30;-12;22.5;22.875;23;409;202;0;
1858;2025.05.31 21:45;-12;22.5;22.875;23.0625;410;202;0;
1859;2025.05.31 22:00;-12;22.5625;22.875;23.125;410;202;0;
1860;2025.05.31 22:15;-12;22.625;23;23.125;410;202;0;
1861;2025.05.31 22:30;-12;22.625;23;23.125;410;202;0;
1862;2025.05.31 22:45;-12;22.6875;23;23.1875;411;202;0;
1863;2025.05.31 23:00;-12;22.75;23.125;23.25;411;202;0;
1864;2025.05.31 23:15;-12;22.75;23.125;23.25;411;202;0;
1865;2025.05.31 23:30;-12;22.8125;23.125;23.25;411;202;0;
1866;2025.05.31 23:45;-12;22.875;23.1875;23.25;411;202;0;
1867;2025.06.01 00:00;-12;22.875;23.25;23.3125;412;202;0;
1868;2025.06.01 00:15;-12;22.875;23.25;23.3125;412;202;0;
1869;2025.06.01 00:30;-12;22.9375;23.25;23.3125;412;202;0;
1870;2025.06.01 00:45;-12;23;23.3125;23.3125;412;202;0;
1871;2025.06.01 01:00;-12;23;23.375;23.3125;412;202;0;
1872;2025.06.01 01:15;-12;23;23.375;23.3125;412;202;0;
1873;2025.06.01 01:30;-12;23;23.375;23.3125;412;202;0;
1874;2025.06.01 01:45;-12;23.0625;23.375;23.3125;413;202;0;
1875;2025.06.01 02:00;-12;23.125;23.375;23.25;413;202;0;
1876;2025.06.01 02:15;-12;23.125;23.375;23.25;413;202;0;
1877;2025.06.01 02:30;-12;23.125;23.375;23.25;413;202;0;
1878;2025.06.01 02:45;-12;23.125;23.375;23.3125;413;202;0;
1879;2025.06.01 03:00;-12;23.125;23.375;23.3125;413;202;0;
1880;2025.06.01 03:15;-12;23.125;23.4375;23.3125;413;202;0;
1881;2025.06.01 03:30;-12;23.125;23.4375;23.25;413;202;0;
1882;2025.06.01 03:45;-12;23.125;23.4375;23.25;413;202;0;
1883;2025.06.01 04:00;-12;23.125;23.4375;23.3125;414;202;0;
1884;2025.06.01 04:15;-12;23.1875;23.4375;23.375;414;202;0;
1885;2025.06.01 04:30;-12;23.1875;23.5;23.375;414;202;0;
1886;2025.06.01 04:45;-12;23.25;23.5;23.375;414;202;0;
1887;2025.06.01 05:00;-12;23.25;23.5;23.375;414;202;0;
1888;2025.06.01 05:15;-12;23.25;23.5;23.375;414;202;0;
1889;2025.06.01 05:30;-12;23.25;23.5;23.375;414;202;0;
1890;2025.06.01 05:45;-12;23.25;23.5;23.375;414;202;0;
1891;2025.06.01 06:00;-12;23.25;23.5;23.3125;414;202;0;
1892;2025.06.01 06:15;-12;23.25;23.5;23.3125;414;202;0;
1893;2025.06.01 06:30;-12;23.25;23.5;23.3125;414;202;0;
1894;2025.06.01 06:45;-12;23.25;23.5;23.3125;414;202;0;
1895;2025.06.01 07:00;-12;23.25;23.5;23.3125;414;202;0;
1896;2025.06.01 07:15;-12;23.25;23.5;23.25;414;202;0;
1897;2025.06.01 07:30;-12;23.25;23.5;23.25;414;202;0;
1898;2025.06.01 07:45;-12;23.25;23.5;23.25;414;202;0;
1899;2025.06.01 08:00;-12;23.25;23.5;23.25;414;202;0;
1900;2025.06.01 08:15;-12;23.25;23.5;23.25;414;202;0;
1901;2025.06.01 08:30;-12;23.25;23.5;23.25;414;202;0;
1902;2025.06.01 08:45;-12;23.25;23.5;23.25;415;202;0;
1903;2025.06.01 09:00;-12;23.25;23.5;23.25;415;202;0;
1904;2025.06.01 09:15;-12;23.25;23.5;23.25;415;202;0;
1905;2025.06.01 09:30;-12;23.25;23.5;23.1875;415;202;0;
1906;2025.06.01 09:45;-12;23.25;23.5;23.1875;414;202;0;
1907;2025.06.01 10:00;-12;23.25;23.5;23.125;414;202;0;
1908;2025.06.01 10:15;-12;23.25;23.5;23.125;414;202;0;
1909;2025.06.01 10:30;-12;23.25;23.5;23.125;414;202;0;
1910;2025.06.01 10:45;-12;23.25;23.4375;23.125;414;202;0;
1911;2025.06.01 11:00;-12;23.25;23.4375;23.125;414;202;0;
1912;2025.06.01 11:15;-12;23.25;23.4375;23.125;414;202;0;
1913;2025.06.01 11:30;-12;23.25;23.4375;23.125;414;202;0;
1914;2025.06.01 11:45;-12;23.1875;23.375;23.125;414;202;0;
1915;2025.06.01 12:00;-12;23.1875;23.375;23.125;413;202;0;
1916;2025.06.01 12:15;-12;23.1875;23.375;23.25;416;202;0;
1917;2025.06.01 12:30;-12;23.125;23.375;23.125;416;202;0;
1918;2025.06.01 12:45;-12;23.125;23.375;23.125;416;202;0;
1919;2025.06.01 13:00;-12;23.4375;23.625;23.875;415;202;0;
1920;2025.06.01 13:15;-12;23.4375;23.6875;23.875;420;202;0;
1921;2025.06.01 13:30;-12;23.4375;23.6875;23.6875;418;202;0;
1922;2025.06.01 13:45;-12;23.5;23.75;23.875;412;202;0;
1923;2025.06.01 14:00;-12;23.625;23.875;23.875;413;202;0;
1924;2025.06.01 14:15;-12;23.6875;23.9375;24;414;202;0;
1925;2025.06.01 14:30;-12;23.8125;24.0625;24.125;414;202;0;
1926;2025.06.01 14:45;-12;23.875;24.125;24.1875;414;202;0;
1927;2025.06.01 15:00;-12;24;24.25;24.3125;414;202;0;
1928;2025.06.01 15:15;-12;24.0625;24.3125;24.375;415;202;0;
1929;2025.06.01 15:30;-12;24.125;24.375;24.5;415;202;0;
1930;2025.06.01 15:45;-12;24.25;24.5;24.625;416;202;0;
1931;2025.06.01 16:00;-12;24.375;24.625;24.6875;413;202;0;
1932;2025.06.01 16:15;-12;24.625;24.8125;25.125;416;202;0;
1933;2025.06.01 16:30;-12;24.875;25;25.5625;417;202;0;
1934;2025.06.01 16:45;-12;25.125;25.25;25.9375;419;202;0;
1935;2025.06.01 17:00;-12;25.5;25.5;26.25;419;202;0;
1936;2025.06.01 17:15;-12;25.875;25.875;26.5;421;202;0;
1937;2025.06.01 17:30;-12;26.1875;26.125;26.875;422;202;0;
1938;2025.06.01 17:45;-12;26.375;26.4375;27.0625;432;202;0;
1939;2025.06.01 18:00;-12;26.75;26.875;27.625;427;202;0;
1940;2025.06.01 18:15;-12;26.75;26.875;26.8125;428;202;0;
1941;2025.06.01 18:30;-12;26.375;26.625;25.9375;427;202;0;
1942;2025.06.01 18:45;-12;26;26.375;25.375;425;202;0;
1943;2025.06.01 19:00;-12;25.6875;26;24.9375;424;202;0;
1944;2025.06.01 19:15;-12;25.375;25.75;24.625;422;202;0;
1945;2025.06.01 19:30;-12;25.125;25.4375;24.375;421;202;0;
1946;2025.06.01 19:45;-12;24.8125;25.125;24.125;423;202;0;
1947;2025.06.01 20:00;-12;24.5625;24.875;23.9375;421;202;0;
1948;2025.06.01 20:15;-12;24.375;24.625;23.75;420;202;0;
1949;2025.06.01 20:30;-12;24.1875;24.375;23.6875;419;202;0;
1950;2025.06.01 20:45;-12;24;24.25;23.625;419;202;0;
1951;2025.06.01 21:00;-12;23.875;24.125;23.5;418;202;0;
1952;2025.06.01 21:15;-12;23.75;24;23.4375;418;202;0;
1953;2025.06.01 21:30;-12;23.6875;23.875;23.375;418;202;0;
1954;2025.06.01 21:45;-12;23.625;23.75;23.3125;417;202;0;
1955;2025.06.01 22:00;-12;23.5;23.75;23.25;417;202;0;
1956;2025.06.01 22:15;-12;23.4375;23.625;23.25;417;202;0;
1957;2025.06.01 22:30;-12;23.375;23.625;23.25;417;202;0;
1958;2025.06.01 22:45;-12;23.375;23.5;23.1875;416;202;0;
1959;2025.06.01 23:00;-12;23.25;23.5;23.125;414;202;0;
1960;2025.06.01 23:15;-12;23.375;23.5;23.25;421;202;0;
1961;2025.06.01 23:30;-12;23.875;23.875;24;419;202;0;
1962;2025.06.01 23:45;-12;24.1875;24.1875;24.625;421;202;0;
1963;2025.06.02 00:00;-12;24.4375;24.5;24.875;422;202;0;
1964;2025.06.02 00:15;-12;24.625;24.75;25;424;202;0;
1965;2025.06.02 00:30;-12;24.8125;25;25.1875;425;202;0;
1966;2025.06.02 00:45;-12;25;25.125;25.375;427;202;0;
1967;2025.06.02 01:00;-12;25.125;25.3125;25.5;427;202;0;
1968;2025.06.02 01:15;-12;25.25;25.5;25.625;428;202;0;
1969;2025.06.02 01:30;-12;25.3125;25.625;25.6875;428;202;0;
1970;2025.06.02 01:45;-12;25.375;25.75;25.75;429;202;0;
1971;2025.06.02 02:00;-12;25.5;25.8125;25.875;429;202;0;
1972;2025.06.02 02:15;-12;25.5625;25.875;25.875;430;202;0;
1973;2025.06.02 02:30;-12;25.625;25.9375;26;430;202;0;
1974;2025.06.02 02:45;-12;25.6875;26;26;430;202;0;
1975;2025.06.02 03:00;-12;25.75;26;26;430;202;0;
1976;2025.06.02 03:15;-12;25.75;26.125;26.0625;430;202;0;
1977;2025.06.02 03:30;-12;25.8125;26.125;26.0625;431;202;0;
1978;2025.06.02 03:45;-12;25.875;26.125;26.125;424;202;0;
1979;2025.06.02 04:00;-12;25.875;26.1875;26.1875;423;202;0;
1980;2025.06.02 04:15;-12;25.875;26.1875;26.25;424;202;0;
1981;2025.06.02 04:30;-12;25.875;26.25;26.25;424;202;0;
1982;2025.06.02 04:45;-12;25.9375;26.25;26.25;424;202;0;
1983;2025.06.02 05:00;-12;25.9375;26.25;26.25;424;202;0;
1984;2025.06.02 05:15;-12;25.9375;26.25;26.1875;430;202;0;
1985;2025.06.02 05:30;-12;25.9375;26.25;26.1875;430;202;0;
1986;2025.06.02 05:45;-12;25.9375;26.25;26.1875;431;202;0;
1987;2025.06.02 06:00;-12;25.9375;26.25;26.125;431;202;0;
1988;2025.06.02 06:15;-12;26;26.25;26.125;432;202;0;
1989;2025.06.02 06:30;-12;26;26.25;26.125;431;202;0;
1990;2025.06.02 06:45;-12;26;26.25;26.125;431;202;0;
1991;2025.06.02 07:00;-12;26;26.25;26.0625;431;202;0;
1992;2025.06.02 07:15;-12;26;26.25;26;432;202;0;
1993;2025.06.02 07:30;-12;26;26.25;26;431;202;0;
1994;2025.06.02 07:45;-12;25.9375;26.1875;26;432;202;0;
1995;2025.06.02 08:00;-12;25.9375;26.1875;25.875;432;202;0;
1996;2025.06.02 08:15;-12;25.875;26.125;25.875;431;202;0;
1997;2025.06.02 08:30;-12;25.875;26.125;25.8125;431;202;0;
1998;2025.06.02 08:45;-12;25.875;26.125;25.75;431;202;0;
1999;2025.06.02 09:00;-12;25.875;26.0625;25.75;431;202;0;
2000;2025.06.02 09:15;-12;25.8125;26;25.625;430;202;0;
2001;2025.06.02 09:30;-12;25.75;26;25.625;425;202;0;
2002;2025.06.02 09:45;-12;25.3125;25.625;24.625;419;202;0;
2003;2025.06.02 10:00;-12;24.9375;25.3125;24.0625;417;202;0;
2004;2025.06.02 10:15;-12;24.5;24.875;23.5625;420;202;0;
2005;2025.06.02 10:30;-12;24;24.4375;23.125;425;202;0;
2006;2025.06.02 10:45;-12;23.625;24;22.75;423;202;0;
2007;2025.06.02 11:00;-12;23.3125;23.625;22.5625;422;202;0;
2008;2025.06.02 11:15;-12;23;23.375;22.375;421;202;0;
2009;2025.06.02 11:30;-12;22.8125;23.125;22.25;420;202;0;
2010;2025.06.02 11:45;-12;22.6875;22.9375;22.3125;419;202;0;
2011;2025.06.02 12:00;-12;22.5625;22.875;22.3125;422;202;0;
2012;2025.06.02 12:15;-12;22.4375;22.75;22.1875;421;202;0;
2013;2025.06.02 12:30;-12;22.375;22.625;22.125;421;202;0;
2014;2025.06.02 12:45;-12;22.25;22.5;22;421;202;0;
2015;2025.06.02 13:00;-12;22.1875;22.5;22.0625;410;202;0;
2016;2025.06.02 13:15;-12;22.3125;22.5;22.4375;409;202;0;
2017;2025.06.02 13:30;-12;22.375;22.625;22.625;409;202;0;
2018;2025.06.02 13:45;-12;22.5;22.75;22.625;408;202;0;
2019;2025.06.02 14:00;-12;22.625;22.875;22.75;409;202;0;
2020;2025.06.02 14:15;-12;22.875;23;22.9375;410;202;0;
2021;2025.06.02 14:30;-12;23;23.1875;23.125;410;202;0;
2022;2025.06.02 14:45;-12;23.125;23.375;23.25;411;202;0;
2023;2025.06.02 15:00;-12;23.375;23.5;23.4375;412;202;0;
2024;2025.06.02 15:15;-12;23.5;23.625;23.625;413;202;0;
2025;2025.06.02 15:30;-12;23.625;23.75;23.8125;413;202;0;
2026;2025.06.02 15:45;-12;23.8125;24;24;414;202;0;
2027;2025.06.02 16:00;-12;24;24.125;24.25;415;202;0;
2028;2025.06.02 16:15;-12;24.1875;24.375;24.375;416;202;0;
2029;2025.06.02 16:30;-12;24.375;24.5;24.5625;417;202;0;
2030;2025.06.02 16:45;-12;24.5;24.625;24.625;417;202;0;
2031;2025.06.02 17:00;-12;24.625;24.75;24.75;418;202;0;
2032;2025.06.02 17:15;-12;24.75;24.9375;25;419;202;0;
2033;2025.06.02 17:30;-12;25;25.125;25.25;420;202;0;
2034;2025.06.02 17:45;-12;25.125;25.3125;25.5625;421;202;0;
2035;2025.06.02 18:00;-12;25.375;25.5;25.875;422;202;0;
2036;2025.06.02 18:15;-12;25.625;25.75;26.125;423;202;0;
2037;2025.06.02 18:30;-12;25.8125;26;26.5;424;202;0;
2038;2025.06.02 18:45;-12;26.0625;26.25;26.875;425;202;0;
2039;2025.06.02 19:00;-12;26.25;26.5;27.1875;427;202;0;
2040;2025.06.02 19:15;-12;26.5625;26.75;27.5;428;202;0;
2041;2025.06.02 19:30;-12;26.75;27;27.75;429;202;0;
2042;2025.06.02 19:45;-12;27;27.1875;28;430;202;0;
2043;2025.06.02 20:00;-12;27.1875;27.375;28.1875;431;202;0;
2044;2025.06.02 20:15;-12;27.375;27.625;28.3125;432;202;0;
2045;2025.06.02 20:30;-12;27.5;27.75;28.375;432;202;0;
2046;2025.06.02 20:45;-12;27.625;27.875;28.375;435;202;0;
2047;2025.06.02 21:00;-12;27.5;27.875;28.125;430;202;0;
2048;2025.06.02 21:15;-12;27.375;27.75;27.75;431;202;0;
2049;2025.06.02 21:30;-12;27.125;27.5;27.1875;435;202;0;
2050;2025.06.02 21:45;-12;26.875;27.25;26.625;434;202;0;
2051;2025.06.02 22:00;-12;26.375;26.875;25.9375;423;202;0;
2052;2025.06.02 22:15;-12;25.75;26.3125;25;420;202;0;
2053;2025.06.02 22:30;-12;25.25;25.75;24.5;418;202;0;
2054;2025.06.02 22:45;-12;24.875;25.375;24.125;416;202;0;
2055;2025.06.02 23:00;-12;24.5;25;23.875;415;202;0;
2056;2025.06.02 23:15;-12;24.25;24.625;23.625;414;202;0;
2057;2025.06.02 23:30;-12;24;24.375;23.5;413;202;0;
2058;2025.06.02 23:45;-12;23.75;24.125;23.375;412;202;0;
2059;2025.06.03 00:00;-12;23.5625;23.9375;23.25;411;202;0;
2060;2025.06.03 00:15;-12;23.375;23.75;23.125;410;202;0;
2061;2025.06.03 00:30;-12;23.25;23.625;23.0625;410;202;0;
2062;2025.06.03 00:45;-12;23.1875;23.5;23;409;202;0;
2063;2025.06.03 01:00;-12;23.125;23.5;23.125;409;202;0;
2064;2025.06.03 01:15;-12;23.0625;23.4375;23.1875;409;202;0;
2065;2025.06.03 01:30;-12;23;23.375;23.125;409;202;0;
2066;2025.06.03 01:45;-12;23;23.375;23.125;409;202;0;
2067;2025.06.03 02:00;-12;22.9375;23.375;23.0625;408;202;0;
2068;2025.06.03 02:15;-12;22.875;23.25;23;408;202;0;
2069;2025.06.03 02:30;-12;22.875;23.25;22.9375;408;202;0;
2070;2025.06.03 02:45;-12;22.875;23.25;22.875;408;202;0;
2071;2025.06.03 03:00;-12;22.8125;23.125;22.875;408;202;0;
2072;2025.06.03 03:15;-12;22.75;23.125;22.8125;408;202;0;
2073;2025.06.03 03:30;-12;22.75;23.125;22.75;408;202;0;
2074;2025.06.03 03:45;-12;22.6875;23;22.75;408;202;0;
2075;2025.06.03 04:00;-12;22.625;23;22.6875;408;202;0;
2076;2025.06.03 04:15;-12;22.625;23;22.625;407;202;0;
2077;2025.06.03 04:30;-12;22.625;22.9375;22.625;407;202;0;
2078;2025.06.03 04:45;-12;22.625;22.875;22.625;407;202;0;
2079;2025.06.03 05:00;-12;22.5625;22.875;22.625;407;202;0;
2080;2025.06.03 05:15;-12;22.5;22.875;22.5625;407;202;0;
2081;2025.06.03 05:30;-12;22.5;22.875;22.5;407;202;0;
2082;2025.06.03 05:45;-12;22.5;22.8125;22.5;407;202;0;
2083;2025.06.03 06:00;-12;22.5;22.75;22.5;407;202;0;
2084;2025.06.03 06:15;-12;22.4375;22.75;22.4375;407;202;0;
2085;2025.06.03 06:30;-12;22.375;22.75;22.375;407;202;0;
2086;2025.06.03 06:45;-12;22.375;22.6875;22.375;406;202;0;
2087;2025.06.03 07:00;-12;22.375;22.625;22.375;406;202;0;
2088;2025.06.03 07:15;-12;22.3125;22.625;22.3125;406;202;0;
2089;2025.06.03 07:30;-12;22.25;22.625;22.25;406;202;0;
2090;2025.06.03 07:45;-12;22.25;22.5625;22.25;406;202;0;
2091;2025.06.03 08:00;-12;22.25;22.5;22.1875;406;202;0;
2092;2025.06.03 08:15;-12;22.1875;22.5;22.125;406;202;0;
2093;2025.06.03 08:30;-12;22.125;22.5;22.125;406;202;0;
2094;2025.06.03 08:45;-12;22.125;22.4375;22.125;405;202;0;
2095;2025.06.03 09:00;-12;22.0625;22.375;22.0625;405;202;0;
2096;2025.06.03 09:15;-12;22;22.375;22;405;202;0;
2097;2025.06.03 09:30;-12;22;22.3125;22;405;202;0;
2098;2025.06.03 09:45;-12;21.9375;22.25;21.9375;405;202;0;
2099;2025.06.03 10:00;-12;21.875;22.25;21.875;405;202;0;
2100;2025.06.03 10:15;-12;21.875;22.1875;21.875;404;202;0;
2101;2025.06.03 10:30;-12;21.625;22.0625;21.5;403;202;0;
2102;2025.06.03 10:45;-12;21.4375;21.875;21.25;402;202;0;
2103;2025.06.03 11:00;-12;21.5;21.75;21.5;401;202;0;
2104;2025.06.03 11:15;-12;21.625;21.875;21.8125;402;202;0;
2105;2025.06.03 11:30;-12;21.8125;22;22;409;202;0;
2106;2025.06.03 11:45;-12;21.75;22;21.25;405;202;0;
2107;2025.06.03 12:00;-12;21.75;21.875;20.75;408;202;0;
2108;2025.06.03 12:15;-12;22.375;22.125;22.5625;422;202;0;
2109;2025.06.03 12:30;-12;23.125;22.875;24.125;443;202;0;
2110;2025.06.03 12:45;-12;23.75;23.375;25.25;448;202;0;
2111;2025.06.03 13:00;-12;25.75;24.75;25.75;251;202;0;
2112;2025.06.03 13:15;-12;21.875;26.1875;25.75;2462;202;0;
2113;2025.06.03 13:30;-12;21.9375;26.125;24.9375;2465;202;0;
2114;2025.06.03 13:45;-12;22.125;27.125;26.875;2468;202;0;
2115;2025.06.03 14:00;-12;22.375;28.625;27;2470;202;0;
2116;2025.06.03 14:15;-12;22.75;27.9375;26.375;2470;202;0;
2117;2025.06.03 14:30;-12;23.125;30.1875;28.25;2474;202;0;
2118;2025.06.03 14:45;-12;23.5;30.9375;28.4375;2476;202;0;
2119;2025.06.03 15:00;-12;23.9375;32.125;29.125;2480;202;0;
2120;2025.06.03 15:15;-12;24.4375;32.9375;29.25;2483;202;0;
2121;2025.06.03 15:30;-12;24.9375;33.875;30.25;2486;202;0;
2122;2025.06.03 15:45;-12;25.5;33.875;29.8125;2488;202;0;
2123;2025.06.03 16:00;-12;25.875;32.6875;28.6875;2488;202;0;
2124;2025.06.03 16:15;-12;26.25;32.625;28.9375;2489;202;0;
2125;2025.06.03 16:30;-12;26.5;32.375;28.875;2490;202;0;
2126;2025.06.03 16:45;-12;26.625;32.5;29.625;2490;202;0;
2127;2025.06.03 17:00;-12;26.8125;32;29.1875;2491;202;0;
2128;2025.06.03 17:15;-12;26.9375;31.875;29.25;2491;202;0;
2129;2025.06.03 17:30;-12;27;31;28.5;2491;202;0;
2130;2025.06.03 17:45;-12;27.0625;31.375;29.25;2492;202;0;
2131;2025.06.03 18:00;-12;27.0625;31.375;29.5625;2493;202;0;
2132;2025.06.03 18:15;-12;27.125;30.875;29.25;2493;202;0;
2133;2025.06.03 18:30;-12;27.0625;30.1875;29.0625;2493;202;0;
2134;2025.06.03 18:45;-12;27;29.0625;28.5;2492;202;0;
2135;2025.06.03 19:00;-12;26.8125;28.375;28.6875;2492;202;0;
2136;2025.06.03 19:15;-12;26.625;27.6875;28.125;2492;202;0;
2137;2025.06.03 19:30;-12;26.4375;26.875;28.125;2491;202;0;
2138;2025.06.03 19:45;-12;26.25;25.75;26.875;2491;202;0;
2139;2025.06.03 20:00;-12;26;24.125;24.375;2490;202;0;
2140;2025.06.03 20:15;-12;25.75;23.25;23.875;2490;202;0;
2141;2025.06.03 20:30;-12;25.4375;22.125;22.1875;2491;202;0;
2142;2025.06.03 20:45;-12;25.125;21.0625;20.375;2492;202;0;
2143;2025.06.03 21:00;-12;24.8125;20.25;19.25;2493;202;0;
2144;2025.06.03 21:15;-12;24.5;19.5625;18.375;2494;202;0;
2145;2025.06.03 21:30;-12;24.25;19;17.75;2495;202;0;
2146;2025.06.03 21:45;-12;24;18.625;17.375;2496;202;0;
2147;2025.06.03 22:00;-12;23.75;18.375;17.125;2497;202;0;
2148;2025.06.03 22:15;-12;23.5;18.125;16.625;2498;202;0;
2149;2025.06.03 22:30;-12;23.25;17.75;16.5625;2500;202;0;
2150;2025.06.03 22:45;-12;23;17.6875;17.0625;2500;202;0;
2151;2025.06.03 23:00;-12;22.8125;18;18.1875;2499;202;0;
2152;2025.06.03 23:15;-12;22.625;18.375;18.875;2499;202;0;
2153;2025.06.03 23:30;-12;22.375;18.0625;18.125;2499;202;0;
2154;2025.06.03 23:45;-12;22.25;17.6875;17.6875;2499;202;0;
2155;2025.06.04 00:00;-12;22;17.5;17.5;2499;202;0;
2156;2025.06.04 00:15;-12;21.875;17.25;17.125;2499;202;0;
2157;2025.06.04 00:30;-12;21.75;17.125;17;2500;202;0;
2158;2025.06.04 00:45;-12;21.5625;17.375;17.75;2500;202;0;
2159;2025.06.04 01:00;-12;21.375;17.5;17.75;2500;202;0;
2160;2025.06.04 01:15;-12;21.25;17.3125;17.5;2500;202;0;
2161;2025.06.04 01:30;-12;21.125;17.3125;17.625;2500;202;0;
2162;2025.06.04 01:45;-12;21;17.125;17.25;2500;202;0;
2163;2025.06.04 02:00;-12;20.875;16.75;16.625;2499;202;0;
2164;2025.06.04 02:15;-12;20.75;16.375;16;2499;202;0;
2165;2025.06.04 02:30;-12;20.6875;16.125;15.75;2499;202;0;
2166;2025.06.04 02:45;-12;20.5625;15.875;15.25;2499;202;0;
2167;2025.06.04 03:00;-12;20.5;15.75;15.25;2500;202;0;
2168;2025.06.04 03:15;-12;20.375;15.6875;15.375;2500;202;0;
2169;2025.06.04 03:30;-12;20.25;15.625;15.375;2499;202;0;
2170;2025.06.04 03:45;-12;20.125;15.625;15.25;2500;202;0;
2171;2025.06.04 04:00;-12;20;15.5;15;2500;202;0;
2172;2025.06.04 04:15;-12;19.9375;15.5;15.0625;2501;202;0;
2173;2025.06.04 04:30;-12;19.875;15.625;15.5;2500;202;0;
2174;2025.06.04 04:45;-12;19.8125;16;16.5;2499;202;0;
2175;2025.06.04 05:00;-12;19.75;16.0625;16.375;2500;202;0;
2176;2025.06.04 05:15;-12;19.625;16;16.125;2498;202;0;
2177;2025.06.04 05:30;-12;19.625;15.6875;15.5;2498;202;0;
2178;2025.06.04 05:45;-12;19.5;15.875;16.125;2499;202;0;
2179;2025.06.04 06:00;-12;19.5;15.8125;15.875;2499;202;0;
2180;2025.06.04 06:15;-12;19.4375;15.875;16.1875;2498;202;0;
2181;2025.06.04 06:30;-12;19.375;15.875;16.125;2498;202;0;
2182;2025.06.04 06:45;-12;19.3125;15.6875;15.625;2499;202;0;
2183;2025.06.04 07:00;-12;19.25;15.6875;15.75;2499;202;0;
2184;2025.06.04 07:15;-12;19.1875;15.625;15.75;2499;202;0;
2185;2025.06.04 07:30;-12;19.125;15.625;15.75;2499;202;0;
2186;2025.06.04 07:45;-12;19.0625;15.6875;15.875;2500;202;0;
2187;2025.06.04 08:00;-12;19;15.75;16;2500;202;0;
2188;2025.06.04 08:15;-12;19;15.875;16.25;2500;202;0;
2189;2025.06.04 08:30;-12;18.875;15.875;16;2500;202;0;
2190;2025.06.04 08:45;-12;18.875;15.875;16.125;2501;202;0;
2191;2025.06.04 09:00;-12;18.8125;15.75;16;2501;202;0;
2192;2025.06.04 09:15;-12;18.75;15.875;16.1875;2501;202;0;
2193;2025.06.04 09:30;-12;18.75;15.9375;16.3125;2501;202;0;
2194;2025.06.04 09:45;-12;18.6875;16;16.5;2501;202;0;
2195;2025.06.04 10:00;-12;18.625;16.25;17.25;2502;202;0;
2196;2025.06.04 10:15;-12;18.625;17.25;18.875;2503;202;0;
2197;2025.06.04 10:30;-12;18.625;18.125;20.125;2503;202;0;
2198;2025.06.04 10:45;-12;18.75;19.125;21.375;2503;202;0;
2199;2025.06.04 11:00;-12;18.8125;20.25;22.1875;2503;202;0;
2200;2025.06.04 11:15;-12;18.9375;21.5;22.875;2503;202;0;
2201;2025.06.04 11:30;-12;19.125;22.375;23.125;2502;202;0;
2202;2025.06.04 11:45;-12;19.3125;23;23.25;2501;202;0;
2203;2025.06.04 12:00;-12;19.5;23.875;23.5;2500;202;0;
2204;2025.06.04 12:15;-12;19.75;24.75;24;2499;202;0;
2205;2025.06.04 12:30;-12;20;25;24;2498;202;0;
2206;2025.06.04 12:45;-12;20.25;25.75;24.625;2497;202;0;
2207;2025.06.04 13:00;-12;20.5625;26.5;25.25;2497;202;0;
2208;2025.06.04 13:15;-12;20.875;26.625;25.375;2497;202;0;
2209;2025.06.04 13:30;-12;21.25;27.4375;26.125;2497;202;0;
2210;2025.06.04 13:45;-12;21.625;28;26.5;2496;202;0;
2211;2025.06.04 14:00;-12;22;28.625;27.25;2497;202;0;
2212;2025.06.04 14:15;-12;22.4375;29.5;27.9375;2497;202;0;
2213;2025.06.04 14:30;-12;22.875;30;27.875;2498;202;0;
2214;2025.06.04 14:45;-12;23.375;30.875;28.25;2500;202;0;
2215;2025.06.04 15:00;-12;23.8125;31.5625;28.375;2502;202;0;
2216;2025.06.04 15:15;-12;24.25;32.0625;28.75;2503;202;0;
2217;2025.06.04 15:30;-12;24.75;32.1875;28.625;2503;202;0;
2218;2025.06.04 15:45;-12;25.125;32.3125;29;2505;202;0;
2219;2025.06.04 16:00;-12;25.5;32.5;29.375;2506;202;0;
2220;2025.06.04 16:15;-12;25.875;32.625;29.4375;2507;202;0;
2221;2025.06.04 16:30;-12;26.1875;32.8125;29.75;2504;202;0;
2222;2025.06.04 16:45;-12;26.5;32.75;29.625;2503;202;0;
2223;2025.06.04 17:00;-12;26.75;33;30.125;2503;202;0;
2224;2025.06.04 17:15;-12;26.875;32.6875;29.875;2502;202;0;
2225;2025.06.04 17:30;-12;27.0625;32.5;30;2502;202;0;
2226;2025.06.04 17:45;-12;27.125;31.6875;29.5;2501;202;0;
2227;2025.06.04 18:00;-12;27.125;30.625;29;2501;202;0;
2228;2025.06.04 18:15;-12;27;31;30.125;2500;202;0;
2229;2025.06.04 18:30;-12;27;29.9375;29.25;2499;202;0;
2230;2025.06.04 18:45;-12;26.875;26.75;25.875;2496;202;0;
2231;2025.06.04 19:00;-12;26.5625;27.125;27.875;2497;202;0;
2232;2025.06.04 19:15;-12;26.375;27.5;28.1875;2497;202;0;
2233;2025.06.04 19:30;-12;26.125;26.5;27.625;2497;202;0;
2234;2025.06.04 19:45;-12;25.9375;25.4375;27;2496;202;0;
2235;2025.06.04 20:00;-12;25.6875;23.875;24.375;2495;202;0;
2236;2025.06.04 20:15;-12;25.375;22.3125;22.375;2494;202;0;
2237;2025.06.04 20:30;-12;25.0625;21.3125;21;2495;202;0;
2238;2025.06.04 20:45;-12;24.75;20.5;19.4375;2496;202;0;
2239;2025.06.04 21:00;-12;24.5;19.6875;18.4375;2497;202;0;
2240;2025.06.04 21:15;-12;24.1875;19.1875;17.6875;2499;202;0;
2241;2025.06.04 21:30;-12;23.875;18.75;17.375;2500;202;0;
2242;2025.06.04 21:45;-12;23.625;18.375;17.1875;2501;202;0;
2243;2025.06.04 22:00;-12;23.375;18.125;16.625;2502;202;0;
2244;2025.06.04 22:15;-12;23.1875;17.8125;16.4375;2503;202;0;
2245;2025.06.04 22:30;-12;23;17.625;16.375;2504;202;0;
2246;2025.06.04 22:45;-12;22.75;17.5;16.5;2503;202;0;
2247;2025.06.04 23:00;-12;22.5625;17.375;16;2505;202;0;
2248;2025.06.04 23:15;-12;22.375;17.1875;15.875;2504;202;0;
2249;2025.06.04 23:30;-12;22.1875;17.0625;15.75;2504;202;0;
2250;2025.06.04 23:45;-12;22;17;15.75;2500;202;0;
2251;2025.06.05 00:00;-12;21.875;16.875;15.75;2500;202;0;
2252;2025.06.05 00:15;-12;21.75;16.75;15.8125;2500;202;0;
2253;2025.06.05 00:30;-12;21.625;16.625;15.5;2499;202;0;
2254;2025.06.05 00:45;-12;21.4375;16.625;15.875;2500;202;0;
2255;2025.06.05 01:00;-12;21.3125;16.6875;16.25;2501;202;0;
2256;2025.06.05 01:15;-12;21.1875;16.625;16.25;2501;202;0;
2257;2025.06.05 01:30;-12;21.0625;16.625;16.375;2500;202;0;
2258;2025.06.05 01:45;-12;20.9375;16.3125;15.625;2500;202;0;
2259;2025.06.05 02:00;-12;20.8125;16;15.3125;2500;202;0;
2260;2025.06.05 02:15;-12;20.6875;16;15.5625;2500;202;0;
2261;2025.06.05 02:30;-12;20.625;16;15.5;2500;202;0;
2262;2025.06.05 02:45;-12;20.5;16;15.625;2501;202;0;
2263;2025.06.05 03:00;-12;20.375;16.0625;15.875;2501;202;0;
2264;2025.06.05 03:15;-12;20.25;16.3125;16.4375;2501;202;0;
2265;2025.06.05 03:30;-12;20.1875;16.25;16.125;2501;202;0;
2266;2025.06.05 03:45;-12;20.125;16;15.75;2500;202;0;
2267;2025.06.05 04:00;-12;20;15.6875;15.125;2500;202;0;
2268;2025.06.05 04:15;-12;19.875;15.375;14.6875;2499;202;0;
2269;2025.06.05 04:30;-12;19.8125;15.625;15.5625;2500;202;0;
2270;2025.06.05 04:45;-12;19.75;16;16.1875;2501;202;0;
2271;2025.06.05 05:00;-12;19.625;16;16.125;2501;202;0;
2272;2025.06.05 05:15;-12;19.5625;15.75;15.5;2501;202;0;
2273;2025.06.05 05:30;-12;19.5;15.5;15.25;2501;202;0;
2274;2025.06.05 05:45;-12;19.375;15.375;15.125;2501;202;0;
2275;2025.06.05 06:00;-12;19.375;15.25;14.875;2501;202;0;
2276;2025.06.05 06:15;-12;19.25;15.1875;14.75;2501;202;0;
2277;2025.06.05 06:30;-12;19.1875;15.25;14.8125;2502;202;0;
2278;2025.06.05 06:45;-12;19.125;16;16.75;2502;202;0;
2279;2025.06.05 07:00;-12;19.125;16.125;16.5;2502;202;0;
2280;2025.06.05 07:15;-12;19.0625;16.5625;17.25;2503;202;0;
2281;2025.06.05 07:30;-12;19;16.5;17.125;2503;202;0;
2282;2025.06.05 07:45;-12;19;16.625;17.25;2502;202;0;
2283;2025.06.05 08:00;-12;18.875;16.5625;17.125;2502;202;0;
2284;2025.06.05 08:15;-12;18.875;16.5625;17.125;2502;202;0;
2285;2025.06.05 08:30;-12;18.8125;16.25;16.6875;2502;202;0;
2286;2025.06.05 08:45;-12;18.75;15.6875;15.75;2502;202;0;
2287;2025.06.05 09:00;-12;18.75;15.5625;16;2502;202;0;
2288;2025.06.05 09:15;-12;18.625;15.5625;16;2502;202;0;
2289;2025.06.05 09:30;-12;18.625;15.625;16.125;2502;202;0;
2290;2025.06.05 09:45;-12;18.5625;15.875;16.3125;2502;202;0;
2291;2025.06.05 10:00;-12;18.5;16.25;16.75;2502;202;0;
2292;2025.06.05 10:15;-12;18.5;16.625;17.25;2502;202;0;
2293;2025.06.05 10:30;-12;18.5;17.375;18.25;2502;202;0;
2294;2025.06.05 10:45;-12;18.5625;18.375;19.5;2503;202;0;
2295;2025.06.05 11:00;-12;18.625;19.375;20.5;2503;202;0;
2296;2025.06.05 11:15;-12;18.75;19.75;20.5625;2503;202;0;
2297;2025.06.05 11:30;-12;18.9375;21;22;2503;202;0;
2298;2025.06.05 11:45;-12;19.125;21.625;22.3125;2502;202;0;
2299;2025.06.05 12:00;-12;19.375;22.375;22.875;2502;202;0;
2300;2025.06.05 12:15;-12;19.5;23.5;23.75;2501;202;0;
2301;2025.06.05 12:30;-12;19.75;24.1875;24.5;2501;202;0;
2302;2025.06.05 12:45;-12;20;25.6875;25.6875;2501;202;0;
2303;2025.06.05 13:00;-12;20.375;25.6875;25.375;2500;202;0;
2304;2025.06.05 13:15;-12;20.6875;26.375;26.125;2499;202;0;
2305;2025.06.05 13:30;-12;21;26.875;26.5;2499;202;0;
2306;2025.06.05 13:45;-12;21.3125;27.4375;26.75;2499;202;0;
2307;2025.06.05 14:00;-12;21.625;28.0625;27.25;2499;202;0;
2308;2025.06.05 14:15;-12;22;28.625;27.5;2498;202;0;
2309;2025.06.05 14:30;-12;22.375;28.9375;27.5;2499;202;0;
2310;2025.06.05 14:45;-12;22.75;29.8125;28.125;2500;202;0;
2311;2025.06.05 15:00;-12;23.1875;30.375;28.5625;2501;202;0;
2312;2025.06.05 15:15;-12;23.5625;30.75;28.625;2501;202;0;
2313;2025.06.05 15:30;-12;23.875;31.1875;29;2503;202;0;
2314;2025.06.05 15:45;-12;24.25;31.125;29.25;2503;202;0;
2315;2025.06.05 16:00;-12;24.625;31.9375;29.75;2503;202;0;
2316;2025.06.05 16:15;-12;25;32.25;29.875;2504;202;0;
2317;2025.06.05 16:30;-12;25.375;32.125;29.5625;2503;202;0;
2318;2025.06.05 16:45;-12;25.625;32;29.75;2504;202;0;
2319;2025.06.05 17:00;-12;25.875;32.5;30.75;2504;202;0;
2320;2025.06.05 17:15;-12;26.125;30.625;28.25;2502;202;0;
2321;2025.06.05 17:30;-12;26.125;30.25;28.875;2502;202;0;
2322;2025.06.05 17:45;-12;26.1875;31.3125;30.3125;2504;202;0;
2323;2025.06.05 18:00;-12;26.25;30.8125;29.75;2502;202;0;
2324;2025.06.05 18:15;-12;26.25;30.5;30;2503;202;0;
2325;2025.06.05 18:30;-12;26.25;29.9375;29.75;2501;202;0;
2326;2025.06.05 18:45;-12;26.25;28.25;27.9375;2500;202;0;
2327;2025.06.05 19:00;-12;26.125;26.875;26.75;2499;202;0;
2328;2025.06.05 19:15;-12;25.9375;25.9375;26.3125;2498;202;0;
2329;2025.06.05 19:30;-12;25.75;25.125;25.6875;2498;202;0;
2330;2025.06.05 19:45;-12;25.5;24.75;25.375;2498;202;0;
2331;2025.06.05 20:00;-12;25.3125;23.625;23.75;2498;202;0;
2332;2025.06.05 20:15;-12;25.125;22.625;22.0625;2498;202;0;
2333;2025.06.05 20:30;-12;24.875;21.625;20.625;2499;202;0;
2334;2025.06.05 20:45;-12;24.5625;20.625;19.25;2500;202;0;
2335;2025.06.05 21:00;-12;24.25;19.625;18.3125;2501;202;0;
2336;2025.06.05 21:15;-12;24;18.9375;17.5625;2501;202;0;
2337;2025.06.05 21:30;-12;23.75;18.5;17.1875;2502;202;0;
2338;2025.06.05 21:45;-12;23.4375;18.125;17.125;2503;202;0;
2339;2025.06.05 22:00;-12;23.1875;17.875;17;2503;202;0;
2340;2025.06.05 22:15;-12;22.9375;17.625;16.625;2504;202;0;
2341;2025.06.05 22:30;-12;22.6875;17.375;16.375;2504;202;0;
2342;2025.06.05 22:45;-12;22.5;17.125;15.5625;2504;202;0;
2343;2025.06.05 23:00;-12;22.25;16.8125;15.125;2504;202;0;
2344;2025.06.05 23:15;-12;22.125;16.625;15.3125;2505;202;0;
2345;2025.06.05 23:30;-12;21.875;16.5625;15.125;2505;202;0;
2346;2025.06.05 23:45;-12;21.75;16.5;15.0625;2504;202;0;
2347;2025.06.06 00:00;-12;21.625;16.4375;15;2505;202;0;
2348;2025.06.06 00:15;-12;21.4375;16.375;15.125;2505;202;0;
2349;2025.06.06 00:30;-12;21.25;16.25;15.1875;2505;202;0;
2350;2025.06.06 00:45;-12;21.125;16.1875;15;2505;202;0;
2351;2025.06.06 01:00;-12;21;16;14.75;2506;202;0;
2352;2025.06.06 01:15;-12;20.875;16;14.875;2505;202;0;
2353;2025.06.06 01:30;-12;20.75;15.875;14.875;2505;202;0;
2354;2025.06.06 01:45;-12;20.625;15.875;15.1875;2505;202;0;
2355;2025.06.06 02:00;-12;20.5;15.75;15.0625;2505;202;0;
2356;2025.06.06 02:15;-12;20.4375;15.75;15.0625;2504;202;0;
2357;2025.06.06 02:30;-12;20.3125;15.625;15;2505;202;0;
2358;2025.06.06 02:45;-12;20.25;15.5;14.75;2505;202;0;
2359;2025.06.06 03:00;-12;20.125;15.375;14.75;2504;202;0;
2360;2025.06.06 03:15;-12;20;15.375;14.75;2504;202;0;
2361;2025.06.06 03:30;-12;19.9375;15.25;14.3125;2505;202;0;
2362;2025.06.06 03:45;-12;19.875;15.125;14.25;2505;202;0;
2363;2025.06.06 04:00;-12;19.75;15.3125;14.875;2505;202;0;
2364;2025.06.06 04:15;-12;19.625;15.25;14.75;2504;202;0;
2365;2025.06.06 04:30;-12;19.5625;15.25;14.875;2503;202;0;
2366;2025.06.06 04:45;-12;19.5;15.125;14.5625;2504;202;0;
2367;2025.06.06 05:00;-12;19.375;14.875;14;2504;202;0;
2368;2025.06.06 05:15;-12;19.375;14.75;14;2503;202;0;
2369;2025.06.06 05:30;-12;19.25;14.8125;14.25;2504;202;0;
2370;2025.06.06 05:45;-12;19.1875;14.875;14.375;2504;202;0;
2371;2025.06.06 06:00;-12;19.125;14.75;14.0625;2504;202;0;
2372;2025.06.06 06:15;-12;19;14.625;13.75;2505;202;0;
2373;2025.06.06 06:30;-12;19;14.5;13.625;2505;202;0;
2374;2025.06.06 06:45;-12;18.875;14.75;14.25;2505;202;0;
2375;2025.06.06 07:00;-12;18.875;15.125;14.875;2505;202;0;
2376;2025.06.06 07:15;-12;18.75;15;14.75;2505;202;0;
2377;2025.06.06 07:30;-12;18.75;15;14.625;2505;202;0;
2378;2025.06.06 07:45;-12;18.6875;14.75;14.0625;2506;202;0;
2379;2025.06.06 08:00;-12;18.625;14.5;13.875;2505;202;0;
2380;2025.06.06 08:15;-12;18.5625;14.8125;14.5;2506;202;0;
2381;2025.06.06 08:30;-12;18.5;15.0625;15.0625;2506;202;0;
2382;2025.06.06 08:45;-12;18.5;15.125;15.25;2507;202;0;
2383;2025.06.06 09:00;-12;18.375;14.875;14.75;2507;202;0;
2384;2025.06.06 09:15;-12;18.375;14.75;14.375;2507;202;0;
2385;2025.06.06 09:30;-12;18.3125;14.75;14.5;2506;202;0;
2386;2025.06.06 09:45;-12;18.25;14.875;15;2507;202;0;
2387;2025.06.06 10:00;-12;18.25;15.375;16;2507;202;0;
2388;2025.06.06 10:15;-12;18.25;16;17.1875;2508;202;0;
2389;2025.06.06 10:30;-12;18.25;17.0625;19;2508;202;0;
2390;2025.06.06 10:45;-12;18.375;18.1875;20.375;2509;202;0;
2391;2025.06.06 11:00;-12;18.5;19.5625;22;2510;202;0;
2392;2025.06.06 11:15;-12;18.625;20.8125;23.125;2510;202;0;
2393;2025.06.06 11:30;-12;18.875;22.1875;24.125;2510;202;0;
2394;2025.06.06 11:45;-12;19.125;22.75;23.75;2508;202;0;
2395;2025.06.06 12:00;-12;19.375;23.625;24.5;2508;202;0;
2396;2025.06.06 12:15;-12;19.625;25.25;25.625;2507;202;0;
2397;2025.06.06 12:30;-12;19.875;26;26.125;2506;202;0;
2398;2025.06.06 12:45;-12;20.1875;26.75;26.625;2505;202;0;
2399;2025.06.06 13:00;-12;20.5;27.625;27.625;2505;202;0;
2400;2025.06.06 13:15;-12;20.875;28.125;27.875;2504;202;0;
2401;2025.06.06 13:30;-12;21.25;28.625;28.25;2504;202;0;
2402;2025.06.06 13:45;-12;21.625;29.5;29;2503;202;0;
2403;2025.06.06 14:00;-12;22;29.5;28.875;2502;202;0;
2404;2025.06.06 14:15;-12;22.4375;29.9375;29.25;2502;202;0;
2405;2025.06.06 14:30;-12;22.875;30.375;29.125;2502;202;0;
2406;2025.06.06 14:45;-12;23.25;31.5;30;2503;202;0;
2407;2025.06.06 15:00;-12;23.6875;32.125;30.25;2505;202;0;
2408;2025.06.06 15:15;-12;24.125;32.875;30.75;2507;202;0;
2409;2025.06.06 15:30;-12;24.5;33.125;30.6875;2507;202;0;
2410;2025.06.06 15:45;-12;25;34;31.625;2508;202;0;
2411;2025.06.06 16:00;-12;25.375;33.9375;31.625;2508;202;0;
2412;2025.06.06 16:15;-12;25.75;33.5;31.25;2507;202;0;
2413;2025.06.06 16:30;-12;26.0625;34.75;32.5;2508;202;0;
2414;2025.06.06 16:45;-12;26.375;33.9375;31.75;2506;202;0;
2415;2025.06.06 17:00;-12;26.625;31.875;29.625;2503;202;0;
2416;2025.06.06 17:15;-12;26.625;27.875;26.375;2499;202;0;
2417;2025.06.06 17:30;-12;26.375;29.375;29.125;2502;202;0;
2418;2025.06.06 17:45;-12;26.25;26.375;25.75;2499;202;0;
2419;2025.06.06 18:00;-12;26.0625;30.5625;30.6875;2503;202;0;
2420;2025.06.06 18:15;-12;26.125;31.875;32.5;2505;202;0;
2421;2025.06.06 18:30;-12;26.1875;31.25;32.0625;2504;202;0;
2422;2025.06.06 18:45;-12;26.25;29.6875;30.25;2503;202;0;
2423;2025.06.06 19:00;-12;26.1875;29.3125;30.625;2503;202;0;
2424;2025.06.06 19:15;-12;26.125;28.875;30;2502;202;0;
2425;2025.06.06 19:30;-12;26;27.875;29.6875;2501;202;0;
2426;2025.06.06 19:45;-12;25.875;26.9375;28.875;2501;202;0;
2427;2025.06.06 20:00;-12;25.75;25.625;27.4375;2499;202;0;
2428;2025.06.06 20:15;-12;25.5;23.875;24.3125;2499;202;0;
2429;2025.06.06 20:30;-12;25.25;22.5;21.875;2499;202;0;
2430;2025.06.06 20:45;-12;25;21.375;19.875;2498;202;0;
2431;2025.06.06 21:00;-12;24.75;20.125;18.625;2499;202;0;
2432;2025.06.06 21:15;-12;24.375;19.375;18.625;2499;202;0;
2433;2025.06.06 21:30;-12;24.0625;18.875;18.1875;2500;202;0;
2434;2025.06.06 21:45;-12;23.75;18.3125;17.3125;2501;202;0;
2435;2025.06.06 22:00;-12;23.5;17.875;17.0625;2501;202;0;
2436;2025.06.06 22:15;-12;23.1875;17.75;17.375;2501;202;0;
2437;2025.06.06 22:30;-12;22.9375;17.5;17;2501;202;0;
2438;2025.06.06 22:45;-12;22.75;17.1875;16.5;2501;202;0;
2439;2025.06.06 23:00;-12;22.5;16.8125;16;2501;202;0;
2440;2025.06.06 23:15;-12;22.25;16.5;15.75;2502;202;0;
2441;2025.06.06 23:30;-12;22;16.25;15.5;2502;202;0;
2442;2025.06.06 23:45;-12;21.8125;15.875;15.125;2502;202;0;
2443;2025.06.07 00:00;-12;21.625;15.8125;15.375;2502;202;0;
2444;2025.06.07 00:15;-12;21.375;15.6875;15.375;2502;202;0;
2445;2025.06.07 00:30;-12;21.25;15.625;15.25;2502;202;0;
2446;2025.06.07 00:45;-12;21;15.5;15;2502;202;0;
2447;2025.06.07 01:00;-12;20.875;15.5;15.375;2502;202;0;
2448;2025.06.07 01:15;-12;20.6875;15.4375;15.125;2502;202;0;
2449;2025.06.07 01:30;-12;20.5625;15.375;15.125;2503;202;0;
2450;2025.06.07 01:45;-12;20.375;15.4375;15.375;2503;202;0;
2451;2025.06.07 02:00;-12;20.25;15.5;15.375;2502;202;0;
2452;2025.06.07 02:15;-12;20.125;15.375;15.1875;2503;202;0;
2453;2025.06.07 02:30;-12;20;15.25;14.875;2502;202;0;
2454;2025.06.07 02:45;-12;19.9375;15.375;15.5;2503;202;0;
2455;2025.06.07 03:00;-12;19.875;15.125;14.625;2503;202;0;
2456;2025.06.07 03:15;-12;19.75;14.75;14;2503;202;0;
2457;2025.06.07 03:30;-12;19.625;14.625;14;2503;202;0;
2458;2025.06.07 03:45;-12;19.5;14.5625;14.0625;2503;202;0;
2459;2025.06.07 04:00;-12;19.4375;14.75;14.75;2504;202;0;
2460;2025.06.07 04:15;-12;19.375;15;15;2504;202;0;
2461;2025.06.07 04:30;-12;19.25;15;15;2504;202;0;
2462;2025.06.07 04:45;-12;19.1875;15.125;15.25;2504;202;0;
2463;2025.06.07 05:00;-12;19.125;15;15;2504;202;0;
2464;2025.06.07 05:15;-12;19;14.9375;14.9375;2504;202;0;
2465;2025.06.07 05:30;-12;19;14.75;14.5625;2504;202;0;
2466;2025.06.07 05:45;-12;18.875;14.5625;14.25;2504;202;0;
2467;2025.06.07 06:00;-12;18.8125;14.25;13.625;2505;202;0;
2468;2025.06.07 06:15;-12;18.75;14.25;13.9375;2505;202;0;
2469;2025.06.07 06:30;-12;18.6875;14.1875;13.8125;2505;202;0;
2470;2025.06.07 06:45;-12;18.625;14;13.5;2505;202;0;
2471;2025.06.07 07:00;-12;18.5;13.875;13.375;2504;202;0;
2472;2025.06.07 07:15;-12;18.4375;13.75;13.375;2503;202;0;
2473;2025.06.07 07:30;-12;18.375;13.625;13;2503;202;0;
2474;2025.06.07 07:45;-12;18.25;13.5;13.0625;2502;202;0;
2475;2025.06.07 08:00;-12;18.1875;13.4375;12.875;2502;202;0;
2476;2025.06.07 08:15;-12;18.125;13.375;12.875;2502;202;0;
2477;2025.06.07 08:30;-12;18.0625;13.5;13.125;2502;202;0;
2478;2025.06.07 08:45;-12;18;13.5;13.1875;2502;202;0;
2479;2025.06.07 09:00;-12;17.875;13.3125;12.75;2502;202;0;
2480;2025.06.07 09:15;-12;17.875;13.1875;12.625;2502;202;0;
2481;2025.06.07 09:30;-12;17.75;13.25;12.875;2503;202;0;
2482;2025.06.07 09:45;-12;17.75;13.5;13.4375;2504;202;0;
2483;2025.06.07 10:00;-12;17.625;14.375;16;2504;202;0;
2484;2025.06.07 10:15;-12;17.625;15.625;18.375;2505;202;0;
2485;2025.06.07 10:30;-12;17.6875;16.9375;20.4375;2506;202;0;
2486;2025.06.07 10:45;-12;17.75;18.375;22.125;2506;202;0;
2487;2025.06.07 11:00;-12;17.875;19.75;23.0625;2506;202;0;
2488;2025.06.07 11:15;-12;18.125;21.625;24.875;2505;202;0;
2489;2025.06.07 11:30;-12;18.3125;23.25;25.75;2504;202;0;
2490;2025.06.07 11:45;-12;18.5625;24.5;26.125;2503;202;0;
2491;2025.06.07 12:00;-12;18.875;25.5;26.25;2502;202;0;
2492;2025.06.07 12:15;-12;19.125;26.375;26.625;2501;202;0;
2493;2025.06.07 12:30;-12;19.5;26.875;26.875;2500;202;0;
2494;2025.06.07 12:45;-12;19.75;27.625;27.25;2499;202;0;
2495;2025.06.07 13:00;-12;20.125;28;27.625;2498;202;0;
2496;2025.06.07 13:15;-12;20.5;28.3125;27.875;2497;202;0;
2497;2025.06.07 13:30;-12;20.875;28.75;28.0625;2495;202;0;
2498;2025.06.07 13:45;-12;21.25;29.4375;28.625;2495;202;0;
2499;2025.06.07 14:00;-12;21.6875;29.625;28.75;2494;202;0;
2500;2025.06.07 14:15;-12;22.125;30;28.75;2493;202;0;
2501;2025.06.07 14:30;-12;22.5;30.75;29.375;2494;202;0;
2502;2025.06.07 14:45;-12;23;31.5;29.25;2495;202;0;
2503;2025.06.07 15:00;-12;23.5;32.5;30.125;2498;202;0;
2504;2025.06.07 15:15;-12;23.9375;33.25;30.25;2501;202;0;
2505;2025.06.07 15:30;-12;24.375;33.5;30.25;2503;202;0;
2506;2025.06.07 15:45;-12;24.875;33.4375;30.5;2504;202;0;
2507;2025.06.07 16:00;-12;25.25;33.625;30.75;2504;202;0;
2508;2025.06.07 16:15;-12;25.625;33.75;30.75;2503;202;0;
2509;2025.06.07 16:30;-12;26;34.125;31.4375;2503;202;0;
2510;2025.06.07 16:45;-12;26.25;33.5;30.5;2503;202;0;
2511;2025.06.07 17:00;-12;26.5;33.25;31;2503;202;0;
2512;2025.06.07 17:15;-12;26.625;33.5;31.0625;2503;202;0;
2513;2025.06.07 17:30;-12;26.75;32;30.125;2501;202;0;
2514;2025.06.07 17:45;-12;26.75;28;26.25;2497;202;0;
2515;2025.06.07 18:00;-12;26.5;26.6875;26;2496;202;0;
2516;2025.06.07 18:15;-12;26.25;29.375;30.125;2499;202;0;
2517;2025.06.07 18:30;-12;26.125;30.625;30.625;2500;202;0;
2518;2025.06.07 18:45;-12;26.1875;30.3125;30.6875;2500;202;0;
2519;2025.06.07 19:00;-12;26.125;29.875;30.6875;2499;202;0;
2520;2025.06.07 19:15;-12;26.125;28.8125;30.0625;2498;202;0;
2521;2025.06.07 19:30;-12;26;27.5625;29.25;2497;202;0;
2522;2025.06.07 19:45;-12;25.875;26.625;28.875;2497;202;0;
2523;2025.06.07 20:00;-12;25.625;25.125;26.875;2496;202;0;
2524;2025.06.07 20:15;-12;25.375;23.5;24.9375;2494;202;0;
2525;2025.06.07 20:30;-12;25.125;21.875;22.1875;2493;202;0;
2526;2025.06.07 20:45;-12;24.8125;20.375;19.125;2494;202;0;
2527;2025.06.07 21:00;-12;24.5;19.1875;17.375;2495;202;0;
2528;2025.06.07 21:15;-12;24.125;18.3125;16.75;2496;202;0;
2529;2025.06.07 21:30;-12;23.75;17.8125;16.375;2497;202;0;
2530;2025.06.07 21:45;-12;23.5;17.5;16.125;2499;202;0;
2531;2025.06.07 22:00;-12;23.1875;17.25;15.625;2497;202;0;
2532;2025.06.07 22:15;-12;22.875;16.875;15.125;2497;202;0;
2533;2025.06.07 22:30;-12;22.625;16.625;14.75;2498;202;0;
2534;2025.06.07 22:45;-12;22.4375;16.375;14.4375;2498;202;0;
2535;2025.06.07 23:00;-12;22.25;16;14.125;2498;202;0;
2536;2025.06.07 23:15;-12;22;15.875;14.75;2499;202;0;
2537;2025.06.07 23:30;-12;21.75;15.75;14.25;2499;202;0;
2538;2025.06.07 23:45;-12;21.625;15.625;14.25;2499;202;0;
2539;2025.06.08 00:00;-12;21.375;15.625;14.125;2499;202;0;
2540;2025.06.08 00:15;-12;21.25;15.4375;13.875;2499;202;0;
2541;2025.06.08 00:30;-12;21.0625;15.25;13.625;2499;202;0;
2542;2025.06.08 00:45;-12;20.875;15.1875;13.875;2499;202;0;
2543;2025.06.08 01:00;-12;20.75;15.0625;13.5;2499;202;0;
2544;2025.06.08 01:15;-12;20.625;15;13.9375;2500;202;0;
2545;2025.06.08 01:30;-12;20.5;14.9375;14;2499;202;0;
2546;2025.06.08 01:45;-12;20.375;14.875;14.25;2499;202;0;
2547;2025.06.08 02:00;-12;20.25;14.875;14.125;2499;202;0;
2548;2025.06.08 02:15;-12;20.125;14.875;13.8125;2499;202;0;
2549;2025.06.08 02:30;-12;20;14.625;13.125;2499;202;0;
2550;2025.06.08 02:45;-12;19.875;14.375;12.6875;2499;202;0;
2551;2025.06.08 03:00;-12;19.75;14.125;12.5;2500;202;0;
2552;2025.06.08 03:15;-12;19.625;14;12.375;2500;202;0;
2553;2025.06.08 03:30;-12;19.5;13.875;12.125;2500;202;0;
2554;2025.06.08 03:45;-12;19.375;13.625;11.9375;2499;202;0;
2555;2025.06.08 04:00;-12;19.25;13.625;12.125;2500;202;0;
2556;2025.06.08 04:15;-12;19.125;13.625;12.5;2500;202;0;
2557;2025.06.08 04:30;-12;19.0625;13.8125;13.4375;2500;202;0;
2558;2025.06.08 04:45;-12;19;13.75;13.125;2500;202;0;
2559;2025.06.08 05:00;-12;18.875;13.8125;13.5;2500;202;0;
2560;2025.06.08 05:15;-12;18.75;13.875;13.75;2500;202;0;
2561;2025.06.08 05:30;-12;18.75;14.125;14.125;2499;202;0;
2562;2025.06.08 05:45;-12;18.625;14.125;14.125;2499;202;0;
2563;2025.06.08 06:00;-12;18.5625;14.125;14.25;2499;202;0;
2564;2025.06.08 06:15;-12;18.5;14;13.875;2499;202;0;
2565;2025.06.08 06:30;-12;18.375;13.875;13.75;2499;202;0;
2566;2025.06.08 06:45;-12;18.375;13.75;13.625;2500;202;0;
2567;2025.06.08 07:00;-12;18.25;13.375;12.6875;2500;202;0;
2568;2025.06.08 07:15;-12;18.1875;13.3125;12.75;2500;202;0;
2569;2025.06.08 07:30;-12;18.125;13.25;12.875;2500;202;0;
2570;2025.06.08 07:45;-12;18;13.3125;13.125;2499;202;0;
2571;2025.06.08 08:00;-12;17.9375;13.5;13.625;2499;202;0;
2572;2025.06.08 08:15;-12;17.875;13.5;13.375;2499;202;0;
2573;2025.06.08 08:30;-12;17.8125;13.5;13.5625;2499;202;0;
2574;2025.06.08 08:45;-12;17.75;13.4375;13.4375;2499;202;0;
2575;2025.06.08 09:00;-12;17.625;13.25;13.25;2497;202;0;
2576;2025.06.08 09:15;-12;17.625;13.1875;13.125;2496;202;0;
2577;2025.06.08 09:30;-12;17.5;13;12.875;2497;202;0;
2578;2025.06.08 09:45;-12;17.5;13.1875;13.375;2497;202;0;
2579;2025.06.08 10:00;-12;17.375;14.0625;16.125;2498;202;0;
2580;2025.06.08 10:15;-12;17.375;15.375;18.5;2499;202;0;
2581;2025.06.08 10:30;-12;17.4375;16.6875;20.1875;2499;202;0;
2582;2025.06.08 10:45;-12;17.5;18.125;21.8125;2499;202;0;
2583;2025.06.08 11:00;-12;17.625;19.0625;22.125;2498;202;0;
2584;2025.06.08 11:15;-12;17.75;20.5625;23.375;2498;202;0;
2585;2025.06.08 11:30;-12;17.9375;21.6875;23.875;2497;202;0;
2586;2025.06.08 11:45;-12;18.125;22.9375;24.625;2496;202;0;
2587;2025.06.08 12:00;-12;18.375;24.5;25.375;2496;202;0;
2588;2025.06.08 12:15;-12;18.625;25.75;26.5;2495;202;0;
2589;2025.06.08 12:30;-12;19;26.875;27.3125;2495;202;0;
2590;2025.06.08 12:45;-12;19.375;27.75;27.75;2494;202;0;
2591;2025.06.08 13:00;-12;19.75;28.25;28;2494;202;0;
2592;2025.06.08 13:15;-12;20.25;28.75;28.625;2493;202;0;
2593;2025.06.08 13:30;-12;20.625;28.375;27.875;2492;202;0;
2594;2025.06.08 13:45;-12;21.0625;28.75;28.4375;2491;202;0;
2595;2025.06.08 14:00;-12;21.5;30.0625;29.375;2492;202;0;
